2025-06-10 23:00:31Z [ERROR] Error Registering Customer
System.Exception: User already exists
   at VSM.Services.CustomerService.AddCustomer(CustomerAddDto dto) in /Users/gowtham/Desktop/Genspark/MiniProject/VehicleServiceManagement/Services/CustomerService.cs:line 56
   at VSM.Controllers.CustomerController.RegisterCustomer(CustomerAddDto dto) in /Users/gowtham/Desktop/Genspark/MiniProject/VehicleServiceManagement/Controllers/CustomerController.cs:line 27

2025-06-11 09:29:37Z [ERROR] Error Registering Customer
System.Exception: User already exists
   at VSM.Services.CustomerService.AddCustomer(CustomerAddDto dto) in /Users/gowtham/Desktop/Genspark/MiniProject/VehicleServiceManagement/Services/CustomerService.cs:line 56
   at VSM.Controllers.CustomerController.RegisterCustomer(CustomerAddDto dto) in /Users/gowtham/Desktop/Genspark/MiniProject/VehicleServiceManagement/Controllers/CustomerController.cs:line 28

2025-06-11 09:31:19Z [ERROR] Error Getting Available Slots
Npgsql.PostgresException (0x80004005): 42703: column b.Imageurl does not exist

POSITION: 71
   at Npgsql.Internal.NpgsqlConnector.ReadMessageLong(Boolean async, DataRowLoadingMode dataRowLoadingMode, Boolean readingNotifications, Boolean isReadingPrependedMessage)
   at System.Runtime.CompilerServices.PoolingAsyncValueTaskMethodBuilder`1.StateMachineBox`1.System.Threading.Tasks.Sources.IValueTaskSource<TResult>.GetResult(Int16 token)
   at Npgsql.NpgsqlDataReader.NextResult(Boolean async, Boolean isConsuming, CancellationToken cancellationToken)
   at Npgsql.NpgsqlDataReader.NextResult(Boolean async, Boolean isConsuming, CancellationToken cancellationToken)
   at Npgsql.NpgsqlCommand.ExecuteReader(Boolean async, CommandBehavior behavior, CancellationToken cancellationToken)
   at Npgsql.NpgsqlCommand.ExecuteReader(Boolean async, CommandBehavior behavior, CancellationToken cancellationToken)
   at Npgsql.NpgsqlCommand.ExecuteDbDataReaderAsync(CommandBehavior behavior, CancellationToken cancellationToken)
   at Microsoft.EntityFrameworkCore.Storage.RelationalCommand.ExecuteReaderAsync(RelationalCommandParameterObject parameterObject, CancellationToken cancellationToken)
   at Microsoft.EntityFrameworkCore.Storage.RelationalCommand.ExecuteReaderAsync(RelationalCommandParameterObject parameterObject, CancellationToken cancellationToken)
   at Microsoft.EntityFrameworkCore.Query.Internal.SingleQueryingEnumerable`1.AsyncEnumerator.InitializeReaderAsync(AsyncEnumerator enumerator, CancellationToken cancellationToken)
   at Npgsql.EntityFrameworkCore.PostgreSQL.Storage.Internal.NpgsqlExecutionStrategy.ExecuteAsync[TState,TResult](TState state, Func`4 operation, Func`4 verifySucceeded, CancellationToken cancellationToken)
   at Microsoft.EntityFrameworkCore.Query.Internal.SingleQueryingEnumerable`1.AsyncEnumerator.MoveNextAsync()
   at Microsoft.EntityFrameworkCore.EntityFrameworkQueryableExtensions.ToListAsync[TSource](IQueryable`1 source, CancellationToken cancellationToken)
   at Microsoft.EntityFrameworkCore.EntityFrameworkQueryableExtensions.ToListAsync[TSource](IQueryable`1 source, CancellationToken cancellationToken)
   at VSM.Repositories.BookingRepository.GetAll(Int32 pageNumber, Int32 pageSize) in /Users/gowtham/Desktop/Genspark/MiniProject/VehicleServiceManagement/Repositories/BookingRepository.cs:line 22
   at VSM.Services.BookingService.DisplaySlots() in /Users/gowtham/Desktop/Genspark/MiniProject/VehicleServiceManagement/Services/BookingService.cs:line 76
   at VSM.Controllers.BookingController.GetAvailableSlots() in /Users/gowtham/Desktop/Genspark/MiniProject/VehicleServiceManagement/Controllers/Bookingcontroller.cs:line 44
  Exception data:
    Severity: ERROR
    SqlState: 42703
    MessageText: column b.Imageurl does not exist
    Position: 71
    File: parse_relation.c
    Line: 3721
    Routine: errorMissingColumn

2025-06-11 09:31:30Z [ERROR] Error Getting Available Slots
Npgsql.PostgresException (0x80004005): 42703: column b.Imageurl does not exist

POSITION: 71
   at Npgsql.Internal.NpgsqlConnector.ReadMessageLong(Boolean async, DataRowLoadingMode dataRowLoadingMode, Boolean readingNotifications, Boolean isReadingPrependedMessage)
   at System.Runtime.CompilerServices.PoolingAsyncValueTaskMethodBuilder`1.StateMachineBox`1.System.Threading.Tasks.Sources.IValueTaskSource<TResult>.GetResult(Int16 token)
   at Npgsql.NpgsqlDataReader.NextResult(Boolean async, Boolean isConsuming, CancellationToken cancellationToken)
   at Npgsql.NpgsqlDataReader.NextResult(Boolean async, Boolean isConsuming, CancellationToken cancellationToken)
   at Npgsql.NpgsqlCommand.ExecuteReader(Boolean async, CommandBehavior behavior, CancellationToken cancellationToken)
   at Npgsql.NpgsqlCommand.ExecuteReader(Boolean async, CommandBehavior behavior, CancellationToken cancellationToken)
   at Npgsql.NpgsqlCommand.ExecuteDbDataReaderAsync(CommandBehavior behavior, CancellationToken cancellationToken)
   at Microsoft.EntityFrameworkCore.Storage.RelationalCommand.ExecuteReaderAsync(RelationalCommandParameterObject parameterObject, CancellationToken cancellationToken)
   at Microsoft.EntityFrameworkCore.Storage.RelationalCommand.ExecuteReaderAsync(RelationalCommandParameterObject parameterObject, CancellationToken cancellationToken)
   at Microsoft.EntityFrameworkCore.Query.Internal.SingleQueryingEnumerable`1.AsyncEnumerator.InitializeReaderAsync(AsyncEnumerator enumerator, CancellationToken cancellationToken)
   at Npgsql.EntityFrameworkCore.PostgreSQL.Storage.Internal.NpgsqlExecutionStrategy.ExecuteAsync[TState,TResult](TState state, Func`4 operation, Func`4 verifySucceeded, CancellationToken cancellationToken)
   at Microsoft.EntityFrameworkCore.Query.Internal.SingleQueryingEnumerable`1.AsyncEnumerator.MoveNextAsync()
   at Microsoft.EntityFrameworkCore.EntityFrameworkQueryableExtensions.ToListAsync[TSource](IQueryable`1 source, CancellationToken cancellationToken)
   at Microsoft.EntityFrameworkCore.EntityFrameworkQueryableExtensions.ToListAsync[TSource](IQueryable`1 source, CancellationToken cancellationToken)
   at VSM.Repositories.BookingRepository.GetAll(Int32 pageNumber, Int32 pageSize) in /Users/gowtham/Desktop/Genspark/MiniProject/VehicleServiceManagement/Repositories/BookingRepository.cs:line 22
   at VSM.Services.BookingService.DisplaySlots() in /Users/gowtham/Desktop/Genspark/MiniProject/VehicleServiceManagement/Services/BookingService.cs:line 76
   at VSM.Controllers.BookingController.GetAvailableSlots() in /Users/gowtham/Desktop/Genspark/MiniProject/VehicleServiceManagement/Controllers/Bookingcontroller.cs:line 44
  Exception data:
    Severity: ERROR
    SqlState: 42703
    MessageText: column b.Imageurl does not exist
    Position: 71
    File: parse_relation.c
    Line: 3721
    Routine: errorMissingColumn

2025-06-11 09:31:31Z [ERROR] Error Getting Available Slots
Npgsql.PostgresException (0x80004005): 42703: column b.Imageurl does not exist

POSITION: 71
   at Npgsql.Internal.NpgsqlConnector.ReadMessageLong(Boolean async, DataRowLoadingMode dataRowLoadingMode, Boolean readingNotifications, Boolean isReadingPrependedMessage)
   at System.Runtime.CompilerServices.PoolingAsyncValueTaskMethodBuilder`1.StateMachineBox`1.System.Threading.Tasks.Sources.IValueTaskSource<TResult>.GetResult(Int16 token)
   at Npgsql.NpgsqlDataReader.NextResult(Boolean async, Boolean isConsuming, CancellationToken cancellationToken)
   at Npgsql.NpgsqlDataReader.NextResult(Boolean async, Boolean isConsuming, CancellationToken cancellationToken)
   at Npgsql.NpgsqlCommand.ExecuteReader(Boolean async, CommandBehavior behavior, CancellationToken cancellationToken)
   at Npgsql.NpgsqlCommand.ExecuteReader(Boolean async, CommandBehavior behavior, CancellationToken cancellationToken)
   at Npgsql.NpgsqlCommand.ExecuteDbDataReaderAsync(CommandBehavior behavior, CancellationToken cancellationToken)
   at Microsoft.EntityFrameworkCore.Storage.RelationalCommand.ExecuteReaderAsync(RelationalCommandParameterObject parameterObject, CancellationToken cancellationToken)
   at Microsoft.EntityFrameworkCore.Storage.RelationalCommand.ExecuteReaderAsync(RelationalCommandParameterObject parameterObject, CancellationToken cancellationToken)
   at Microsoft.EntityFrameworkCore.Query.Internal.SingleQueryingEnumerable`1.AsyncEnumerator.InitializeReaderAsync(AsyncEnumerator enumerator, CancellationToken cancellationToken)
   at Npgsql.EntityFrameworkCore.PostgreSQL.Storage.Internal.NpgsqlExecutionStrategy.ExecuteAsync[TState,TResult](TState state, Func`4 operation, Func`4 verifySucceeded, CancellationToken cancellationToken)
   at Microsoft.EntityFrameworkCore.Query.Internal.SingleQueryingEnumerable`1.AsyncEnumerator.MoveNextAsync()
   at Microsoft.EntityFrameworkCore.EntityFrameworkQueryableExtensions.ToListAsync[TSource](IQueryable`1 source, CancellationToken cancellationToken)
   at Microsoft.EntityFrameworkCore.EntityFrameworkQueryableExtensions.ToListAsync[TSource](IQueryable`1 source, CancellationToken cancellationToken)
   at VSM.Repositories.BookingRepository.GetAll(Int32 pageNumber, Int32 pageSize) in /Users/gowtham/Desktop/Genspark/MiniProject/VehicleServiceManagement/Repositories/BookingRepository.cs:line 22
   at VSM.Services.BookingService.DisplaySlots() in /Users/gowtham/Desktop/Genspark/MiniProject/VehicleServiceManagement/Services/BookingService.cs:line 76
   at VSM.Controllers.BookingController.GetAvailableSlots() in /Users/gowtham/Desktop/Genspark/MiniProject/VehicleServiceManagement/Controllers/Bookingcontroller.cs:line 44
  Exception data:
    Severity: ERROR
    SqlState: 42703
    MessageText: column b.Imageurl does not exist
    Position: 71
    File: parse_relation.c
    Line: 3721
    Routine: errorMissingColumn

2025-06-11 09:36:57Z [ERROR] Error Getting Available Slots
Npgsql.PostgresException (0x80004005): 2201X: OFFSET must not be negative
   at Npgsql.Internal.NpgsqlConnector.ReadMessageLong(Boolean async, DataRowLoadingMode dataRowLoadingMode, Boolean readingNotifications, Boolean isReadingPrependedMessage)
   at System.Runtime.CompilerServices.PoolingAsyncValueTaskMethodBuilder`1.StateMachineBox`1.System.Threading.Tasks.Sources.IValueTaskSource<TResult>.GetResult(Int16 token)
   at Npgsql.NpgsqlDataReader.NextResult(Boolean async, Boolean isConsuming, CancellationToken cancellationToken)
   at Npgsql.NpgsqlDataReader.NextResult(Boolean async, Boolean isConsuming, CancellationToken cancellationToken)
   at Npgsql.NpgsqlCommand.ExecuteReader(Boolean async, CommandBehavior behavior, CancellationToken cancellationToken)
   at Npgsql.NpgsqlCommand.ExecuteReader(Boolean async, CommandBehavior behavior, CancellationToken cancellationToken)
   at Npgsql.NpgsqlCommand.ExecuteDbDataReaderAsync(CommandBehavior behavior, CancellationToken cancellationToken)
   at Microsoft.EntityFrameworkCore.Storage.RelationalCommand.ExecuteReaderAsync(RelationalCommandParameterObject parameterObject, CancellationToken cancellationToken)
   at Microsoft.EntityFrameworkCore.Storage.RelationalCommand.ExecuteReaderAsync(RelationalCommandParameterObject parameterObject, CancellationToken cancellationToken)
   at Microsoft.EntityFrameworkCore.Query.Internal.SingleQueryingEnumerable`1.AsyncEnumerator.InitializeReaderAsync(AsyncEnumerator enumerator, CancellationToken cancellationToken)
   at Npgsql.EntityFrameworkCore.PostgreSQL.Storage.Internal.NpgsqlExecutionStrategy.ExecuteAsync[TState,TResult](TState state, Func`4 operation, Func`4 verifySucceeded, CancellationToken cancellationToken)
   at Microsoft.EntityFrameworkCore.Query.Internal.SingleQueryingEnumerable`1.AsyncEnumerator.MoveNextAsync()
   at Microsoft.EntityFrameworkCore.EntityFrameworkQueryableExtensions.ToListAsync[TSource](IQueryable`1 source, CancellationToken cancellationToken)
   at Microsoft.EntityFrameworkCore.EntityFrameworkQueryableExtensions.ToListAsync[TSource](IQueryable`1 source, CancellationToken cancellationToken)
   at VSM.Repositories.BookingRepository.GetAll(Int32 pageNumber, Int32 pageSize) in /Users/gowtham/Desktop/Genspark/MiniProject/VehicleServiceManagement/Repositories/BookingRepository.cs:line 22
   at VSM.Services.BookingService.DisplaySlots() in /Users/gowtham/Desktop/Genspark/MiniProject/VehicleServiceManagement/Services/BookingService.cs:line 76
   at VSM.Controllers.BookingController.GetAvailableSlots() in /Users/gowtham/Desktop/Genspark/MiniProject/VehicleServiceManagement/Controllers/Bookingcontroller.cs:line 44
  Exception data:
    Severity: ERROR
    SqlState: 2201X
    MessageText: OFFSET must not be negative
    File: nodeLimit.c
    Line: 373
    Routine: recompute_limits

2025-06-11 17:24:20Z [ERROR] Error Adding Service
System.Exception: One or more categories not found
   at VSM.Services.ServiceService.AddService(ServiceAddDto dto) in /Users/gowtham/Desktop/Genspark/MiniProject/VehicleServiceManagement/Services/ServiceService.cs:line 38
   at VSM.Controllers.ServiceController.AddService(ServiceAddDto dto) in /Users/gowtham/Desktop/Genspark/MiniProject/VehicleServiceManagement/Controllers/ServiceController.cs:line 28

2025-06-11 17:46:24Z [ERROR] Error Adding bill
Microsoft.EntityFrameworkCore.DbUpdateException: An error occurred while saving the entity changes. See the inner exception for details.
 ---> Npgsql.PostgresException (0x80004005): 23505: duplicate key value violates unique constraint "IX_Bills_ServiceRecordID"

DETAIL: Detail redacted as it may contain sensitive data. Specify 'Include Error Detail' in the connection string to include this information.
   at Npgsql.Internal.NpgsqlConnector.ReadMessageLong(Boolean async, DataRowLoadingMode dataRowLoadingMode, Boolean readingNotifications, Boolean isReadingPrependedMessage)
   at System.Runtime.CompilerServices.PoolingAsyncValueTaskMethodBuilder`1.StateMachineBox`1.System.Threading.Tasks.Sources.IValueTaskSource<TResult>.GetResult(Int16 token)
   at Npgsql.NpgsqlDataReader.NextResult(Boolean async, Boolean isConsuming, CancellationToken cancellationToken)
   at Npgsql.NpgsqlDataReader.NextResult(Boolean async, Boolean isConsuming, CancellationToken cancellationToken)
   at Npgsql.NpgsqlCommand.ExecuteReader(Boolean async, CommandBehavior behavior, CancellationToken cancellationToken)
   at Npgsql.NpgsqlCommand.ExecuteReader(Boolean async, CommandBehavior behavior, CancellationToken cancellationToken)
   at Npgsql.NpgsqlCommand.ExecuteDbDataReaderAsync(CommandBehavior behavior, CancellationToken cancellationToken)
   at Microsoft.EntityFrameworkCore.Storage.RelationalCommand.ExecuteReaderAsync(RelationalCommandParameterObject parameterObject, CancellationToken cancellationToken)
   at Microsoft.EntityFrameworkCore.Storage.RelationalCommand.ExecuteReaderAsync(RelationalCommandParameterObject parameterObject, CancellationToken cancellationToken)
   at Microsoft.EntityFrameworkCore.Update.ReaderModificationCommandBatch.ExecuteAsync(IRelationalConnection connection, CancellationToken cancellationToken)
  Exception data:
    Severity: ERROR
    SqlState: 23505
    MessageText: duplicate key value violates unique constraint "IX_Bills_ServiceRecordID"
    Detail: Detail redacted as it may contain sensitive data. Specify 'Include Error Detail' in the connection string to include this information.
    SchemaName: public
    TableName: Bills
    ConstraintName: IX_Bills_ServiceRecordID
    File: nbtinsert.c
    Line: 673
    Routine: _bt_check_unique
   --- End of inner exception stack trace ---
   at Microsoft.EntityFrameworkCore.Update.ReaderModificationCommandBatch.ExecuteAsync(IRelationalConnection connection, CancellationToken cancellationToken)
   at Microsoft.EntityFrameworkCore.Update.Internal.BatchExecutor.ExecuteAsync(IEnumerable`1 commandBatches, IRelationalConnection connection, CancellationToken cancellationToken)
   at Microsoft.EntityFrameworkCore.Update.Internal.BatchExecutor.ExecuteAsync(IEnumerable`1 commandBatches, IRelationalConnection connection, CancellationToken cancellationToken)
   at Microsoft.EntityFrameworkCore.Update.Internal.BatchExecutor.ExecuteAsync(IEnumerable`1 commandBatches, IRelationalConnection connection, CancellationToken cancellationToken)
   at Microsoft.EntityFrameworkCore.Storage.RelationalDatabase.SaveChangesAsync(IList`1 entries, CancellationToken cancellationToken)
   at Microsoft.EntityFrameworkCore.ChangeTracking.Internal.StateManager.SaveChangesAsync(IList`1 entriesToSave, CancellationToken cancellationToken)
   at Microsoft.EntityFrameworkCore.ChangeTracking.Internal.StateManager.SaveChangesAsync(StateManager stateManager, Boolean acceptAllChangesOnSuccess, CancellationToken cancellationToken)
   at Npgsql.EntityFrameworkCore.PostgreSQL.Storage.Internal.NpgsqlExecutionStrategy.ExecuteAsync[TState,TResult](TState state, Func`4 operation, Func`4 verifySucceeded, CancellationToken cancellationToken)
   at Microsoft.EntityFrameworkCore.DbContext.SaveChangesAsync(Boolean acceptAllChangesOnSuccess, CancellationToken cancellationToken)
   at Microsoft.EntityFrameworkCore.DbContext.SaveChangesAsync(Boolean acceptAllChangesOnSuccess, CancellationToken cancellationToken)
   at VSM.Repositories.Repository`2.Add(T item) in /Users/gowtham/Desktop/Genspark/MiniProject/VehicleServiceManagement/Repositories/Repository.cs:line 20
   at VSM.Services.BillService.Add(BillAddDto dto) in /Users/gowtham/Desktop/Genspark/MiniProject/VehicleServiceManagement/Services/BillService.cs:line 57
   at VSM.Controllers.BillController.Add(BillAddDto dto) in /Users/gowtham/Desktop/Genspark/MiniProject/VehicleServiceManagement/Controllers/BillController.cs:line 27

2025-06-11 17:46:55Z [ERROR] Error Adding ServiceRecord
Microsoft.EntityFrameworkCore.DbUpdateException: An error occurred while saving the entity changes. See the inner exception for details.
 ---> Npgsql.PostgresException (0x80004005): 23505: duplicate key value violates unique constraint "IX_serviceRecords_BookingID"

DETAIL: Detail redacted as it may contain sensitive data. Specify 'Include Error Detail' in the connection string to include this information.
   at Npgsql.Internal.NpgsqlConnector.ReadMessageLong(Boolean async, DataRowLoadingMode dataRowLoadingMode, Boolean readingNotifications, Boolean isReadingPrependedMessage)
   at System.Runtime.CompilerServices.PoolingAsyncValueTaskMethodBuilder`1.StateMachineBox`1.System.Threading.Tasks.Sources.IValueTaskSource<TResult>.GetResult(Int16 token)
   at Npgsql.NpgsqlDataReader.NextResult(Boolean async, Boolean isConsuming, CancellationToken cancellationToken)
   at Npgsql.NpgsqlDataReader.NextResult(Boolean async, Boolean isConsuming, CancellationToken cancellationToken)
   at Npgsql.NpgsqlCommand.ExecuteReader(Boolean async, CommandBehavior behavior, CancellationToken cancellationToken)
   at Npgsql.NpgsqlCommand.ExecuteReader(Boolean async, CommandBehavior behavior, CancellationToken cancellationToken)
   at Npgsql.NpgsqlCommand.ExecuteDbDataReaderAsync(CommandBehavior behavior, CancellationToken cancellationToken)
   at Microsoft.EntityFrameworkCore.Storage.RelationalCommand.ExecuteReaderAsync(RelationalCommandParameterObject parameterObject, CancellationToken cancellationToken)
   at Microsoft.EntityFrameworkCore.Storage.RelationalCommand.ExecuteReaderAsync(RelationalCommandParameterObject parameterObject, CancellationToken cancellationToken)
   at Microsoft.EntityFrameworkCore.Update.ReaderModificationCommandBatch.ExecuteAsync(IRelationalConnection connection, CancellationToken cancellationToken)
  Exception data:
    Severity: ERROR
    SqlState: 23505
    MessageText: duplicate key value violates unique constraint "IX_serviceRecords_BookingID"
    Detail: Detail redacted as it may contain sensitive data. Specify 'Include Error Detail' in the connection string to include this information.
    SchemaName: public
    TableName: serviceRecords
    ConstraintName: IX_serviceRecords_BookingID
    File: nbtinsert.c
    Line: 673
    Routine: _bt_check_unique
   --- End of inner exception stack trace ---
   at Microsoft.EntityFrameworkCore.Update.ReaderModificationCommandBatch.ExecuteAsync(IRelationalConnection connection, CancellationToken cancellationToken)
   at Microsoft.EntityFrameworkCore.Update.Internal.BatchExecutor.ExecuteAsync(IEnumerable`1 commandBatches, IRelationalConnection connection, CancellationToken cancellationToken)
   at Microsoft.EntityFrameworkCore.Update.Internal.BatchExecutor.ExecuteAsync(IEnumerable`1 commandBatches, IRelationalConnection connection, CancellationToken cancellationToken)
   at Microsoft.EntityFrameworkCore.Update.Internal.BatchExecutor.ExecuteAsync(IEnumerable`1 commandBatches, IRelationalConnection connection, CancellationToken cancellationToken)
   at Microsoft.EntityFrameworkCore.Storage.RelationalDatabase.SaveChangesAsync(IList`1 entries, CancellationToken cancellationToken)
   at Microsoft.EntityFrameworkCore.ChangeTracking.Internal.StateManager.SaveChangesAsync(IList`1 entriesToSave, CancellationToken cancellationToken)
   at Microsoft.EntityFrameworkCore.ChangeTracking.Internal.StateManager.SaveChangesAsync(StateManager stateManager, Boolean acceptAllChangesOnSuccess, CancellationToken cancellationToken)
   at Npgsql.EntityFrameworkCore.PostgreSQL.Storage.Internal.NpgsqlExecutionStrategy.ExecuteAsync[TState,TResult](TState state, Func`4 operation, Func`4 verifySucceeded, CancellationToken cancellationToken)
   at Microsoft.EntityFrameworkCore.DbContext.SaveChangesAsync(Boolean acceptAllChangesOnSuccess, CancellationToken cancellationToken)
   at Microsoft.EntityFrameworkCore.DbContext.SaveChangesAsync(Boolean acceptAllChangesOnSuccess, CancellationToken cancellationToken)
   at VSM.Repositories.Repository`2.Add(T item) in /Users/gowtham/Desktop/Genspark/MiniProject/VehicleServiceManagement/Repositories/Repository.cs:line 20
   at VSM.Services.ServiceRecordService.Add(ServiceRecordAddDto dto) in /Users/gowtham/Desktop/Genspark/MiniProject/VehicleServiceManagement/Services/ServiceRecordService.cs:line 44
   at VSM.Controllers.ServiceRecordController.Add(ServiceRecordAddDto dto) in /Users/gowtham/Desktop/Genspark/MiniProject/VehicleServiceManagement/Controllers/ServiceRecordController.cs:line 27

2025-06-11 17:47:09Z [ERROR] Error Adding bill
System.Exception: Item Not Found
   at VSM.Repositories.ServiceRecordRepository.Get(Guid key) in /Users/gowtham/Desktop/Genspark/MiniProject/VehicleServiceManagement/Repositories/ServiceRecordRepository.cs:line 19
   at VSM.Services.BillService.Add(BillAddDto dto) in /Users/gowtham/Desktop/Genspark/MiniProject/VehicleServiceManagement/Services/BillService.cs:line 24
   at VSM.Controllers.BillController.Add(BillAddDto dto) in /Users/gowtham/Desktop/Genspark/MiniProject/VehicleServiceManagement/Controllers/BillController.cs:line 27

2025-06-11 17:47:35Z [ERROR] Error Adding ServiceRecord
Microsoft.EntityFrameworkCore.DbUpdateException: An error occurred while saving the entity changes. See the inner exception for details.
 ---> Npgsql.PostgresException (0x80004005): 23505: duplicate key value violates unique constraint "IX_serviceRecords_BookingID"

DETAIL: Detail redacted as it may contain sensitive data. Specify 'Include Error Detail' in the connection string to include this information.
   at Npgsql.Internal.NpgsqlConnector.ReadMessageLong(Boolean async, DataRowLoadingMode dataRowLoadingMode, Boolean readingNotifications, Boolean isReadingPrependedMessage)
   at System.Runtime.CompilerServices.PoolingAsyncValueTaskMethodBuilder`1.StateMachineBox`1.System.Threading.Tasks.Sources.IValueTaskSource<TResult>.GetResult(Int16 token)
   at Npgsql.NpgsqlDataReader.NextResult(Boolean async, Boolean isConsuming, CancellationToken cancellationToken)
   at Npgsql.NpgsqlDataReader.NextResult(Boolean async, Boolean isConsuming, CancellationToken cancellationToken)
   at Npgsql.NpgsqlCommand.ExecuteReader(Boolean async, CommandBehavior behavior, CancellationToken cancellationToken)
   at Npgsql.NpgsqlCommand.ExecuteReader(Boolean async, CommandBehavior behavior, CancellationToken cancellationToken)
   at Npgsql.NpgsqlCommand.ExecuteDbDataReaderAsync(CommandBehavior behavior, CancellationToken cancellationToken)
   at Microsoft.EntityFrameworkCore.Storage.RelationalCommand.ExecuteReaderAsync(RelationalCommandParameterObject parameterObject, CancellationToken cancellationToken)
   at Microsoft.EntityFrameworkCore.Storage.RelationalCommand.ExecuteReaderAsync(RelationalCommandParameterObject parameterObject, CancellationToken cancellationToken)
   at Microsoft.EntityFrameworkCore.Update.ReaderModificationCommandBatch.ExecuteAsync(IRelationalConnection connection, CancellationToken cancellationToken)
  Exception data:
    Severity: ERROR
    SqlState: 23505
    MessageText: duplicate key value violates unique constraint "IX_serviceRecords_BookingID"
    Detail: Detail redacted as it may contain sensitive data. Specify 'Include Error Detail' in the connection string to include this information.
    SchemaName: public
    TableName: serviceRecords
    ConstraintName: IX_serviceRecords_BookingID
    File: nbtinsert.c
    Line: 673
    Routine: _bt_check_unique
   --- End of inner exception stack trace ---
   at Microsoft.EntityFrameworkCore.Update.ReaderModificationCommandBatch.ExecuteAsync(IRelationalConnection connection, CancellationToken cancellationToken)
   at Microsoft.EntityFrameworkCore.Update.Internal.BatchExecutor.ExecuteAsync(IEnumerable`1 commandBatches, IRelationalConnection connection, CancellationToken cancellationToken)
   at Microsoft.EntityFrameworkCore.Update.Internal.BatchExecutor.ExecuteAsync(IEnumerable`1 commandBatches, IRelationalConnection connection, CancellationToken cancellationToken)
   at Microsoft.EntityFrameworkCore.Update.Internal.BatchExecutor.ExecuteAsync(IEnumerable`1 commandBatches, IRelationalConnection connection, CancellationToken cancellationToken)
   at Microsoft.EntityFrameworkCore.Storage.RelationalDatabase.SaveChangesAsync(IList`1 entries, CancellationToken cancellationToken)
   at Microsoft.EntityFrameworkCore.ChangeTracking.Internal.StateManager.SaveChangesAsync(IList`1 entriesToSave, CancellationToken cancellationToken)
   at Microsoft.EntityFrameworkCore.ChangeTracking.Internal.StateManager.SaveChangesAsync(StateManager stateManager, Boolean acceptAllChangesOnSuccess, CancellationToken cancellationToken)
   at Npgsql.EntityFrameworkCore.PostgreSQL.Storage.Internal.NpgsqlExecutionStrategy.ExecuteAsync[TState,TResult](TState state, Func`4 operation, Func`4 verifySucceeded, CancellationToken cancellationToken)
   at Microsoft.EntityFrameworkCore.DbContext.SaveChangesAsync(Boolean acceptAllChangesOnSuccess, CancellationToken cancellationToken)
   at Microsoft.EntityFrameworkCore.DbContext.SaveChangesAsync(Boolean acceptAllChangesOnSuccess, CancellationToken cancellationToken)
   at VSM.Repositories.Repository`2.Add(T item) in /Users/gowtham/Desktop/Genspark/MiniProject/VehicleServiceManagement/Repositories/Repository.cs:line 20
   at VSM.Services.ServiceRecordService.Add(ServiceRecordAddDto dto) in /Users/gowtham/Desktop/Genspark/MiniProject/VehicleServiceManagement/Services/ServiceRecordService.cs:line 44
   at VSM.Controllers.ServiceRecordController.Add(ServiceRecordAddDto dto) in /Users/gowtham/Desktop/Genspark/MiniProject/VehicleServiceManagement/Controllers/ServiceRecordController.cs:line 27

2025-06-11 19:09:37Z [ERROR] Error Getting Customers By Name
System.Exception: No customers found with name containing 'gowtham'
   at VSM.Services.CustomerService.GetByName(String name) in /Users/gowtham/Desktop/Genspark/MiniProject/VehicleServiceManagement/Services/CustomerService.cs:line 91
   at VSM.Controllers.CustomerController.GetByName(String name) in /Users/gowtham/Desktop/Genspark/MiniProject/VehicleServiceManagement/Controllers/CustomerController.cs:line 75

2025-06-11 19:31:56Z [ERROR] Error Creating Booking
System.Exception: Invalid time slot. Please choose an available slot.
   at VSM.Services.BookingService.CreateBooking(BookingAddDto dto) in /Users/gowtham/Desktop/Genspark/MiniProject/VehicleServiceManagement/Services/BookingService.cs:line 45
   at VSM.Controllers.BookingController.CreateBooking(BookingAddDto dto) in /Users/gowtham/Desktop/Genspark/MiniProject/VehicleServiceManagement/Controllers/Bookingcontroller.cs:line 28

2025-06-11 19:51:48Z [ERROR] Error Getting Vehicle By Id
System.Exception: User Not Found
   at VSM.Repositories.VehicleRepository.Get(Guid key) in /Users/gowtham/Desktop/Genspark/MiniProject/VehicleServiceManagement/Repositories/vehicleRepository.cs:line 15
   at VSM.Services.VehicleService.GetById(Guid Id) in /Users/gowtham/Desktop/Genspark/MiniProject/VehicleServiceManagement/Services/VehicleService.cs:line 41
   at VSM.Controllers.VehicleController.GetById(Guid id) in /Users/gowtham/Desktop/Genspark/MiniProject/VehicleServiceManagement/Controllers/Vehiclecontroller.cs:line 59

2025-06-11 19:55:21Z [ERROR] Error Getting Vehicle By Id
System.Exception: User Not Found
   at VSM.Repositories.VehicleRepository.Get(Guid key) in /Users/gowtham/Desktop/Genspark/MiniProject/VehicleServiceManagement/Repositories/vehicleRepository.cs:line 15
   at VSM.Services.VehicleService.GetById(Guid Id) in /Users/gowtham/Desktop/Genspark/MiniProject/VehicleServiceManagement/Services/VehicleService.cs:line 41
   at VSM.Controllers.VehicleController.GetById(Guid id) in /Users/gowtham/Desktop/Genspark/MiniProject/VehicleServiceManagement/Controllers/Vehiclecontroller.cs:line 59

2025-06-11 19:55:24Z [ERROR] Error Getting Vehicle By Id
System.Exception: User Not Found
   at VSM.Repositories.VehicleRepository.Get(Guid key) in /Users/gowtham/Desktop/Genspark/MiniProject/VehicleServiceManagement/Repositories/vehicleRepository.cs:line 15
   at VSM.Services.VehicleService.GetById(Guid Id) in /Users/gowtham/Desktop/Genspark/MiniProject/VehicleServiceManagement/Services/VehicleService.cs:line 41
   at VSM.Controllers.VehicleController.GetById(Guid id) in /Users/gowtham/Desktop/Genspark/MiniProject/VehicleServiceManagement/Controllers/Vehiclecontroller.cs:line 59

2025-06-11 19:55:42Z [ERROR] Error Getting Vehicle By Id
System.Exception: Vehicle Not Found
   at VSM.Repositories.VehicleRepository.Get(Guid key) in /Users/gowtham/Desktop/Genspark/MiniProject/VehicleServiceManagement/Repositories/vehicleRepository.cs:line 15
   at VSM.Services.VehicleService.GetById(Guid Id) in /Users/gowtham/Desktop/Genspark/MiniProject/VehicleServiceManagement/Services/VehicleService.cs:line 41
   at VSM.Controllers.VehicleController.GetById(Guid id) in /Users/gowtham/Desktop/Genspark/MiniProject/VehicleServiceManagement/Controllers/Vehiclecontroller.cs:line 59

2025-06-11 21:22:42Z [ERROR] Error Downlodaing bill
System.Exception: Bill Not Found
   at VSM.Repositories.BillRepository.Get(Guid key) in /Users/gowtham/Desktop/Genspark/MiniProject/VehicleServiceManagement/Repositories/BillRepository.cs:line 23
   at VSM.Services.BillService.DownloadBillPdf(Guid billId) in /Users/gowtham/Desktop/Genspark/MiniProject/VehicleServiceManagement/Services/BillService.cs:line 83
   at VSM.Controllers.BillController.DownloadBillPdf(Guid billId) in /Users/gowtham/Desktop/Genspark/MiniProject/VehicleServiceManagement/Controllers/BillController.cs:line 80

2025-06-11 23:08:18Z [ERROR] Error Downlodaing bill
System.Exception: No Bills found
   at VSM.Services.BillService.GetByServiceRecordId(Guid serviceRecordId) in /Users/gowtham/Desktop/Genspark/MiniProject/VehicleServiceManagement/Services/BillService.cs:line 88
   at VSM.Controllers.BillController.GetByServiceRecordId(Guid serviceRecordId) in /Users/gowtham/Desktop/Genspark/MiniProject/VehicleServiceManagement/Controllers/BillController.cs:line 65

2025-06-11 23:26:23Z [ERROR] Error Updating Booking
Microsoft.EntityFrameworkCore.DbUpdateException: An error occurred while saving the entity changes. See the inner exception for details.
 ---> System.ArgumentException: Cannot write DateTime with Kind=Unspecified to PostgreSQL type 'timestamp with time zone', only UTC is supported. Note that it's not possible to mix DateTimes with different Kinds in an array, range, or multirange. (Parameter 'value')
   at Npgsql.Internal.Converters.DateTimeConverterResolver`1.Get(DateTime value, Nullable`1 expectedPgTypeId, Boolean validateOnly)
   at Npgsql.Internal.Converters.DateTimeConverterResolver.<>c.<CreateResolver>b__0_0(DateTimeConverterResolver`1 resolver, DateTime value, Nullable`1 expectedPgTypeId)
   at Npgsql.Internal.Converters.DateTimeConverterResolver`1.Get(T value, Nullable`1 expectedPgTypeId)
   at Npgsql.Internal.PgConverterResolver`1.GetAsObjectInternal(PgTypeInfo typeInfo, Object value, Nullable`1 expectedPgTypeId)
   at Npgsql.Internal.PgResolverTypeInfo.GetResolutionAsObject(Object value, Nullable`1 expectedPgTypeId)
   at Npgsql.Internal.PgTypeInfo.GetObjectResolution(Object value)
   at Npgsql.NpgsqlParameter.ResolveConverter(PgTypeInfo typeInfo)
   at Npgsql.NpgsqlParameter.ResolveTypeInfo(PgSerializerOptions options)
   at Npgsql.NpgsqlParameterCollection.ProcessParameters(PgSerializerOptions options, Boolean validateValues, CommandType commandType)
   at Npgsql.NpgsqlCommand.ExecuteReader(Boolean async, CommandBehavior behavior, CancellationToken cancellationToken)
   at Npgsql.NpgsqlCommand.ExecuteReader(Boolean async, CommandBehavior behavior, CancellationToken cancellationToken)
   at Npgsql.NpgsqlCommand.ExecuteDbDataReaderAsync(CommandBehavior behavior, CancellationToken cancellationToken)
   at Microsoft.EntityFrameworkCore.Storage.RelationalCommand.ExecuteReaderAsync(RelationalCommandParameterObject parameterObject, CancellationToken cancellationToken)
   at Microsoft.EntityFrameworkCore.Storage.RelationalCommand.ExecuteReaderAsync(RelationalCommandParameterObject parameterObject, CancellationToken cancellationToken)
   at Microsoft.EntityFrameworkCore.Update.ReaderModificationCommandBatch.ExecuteAsync(IRelationalConnection connection, CancellationToken cancellationToken)
   --- End of inner exception stack trace ---
   at Microsoft.EntityFrameworkCore.Update.ReaderModificationCommandBatch.ExecuteAsync(IRelationalConnection connection, CancellationToken cancellationToken)
   at Microsoft.EntityFrameworkCore.Update.Internal.BatchExecutor.ExecuteAsync(IEnumerable`1 commandBatches, IRelationalConnection connection, CancellationToken cancellationToken)
   at Microsoft.EntityFrameworkCore.Update.Internal.BatchExecutor.ExecuteAsync(IEnumerable`1 commandBatches, IRelationalConnection connection, CancellationToken cancellationToken)
   at Microsoft.EntityFrameworkCore.Update.Internal.BatchExecutor.ExecuteAsync(IEnumerable`1 commandBatches, IRelationalConnection connection, CancellationToken cancellationToken)
   at Microsoft.EntityFrameworkCore.Storage.RelationalDatabase.SaveChangesAsync(IList`1 entries, CancellationToken cancellationToken)
   at Microsoft.EntityFrameworkCore.ChangeTracking.Internal.StateManager.SaveChangesAsync(IList`1 entriesToSave, CancellationToken cancellationToken)
   at Microsoft.EntityFrameworkCore.ChangeTracking.Internal.StateManager.SaveChangesAsync(StateManager stateManager, Boolean acceptAllChangesOnSuccess, CancellationToken cancellationToken)
   at Npgsql.EntityFrameworkCore.PostgreSQL.Storage.Internal.NpgsqlExecutionStrategy.ExecuteAsync[TState,TResult](TState state, Func`4 operation, Func`4 verifySucceeded, CancellationToken cancellationToken)
   at Microsoft.EntityFrameworkCore.DbContext.SaveChangesAsync(Boolean acceptAllChangesOnSuccess, CancellationToken cancellationToken)
   at Microsoft.EntityFrameworkCore.DbContext.SaveChangesAsync(Boolean acceptAllChangesOnSuccess, CancellationToken cancellationToken)
   at VSM.Repositories.Repository`2.Update(K key, T item) in /Users/gowtham/Desktop/Genspark/MiniProject/VehicleServiceManagement/Repositories/Repository.cs:line 58
   at VSM.Services.BookingService.UpdateBooking(Guid id, DateTime slot) in /Users/gowtham/Desktop/Genspark/MiniProject/VehicleServiceManagement/Services/BookingService.cs:line 124
   at VSM.Controllers.BookingController.UpdateBooking(Guid id, DateTime slot) in /Users/gowtham/Desktop/Genspark/MiniProject/VehicleServiceManagement/Controllers/Bookingcontroller.cs:line 90

2025-06-11 23:32:26Z [ERROR] Error Updating Booking
Microsoft.EntityFrameworkCore.DbUpdateException: An error occurred while saving the entity changes. See the inner exception for details.
 ---> System.ArgumentException: Cannot write DateTime with Kind=Unspecified to PostgreSQL type 'timestamp with time zone', only UTC is supported. Note that it's not possible to mix DateTimes with different Kinds in an array, range, or multirange. (Parameter 'value')
   at Npgsql.Internal.Converters.DateTimeConverterResolver`1.Get(DateTime value, Nullable`1 expectedPgTypeId, Boolean validateOnly)
   at Npgsql.Internal.Converters.DateTimeConverterResolver.<>c.<CreateResolver>b__0_0(DateTimeConverterResolver`1 resolver, DateTime value, Nullable`1 expectedPgTypeId)
   at Npgsql.Internal.Converters.DateTimeConverterResolver`1.Get(T value, Nullable`1 expectedPgTypeId)
   at Npgsql.Internal.PgConverterResolver`1.GetAsObjectInternal(PgTypeInfo typeInfo, Object value, Nullable`1 expectedPgTypeId)
   at Npgsql.Internal.PgResolverTypeInfo.GetResolutionAsObject(Object value, Nullable`1 expectedPgTypeId)
   at Npgsql.Internal.PgTypeInfo.GetObjectResolution(Object value)
   at Npgsql.NpgsqlParameter.ResolveConverter(PgTypeInfo typeInfo)
   at Npgsql.NpgsqlParameter.ResolveTypeInfo(PgSerializerOptions options)
   at Npgsql.NpgsqlParameterCollection.ProcessParameters(PgSerializerOptions options, Boolean validateValues, CommandType commandType)
   at Npgsql.NpgsqlCommand.ExecuteReader(Boolean async, CommandBehavior behavior, CancellationToken cancellationToken)
   at Npgsql.NpgsqlCommand.ExecuteReader(Boolean async, CommandBehavior behavior, CancellationToken cancellationToken)
   at Npgsql.NpgsqlCommand.ExecuteDbDataReaderAsync(CommandBehavior behavior, CancellationToken cancellationToken)
   at Microsoft.EntityFrameworkCore.Storage.RelationalCommand.ExecuteReaderAsync(RelationalCommandParameterObject parameterObject, CancellationToken cancellationToken)
   at Microsoft.EntityFrameworkCore.Storage.RelationalCommand.ExecuteReaderAsync(RelationalCommandParameterObject parameterObject, CancellationToken cancellationToken)
   at Microsoft.EntityFrameworkCore.Update.ReaderModificationCommandBatch.ExecuteAsync(IRelationalConnection connection, CancellationToken cancellationToken)
   --- End of inner exception stack trace ---
   at Microsoft.EntityFrameworkCore.Update.ReaderModificationCommandBatch.ExecuteAsync(IRelationalConnection connection, CancellationToken cancellationToken)
   at Microsoft.EntityFrameworkCore.Update.Internal.BatchExecutor.ExecuteAsync(IEnumerable`1 commandBatches, IRelationalConnection connection, CancellationToken cancellationToken)
   at Microsoft.EntityFrameworkCore.Update.Internal.BatchExecutor.ExecuteAsync(IEnumerable`1 commandBatches, IRelationalConnection connection, CancellationToken cancellationToken)
   at Microsoft.EntityFrameworkCore.Update.Internal.BatchExecutor.ExecuteAsync(IEnumerable`1 commandBatches, IRelationalConnection connection, CancellationToken cancellationToken)
   at Microsoft.EntityFrameworkCore.Storage.RelationalDatabase.SaveChangesAsync(IList`1 entries, CancellationToken cancellationToken)
   at Microsoft.EntityFrameworkCore.ChangeTracking.Internal.StateManager.SaveChangesAsync(IList`1 entriesToSave, CancellationToken cancellationToken)
   at Microsoft.EntityFrameworkCore.ChangeTracking.Internal.StateManager.SaveChangesAsync(StateManager stateManager, Boolean acceptAllChangesOnSuccess, CancellationToken cancellationToken)
   at Npgsql.EntityFrameworkCore.PostgreSQL.Storage.Internal.NpgsqlExecutionStrategy.ExecuteAsync[TState,TResult](TState state, Func`4 operation, Func`4 verifySucceeded, CancellationToken cancellationToken)
   at Microsoft.EntityFrameworkCore.DbContext.SaveChangesAsync(Boolean acceptAllChangesOnSuccess, CancellationToken cancellationToken)
   at Microsoft.EntityFrameworkCore.DbContext.SaveChangesAsync(Boolean acceptAllChangesOnSuccess, CancellationToken cancellationToken)
   at VSM.Repositories.Repository`2.Update(K key, T item) in /Users/gowtham/Desktop/Genspark/MiniProject/VehicleServiceManagement/Repositories/Repository.cs:line 58
   at VSM.Services.BookingService.UpdateBooking(Guid id, DateTime slot) in /Users/gowtham/Desktop/Genspark/MiniProject/VehicleServiceManagement/Services/BookingService.cs:line 124
   at VSM.Controllers.BookingController.UpdateBooking(Guid id, DateTime slot) in /Users/gowtham/Desktop/Genspark/MiniProject/VehicleServiceManagement/Controllers/Bookingcontroller.cs:line 90

2025-06-11 23:35:56Z [ERROR] Error Updating Booking
Microsoft.EntityFrameworkCore.DbUpdateException: An error occurred while saving the entity changes. See the inner exception for details.
 ---> System.ArgumentException: Cannot write DateTime with Kind=Unspecified to PostgreSQL type 'timestamp with time zone', only UTC is supported. Note that it's not possible to mix DateTimes with different Kinds in an array, range, or multirange. (Parameter 'value')
   at Npgsql.Internal.Converters.DateTimeConverterResolver`1.Get(DateTime value, Nullable`1 expectedPgTypeId, Boolean validateOnly)
   at Npgsql.Internal.Converters.DateTimeConverterResolver.<>c.<CreateResolver>b__0_0(DateTimeConverterResolver`1 resolver, DateTime value, Nullable`1 expectedPgTypeId)
   at Npgsql.Internal.Converters.DateTimeConverterResolver`1.Get(T value, Nullable`1 expectedPgTypeId)
   at Npgsql.Internal.PgConverterResolver`1.GetAsObjectInternal(PgTypeInfo typeInfo, Object value, Nullable`1 expectedPgTypeId)
   at Npgsql.Internal.PgResolverTypeInfo.GetResolutionAsObject(Object value, Nullable`1 expectedPgTypeId)
   at Npgsql.Internal.PgTypeInfo.GetObjectResolution(Object value)
   at Npgsql.NpgsqlParameter.ResolveConverter(PgTypeInfo typeInfo)
   at Npgsql.NpgsqlParameter.ResolveTypeInfo(PgSerializerOptions options)
   at Npgsql.NpgsqlParameterCollection.ProcessParameters(PgSerializerOptions options, Boolean validateValues, CommandType commandType)
   at Npgsql.NpgsqlCommand.ExecuteReader(Boolean async, CommandBehavior behavior, CancellationToken cancellationToken)
   at Npgsql.NpgsqlCommand.ExecuteReader(Boolean async, CommandBehavior behavior, CancellationToken cancellationToken)
   at Npgsql.NpgsqlCommand.ExecuteDbDataReaderAsync(CommandBehavior behavior, CancellationToken cancellationToken)
   at Microsoft.EntityFrameworkCore.Storage.RelationalCommand.ExecuteReaderAsync(RelationalCommandParameterObject parameterObject, CancellationToken cancellationToken)
   at Microsoft.EntityFrameworkCore.Storage.RelationalCommand.ExecuteReaderAsync(RelationalCommandParameterObject parameterObject, CancellationToken cancellationToken)
   at Microsoft.EntityFrameworkCore.Update.ReaderModificationCommandBatch.ExecuteAsync(IRelationalConnection connection, CancellationToken cancellationToken)
   --- End of inner exception stack trace ---
   at Microsoft.EntityFrameworkCore.Update.ReaderModificationCommandBatch.ExecuteAsync(IRelationalConnection connection, CancellationToken cancellationToken)
   at Microsoft.EntityFrameworkCore.Update.Internal.BatchExecutor.ExecuteAsync(IEnumerable`1 commandBatches, IRelationalConnection connection, CancellationToken cancellationToken)
   at Microsoft.EntityFrameworkCore.Update.Internal.BatchExecutor.ExecuteAsync(IEnumerable`1 commandBatches, IRelationalConnection connection, CancellationToken cancellationToken)
   at Microsoft.EntityFrameworkCore.Update.Internal.BatchExecutor.ExecuteAsync(IEnumerable`1 commandBatches, IRelationalConnection connection, CancellationToken cancellationToken)
   at Microsoft.EntityFrameworkCore.Storage.RelationalDatabase.SaveChangesAsync(IList`1 entries, CancellationToken cancellationToken)
   at Microsoft.EntityFrameworkCore.ChangeTracking.Internal.StateManager.SaveChangesAsync(IList`1 entriesToSave, CancellationToken cancellationToken)
   at Microsoft.EntityFrameworkCore.ChangeTracking.Internal.StateManager.SaveChangesAsync(StateManager stateManager, Boolean acceptAllChangesOnSuccess, CancellationToken cancellationToken)
   at Npgsql.EntityFrameworkCore.PostgreSQL.Storage.Internal.NpgsqlExecutionStrategy.ExecuteAsync[TState,TResult](TState state, Func`4 operation, Func`4 verifySucceeded, CancellationToken cancellationToken)
   at Microsoft.EntityFrameworkCore.DbContext.SaveChangesAsync(Boolean acceptAllChangesOnSuccess, CancellationToken cancellationToken)
   at Microsoft.EntityFrameworkCore.DbContext.SaveChangesAsync(Boolean acceptAllChangesOnSuccess, CancellationToken cancellationToken)
   at VSM.Repositories.Repository`2.Update(K key, T item) in /Users/gowtham/Desktop/Genspark/MiniProject/VehicleServiceManagement/Repositories/Repository.cs:line 58
   at VSM.Services.BookingService.UpdateBooking(Guid id, DateTime slot) in /Users/gowtham/Desktop/Genspark/MiniProject/VehicleServiceManagement/Services/BookingService.cs:line 125
   at VSM.Controllers.BookingController.UpdateBooking(Guid id, DateTime slot) in /Users/gowtham/Desktop/Genspark/MiniProject/VehicleServiceManagement/Controllers/Bookingcontroller.cs:line 90

2025-06-11 23:43:59Z [ERROR] Error Cancelling Booking
System.Exception: Booking Not Found
   at VSM.Repositories.BookingRepository.Get(Guid key)
   at VSM.Services.BookingService.CancelBooking(Guid id)
   at VSM.Controllers.BookingController.CancelBooking(Guid id)

2025-06-11 23:48:00Z [ERROR] Error Cancelling Booking
System.Exception: Booking Not Found
   at VSM.Repositories.BookingRepository.Get(Guid key) in /Users/gowtham/Desktop/Genspark/MiniProject/VehicleServiceManagement/Repositories/BookingRepository.cs:line 15
   at VSM.Services.BookingService.CancelBooking(Guid id) in /Users/gowtham/Desktop/Genspark/MiniProject/VehicleServiceManagement/Services/BookingService.cs:line 133
   at VSM.Controllers.BookingController.CancelBooking(Guid id) in /Users/gowtham/Desktop/Genspark/MiniProject/VehicleServiceManagement/Controllers/Bookingcontroller.cs:line 106

2025-06-11 23:49:28Z [ERROR] Error Cancelling Booking
System.Exception: Booking Not Found
   at VSM.Repositories.BookingRepository.Get(Guid key) in /Users/gowtham/Desktop/Genspark/MiniProject/VehicleServiceManagement/Repositories/BookingRepository.cs:line 15
   at VSM.Services.BookingService.CancelBooking(Guid id) in /Users/gowtham/Desktop/Genspark/MiniProject/VehicleServiceManagement/Services/BookingService.cs:line 133
   at VSM.Controllers.BookingController.CancelBooking(Guid id) in /Users/gowtham/Desktop/Genspark/MiniProject/VehicleServiceManagement/Controllers/Bookingcontroller.cs:line 106

2025-06-11 23:49:37Z [ERROR] Error Cancelling Booking
System.Exception: Booking Not Found
   at VSM.Repositories.BookingRepository.Get(Guid key) in /Users/gowtham/Desktop/Genspark/MiniProject/VehicleServiceManagement/Repositories/BookingRepository.cs:line 15
   at VSM.Services.BookingService.CancelBooking(Guid id) in /Users/gowtham/Desktop/Genspark/MiniProject/VehicleServiceManagement/Services/BookingService.cs:line 133
   at VSM.Controllers.BookingController.CancelBooking(Guid id) in /Users/gowtham/Desktop/Genspark/MiniProject/VehicleServiceManagement/Controllers/Bookingcontroller.cs:line 106

2025-06-11 23:52:41Z [ERROR] Error Cancelling Booking
System.Exception: Booking Not Found
   at VSM.Repositories.BookingRepository.Get(Guid key) in /Users/gowtham/Desktop/Genspark/MiniProject/VehicleServiceManagement/Repositories/BookingRepository.cs:line 15
   at VSM.Services.BookingService.CancelBooking(Guid id) in /Users/gowtham/Desktop/Genspark/MiniProject/VehicleServiceManagement/Services/BookingService.cs:line 133
   at VSM.Controllers.BookingController.CancelBooking(Guid id) in /Users/gowtham/Desktop/Genspark/MiniProject/VehicleServiceManagement/Controllers/Bookingcontroller.cs:line 106

2025-06-11 23:59:14Z [ERROR] Error Creating Booking
System.Exception: Mechanic Not Found
   at VSM.Repositories.CustomerRepository.Get(Guid key) in /Users/gowtham/Desktop/Genspark/MiniProject/VehicleServiceManagement/Repositories/CustomerRepository.cs:line 15
   at VSM.Services.BookingService.CreateBooking(BookingAddDto dto) in /Users/gowtham/Desktop/Genspark/MiniProject/VehicleServiceManagement/Services/BookingService.cs:line 25
   at VSM.Controllers.BookingController.CreateBooking(BookingAddDto dto) in /Users/gowtham/Desktop/Genspark/MiniProject/VehicleServiceManagement/Controllers/Bookingcontroller.cs:line 28

2025-06-12 00:33:36Z [ERROR] Error Updating Customer
System.Exception: Customer with email 'abc@gmail.com
' not found
   at VSM.Services.CustomerService.UpdateCustomer(String email, CustomerUpdateDto dto) in /Users/gowtham/Desktop/Genspark/MiniProject/VehicleServiceManagement/Services/CustomerService.cs:line 109
   at VSM.Controllers.CustomerController.UpdateCustomer(String email, CustomerUpdateDto dto) in /Users/gowtham/Desktop/Genspark/MiniProject/VehicleServiceManagement/Controllers/CustomerController.cs:line 105

2025-06-12 00:34:32Z [ERROR] Error Updating Customer
System.Exception: Customer with email 'abc@gmail.com
' not found
   at VSM.Services.CustomerService.UpdateCustomer(String email, CustomerUpdateDto dto) in /Users/gowtham/Desktop/Genspark/MiniProject/VehicleServiceManagement/Services/CustomerService.cs:line 109
   at VSM.Controllers.CustomerController.UpdateCustomer(String email, CustomerUpdateDto dto) in /Users/gowtham/Desktop/Genspark/MiniProject/VehicleServiceManagement/Controllers/CustomerController.cs:line 105

2025-06-12 00:42:35Z [ERROR] Error Updating Mechanic
System.Exception: UpdateMechanic: Mechanic with email 'mech@gmailgmail.com' not found.
   at VSM.Services.MechanicServices.UpdateMechanic(String email, MechanicUpdateDto dto) in /Users/gowtham/Desktop/Genspark/MiniProject/VehicleServiceManagement/Services/MechanicServices.cs:line 141
   at VSM.Controllers.MechanicController.UpdateMechanic(String email, MechanicUpdateDto dto) in /Users/gowtham/Desktop/Genspark/MiniProject/VehicleServiceManagement/Controllers/MechanicController.cs:line 105

2025-06-12 00:42:51Z [ERROR] Error Updating Mechanic
System.Exception: UpdateMechanic: Mechanic with email 'mech@gmailgmail.com' not found.
   at VSM.Services.MechanicServices.UpdateMechanic(String email, MechanicUpdateDto dto) in /Users/gowtham/Desktop/Genspark/MiniProject/VehicleServiceManagement/Services/MechanicServices.cs:line 141
   at VSM.Controllers.MechanicController.UpdateMechanic(String email, MechanicUpdateDto dto) in /Users/gowtham/Desktop/Genspark/MiniProject/VehicleServiceManagement/Controllers/MechanicController.cs:line 105

2025-06-12 00:43:43Z [ERROR] Error Registering Mechanic
System.Exception: User already exists
   at VSM.Services.MechanicServices.AddMechanic(MechanicAddDto dto) in /Users/gowtham/Desktop/Genspark/MiniProject/VehicleServiceManagement/Services/MechanicServices.cs:line 65
   at VSM.Controllers.MechanicController.RegisterMechanic(MechanicAddDto dto) in /Users/gowtham/Desktop/Genspark/MiniProject/VehicleServiceManagement/Controllers/MechanicController.cs:line 28

2025-06-12 01:07:06Z [ERROR] Error Deleting Vehicle
System.Exception: Vehicle not Found
   at VSM.Services.VehicleService.DeleteVehicle(Guid id) in /Users/gowtham/Desktop/Genspark/MiniProject/VehicleServiceManagement/Services/VehicleService.cs:line 32
   at VSM.Controllers.VehicleController.DeleteVehicle(Guid id) in /Users/gowtham/Desktop/Genspark/MiniProject/VehicleServiceManagement/Controllers/Vehiclecontroller.cs:line 43

2025-06-12 01:13:28Z [ERROR] Error Adding Service
System.Exception: Vehicle not found
   at VSM.Services.ServiceService.AddService(ServiceAddDto dto) in /Users/gowtham/Desktop/Genspark/MiniProject/VehicleServiceManagement/Services/ServiceService.cs:line 30
   at VSM.Controllers.ServiceController.AddService(ServiceAddDto dto) in /Users/gowtham/Desktop/Genspark/MiniProject/VehicleServiceManagement/Controllers/ServiceController.cs:line 28

2025-06-12 01:26:31Z [ERROR] Error Updating Service Categories
System.Exception: One or more categories Are Existing Please Remove them
   at VSM.Services.ServiceService.UpdateServiceCategories(Guid serviceId, List`1 categoryNames) in /Users/gowtham/Desktop/Genspark/MiniProject/VehicleServiceManagement/Services/ServiceService.cs:line 93
   at VSM.Controllers.ServiceController.UpdateServiceCategories(Guid serviceId, ServiceCategoryUpdateDto dto) in /Users/gowtham/Desktop/Genspark/MiniProject/VehicleServiceManagement/Controllers/ServiceController.cs:line 92

2025-06-12 01:28:18Z [ERROR] Error Updating Service Categories
System.Exception: One or more categories Are Existing Please Remove them
   at VSM.Services.ServiceService.UpdateServiceCategories(Guid serviceId, List`1 categoryNames) in /Users/gowtham/Desktop/Genspark/MiniProject/VehicleServiceManagement/Services/ServiceService.cs:line 93
   at VSM.Controllers.ServiceController.UpdateServiceCategories(Guid serviceId, ServiceCategoryUpdateDto dto) in /Users/gowtham/Desktop/Genspark/MiniProject/VehicleServiceManagement/Controllers/ServiceController.cs:line 92

2025-06-12 01:28:47Z [ERROR] Error Updating Service Categories
System.Exception: One or more categories Are Existing Please Remove them
   at VSM.Services.ServiceService.UpdateServiceCategories(Guid serviceId, List`1 categoryNames) in /Users/gowtham/Desktop/Genspark/MiniProject/VehicleServiceManagement/Services/ServiceService.cs:line 93
   at VSM.Controllers.ServiceController.UpdateServiceCategories(Guid serviceId, ServiceCategoryUpdateDto dto) in /Users/gowtham/Desktop/Genspark/MiniProject/VehicleServiceManagement/Controllers/ServiceController.cs:line 92

2025-06-12 01:32:02Z [ERROR] Error Updating Service Categories
System.Exception: All categories already exist. No new categories to add.
   at VSM.Services.ServiceService.UpdateServiceCategories(Guid serviceId, List`1 categoryNames) in /Users/gowtham/Desktop/Genspark/MiniProject/VehicleServiceManagement/Services/ServiceService.cs:line 98
   at VSM.Controllers.ServiceController.UpdateServiceCategories(Guid serviceId, ServiceCategoryUpdateDto dto) in /Users/gowtham/Desktop/Genspark/MiniProject/VehicleServiceManagement/Controllers/ServiceController.cs:line 92

2025-06-12 01:34:56Z [ERROR] Error Updating Service Categories
System.Exception: One or more categories not found
   at VSM.Services.ServiceService.UpdateServiceCategories(Guid serviceId, List`1 categoryNames) in /Users/gowtham/Desktop/Genspark/MiniProject/VehicleServiceManagement/Services/ServiceService.cs:line 86
   at VSM.Controllers.ServiceController.UpdateServiceCategories(Guid serviceId, ServiceCategoryUpdateDto dto) in /Users/gowtham/Desktop/Genspark/MiniProject/VehicleServiceManagement/Controllers/ServiceController.cs:line 92

2025-06-12 01:38:31Z [ERROR] Error Deleting Vehicle
System.Exception: Vehicle not Found
   at VSM.Services.VehicleService.DeleteVehicle(Guid id) in /Users/gowtham/Desktop/Genspark/MiniProject/VehicleServiceManagement/Services/VehicleService.cs:line 32
   at VSM.Controllers.VehicleController.DeleteVehicle(Guid id) in /Users/gowtham/Desktop/Genspark/MiniProject/VehicleServiceManagement/Controllers/Vehiclecontroller.cs:line 43

2025-06-12 01:39:11Z [ERROR] Error Getting Vehicle By Id
System.Exception: Vehicle Not Found
   at VSM.Repositories.VehicleRepository.Get(Guid key) in /Users/gowtham/Desktop/Genspark/MiniProject/VehicleServiceManagement/Repositories/vehicleRepository.cs:line 15
   at VSM.Services.VehicleService.GetById(Guid Id) in /Users/gowtham/Desktop/Genspark/MiniProject/VehicleServiceManagement/Services/VehicleService.cs:line 41
   at VSM.Controllers.VehicleController.GetById(Guid id) in /Users/gowtham/Desktop/Genspark/MiniProject/VehicleServiceManagement/Controllers/Vehiclecontroller.cs:line 59

2025-06-12 01:39:19Z [ERROR] Error Getting Vehicle By Id
System.Exception: Vehicle Not Found
   at VSM.Repositories.VehicleRepository.Get(Guid key) in /Users/gowtham/Desktop/Genspark/MiniProject/VehicleServiceManagement/Repositories/vehicleRepository.cs:line 15
   at VSM.Services.VehicleService.GetById(Guid Id) in /Users/gowtham/Desktop/Genspark/MiniProject/VehicleServiceManagement/Services/VehicleService.cs:line 41
   at VSM.Controllers.VehicleController.GetById(Guid id) in /Users/gowtham/Desktop/Genspark/MiniProject/VehicleServiceManagement/Controllers/Vehiclecontroller.cs:line 59

2025-06-12 01:39:26Z [ERROR] Error Getting Vehicle By Id
System.Exception: Vehicle Not Found
   at VSM.Repositories.VehicleRepository.Get(Guid key) in /Users/gowtham/Desktop/Genspark/MiniProject/VehicleServiceManagement/Repositories/vehicleRepository.cs:line 15
   at VSM.Services.VehicleService.GetById(Guid Id) in /Users/gowtham/Desktop/Genspark/MiniProject/VehicleServiceManagement/Services/VehicleService.cs:line 41
   at VSM.Controllers.VehicleController.GetById(Guid id) in /Users/gowtham/Desktop/Genspark/MiniProject/VehicleServiceManagement/Controllers/Vehiclecontroller.cs:line 59

2025-06-12 01:39:30Z [ERROR] Error Deleting Vehicle
System.Exception: Vehicle not Found
   at VSM.Services.VehicleService.DeleteVehicle(Guid id) in /Users/gowtham/Desktop/Genspark/MiniProject/VehicleServiceManagement/Services/VehicleService.cs:line 32
   at VSM.Controllers.VehicleController.DeleteVehicle(Guid id) in /Users/gowtham/Desktop/Genspark/MiniProject/VehicleServiceManagement/Controllers/Vehiclecontroller.cs:line 43

2025-06-12 01:39:44Z [ERROR] Error Deleting Vehicle
System.Exception: Vehicle not Found
   at VSM.Services.VehicleService.DeleteVehicle(Guid id) in /Users/gowtham/Desktop/Genspark/MiniProject/VehicleServiceManagement/Services/VehicleService.cs:line 32
   at VSM.Controllers.VehicleController.DeleteVehicle(Guid id) in /Users/gowtham/Desktop/Genspark/MiniProject/VehicleServiceManagement/Controllers/Vehiclecontroller.cs:line 43

2025-06-12 01:39:54Z [ERROR] Error Deleting Vehicle
System.Exception: Vehicle not Found
   at VSM.Services.VehicleService.DeleteVehicle(Guid id) in /Users/gowtham/Desktop/Genspark/MiniProject/VehicleServiceManagement/Services/VehicleService.cs:line 32
   at VSM.Controllers.VehicleController.DeleteVehicle(Guid id) in /Users/gowtham/Desktop/Genspark/MiniProject/VehicleServiceManagement/Controllers/Vehiclecontroller.cs:line 43

2025-06-12 01:40:50Z [ERROR] Error Soft Deleting Service
System.Exception: Service not found
   at VSM.Services.ServiceService.SoftDeleteService(Guid serviceId) in /Users/gowtham/Desktop/Genspark/MiniProject/VehicleServiceManagement/Services/ServiceService.cs:line 51
   at VSM.Controllers.ServiceController.SoftDeleteService(Guid serviceId) in /Users/gowtham/Desktop/Genspark/MiniProject/VehicleServiceManagement/Controllers/ServiceController.cs:line 44

2025-06-12 01:50:02Z [ERROR] Error Adding ServiceRecord
System.Exception: Booking Was Deleted or Cancelled
   at VSM.Services.ServiceRecordService.Add(ServiceRecordAddDto dto) in /Users/gowtham/Desktop/Genspark/MiniProject/VehicleServiceManagement/Services/ServiceRecordService.cs:line 41
   at VSM.Controllers.ServiceRecordController.Add(ServiceRecordAddDto dto) in /Users/gowtham/Desktop/Genspark/MiniProject/VehicleServiceManagement/Controllers/ServiceRecordController.cs:line 27

2025-06-12 01:51:20Z [ERROR] Error Adding ServiceRecord
Microsoft.EntityFrameworkCore.DbUpdateException: An error occurred while saving the entity changes. See the inner exception for details.
 ---> Npgsql.PostgresException (0x80004005): 23505: duplicate key value violates unique constraint "IX_serviceRecords_ServiceID"

DETAIL: Detail redacted as it may contain sensitive data. Specify 'Include Error Detail' in the connection string to include this information.
   at Npgsql.Internal.NpgsqlConnector.ReadMessageLong(Boolean async, DataRowLoadingMode dataRowLoadingMode, Boolean readingNotifications, Boolean isReadingPrependedMessage)
   at System.Runtime.CompilerServices.PoolingAsyncValueTaskMethodBuilder`1.StateMachineBox`1.System.Threading.Tasks.Sources.IValueTaskSource<TResult>.GetResult(Int16 token)
   at Npgsql.NpgsqlDataReader.NextResult(Boolean async, Boolean isConsuming, CancellationToken cancellationToken)
   at Npgsql.NpgsqlDataReader.NextResult(Boolean async, Boolean isConsuming, CancellationToken cancellationToken)
   at Npgsql.NpgsqlCommand.ExecuteReader(Boolean async, CommandBehavior behavior, CancellationToken cancellationToken)
   at Npgsql.NpgsqlCommand.ExecuteReader(Boolean async, CommandBehavior behavior, CancellationToken cancellationToken)
   at Npgsql.NpgsqlCommand.ExecuteDbDataReaderAsync(CommandBehavior behavior, CancellationToken cancellationToken)
   at Microsoft.EntityFrameworkCore.Storage.RelationalCommand.ExecuteReaderAsync(RelationalCommandParameterObject parameterObject, CancellationToken cancellationToken)
   at Microsoft.EntityFrameworkCore.Storage.RelationalCommand.ExecuteReaderAsync(RelationalCommandParameterObject parameterObject, CancellationToken cancellationToken)
   at Microsoft.EntityFrameworkCore.Update.ReaderModificationCommandBatch.ExecuteAsync(IRelationalConnection connection, CancellationToken cancellationToken)
  Exception data:
    Severity: ERROR
    SqlState: 23505
    MessageText: duplicate key value violates unique constraint "IX_serviceRecords_ServiceID"
    Detail: Detail redacted as it may contain sensitive data. Specify 'Include Error Detail' in the connection string to include this information.
    SchemaName: public
    TableName: serviceRecords
    ConstraintName: IX_serviceRecords_ServiceID
    File: nbtinsert.c
    Line: 673
    Routine: _bt_check_unique
   --- End of inner exception stack trace ---
   at Microsoft.EntityFrameworkCore.Update.ReaderModificationCommandBatch.ExecuteAsync(IRelationalConnection connection, CancellationToken cancellationToken)
   at Microsoft.EntityFrameworkCore.Update.Internal.BatchExecutor.ExecuteAsync(IEnumerable`1 commandBatches, IRelationalConnection connection, CancellationToken cancellationToken)
   at Microsoft.EntityFrameworkCore.Update.Internal.BatchExecutor.ExecuteAsync(IEnumerable`1 commandBatches, IRelationalConnection connection, CancellationToken cancellationToken)
   at Microsoft.EntityFrameworkCore.Update.Internal.BatchExecutor.ExecuteAsync(IEnumerable`1 commandBatches, IRelationalConnection connection, CancellationToken cancellationToken)
   at Microsoft.EntityFrameworkCore.Storage.RelationalDatabase.SaveChangesAsync(IList`1 entries, CancellationToken cancellationToken)
   at Microsoft.EntityFrameworkCore.ChangeTracking.Internal.StateManager.SaveChangesAsync(IList`1 entriesToSave, CancellationToken cancellationToken)
   at Microsoft.EntityFrameworkCore.ChangeTracking.Internal.StateManager.SaveChangesAsync(StateManager stateManager, Boolean acceptAllChangesOnSuccess, CancellationToken cancellationToken)
   at Npgsql.EntityFrameworkCore.PostgreSQL.Storage.Internal.NpgsqlExecutionStrategy.ExecuteAsync[TState,TResult](TState state, Func`4 operation, Func`4 verifySucceeded, CancellationToken cancellationToken)
   at Microsoft.EntityFrameworkCore.DbContext.SaveChangesAsync(Boolean acceptAllChangesOnSuccess, CancellationToken cancellationToken)
   at Microsoft.EntityFrameworkCore.DbContext.SaveChangesAsync(Boolean acceptAllChangesOnSuccess, CancellationToken cancellationToken)
   at VSM.Repositories.Repository`2.Add(T item) in /Users/gowtham/Desktop/Genspark/MiniProject/VehicleServiceManagement/Repositories/Repository.cs:line 20
   at VSM.Services.ServiceRecordService.Add(ServiceRecordAddDto dto) in /Users/gowtham/Desktop/Genspark/MiniProject/VehicleServiceManagement/Services/ServiceRecordService.cs:line 45
   at VSM.Controllers.ServiceRecordController.Add(ServiceRecordAddDto dto) in /Users/gowtham/Desktop/Genspark/MiniProject/VehicleServiceManagement/Controllers/ServiceRecordController.cs:line 27

2025-06-12 02:00:06Z [ERROR] Error Updating ServiceRecord Status
System.Exception: Item Not Found
   at VSM.Repositories.ServiceRecordRepository.Get(Guid key) in /Users/gowtham/Desktop/Genspark/MiniProject/VehicleServiceManagement/Repositories/ServiceRecordRepository.cs:line 19
   at VSM.Services.ServiceRecordService.UpdateStatus(ServiceRecordStatusUpdateDto dto) in /Users/gowtham/Desktop/Genspark/MiniProject/VehicleServiceManagement/Services/ServiceRecordService.cs:line 51
   at VSM.Controllers.ServiceRecordController.UpdateStatus(ServiceRecordStatusUpdateDto dto) in /Users/gowtham/Desktop/Genspark/MiniProject/VehicleServiceManagement/Controllers/ServiceRecordController.cs:line 43

2025-06-12 02:04:29Z [ERROR] Error Adding bill
System.Exception: Item Not Found
   at VSM.Repositories.ServiceRecordRepository.Get(Guid key) in /Users/gowtham/Desktop/Genspark/MiniProject/VehicleServiceManagement/Repositories/ServiceRecordRepository.cs:line 19
   at VSM.Services.BillService.Add(BillAddDto dto) in /Users/gowtham/Desktop/Genspark/MiniProject/VehicleServiceManagement/Services/BillService.cs:line 24
   at VSM.Controllers.BillController.Add(BillAddDto dto) in /Users/gowtham/Desktop/Genspark/MiniProject/VehicleServiceManagement/Controllers/BillController.cs:line 27

2025-06-12 02:23:44Z [ERROR] Error Deleting Customer
System.Exception: Customer with email 'abc3@gmail.com' not found
   at VSM.Services.CustomerService.DeleteCustomer(String email) in /Users/gowtham/Desktop/Genspark/MiniProject/VehicleServiceManagement/Services/CustomerService.cs:line 64
   at VSM.Controllers.CustomerController.DeleteCustomer(String email) in /Users/gowtham/Desktop/Genspark/MiniProject/VehicleServiceManagement/Controllers/CustomerController.cs:line 44

2025-06-12 02:27:09Z [ERROR] Error Deleting Mechanic
System.Exception: DeleteMechanic: Mechanic with email 'abc4@gmail.com
' not found.
   at VSM.Services.MechanicServices.DeleteMechanic(String email) in /Users/gowtham/Desktop/Genspark/MiniProject/VehicleServiceManagement/Services/MechanicServices.cs:line 77
   at VSM.Controllers.MechanicController.DeleteMechanic(String email) in /Users/gowtham/Desktop/Genspark/MiniProject/VehicleServiceManagement/Controllers/MechanicController.cs:line 44

2025-06-12 12:54:16Z [ERROR] Error Adding bill
System.Exception: Item Not Found
   at VSM.Repositories.ServiceRecordRepository.Get(Guid key) in /Users/gowtham/Desktop/Genspark/MiniProject/VehicleServiceManagement/Repositories/ServiceRecordRepository.cs:line 19
   at VSM.Services.BillService.Add(BillAddDto dto) in /Users/gowtham/Desktop/Genspark/MiniProject/VehicleServiceManagement/Services/BillService.cs:line 24
   at VSM.Controllers.BillController.Add(BillAddDto dto) in /Users/gowtham/Desktop/Genspark/MiniProject/VehicleServiceManagement/Controllers/BillController.cs:line 29

2025-06-12 12:55:13Z [ERROR] Error Adding bill
System.Exception: Item Not Found
   at VSM.Repositories.ServiceRecordRepository.Get(Guid key) in /Users/gowtham/Desktop/Genspark/MiniProject/VehicleServiceManagement/Repositories/ServiceRecordRepository.cs:line 19
   at VSM.Services.BillService.Add(BillAddDto dto) in /Users/gowtham/Desktop/Genspark/MiniProject/VehicleServiceManagement/Services/BillService.cs:line 24
   at VSM.Controllers.BillController.Add(BillAddDto dto) in /Users/gowtham/Desktop/Genspark/MiniProject/VehicleServiceManagement/Controllers/BillController.cs:line 29

2025-06-12 19:39:47Z [ERROR] Error Registering Customer
System.Exception: User already exists
   at VSM.Services.CustomerService.AddCustomer(CustomerAddDto dto) in /Users/gowtham/Desktop/Genspark/MiniProject/VehicleServiceManagement/Services/CustomerService.cs:line 56
   at VSM.Controllers.CustomerController.RegisterCustomer(CustomerAddDto dto) in /Users/gowtham/Desktop/Genspark/MiniProject/VehicleServiceManagement/Controllers/CustomerController.cs:line 29

2025-06-12 19:46:05Z [ERROR] Error Registering Customer
System.Exception: User already exists
   at VSM.Services.CustomerService.AddCustomer(CustomerAddDto dto) in /Users/gowtham/Desktop/Genspark/MiniProject/VehicleServiceManagement/Services/CustomerService.cs:line 56
   at VSM.Controllers.CustomerController.RegisterCustomer(CustomerAddDto dto) in /Users/gowtham/Desktop/Genspark/MiniProject/VehicleServiceManagement/Controllers/CustomerController.cs:line 29

2025-06-12 19:51:58Z [ERROR] Error Registering Customer
System.Exception: User already exists
   at VSM.Services.CustomerService.AddCustomer(CustomerAddDto dto) in /Users/gowtham/Desktop/Genspark/MiniProject/VehicleServiceManagement/Services/CustomerService.cs:line 56
   at VSM.Controllers.CustomerController.RegisterCustomer(CustomerAddDto dto) in /Users/gowtham/Desktop/Genspark/MiniProject/VehicleServiceManagement/Controllers/CustomerController.cs:line 29

2025-06-12 19:52:06Z [ERROR] Error Updating Customer
System.Exception: Customer with email 'null' not found
   at VSM.Services.CustomerService.UpdateCustomer(String email, CustomerUpdateDto dto) in /Users/gowtham/Desktop/Genspark/MiniProject/VehicleServiceManagement/Services/CustomerService.cs:line 109
   at VSM.Controllers.CustomerController.UpdateCustomer(String email, CustomerUpdateDto dto) in /Users/gowtham/Desktop/Genspark/MiniProject/VehicleServiceManagement/Controllers/CustomerController.cs:line 106

2025-06-12 19:52:08Z [ERROR] Error Updating Customer
System.Exception: Customer with email 'null' not found
   at VSM.Services.CustomerService.UpdateCustomer(String email, CustomerUpdateDto dto) in /Users/gowtham/Desktop/Genspark/MiniProject/VehicleServiceManagement/Services/CustomerService.cs:line 109
   at VSM.Controllers.CustomerController.UpdateCustomer(String email, CustomerUpdateDto dto) in /Users/gowtham/Desktop/Genspark/MiniProject/VehicleServiceManagement/Controllers/CustomerController.cs:line 106

2025-06-12 19:52:09Z [ERROR] Error Updating Customer
System.Exception: Customer with email 'null' not found
   at VSM.Services.CustomerService.UpdateCustomer(String email, CustomerUpdateDto dto) in /Users/gowtham/Desktop/Genspark/MiniProject/VehicleServiceManagement/Services/CustomerService.cs:line 109
   at VSM.Controllers.CustomerController.UpdateCustomer(String email, CustomerUpdateDto dto) in /Users/gowtham/Desktop/Genspark/MiniProject/VehicleServiceManagement/Controllers/CustomerController.cs:line 106

2025-06-12 19:52:11Z [ERROR] Error Updating Customer
System.Exception: Customer with email 'null' not found
   at VSM.Services.CustomerService.UpdateCustomer(String email, CustomerUpdateDto dto) in /Users/gowtham/Desktop/Genspark/MiniProject/VehicleServiceManagement/Services/CustomerService.cs:line 109
   at VSM.Controllers.CustomerController.UpdateCustomer(String email, CustomerUpdateDto dto) in /Users/gowtham/Desktop/Genspark/MiniProject/VehicleServiceManagement/Controllers/CustomerController.cs:line 106

2025-06-12 19:52:44Z [ERROR] Error Registering Customer
System.Exception: User already exists
   at VSM.Services.CustomerService.AddCustomer(CustomerAddDto dto) in /Users/gowtham/Desktop/Genspark/MiniProject/VehicleServiceManagement/Services/CustomerService.cs:line 56
   at VSM.Controllers.CustomerController.RegisterCustomer(CustomerAddDto dto) in /Users/gowtham/Desktop/Genspark/MiniProject/VehicleServiceManagement/Controllers/CustomerController.cs:line 29

2025-06-12 19:53:06Z [ERROR] Error Registering Customer
System.Exception: User already exists
   at VSM.Services.CustomerService.AddCustomer(CustomerAddDto dto) in /Users/gowtham/Desktop/Genspark/MiniProject/VehicleServiceManagement/Services/CustomerService.cs:line 56
   at VSM.Controllers.CustomerController.RegisterCustomer(CustomerAddDto dto) in /Users/gowtham/Desktop/Genspark/MiniProject/VehicleServiceManagement/Controllers/CustomerController.cs:line 29

2025-06-12 19:54:19Z [ERROR] Error Registering Customer
System.Exception: User already exists
   at VSM.Services.CustomerService.AddCustomer(CustomerAddDto dto) in /Users/gowtham/Desktop/Genspark/MiniProject/VehicleServiceManagement/Services/CustomerService.cs:line 56
   at VSM.Controllers.CustomerController.RegisterCustomer(CustomerAddDto dto) in /Users/gowtham/Desktop/Genspark/MiniProject/VehicleServiceManagement/Controllers/CustomerController.cs:line 29

2025-06-12 20:09:44Z [ERROR] Error Creating Booking
System.Exception: Invalid time slot. Please choose an available slot.
   at VSM.Services.BookingService.CreateBooking(BookingAddDto dto) in /Users/gowtham/Desktop/Genspark/MiniProject/VehicleServiceManagement/Services/BookingService.cs:line 45
   at VSM.Controllers.BookingController.CreateBooking(BookingAddDto dto) in /Users/gowtham/Desktop/Genspark/MiniProject/VehicleServiceManagement/Controllers/Bookingcontroller.cs:line 29

2025-06-12 20:26:57Z [ERROR] Error Registering Mechanic
System.Exception: User already exists
   at VSM.Services.MechanicServices.AddMechanic(MechanicAddDto dto) in /Users/gowtham/Desktop/Genspark/MiniProject/VehicleServiceManagement/Services/MechanicServices.cs:line 65
   at VSM.Controllers.MechanicController.RegisterMechanic(MechanicAddDto dto) in /Users/gowtham/Desktop/Genspark/MiniProject/VehicleServiceManagement/Controllers/MechanicController.cs:line 29

2025-06-12 20:44:31Z [ERROR] Error Getting ServiceRecords By CustomerId
System.Exception: No service records found
   at VSM.Services.ServiceRecordService.GetByCustomerId(Guid customerId) in /Users/gowtham/Desktop/Genspark/MiniProject/VehicleServiceManagement/Services/ServiceRecordService.cs:line 75
   at VSM.Controllers.ServiceRecordController.GetByCustomerId(Guid customerId) in /Users/gowtham/Desktop/Genspark/MiniProject/VehicleServiceManagement/Controllers/ServiceRecordController.cs:line 92

2025-06-12 20:46:26Z [ERROR] Error Getting ServiceRecords By MechanicId
System.Exception: No service records found
   at VSM.Services.ServiceRecordService.GetByMechanicId(Guid mechanicId) in /Users/gowtham/Desktop/Genspark/MiniProject/VehicleServiceManagement/Services/ServiceRecordService.cs:line 82
   at VSM.Controllers.ServiceRecordController.GetByMechanicId(Guid mechanicId) in /Users/gowtham/Desktop/Genspark/MiniProject/VehicleServiceManagement/Controllers/ServiceRecordController.cs:line 107

2025-06-12 21:07:28Z [ERROR] Error Creating Booking
System.Exception: You have already booked this slot
   at VSM.Services.BookingService.CreateBooking(BookingAddDto dto) in /Users/gowtham/Desktop/Genspark/MiniProject/VehicleServiceManagement/Services/BookingService.cs:line 63
   at VSM.Controllers.BookingController.CreateBooking(BookingAddDto dto) in /Users/gowtham/Desktop/Genspark/MiniProject/VehicleServiceManagement/Controllers/Bookingcontroller.cs:line 29

2025-06-12 21:07:37Z [ERROR] Error Creating Booking
System.Exception: You have already booked this slot
   at VSM.Services.BookingService.CreateBooking(BookingAddDto dto) in /Users/gowtham/Desktop/Genspark/MiniProject/VehicleServiceManagement/Services/BookingService.cs:line 63
   at VSM.Controllers.BookingController.CreateBooking(BookingAddDto dto) in /Users/gowtham/Desktop/Genspark/MiniProject/VehicleServiceManagement/Controllers/Bookingcontroller.cs:line 29

2025-06-12 21:07:48Z [ERROR] Error Creating Booking
System.Exception: You have already booked this slot
   at VSM.Services.BookingService.CreateBooking(BookingAddDto dto) in /Users/gowtham/Desktop/Genspark/MiniProject/VehicleServiceManagement/Services/BookingService.cs:line 63
   at VSM.Controllers.BookingController.CreateBooking(BookingAddDto dto) in /Users/gowtham/Desktop/Genspark/MiniProject/VehicleServiceManagement/Controllers/Bookingcontroller.cs:line 29

2025-06-12 21:10:22Z [ERROR] Error Creating Booking
System.Exception: You have already booked this slot
   at VSM.Services.BookingService.CreateBooking(BookingAddDto dto) in /Users/gowtham/Desktop/Genspark/MiniProject/VehicleServiceManagement/Services/BookingService.cs:line 63
   at VSM.Controllers.BookingController.CreateBooking(BookingAddDto dto) in /Users/gowtham/Desktop/Genspark/MiniProject/VehicleServiceManagement/Controllers/Bookingcontroller.cs:line 29

2025-06-12 21:10:25Z [ERROR] Error Creating Booking
System.Exception: You have already booked this slot
   at VSM.Services.BookingService.CreateBooking(BookingAddDto dto) in /Users/gowtham/Desktop/Genspark/MiniProject/VehicleServiceManagement/Services/BookingService.cs:line 63
   at VSM.Controllers.BookingController.CreateBooking(BookingAddDto dto) in /Users/gowtham/Desktop/Genspark/MiniProject/VehicleServiceManagement/Controllers/Bookingcontroller.cs:line 29

2025-06-12 21:10:50Z [ERROR] Error Creating Booking
System.Exception: You have already booked this slot
   at VSM.Services.BookingService.CreateBooking(BookingAddDto dto) in /Users/gowtham/Desktop/Genspark/MiniProject/VehicleServiceManagement/Services/BookingService.cs:line 63
   at VSM.Controllers.BookingController.CreateBooking(BookingAddDto dto) in /Users/gowtham/Desktop/Genspark/MiniProject/VehicleServiceManagement/Controllers/Bookingcontroller.cs:line 29

2025-06-12 21:16:07Z [ERROR] Error Adding ServiceRecord
Microsoft.EntityFrameworkCore.DbUpdateException: An error occurred while saving the entity changes. See the inner exception for details.
 ---> Npgsql.PostgresException (0x80004005): 23505: duplicate key value violates unique constraint "IX_serviceRecords_ServiceID"

DETAIL: Detail redacted as it may contain sensitive data. Specify 'Include Error Detail' in the connection string to include this information.
   at Npgsql.Internal.NpgsqlConnector.ReadMessageLong(Boolean async, DataRowLoadingMode dataRowLoadingMode, Boolean readingNotifications, Boolean isReadingPrependedMessage)
   at System.Runtime.CompilerServices.PoolingAsyncValueTaskMethodBuilder`1.StateMachineBox`1.System.Threading.Tasks.Sources.IValueTaskSource<TResult>.GetResult(Int16 token)
   at Npgsql.NpgsqlDataReader.NextResult(Boolean async, Boolean isConsuming, CancellationToken cancellationToken)
   at Npgsql.NpgsqlDataReader.NextResult(Boolean async, Boolean isConsuming, CancellationToken cancellationToken)
   at Npgsql.NpgsqlCommand.ExecuteReader(Boolean async, CommandBehavior behavior, CancellationToken cancellationToken)
   at Npgsql.NpgsqlCommand.ExecuteReader(Boolean async, CommandBehavior behavior, CancellationToken cancellationToken)
   at Npgsql.NpgsqlCommand.ExecuteDbDataReaderAsync(CommandBehavior behavior, CancellationToken cancellationToken)
   at Microsoft.EntityFrameworkCore.Storage.RelationalCommand.ExecuteReaderAsync(RelationalCommandParameterObject parameterObject, CancellationToken cancellationToken)
   at Microsoft.EntityFrameworkCore.Storage.RelationalCommand.ExecuteReaderAsync(RelationalCommandParameterObject parameterObject, CancellationToken cancellationToken)
   at Microsoft.EntityFrameworkCore.Update.ReaderModificationCommandBatch.ExecuteAsync(IRelationalConnection connection, CancellationToken cancellationToken)
  Exception data:
    Severity: ERROR
    SqlState: 23505
    MessageText: duplicate key value violates unique constraint "IX_serviceRecords_ServiceID"
    Detail: Detail redacted as it may contain sensitive data. Specify 'Include Error Detail' in the connection string to include this information.
    SchemaName: public
    TableName: serviceRecords
    ConstraintName: IX_serviceRecords_ServiceID
    File: nbtinsert.c
    Line: 673
    Routine: _bt_check_unique
   --- End of inner exception stack trace ---
   at Microsoft.EntityFrameworkCore.Update.ReaderModificationCommandBatch.ExecuteAsync(IRelationalConnection connection, CancellationToken cancellationToken)
   at Microsoft.EntityFrameworkCore.Update.Internal.BatchExecutor.ExecuteAsync(IEnumerable`1 commandBatches, IRelationalConnection connection, CancellationToken cancellationToken)
   at Microsoft.EntityFrameworkCore.Update.Internal.BatchExecutor.ExecuteAsync(IEnumerable`1 commandBatches, IRelationalConnection connection, CancellationToken cancellationToken)
   at Microsoft.EntityFrameworkCore.Update.Internal.BatchExecutor.ExecuteAsync(IEnumerable`1 commandBatches, IRelationalConnection connection, CancellationToken cancellationToken)
   at Microsoft.EntityFrameworkCore.Storage.RelationalDatabase.SaveChangesAsync(IList`1 entries, CancellationToken cancellationToken)
   at Microsoft.EntityFrameworkCore.ChangeTracking.Internal.StateManager.SaveChangesAsync(IList`1 entriesToSave, CancellationToken cancellationToken)
   at Microsoft.EntityFrameworkCore.ChangeTracking.Internal.StateManager.SaveChangesAsync(StateManager stateManager, Boolean acceptAllChangesOnSuccess, CancellationToken cancellationToken)
   at Npgsql.EntityFrameworkCore.PostgreSQL.Storage.Internal.NpgsqlExecutionStrategy.ExecuteAsync[TState,TResult](TState state, Func`4 operation, Func`4 verifySucceeded, CancellationToken cancellationToken)
   at Microsoft.EntityFrameworkCore.DbContext.SaveChangesAsync(Boolean acceptAllChangesOnSuccess, CancellationToken cancellationToken)
   at Microsoft.EntityFrameworkCore.DbContext.SaveChangesAsync(Boolean acceptAllChangesOnSuccess, CancellationToken cancellationToken)
   at VSM.Repositories.Repository`2.Add(T item) in /Users/gowtham/Desktop/Genspark/MiniProject/VehicleServiceManagement/Repositories/Repository.cs:line 20
   at VSM.Services.ServiceRecordService.Add(ServiceRecordAddDto dto) in /Users/gowtham/Desktop/Genspark/MiniProject/VehicleServiceManagement/Services/ServiceRecordService.cs:line 45
   at VSM.Controllers.ServiceRecordController.Add(ServiceRecordAddDto dto) in /Users/gowtham/Desktop/Genspark/MiniProject/VehicleServiceManagement/Controllers/ServiceRecordController.cs:line 28

2025-06-12 21:19:57Z [ERROR] Error Registering Customer
System.Exception: User already exists
   at VSM.Services.CustomerService.AddCustomer(CustomerAddDto dto) in /Users/gowtham/Desktop/Genspark/MiniProject/VehicleServiceManagement/Services/CustomerService.cs:line 56
   at VSM.Controllers.CustomerController.RegisterCustomer(CustomerAddDto dto) in /Users/gowtham/Desktop/Genspark/MiniProject/VehicleServiceManagement/Controllers/CustomerController.cs:line 29

2025-06-12 23:49:48Z [ERROR] Error Creating Booking
System.Exception: Customer already has a booking for this slot.
   at VSM.Services.BookingService.CreateBooking(BookingAddDto dto) in /Users/gowtham/Desktop/Genspark/MiniProject/VehicleServiceManagement/Services/BookingService.cs:line 66
   at VSM.Controllers.BookingController.CreateBooking(BookingAddDto dto) in /Users/gowtham/Desktop/Genspark/MiniProject/VehicleServiceManagement/Controllers/Bookingcontroller.cs:line 29

2025-06-12 23:50:22Z [ERROR] Error Creating Booking
System.Exception: Customer already has a booking for this slot.
   at VSM.Services.BookingService.CreateBooking(BookingAddDto dto) in /Users/gowtham/Desktop/Genspark/MiniProject/VehicleServiceManagement/Services/BookingService.cs:line 66
   at VSM.Controllers.BookingController.CreateBooking(BookingAddDto dto) in /Users/gowtham/Desktop/Genspark/MiniProject/VehicleServiceManagement/Controllers/Bookingcontroller.cs:line 29

2025-06-12 23:57:04Z [ERROR] Error Adding Vehicle
System.Exception: Vehicle with the same details already exists.
   at VSM.Services.VehicleService.AddVehicle(VehicleAdd dto) in /Users/gowtham/Desktop/Genspark/MiniProject/VehicleServiceManagement/Services/VehicleService.cs:line 40
   at VSM.Controllers.VehicleController.AddVehicle(VehicleAdd dto) in /Users/gowtham/Desktop/Genspark/MiniProject/VehicleServiceManagement/Controllers/Vehiclecontroller.cs:line 28

2025-06-13 13:36:54Z [ERROR] Error Registering Mechanic
System.Exception: User already exists
   at VSM.Services.MechanicServices.AddMechanic(MechanicAddDto dto) in /Users/gowtham/Desktop/Genspark/MiniProject/VehicleServiceManagement/Services/MechanicServices.cs:line 65
   at VSM.Controllers.MechanicController.RegisterMechanic(MechanicAddDto dto) in /Users/gowtham/Desktop/Genspark/MiniProject/VehicleServiceManagement/Controllers/MechanicController.cs:line 29

2025-06-21 20:58:51Z [ERROR] Error Registering Customer
System.Exception: User already exists
   at VSM.Services.CustomerService.AddCustomer(CustomerAddDto dto) in /Users/presidio/Desktop/Genspark/MiniProject/VehicleServiceManagement/Services/CustomerService.cs:line 56
   at VSM.Controllers.CustomerController.RegisterCustomer(CustomerAddDto dto) in /Users/presidio/Desktop/Genspark/MiniProject/VehicleServiceManagement/Controllers/CustomerController.cs:line 30

2025-06-22 18:33:19Z [ERROR] Error Creating Booking
System.Exception: Customer already has a booking for this slot.
   at VSM.Services.BookingService.CreateBooking(BookingAddDto dto) in /Users/presidio/Desktop/Genspark/MiniProject/VehicleServiceManagement/Services/BookingService.cs:line 66
   at VSM.Controllers.BookingController.CreateBooking(BookingAddDto dto) in /Users/presidio/Desktop/Genspark/MiniProject/VehicleServiceManagement/Controllers/Bookingcontroller.cs:line 29

2025-06-24 13:08:08Z [ERROR] Error Adding Category
System.Exception: Category with the same name already exists.
   at VSM.Services.CategoryService.AddCategory(String name, Single amt) in /Users/presidio/Desktop/Genspark/MiniProject/VehicleServiceManagement/Services/CategoryService.cs:line 23
   at VSM.Controllers.CategoryController.AddCategory(String name, Single amt) in /Users/presidio/Desktop/Genspark/MiniProject/VehicleServiceManagement/Controllers/CategoryController.cs:line 28

2025-06-24 13:08:37Z [ERROR] Error Adding Category
System.Exception: Category with the same name already exists.
   at VSM.Services.CategoryService.AddCategory(String name, Single amt) in /Users/presidio/Desktop/Genspark/MiniProject/VehicleServiceManagement/Services/CategoryService.cs:line 23
   at VSM.Controllers.CategoryController.AddCategory(String name, Single amt) in /Users/presidio/Desktop/Genspark/MiniProject/VehicleServiceManagement/Controllers/CategoryController.cs:line 28

2025-06-24 13:10:19Z [ERROR] Error Adding Category
System.Exception: Category with the same name already exists.
   at VSM.Services.CategoryService.AddCategory(String name, Single amt) in /Users/presidio/Desktop/Genspark/MiniProject/VehicleServiceManagement/Services/CategoryService.cs:line 23
   at VSM.Controllers.CategoryController.AddCategory(String name, Single amt) in /Users/presidio/Desktop/Genspark/MiniProject/VehicleServiceManagement/Controllers/CategoryController.cs:line 28

2025-06-24 13:11:46Z [ERROR] Error Adding Category
System.Exception: Category with the same name already exists.
   at VSM.Services.CategoryService.AddCategory(String name, Single amt) in /Users/presidio/Desktop/Genspark/MiniProject/VehicleServiceManagement/Services/CategoryService.cs:line 23
   at VSM.Controllers.CategoryController.AddCategory(String name, Single amt) in /Users/presidio/Desktop/Genspark/MiniProject/VehicleServiceManagement/Controllers/CategoryController.cs:line 28

2025-06-24 13:24:31Z [ERROR] Error Adding Category
System.Exception: Category with the same name already exists.
   at VSM.Services.CategoryService.AddCategory(String name, Single amt) in /Users/presidio/Desktop/Genspark/MiniProject/VehicleServiceManagement/Services/CategoryService.cs:line 23
   at VSM.Controllers.CategoryController.AddCategory(String name, Single amt) in /Users/presidio/Desktop/Genspark/MiniProject/VehicleServiceManagement/Controllers/CategoryController.cs:line 28

2025-06-24 13:24:35Z [ERROR] Error Adding Category
System.Exception: Category with the same name already exists.
   at VSM.Services.CategoryService.AddCategory(String name, Single amt) in /Users/presidio/Desktop/Genspark/MiniProject/VehicleServiceManagement/Services/CategoryService.cs:line 23
   at VSM.Controllers.CategoryController.AddCategory(String name, Single amt) in /Users/presidio/Desktop/Genspark/MiniProject/VehicleServiceManagement/Controllers/CategoryController.cs:line 28

2025-06-24 13:24:37Z [ERROR] Error Adding Category
System.Exception: Category with the same name already exists.
   at VSM.Services.CategoryService.AddCategory(String name, Single amt) in /Users/presidio/Desktop/Genspark/MiniProject/VehicleServiceManagement/Services/CategoryService.cs:line 23
   at VSM.Controllers.CategoryController.AddCategory(String name, Single amt) in /Users/presidio/Desktop/Genspark/MiniProject/VehicleServiceManagement/Controllers/CategoryController.cs:line 28

2025-06-24 13:24:40Z [ERROR] Error Adding Category
System.Exception: Category with the same name already exists.
   at VSM.Services.CategoryService.AddCategory(String name, Single amt) in /Users/presidio/Desktop/Genspark/MiniProject/VehicleServiceManagement/Services/CategoryService.cs:line 23
   at VSM.Controllers.CategoryController.AddCategory(String name, Single amt) in /Users/presidio/Desktop/Genspark/MiniProject/VehicleServiceManagement/Controllers/CategoryController.cs:line 28

2025-06-24 13:24:46Z [ERROR] Error Adding Category
System.Exception: Category with the same name already exists.
   at VSM.Services.CategoryService.AddCategory(String name, Single amt) in /Users/presidio/Desktop/Genspark/MiniProject/VehicleServiceManagement/Services/CategoryService.cs:line 23
   at VSM.Controllers.CategoryController.AddCategory(String name, Single amt) in /Users/presidio/Desktop/Genspark/MiniProject/VehicleServiceManagement/Controllers/CategoryController.cs:line 28

2025-06-24 13:24:47Z [ERROR] Error Adding Category
System.Exception: Category with the same name already exists.
   at VSM.Services.CategoryService.AddCategory(String name, Single amt) in /Users/presidio/Desktop/Genspark/MiniProject/VehicleServiceManagement/Services/CategoryService.cs:line 23
   at VSM.Controllers.CategoryController.AddCategory(String name, Single amt) in /Users/presidio/Desktop/Genspark/MiniProject/VehicleServiceManagement/Controllers/CategoryController.cs:line 28

2025-06-24 13:24:54Z [ERROR] Error Adding Category
System.Exception: Category with the same name already exists.
   at VSM.Services.CategoryService.AddCategory(String name, Single amt) in /Users/presidio/Desktop/Genspark/MiniProject/VehicleServiceManagement/Services/CategoryService.cs:line 23
   at VSM.Controllers.CategoryController.AddCategory(String name, Single amt) in /Users/presidio/Desktop/Genspark/MiniProject/VehicleServiceManagement/Controllers/CategoryController.cs:line 28

2025-06-24 13:24:55Z [ERROR] Error Adding Category
System.Exception: Category with the same name already exists.
   at VSM.Services.CategoryService.AddCategory(String name, Single amt) in /Users/presidio/Desktop/Genspark/MiniProject/VehicleServiceManagement/Services/CategoryService.cs:line 23
   at VSM.Controllers.CategoryController.AddCategory(String name, Single amt) in /Users/presidio/Desktop/Genspark/MiniProject/VehicleServiceManagement/Controllers/CategoryController.cs:line 28

2025-06-24 13:26:03Z [ERROR] Error Adding Category
System.Exception: Category with the same name already exists.
   at VSM.Services.CategoryService.AddCategory(String name, Single amt) in /Users/presidio/Desktop/Genspark/MiniProject/VehicleServiceManagement/Services/CategoryService.cs:line 23
   at VSM.Controllers.CategoryController.AddCategory(String name, Single amt) in /Users/presidio/Desktop/Genspark/MiniProject/VehicleServiceManagement/Controllers/CategoryController.cs:line 28

2025-06-24 13:26:09Z [ERROR] Error Adding Category
System.Exception: Category with the same name already exists.
   at VSM.Services.CategoryService.AddCategory(String name, Single amt) in /Users/presidio/Desktop/Genspark/MiniProject/VehicleServiceManagement/Services/CategoryService.cs:line 23
   at VSM.Controllers.CategoryController.AddCategory(String name, Single amt) in /Users/presidio/Desktop/Genspark/MiniProject/VehicleServiceManagement/Controllers/CategoryController.cs:line 28

2025-06-24 13:26:11Z [ERROR] Error Adding Category
System.Exception: Category with the same name already exists.
   at VSM.Services.CategoryService.AddCategory(String name, Single amt) in /Users/presidio/Desktop/Genspark/MiniProject/VehicleServiceManagement/Services/CategoryService.cs:line 23
   at VSM.Controllers.CategoryController.AddCategory(String name, Single amt) in /Users/presidio/Desktop/Genspark/MiniProject/VehicleServiceManagement/Controllers/CategoryController.cs:line 28

2025-06-24 13:26:48Z [ERROR] Error Adding Category
System.Exception: Category with the same name already exists.
   at VSM.Services.CategoryService.AddCategory(String name, Single amt) in /Users/presidio/Desktop/Genspark/MiniProject/VehicleServiceManagement/Services/CategoryService.cs:line 23
   at VSM.Controllers.CategoryController.AddCategory(String name, Single amt) in /Users/presidio/Desktop/Genspark/MiniProject/VehicleServiceManagement/Controllers/CategoryController.cs:line 28

2025-06-24 13:31:58Z [ERROR] Error Adding Category
System.Exception: Category with the same name already exists.
   at VSM.Services.CategoryService.AddCategory(String name, Single amt) in /Users/presidio/Desktop/Genspark/MiniProject/VehicleServiceManagement/Services/CategoryService.cs:line 23
   at VSM.Controllers.CategoryController.AddCategory(String name, Single amt) in /Users/presidio/Desktop/Genspark/MiniProject/VehicleServiceManagement/Controllers/CategoryController.cs:line 28

2025-06-24 13:33:07Z [ERROR] Error Adding Category
System.Exception: Category with the same name already exists.
   at VSM.Services.CategoryService.AddCategory(String name, Single amt) in /Users/presidio/Desktop/Genspark/MiniProject/VehicleServiceManagement/Services/CategoryService.cs:line 23
   at VSM.Controllers.CategoryController.AddCategory(String name, Single amt) in /Users/presidio/Desktop/Genspark/MiniProject/VehicleServiceManagement/Controllers/CategoryController.cs:line 28

2025-06-24 13:36:30Z [ERROR] Error Adding Category
System.Exception: Category with the same name already exists.
   at VSM.Services.CategoryService.AddCategory(String name, Single amt) in /Users/presidio/Desktop/Genspark/MiniProject/VehicleServiceManagement/Services/CategoryService.cs:line 23
   at VSM.Controllers.CategoryController.AddCategory(String name, Single amt) in /Users/presidio/Desktop/Genspark/MiniProject/VehicleServiceManagement/Controllers/CategoryController.cs:line 28

2025-06-24 13:38:50Z [ERROR] Error Adding Category
System.Exception: Category with the same name already exists.
   at VSM.Services.CategoryService.AddCategory(String name, Single amt) in /Users/presidio/Desktop/Genspark/MiniProject/VehicleServiceManagement/Services/CategoryService.cs:line 23
   at VSM.Controllers.CategoryController.AddCategory(String name, Single amt) in /Users/presidio/Desktop/Genspark/MiniProject/VehicleServiceManagement/Controllers/CategoryController.cs:line 28

2025-06-24 13:42:28Z [ERROR] Error Adding Category
System.Exception: Category with the same name already exists.
   at VSM.Services.CategoryService.AddCategory(String name, Single amt) in /Users/presidio/Desktop/Genspark/MiniProject/VehicleServiceManagement/Services/CategoryService.cs:line 23
   at VSM.Controllers.CategoryController.AddCategory(String name, Single amt) in /Users/presidio/Desktop/Genspark/MiniProject/VehicleServiceManagement/Controllers/CategoryController.cs:line 28

2025-06-24 13:44:10Z [ERROR] Error Adding Category
System.Exception: Category with the same name already exists.
   at VSM.Services.CategoryService.AddCategory(String name, Single amt) in /Users/presidio/Desktop/Genspark/MiniProject/VehicleServiceManagement/Services/CategoryService.cs:line 23
   at VSM.Controllers.CategoryController.AddCategory(String name, Single amt) in /Users/presidio/Desktop/Genspark/MiniProject/VehicleServiceManagement/Controllers/CategoryController.cs:line 28

2025-06-24 13:44:18Z [ERROR] Error Adding Category
System.Exception: Category with the same name already exists.
   at VSM.Services.CategoryService.AddCategory(String name, Single amt) in /Users/presidio/Desktop/Genspark/MiniProject/VehicleServiceManagement/Services/CategoryService.cs:line 23
   at VSM.Controllers.CategoryController.AddCategory(String name, Single amt) in /Users/presidio/Desktop/Genspark/MiniProject/VehicleServiceManagement/Controllers/CategoryController.cs:line 28

2025-06-24 13:45:37Z [ERROR] Error Adding Category
System.Exception: Category with the same name already exists.
   at VSM.Services.CategoryService.AddCategory(String name, Single amt) in /Users/presidio/Desktop/Genspark/MiniProject/VehicleServiceManagement/Services/CategoryService.cs:line 23
   at VSM.Controllers.CategoryController.AddCategory(String name, Single amt) in /Users/presidio/Desktop/Genspark/MiniProject/VehicleServiceManagement/Controllers/CategoryController.cs:line 28

2025-06-24 13:45:41Z [ERROR] Error Adding Category
System.Exception: Category with the same name already exists.
   at VSM.Services.CategoryService.AddCategory(String name, Single amt) in /Users/presidio/Desktop/Genspark/MiniProject/VehicleServiceManagement/Services/CategoryService.cs:line 23
   at VSM.Controllers.CategoryController.AddCategory(String name, Single amt) in /Users/presidio/Desktop/Genspark/MiniProject/VehicleServiceManagement/Controllers/CategoryController.cs:line 28

2025-06-24 13:45:42Z [ERROR] Error Adding Category
System.Exception: Category with the same name already exists.
   at VSM.Services.CategoryService.AddCategory(String name, Single amt) in /Users/presidio/Desktop/Genspark/MiniProject/VehicleServiceManagement/Services/CategoryService.cs:line 23
   at VSM.Controllers.CategoryController.AddCategory(String name, Single amt) in /Users/presidio/Desktop/Genspark/MiniProject/VehicleServiceManagement/Controllers/CategoryController.cs:line 28

2025-06-24 13:45:43Z [ERROR] Error Adding Category
System.Exception: Category with the same name already exists.
   at VSM.Services.CategoryService.AddCategory(String name, Single amt) in /Users/presidio/Desktop/Genspark/MiniProject/VehicleServiceManagement/Services/CategoryService.cs:line 23
   at VSM.Controllers.CategoryController.AddCategory(String name, Single amt) in /Users/presidio/Desktop/Genspark/MiniProject/VehicleServiceManagement/Controllers/CategoryController.cs:line 28

2025-06-24 13:45:44Z [ERROR] Error Adding Category
System.Exception: Category with the same name already exists.
   at VSM.Services.CategoryService.AddCategory(String name, Single amt) in /Users/presidio/Desktop/Genspark/MiniProject/VehicleServiceManagement/Services/CategoryService.cs:line 23
   at VSM.Controllers.CategoryController.AddCategory(String name, Single amt) in /Users/presidio/Desktop/Genspark/MiniProject/VehicleServiceManagement/Controllers/CategoryController.cs:line 28

2025-06-24 13:45:49Z [ERROR] Error Adding Category
System.Exception: Category with the same name already exists.
   at VSM.Services.CategoryService.AddCategory(String name, Single amt) in /Users/presidio/Desktop/Genspark/MiniProject/VehicleServiceManagement/Services/CategoryService.cs:line 23
   at VSM.Controllers.CategoryController.AddCategory(String name, Single amt) in /Users/presidio/Desktop/Genspark/MiniProject/VehicleServiceManagement/Controllers/CategoryController.cs:line 28

2025-06-24 13:47:44Z [ERROR] Error Adding Category
System.Exception: Category with the same name already exists.
   at VSM.Services.CategoryService.AddCategory(String name, Single amt) in /Users/presidio/Desktop/Genspark/MiniProject/VehicleServiceManagement/Services/CategoryService.cs:line 23
   at VSM.Controllers.CategoryController.AddCategory(String name, Single amt) in /Users/presidio/Desktop/Genspark/MiniProject/VehicleServiceManagement/Controllers/CategoryController.cs:line 28

2025-06-24 13:47:50Z [ERROR] Error Adding Category
System.Exception: Category with the same name already exists.
   at VSM.Services.CategoryService.AddCategory(String name, Single amt) in /Users/presidio/Desktop/Genspark/MiniProject/VehicleServiceManagement/Services/CategoryService.cs:line 23
   at VSM.Controllers.CategoryController.AddCategory(String name, Single amt) in /Users/presidio/Desktop/Genspark/MiniProject/VehicleServiceManagement/Controllers/CategoryController.cs:line 28

2025-06-24 13:47:51Z [ERROR] Error Adding Category
System.Exception: Category with the same name already exists.
   at VSM.Services.CategoryService.AddCategory(String name, Single amt) in /Users/presidio/Desktop/Genspark/MiniProject/VehicleServiceManagement/Services/CategoryService.cs:line 23
   at VSM.Controllers.CategoryController.AddCategory(String name, Single amt) in /Users/presidio/Desktop/Genspark/MiniProject/VehicleServiceManagement/Controllers/CategoryController.cs:line 28

2025-06-24 13:47:52Z [ERROR] Error Adding Category
System.Exception: Category with the same name already exists.
   at VSM.Services.CategoryService.AddCategory(String name, Single amt) in /Users/presidio/Desktop/Genspark/MiniProject/VehicleServiceManagement/Services/CategoryService.cs:line 23
   at VSM.Controllers.CategoryController.AddCategory(String name, Single amt) in /Users/presidio/Desktop/Genspark/MiniProject/VehicleServiceManagement/Controllers/CategoryController.cs:line 28

2025-06-24 13:47:52Z [ERROR] Error Adding Category
System.Exception: Category with the same name already exists.
   at VSM.Services.CategoryService.AddCategory(String name, Single amt) in /Users/presidio/Desktop/Genspark/MiniProject/VehicleServiceManagement/Services/CategoryService.cs:line 23
   at VSM.Controllers.CategoryController.AddCategory(String name, Single amt) in /Users/presidio/Desktop/Genspark/MiniProject/VehicleServiceManagement/Controllers/CategoryController.cs:line 28

2025-06-24 13:47:53Z [ERROR] Error Adding Category
System.Exception: Category with the same name already exists.
   at VSM.Services.CategoryService.AddCategory(String name, Single amt) in /Users/presidio/Desktop/Genspark/MiniProject/VehicleServiceManagement/Services/CategoryService.cs:line 23
   at VSM.Controllers.CategoryController.AddCategory(String name, Single amt) in /Users/presidio/Desktop/Genspark/MiniProject/VehicleServiceManagement/Controllers/CategoryController.cs:line 28

2025-06-24 13:47:53Z [ERROR] Error Adding Category
System.Exception: Category with the same name already exists.
   at VSM.Services.CategoryService.AddCategory(String name, Single amt) in /Users/presidio/Desktop/Genspark/MiniProject/VehicleServiceManagement/Services/CategoryService.cs:line 23
   at VSM.Controllers.CategoryController.AddCategory(String name, Single amt) in /Users/presidio/Desktop/Genspark/MiniProject/VehicleServiceManagement/Controllers/CategoryController.cs:line 28

2025-06-24 13:47:53Z [ERROR] Error Adding Category
System.Exception: Category with the same name already exists.
   at VSM.Services.CategoryService.AddCategory(String name, Single amt) in /Users/presidio/Desktop/Genspark/MiniProject/VehicleServiceManagement/Services/CategoryService.cs:line 23
   at VSM.Controllers.CategoryController.AddCategory(String name, Single amt) in /Users/presidio/Desktop/Genspark/MiniProject/VehicleServiceManagement/Controllers/CategoryController.cs:line 28

2025-06-24 13:47:53Z [ERROR] Error Adding Category
System.Exception: Category with the same name already exists.
   at VSM.Services.CategoryService.AddCategory(String name, Single amt) in /Users/presidio/Desktop/Genspark/MiniProject/VehicleServiceManagement/Services/CategoryService.cs:line 23
   at VSM.Controllers.CategoryController.AddCategory(String name, Single amt) in /Users/presidio/Desktop/Genspark/MiniProject/VehicleServiceManagement/Controllers/CategoryController.cs:line 28

2025-06-24 13:47:54Z [ERROR] Error Adding Category
System.Exception: Category with the same name already exists.
   at VSM.Services.CategoryService.AddCategory(String name, Single amt) in /Users/presidio/Desktop/Genspark/MiniProject/VehicleServiceManagement/Services/CategoryService.cs:line 23
   at VSM.Controllers.CategoryController.AddCategory(String name, Single amt) in /Users/presidio/Desktop/Genspark/MiniProject/VehicleServiceManagement/Controllers/CategoryController.cs:line 28

2025-06-24 13:48:18Z [ERROR] Error Adding Category
System.Exception: Category with the same name already exists.
   at VSM.Services.CategoryService.AddCategory(String name, Single amt) in /Users/presidio/Desktop/Genspark/MiniProject/VehicleServiceManagement/Services/CategoryService.cs:line 23
   at VSM.Controllers.CategoryController.AddCategory(String name, Single amt) in /Users/presidio/Desktop/Genspark/MiniProject/VehicleServiceManagement/Controllers/CategoryController.cs:line 28

2025-06-24 13:48:23Z [ERROR] Error Adding Category
System.Exception: Category with the same name already exists.
   at VSM.Services.CategoryService.AddCategory(String name, Single amt) in /Users/presidio/Desktop/Genspark/MiniProject/VehicleServiceManagement/Services/CategoryService.cs:line 23
   at VSM.Controllers.CategoryController.AddCategory(String name, Single amt) in /Users/presidio/Desktop/Genspark/MiniProject/VehicleServiceManagement/Controllers/CategoryController.cs:line 28

2025-06-24 13:48:26Z [ERROR] Error Adding Category
System.Exception: Category with the same name already exists.
   at VSM.Services.CategoryService.AddCategory(String name, Single amt) in /Users/presidio/Desktop/Genspark/MiniProject/VehicleServiceManagement/Services/CategoryService.cs:line 23
   at VSM.Controllers.CategoryController.AddCategory(String name, Single amt) in /Users/presidio/Desktop/Genspark/MiniProject/VehicleServiceManagement/Controllers/CategoryController.cs:line 28

2025-06-24 13:49:56Z [ERROR] Error Adding Category
System.Exception: Category with the same name already exists.
   at VSM.Services.CategoryService.AddCategory(String name, Single amt) in /Users/presidio/Desktop/Genspark/MiniProject/VehicleServiceManagement/Services/CategoryService.cs:line 23
   at VSM.Controllers.CategoryController.AddCategory(String name, Single amt) in /Users/presidio/Desktop/Genspark/MiniProject/VehicleServiceManagement/Controllers/CategoryController.cs:line 28

2025-06-24 13:49:59Z [ERROR] Error Adding Category
System.Exception: Category with the same name already exists.
   at VSM.Services.CategoryService.AddCategory(String name, Single amt) in /Users/presidio/Desktop/Genspark/MiniProject/VehicleServiceManagement/Services/CategoryService.cs:line 23
   at VSM.Controllers.CategoryController.AddCategory(String name, Single amt) in /Users/presidio/Desktop/Genspark/MiniProject/VehicleServiceManagement/Controllers/CategoryController.cs:line 28

2025-06-24 13:50:01Z [ERROR] Error Adding Category
System.Exception: Category with the same name already exists.
   at VSM.Services.CategoryService.AddCategory(String name, Single amt) in /Users/presidio/Desktop/Genspark/MiniProject/VehicleServiceManagement/Services/CategoryService.cs:line 23
   at VSM.Controllers.CategoryController.AddCategory(String name, Single amt) in /Users/presidio/Desktop/Genspark/MiniProject/VehicleServiceManagement/Controllers/CategoryController.cs:line 28

2025-06-24 13:50:04Z [ERROR] Error Adding Category
System.Exception: Category with the same name already exists.
   at VSM.Services.CategoryService.AddCategory(String name, Single amt) in /Users/presidio/Desktop/Genspark/MiniProject/VehicleServiceManagement/Services/CategoryService.cs:line 23
   at VSM.Controllers.CategoryController.AddCategory(String name, Single amt) in /Users/presidio/Desktop/Genspark/MiniProject/VehicleServiceManagement/Controllers/CategoryController.cs:line 28

2025-06-24 13:50:47Z [ERROR] Error Adding Category
System.Exception: Category with the same name already exists.
   at VSM.Services.CategoryService.AddCategory(String name, Single amt) in /Users/presidio/Desktop/Genspark/MiniProject/VehicleServiceManagement/Services/CategoryService.cs:line 23
   at VSM.Controllers.CategoryController.AddCategory(String name, Single amt) in /Users/presidio/Desktop/Genspark/MiniProject/VehicleServiceManagement/Controllers/CategoryController.cs:line 28

2025-06-24 13:50:50Z [ERROR] Error Adding Category
System.Exception: Category with the same name already exists.
   at VSM.Services.CategoryService.AddCategory(String name, Single amt) in /Users/presidio/Desktop/Genspark/MiniProject/VehicleServiceManagement/Services/CategoryService.cs:line 23
   at VSM.Controllers.CategoryController.AddCategory(String name, Single amt) in /Users/presidio/Desktop/Genspark/MiniProject/VehicleServiceManagement/Controllers/CategoryController.cs:line 28

2025-06-24 13:50:51Z [ERROR] Error Adding Category
System.Exception: Category with the same name already exists.
   at VSM.Services.CategoryService.AddCategory(String name, Single amt) in /Users/presidio/Desktop/Genspark/MiniProject/VehicleServiceManagement/Services/CategoryService.cs:line 23
   at VSM.Controllers.CategoryController.AddCategory(String name, Single amt) in /Users/presidio/Desktop/Genspark/MiniProject/VehicleServiceManagement/Controllers/CategoryController.cs:line 28

2025-06-24 13:50:52Z [ERROR] Error Adding Category
System.Exception: Category with the same name already exists.
   at VSM.Services.CategoryService.AddCategory(String name, Single amt) in /Users/presidio/Desktop/Genspark/MiniProject/VehicleServiceManagement/Services/CategoryService.cs:line 23
   at VSM.Controllers.CategoryController.AddCategory(String name, Single amt) in /Users/presidio/Desktop/Genspark/MiniProject/VehicleServiceManagement/Controllers/CategoryController.cs:line 28

2025-06-24 13:50:52Z [ERROR] Error Adding Category
System.Exception: Category with the same name already exists.
   at VSM.Services.CategoryService.AddCategory(String name, Single amt) in /Users/presidio/Desktop/Genspark/MiniProject/VehicleServiceManagement/Services/CategoryService.cs:line 23
   at VSM.Controllers.CategoryController.AddCategory(String name, Single amt) in /Users/presidio/Desktop/Genspark/MiniProject/VehicleServiceManagement/Controllers/CategoryController.cs:line 28

2025-06-24 13:50:52Z [ERROR] Error Adding Category
System.Exception: Category with the same name already exists.
   at VSM.Services.CategoryService.AddCategory(String name, Single amt) in /Users/presidio/Desktop/Genspark/MiniProject/VehicleServiceManagement/Services/CategoryService.cs:line 23
   at VSM.Controllers.CategoryController.AddCategory(String name, Single amt) in /Users/presidio/Desktop/Genspark/MiniProject/VehicleServiceManagement/Controllers/CategoryController.cs:line 28

2025-06-24 13:50:52Z [ERROR] Error Adding Category
System.Exception: Category with the same name already exists.
   at VSM.Services.CategoryService.AddCategory(String name, Single amt) in /Users/presidio/Desktop/Genspark/MiniProject/VehicleServiceManagement/Services/CategoryService.cs:line 23
   at VSM.Controllers.CategoryController.AddCategory(String name, Single amt) in /Users/presidio/Desktop/Genspark/MiniProject/VehicleServiceManagement/Controllers/CategoryController.cs:line 28

2025-06-24 13:50:52Z [ERROR] Error Adding Category
System.Exception: Category with the same name already exists.
   at VSM.Services.CategoryService.AddCategory(String name, Single amt) in /Users/presidio/Desktop/Genspark/MiniProject/VehicleServiceManagement/Services/CategoryService.cs:line 23
   at VSM.Controllers.CategoryController.AddCategory(String name, Single amt) in /Users/presidio/Desktop/Genspark/MiniProject/VehicleServiceManagement/Controllers/CategoryController.cs:line 28

2025-06-24 13:50:53Z [ERROR] Error Adding Category
System.Exception: Category with the same name already exists.
   at VSM.Services.CategoryService.AddCategory(String name, Single amt) in /Users/presidio/Desktop/Genspark/MiniProject/VehicleServiceManagement/Services/CategoryService.cs:line 23
   at VSM.Controllers.CategoryController.AddCategory(String name, Single amt) in /Users/presidio/Desktop/Genspark/MiniProject/VehicleServiceManagement/Controllers/CategoryController.cs:line 28

2025-06-24 13:50:53Z [ERROR] Error Adding Category
System.Exception: Category with the same name already exists.
   at VSM.Services.CategoryService.AddCategory(String name, Single amt) in /Users/presidio/Desktop/Genspark/MiniProject/VehicleServiceManagement/Services/CategoryService.cs:line 23
   at VSM.Controllers.CategoryController.AddCategory(String name, Single amt) in /Users/presidio/Desktop/Genspark/MiniProject/VehicleServiceManagement/Controllers/CategoryController.cs:line 28

2025-06-24 13:50:53Z [ERROR] Error Adding Category
System.Exception: Category with the same name already exists.
   at VSM.Services.CategoryService.AddCategory(String name, Single amt) in /Users/presidio/Desktop/Genspark/MiniProject/VehicleServiceManagement/Services/CategoryService.cs:line 23
   at VSM.Controllers.CategoryController.AddCategory(String name, Single amt) in /Users/presidio/Desktop/Genspark/MiniProject/VehicleServiceManagement/Controllers/CategoryController.cs:line 28

2025-06-24 13:50:53Z [ERROR] Error Adding Category
System.Exception: Category with the same name already exists.
   at VSM.Services.CategoryService.AddCategory(String name, Single amt) in /Users/presidio/Desktop/Genspark/MiniProject/VehicleServiceManagement/Services/CategoryService.cs:line 23
   at VSM.Controllers.CategoryController.AddCategory(String name, Single amt) in /Users/presidio/Desktop/Genspark/MiniProject/VehicleServiceManagement/Controllers/CategoryController.cs:line 28

2025-06-24 13:50:53Z [ERROR] Error Adding Category
System.Exception: Category with the same name already exists.
   at VSM.Services.CategoryService.AddCategory(String name, Single amt) in /Users/presidio/Desktop/Genspark/MiniProject/VehicleServiceManagement/Services/CategoryService.cs:line 23
   at VSM.Controllers.CategoryController.AddCategory(String name, Single amt) in /Users/presidio/Desktop/Genspark/MiniProject/VehicleServiceManagement/Controllers/CategoryController.cs:line 28

2025-06-24 13:50:54Z [ERROR] Error Adding Category
System.Exception: Category with the same name already exists.
   at VSM.Services.CategoryService.AddCategory(String name, Single amt) in /Users/presidio/Desktop/Genspark/MiniProject/VehicleServiceManagement/Services/CategoryService.cs:line 23
   at VSM.Controllers.CategoryController.AddCategory(String name, Single amt) in /Users/presidio/Desktop/Genspark/MiniProject/VehicleServiceManagement/Controllers/CategoryController.cs:line 28

2025-06-24 13:50:54Z [ERROR] Error Adding Category
System.Exception: Category with the same name already exists.
   at VSM.Services.CategoryService.AddCategory(String name, Single amt) in /Users/presidio/Desktop/Genspark/MiniProject/VehicleServiceManagement/Services/CategoryService.cs:line 23
   at VSM.Controllers.CategoryController.AddCategory(String name, Single amt) in /Users/presidio/Desktop/Genspark/MiniProject/VehicleServiceManagement/Controllers/CategoryController.cs:line 28

2025-06-24 13:50:54Z [ERROR] Error Adding Category
System.Exception: Category with the same name already exists.
   at VSM.Services.CategoryService.AddCategory(String name, Single amt) in /Users/presidio/Desktop/Genspark/MiniProject/VehicleServiceManagement/Services/CategoryService.cs:line 23
   at VSM.Controllers.CategoryController.AddCategory(String name, Single amt) in /Users/presidio/Desktop/Genspark/MiniProject/VehicleServiceManagement/Controllers/CategoryController.cs:line 28

2025-06-24 13:50:54Z [ERROR] Error Adding Category
System.Exception: Category with the same name already exists.
   at VSM.Services.CategoryService.AddCategory(String name, Single amt) in /Users/presidio/Desktop/Genspark/MiniProject/VehicleServiceManagement/Services/CategoryService.cs:line 23
   at VSM.Controllers.CategoryController.AddCategory(String name, Single amt) in /Users/presidio/Desktop/Genspark/MiniProject/VehicleServiceManagement/Controllers/CategoryController.cs:line 28

2025-06-24 13:50:58Z [ERROR] Error Adding Category
System.Exception: Category with the same name already exists.
   at VSM.Services.CategoryService.AddCategory(String name, Single amt) in /Users/presidio/Desktop/Genspark/MiniProject/VehicleServiceManagement/Services/CategoryService.cs:line 23
   at VSM.Controllers.CategoryController.AddCategory(String name, Single amt) in /Users/presidio/Desktop/Genspark/MiniProject/VehicleServiceManagement/Controllers/CategoryController.cs:line 28

2025-06-24 13:51:08Z [ERROR] Error Adding Category
System.Exception: Category with the same name already exists.
   at VSM.Services.CategoryService.AddCategory(String name, Single amt) in /Users/presidio/Desktop/Genspark/MiniProject/VehicleServiceManagement/Services/CategoryService.cs:line 23
   at VSM.Controllers.CategoryController.AddCategory(String name, Single amt) in /Users/presidio/Desktop/Genspark/MiniProject/VehicleServiceManagement/Controllers/CategoryController.cs:line 28

2025-06-24 13:52:33Z [ERROR] Error Adding Category
System.Exception: Category with the same name already exists.
   at VSM.Services.CategoryService.AddCategory(String name, Single amt) in /Users/presidio/Desktop/Genspark/MiniProject/VehicleServiceManagement/Services/CategoryService.cs:line 23
   at VSM.Controllers.CategoryController.AddCategory(String name, Single amt) in /Users/presidio/Desktop/Genspark/MiniProject/VehicleServiceManagement/Controllers/CategoryController.cs:line 28

2025-06-24 13:52:40Z [ERROR] Error Adding Category
System.Exception: Category with the same name already exists.
   at VSM.Services.CategoryService.AddCategory(String name, Single amt) in /Users/presidio/Desktop/Genspark/MiniProject/VehicleServiceManagement/Services/CategoryService.cs:line 23
   at VSM.Controllers.CategoryController.AddCategory(String name, Single amt) in /Users/presidio/Desktop/Genspark/MiniProject/VehicleServiceManagement/Controllers/CategoryController.cs:line 28

2025-06-24 13:52:42Z [ERROR] Error Adding Category
System.Exception: Category with the same name already exists.
   at VSM.Services.CategoryService.AddCategory(String name, Single amt) in /Users/presidio/Desktop/Genspark/MiniProject/VehicleServiceManagement/Services/CategoryService.cs:line 23
   at VSM.Controllers.CategoryController.AddCategory(String name, Single amt) in /Users/presidio/Desktop/Genspark/MiniProject/VehicleServiceManagement/Controllers/CategoryController.cs:line 28

2025-06-24 13:52:43Z [ERROR] Error Adding Category
System.Exception: Category with the same name already exists.
   at VSM.Services.CategoryService.AddCategory(String name, Single amt) in /Users/presidio/Desktop/Genspark/MiniProject/VehicleServiceManagement/Services/CategoryService.cs:line 23
   at VSM.Controllers.CategoryController.AddCategory(String name, Single amt) in /Users/presidio/Desktop/Genspark/MiniProject/VehicleServiceManagement/Controllers/CategoryController.cs:line 28

2025-06-24 13:53:53Z [ERROR] Error Adding Category
System.Exception: Category with the same name already exists.
   at VSM.Services.CategoryService.AddCategory(String name, Single amt) in /Users/presidio/Desktop/Genspark/MiniProject/VehicleServiceManagement/Services/CategoryService.cs:line 23
   at VSM.Controllers.CategoryController.AddCategory(String name, Single amt) in /Users/presidio/Desktop/Genspark/MiniProject/VehicleServiceManagement/Controllers/CategoryController.cs:line 28

2025-06-24 13:53:56Z [ERROR] Error Adding Category
System.Exception: Category with the same name already exists.
   at VSM.Services.CategoryService.AddCategory(String name, Single amt) in /Users/presidio/Desktop/Genspark/MiniProject/VehicleServiceManagement/Services/CategoryService.cs:line 23
   at VSM.Controllers.CategoryController.AddCategory(String name, Single amt) in /Users/presidio/Desktop/Genspark/MiniProject/VehicleServiceManagement/Controllers/CategoryController.cs:line 28

2025-06-24 13:53:58Z [ERROR] Error Adding Category
System.Exception: Category with the same name already exists.
   at VSM.Services.CategoryService.AddCategory(String name, Single amt) in /Users/presidio/Desktop/Genspark/MiniProject/VehicleServiceManagement/Services/CategoryService.cs:line 23
   at VSM.Controllers.CategoryController.AddCategory(String name, Single amt) in /Users/presidio/Desktop/Genspark/MiniProject/VehicleServiceManagement/Controllers/CategoryController.cs:line 28

2025-06-24 13:54:11Z [ERROR] Error Adding Category
System.Exception: Category with the same name already exists.
   at VSM.Services.CategoryService.AddCategory(String name, Single amt) in /Users/presidio/Desktop/Genspark/MiniProject/VehicleServiceManagement/Services/CategoryService.cs:line 23
   at VSM.Controllers.CategoryController.AddCategory(String name, Single amt) in /Users/presidio/Desktop/Genspark/MiniProject/VehicleServiceManagement/Controllers/CategoryController.cs:line 28

2025-06-24 13:55:19Z [ERROR] Error Adding Category
System.Exception: Category with the same name already exists.
   at VSM.Services.CategoryService.AddCategory(String name, Single amt) in /Users/presidio/Desktop/Genspark/MiniProject/VehicleServiceManagement/Services/CategoryService.cs:line 23
   at VSM.Controllers.CategoryController.AddCategory(String name, Single amt) in /Users/presidio/Desktop/Genspark/MiniProject/VehicleServiceManagement/Controllers/CategoryController.cs:line 28

2025-06-24 13:55:22Z [ERROR] Error Adding Category
System.Exception: Category with the same name already exists.
   at VSM.Services.CategoryService.AddCategory(String name, Single amt) in /Users/presidio/Desktop/Genspark/MiniProject/VehicleServiceManagement/Services/CategoryService.cs:line 23
   at VSM.Controllers.CategoryController.AddCategory(String name, Single amt) in /Users/presidio/Desktop/Genspark/MiniProject/VehicleServiceManagement/Controllers/CategoryController.cs:line 28

2025-06-24 13:55:25Z [ERROR] Error Adding Category
System.Exception: Category with the same name already exists.
   at VSM.Services.CategoryService.AddCategory(String name, Single amt) in /Users/presidio/Desktop/Genspark/MiniProject/VehicleServiceManagement/Services/CategoryService.cs:line 23
   at VSM.Controllers.CategoryController.AddCategory(String name, Single amt) in /Users/presidio/Desktop/Genspark/MiniProject/VehicleServiceManagement/Controllers/CategoryController.cs:line 28

2025-06-24 13:55:25Z [ERROR] Error Adding Category
System.Exception: Category with the same name already exists.
   at VSM.Services.CategoryService.AddCategory(String name, Single amt) in /Users/presidio/Desktop/Genspark/MiniProject/VehicleServiceManagement/Services/CategoryService.cs:line 23
   at VSM.Controllers.CategoryController.AddCategory(String name, Single amt) in /Users/presidio/Desktop/Genspark/MiniProject/VehicleServiceManagement/Controllers/CategoryController.cs:line 28

2025-06-24 13:56:25Z [ERROR] Error Adding Category
System.Exception: Category with the same name already exists.
   at VSM.Services.CategoryService.AddCategory(String name, Single amt) in /Users/presidio/Desktop/Genspark/MiniProject/VehicleServiceManagement/Services/CategoryService.cs:line 23
   at VSM.Controllers.CategoryController.AddCategory(String name, Single amt) in /Users/presidio/Desktop/Genspark/MiniProject/VehicleServiceManagement/Controllers/CategoryController.cs:line 28

2025-06-24 13:56:27Z [ERROR] Error Adding Category
System.Exception: Category with the same name already exists.
   at VSM.Services.CategoryService.AddCategory(String name, Single amt) in /Users/presidio/Desktop/Genspark/MiniProject/VehicleServiceManagement/Services/CategoryService.cs:line 23
   at VSM.Controllers.CategoryController.AddCategory(String name, Single amt) in /Users/presidio/Desktop/Genspark/MiniProject/VehicleServiceManagement/Controllers/CategoryController.cs:line 28

2025-06-24 13:56:30Z [ERROR] Error Adding Category
System.Exception: Category with the same name already exists.
   at VSM.Services.CategoryService.AddCategory(String name, Single amt) in /Users/presidio/Desktop/Genspark/MiniProject/VehicleServiceManagement/Services/CategoryService.cs:line 23
   at VSM.Controllers.CategoryController.AddCategory(String name, Single amt) in /Users/presidio/Desktop/Genspark/MiniProject/VehicleServiceManagement/Controllers/CategoryController.cs:line 28

2025-06-24 13:57:04Z [ERROR] Error Adding Category
System.Exception: Category with the same name already exists.
   at VSM.Services.CategoryService.AddCategory(String name, Single amt) in /Users/presidio/Desktop/Genspark/MiniProject/VehicleServiceManagement/Services/CategoryService.cs:line 23
   at VSM.Controllers.CategoryController.AddCategory(String name, Single amt) in /Users/presidio/Desktop/Genspark/MiniProject/VehicleServiceManagement/Controllers/CategoryController.cs:line 28

2025-06-24 13:57:08Z [ERROR] Error Adding Category
System.Exception: Category with the same name already exists.
   at VSM.Services.CategoryService.AddCategory(String name, Single amt) in /Users/presidio/Desktop/Genspark/MiniProject/VehicleServiceManagement/Services/CategoryService.cs:line 23
   at VSM.Controllers.CategoryController.AddCategory(String name, Single amt) in /Users/presidio/Desktop/Genspark/MiniProject/VehicleServiceManagement/Controllers/CategoryController.cs:line 28

2025-06-24 13:57:10Z [ERROR] Error Adding Category
System.Exception: Category with the same name already exists.
   at VSM.Services.CategoryService.AddCategory(String name, Single amt) in /Users/presidio/Desktop/Genspark/MiniProject/VehicleServiceManagement/Services/CategoryService.cs:line 23
   at VSM.Controllers.CategoryController.AddCategory(String name, Single amt) in /Users/presidio/Desktop/Genspark/MiniProject/VehicleServiceManagement/Controllers/CategoryController.cs:line 28

2025-06-24 13:57:12Z [ERROR] Error Adding Category
System.Exception: Category with the same name already exists.
   at VSM.Services.CategoryService.AddCategory(String name, Single amt) in /Users/presidio/Desktop/Genspark/MiniProject/VehicleServiceManagement/Services/CategoryService.cs:line 23
   at VSM.Controllers.CategoryController.AddCategory(String name, Single amt) in /Users/presidio/Desktop/Genspark/MiniProject/VehicleServiceManagement/Controllers/CategoryController.cs:line 28

2025-06-24 13:57:13Z [ERROR] Error Adding Category
System.Exception: Category with the same name already exists.
   at VSM.Services.CategoryService.AddCategory(String name, Single amt) in /Users/presidio/Desktop/Genspark/MiniProject/VehicleServiceManagement/Services/CategoryService.cs:line 23
   at VSM.Controllers.CategoryController.AddCategory(String name, Single amt) in /Users/presidio/Desktop/Genspark/MiniProject/VehicleServiceManagement/Controllers/CategoryController.cs:line 28

2025-06-24 13:57:13Z [ERROR] Error Adding Category
System.Exception: Category with the same name already exists.
   at VSM.Services.CategoryService.AddCategory(String name, Single amt) in /Users/presidio/Desktop/Genspark/MiniProject/VehicleServiceManagement/Services/CategoryService.cs:line 23
   at VSM.Controllers.CategoryController.AddCategory(String name, Single amt) in /Users/presidio/Desktop/Genspark/MiniProject/VehicleServiceManagement/Controllers/CategoryController.cs:line 28

2025-06-24 13:57:13Z [ERROR] Error Adding Category
System.Exception: Category with the same name already exists.
   at VSM.Services.CategoryService.AddCategory(String name, Single amt) in /Users/presidio/Desktop/Genspark/MiniProject/VehicleServiceManagement/Services/CategoryService.cs:line 23
   at VSM.Controllers.CategoryController.AddCategory(String name, Single amt) in /Users/presidio/Desktop/Genspark/MiniProject/VehicleServiceManagement/Controllers/CategoryController.cs:line 28

2025-06-24 13:57:13Z [ERROR] Error Adding Category
System.Exception: Category with the same name already exists.
   at VSM.Services.CategoryService.AddCategory(String name, Single amt) in /Users/presidio/Desktop/Genspark/MiniProject/VehicleServiceManagement/Services/CategoryService.cs:line 23
   at VSM.Controllers.CategoryController.AddCategory(String name, Single amt) in /Users/presidio/Desktop/Genspark/MiniProject/VehicleServiceManagement/Controllers/CategoryController.cs:line 28

2025-06-24 13:57:14Z [ERROR] Error Adding Category
System.Exception: Category with the same name already exists.
   at VSM.Services.CategoryService.AddCategory(String name, Single amt) in /Users/presidio/Desktop/Genspark/MiniProject/VehicleServiceManagement/Services/CategoryService.cs:line 23
   at VSM.Controllers.CategoryController.AddCategory(String name, Single amt) in /Users/presidio/Desktop/Genspark/MiniProject/VehicleServiceManagement/Controllers/CategoryController.cs:line 28

2025-06-24 13:57:17Z [ERROR] Error Adding Category
System.Exception: Category with the same name already exists.
   at VSM.Services.CategoryService.AddCategory(String name, Single amt) in /Users/presidio/Desktop/Genspark/MiniProject/VehicleServiceManagement/Services/CategoryService.cs:line 23
   at VSM.Controllers.CategoryController.AddCategory(String name, Single amt) in /Users/presidio/Desktop/Genspark/MiniProject/VehicleServiceManagement/Controllers/CategoryController.cs:line 28

2025-06-24 20:41:30Z [ERROR] Error Deleting Category
System.Exception: Category not found
   at VSM.Services.CategoryService.DeleteCategory(Guid id) in /Users/presidio/Desktop/Genspark/MiniProject/VehicleServiceManagement/Services/CategoryService.cs:line 49
   at VSM.Controllers.CategoryController.DeleteCategory(Guid id) in /Users/presidio/Desktop/Genspark/MiniProject/VehicleServiceManagement/Controllers/CategoryController.cs:line 44

2025-06-24 20:43:19Z [ERROR] Error Deleting Category
System.Exception: Category not found
   at VSM.Services.CategoryService.DeleteCategory(Guid id) in /Users/presidio/Desktop/Genspark/MiniProject/VehicleServiceManagement/Services/CategoryService.cs:line 49
   at VSM.Controllers.CategoryController.DeleteCategory(Guid id) in /Users/presidio/Desktop/Genspark/MiniProject/VehicleServiceManagement/Controllers/CategoryController.cs:line 44

2025-06-24 20:43:21Z [ERROR] Error Deleting Category
System.Exception: Category not found
   at VSM.Services.CategoryService.DeleteCategory(Guid id) in /Users/presidio/Desktop/Genspark/MiniProject/VehicleServiceManagement/Services/CategoryService.cs:line 49
   at VSM.Controllers.CategoryController.DeleteCategory(Guid id) in /Users/presidio/Desktop/Genspark/MiniProject/VehicleServiceManagement/Controllers/CategoryController.cs:line 44

2025-06-24 20:43:24Z [ERROR] Error Deleting Category
System.Exception: Category not found
   at VSM.Services.CategoryService.DeleteCategory(Guid id) in /Users/presidio/Desktop/Genspark/MiniProject/VehicleServiceManagement/Services/CategoryService.cs:line 49
   at VSM.Controllers.CategoryController.DeleteCategory(Guid id) in /Users/presidio/Desktop/Genspark/MiniProject/VehicleServiceManagement/Controllers/CategoryController.cs:line 44

2025-06-24 20:43:25Z [ERROR] Error Deleting Category
System.Exception: Category not found
   at VSM.Services.CategoryService.DeleteCategory(Guid id) in /Users/presidio/Desktop/Genspark/MiniProject/VehicleServiceManagement/Services/CategoryService.cs:line 49
   at VSM.Controllers.CategoryController.DeleteCategory(Guid id) in /Users/presidio/Desktop/Genspark/MiniProject/VehicleServiceManagement/Controllers/CategoryController.cs:line 44

2025-06-24 20:43:28Z [ERROR] Error Deleting Category
System.Exception: category Not Found
   at VSM.Repositories.ServiceCategoriesRepository.Get(Guid key) in /Users/presidio/Desktop/Genspark/MiniProject/VehicleServiceManagement/Repositories/ServiceCategoryRepository.cs:line 15
   at VSM.Services.CategoryService.UpdateCategory(Guid id, Single amt) in /Users/presidio/Desktop/Genspark/MiniProject/VehicleServiceManagement/Services/CategoryService.cs:line 38
   at VSM.Controllers.CategoryController.UpdateCategory(Guid id, Single Amount) in /Users/presidio/Desktop/Genspark/MiniProject/VehicleServiceManagement/Controllers/CategoryController.cs:line 60

2025-06-24 20:43:30Z [ERROR] Error Deleting Category
System.Exception: category Not Found
   at VSM.Repositories.ServiceCategoriesRepository.Get(Guid key) in /Users/presidio/Desktop/Genspark/MiniProject/VehicleServiceManagement/Repositories/ServiceCategoryRepository.cs:line 15
   at VSM.Services.CategoryService.UpdateCategory(Guid id, Single amt) in /Users/presidio/Desktop/Genspark/MiniProject/VehicleServiceManagement/Services/CategoryService.cs:line 38
   at VSM.Controllers.CategoryController.UpdateCategory(Guid id, Single Amount) in /Users/presidio/Desktop/Genspark/MiniProject/VehicleServiceManagement/Controllers/CategoryController.cs:line 60

2025-06-24 20:44:44Z [ERROR] Error Getting All Bookings
System.Exception: Category not found
   at VSM.Services.CategoryService.GetAllCategory() in /Users/presidio/Desktop/Genspark/MiniProject/VehicleServiceManagement/Services/CategoryService.cs:line 33
   at VSM.Controllers.CategoryController.GetAll() in /Users/presidio/Desktop/Genspark/MiniProject/VehicleServiceManagement/Controllers/CategoryController.cs:line 76

2025-06-24 20:44:53Z [ERROR] Error Getting All Bookings
System.Exception: Category not found
   at VSM.Services.CategoryService.GetAllCategory() in /Users/presidio/Desktop/Genspark/MiniProject/VehicleServiceManagement/Services/CategoryService.cs:line 33
   at VSM.Controllers.CategoryController.GetAll() in /Users/presidio/Desktop/Genspark/MiniProject/VehicleServiceManagement/Controllers/CategoryController.cs:line 76

2025-06-24 20:45:11Z [ERROR] Error Deleting Category
System.Exception: Category not found
   at VSM.Services.CategoryService.DeleteCategory(Guid id) in /Users/presidio/Desktop/Genspark/MiniProject/VehicleServiceManagement/Services/CategoryService.cs:line 49
   at VSM.Controllers.CategoryController.DeleteCategory(Guid id) in /Users/presidio/Desktop/Genspark/MiniProject/VehicleServiceManagement/Controllers/CategoryController.cs:line 44

2025-06-24 20:45:20Z [ERROR] Error Getting All Bookings
System.Exception: Category not found
   at VSM.Services.CategoryService.GetAllCategory() in /Users/presidio/Desktop/Genspark/MiniProject/VehicleServiceManagement/Services/CategoryService.cs:line 33
   at VSM.Controllers.CategoryController.GetAll() in /Users/presidio/Desktop/Genspark/MiniProject/VehicleServiceManagement/Controllers/CategoryController.cs:line 76

2025-06-24 20:45:26Z [ERROR] Error Getting All Bookings
System.Exception: Category not found
   at VSM.Services.CategoryService.GetAllCategory() in /Users/presidio/Desktop/Genspark/MiniProject/VehicleServiceManagement/Services/CategoryService.cs:line 33
   at VSM.Controllers.CategoryController.GetAll() in /Users/presidio/Desktop/Genspark/MiniProject/VehicleServiceManagement/Controllers/CategoryController.cs:line 76

2025-06-24 20:45:55Z [ERROR] Error Getting All Bookings
System.Exception: Category not found
   at VSM.Services.CategoryService.GetAllCategory() in /Users/presidio/Desktop/Genspark/MiniProject/VehicleServiceManagement/Services/CategoryService.cs:line 33
   at VSM.Controllers.CategoryController.GetAll() in /Users/presidio/Desktop/Genspark/MiniProject/VehicleServiceManagement/Controllers/CategoryController.cs:line 76

2025-06-24 20:46:02Z [ERROR] Error Getting All Bookings
System.Exception: Category not found
   at VSM.Services.CategoryService.GetAllCategory() in /Users/presidio/Desktop/Genspark/MiniProject/VehicleServiceManagement/Services/CategoryService.cs:line 33
   at VSM.Controllers.CategoryController.GetAll() in /Users/presidio/Desktop/Genspark/MiniProject/VehicleServiceManagement/Controllers/CategoryController.cs:line 76

2025-06-24 20:46:03Z [ERROR] Error Getting All Bookings
System.Exception: Category not found
   at VSM.Services.CategoryService.GetAllCategory() in /Users/presidio/Desktop/Genspark/MiniProject/VehicleServiceManagement/Services/CategoryService.cs:line 33
   at VSM.Controllers.CategoryController.GetAll() in /Users/presidio/Desktop/Genspark/MiniProject/VehicleServiceManagement/Controllers/CategoryController.cs:line 76

2025-06-24 20:46:07Z [ERROR] Error Getting All Bookings
System.Exception: Category not found
   at VSM.Services.CategoryService.GetAllCategory() in /Users/presidio/Desktop/Genspark/MiniProject/VehicleServiceManagement/Services/CategoryService.cs:line 33
   at VSM.Controllers.CategoryController.GetAll() in /Users/presidio/Desktop/Genspark/MiniProject/VehicleServiceManagement/Controllers/CategoryController.cs:line 76

2025-06-24 20:46:12Z [ERROR] Error Getting All Bookings
System.Exception: Category not found
   at VSM.Services.CategoryService.GetAllCategory() in /Users/presidio/Desktop/Genspark/MiniProject/VehicleServiceManagement/Services/CategoryService.cs:line 33
   at VSM.Controllers.CategoryController.GetAll() in /Users/presidio/Desktop/Genspark/MiniProject/VehicleServiceManagement/Controllers/CategoryController.cs:line 76

2025-06-24 20:46:36Z [ERROR] Error Getting All Bookings
System.Exception: Category not found
   at VSM.Services.CategoryService.GetAllCategory() in /Users/presidio/Desktop/Genspark/MiniProject/VehicleServiceManagement/Services/CategoryService.cs:line 33
   at VSM.Controllers.CategoryController.GetAll() in /Users/presidio/Desktop/Genspark/MiniProject/VehicleServiceManagement/Controllers/CategoryController.cs:line 76

2025-06-24 20:46:40Z [ERROR] Error Getting All Bookings
System.Exception: Category not found
   at VSM.Services.CategoryService.GetAllCategory() in /Users/presidio/Desktop/Genspark/MiniProject/VehicleServiceManagement/Services/CategoryService.cs:line 33
   at VSM.Controllers.CategoryController.GetAll() in /Users/presidio/Desktop/Genspark/MiniProject/VehicleServiceManagement/Controllers/CategoryController.cs:line 76

2025-06-24 20:47:23Z [ERROR] Error Getting All Bookings
System.Exception: Category not found
   at VSM.Services.CategoryService.GetAllCategory() in /Users/presidio/Desktop/Genspark/MiniProject/VehicleServiceManagement/Services/CategoryService.cs:line 33
   at VSM.Controllers.CategoryController.GetAll() in /Users/presidio/Desktop/Genspark/MiniProject/VehicleServiceManagement/Controllers/CategoryController.cs:line 76

2025-06-24 20:47:43Z [ERROR] Error Getting All Bookings
System.Exception: Category not found
   at VSM.Services.CategoryService.GetAllCategory() in /Users/presidio/Desktop/Genspark/MiniProject/VehicleServiceManagement/Services/CategoryService.cs:line 33
   at VSM.Controllers.CategoryController.GetAll() in /Users/presidio/Desktop/Genspark/MiniProject/VehicleServiceManagement/Controllers/CategoryController.cs:line 76

2025-06-24 20:48:16Z [ERROR] Error Getting All Bookings
System.Exception: Category not found
   at VSM.Services.CategoryService.GetAllCategory() in /Users/presidio/Desktop/Genspark/MiniProject/VehicleServiceManagement/Services/CategoryService.cs:line 33
   at VSM.Controllers.CategoryController.GetAll() in /Users/presidio/Desktop/Genspark/MiniProject/VehicleServiceManagement/Controllers/CategoryController.cs:line 76

2025-06-24 20:48:18Z [ERROR] Error Getting All Bookings
System.Exception: Category not found
   at VSM.Services.CategoryService.GetAllCategory() in /Users/presidio/Desktop/Genspark/MiniProject/VehicleServiceManagement/Services/CategoryService.cs:line 33
   at VSM.Controllers.CategoryController.GetAll() in /Users/presidio/Desktop/Genspark/MiniProject/VehicleServiceManagement/Controllers/CategoryController.cs:line 76

2025-06-24 20:48:29Z [ERROR] Error Getting All Bookings
System.Exception: Category not found
   at VSM.Services.CategoryService.GetAllCategory() in /Users/presidio/Desktop/Genspark/MiniProject/VehicleServiceManagement/Services/CategoryService.cs:line 33
   at VSM.Controllers.CategoryController.GetAll() in /Users/presidio/Desktop/Genspark/MiniProject/VehicleServiceManagement/Controllers/CategoryController.cs:line 76

2025-06-24 20:48:38Z [ERROR] Error Getting All Bookings
System.Exception: Category not found
   at VSM.Services.CategoryService.GetAllCategory() in /Users/presidio/Desktop/Genspark/MiniProject/VehicleServiceManagement/Services/CategoryService.cs:line 33
   at VSM.Controllers.CategoryController.GetAll() in /Users/presidio/Desktop/Genspark/MiniProject/VehicleServiceManagement/Controllers/CategoryController.cs:line 76

2025-06-24 20:48:47Z [ERROR] Error Getting All Bookings
System.Exception: Category not found
   at VSM.Services.CategoryService.GetAllCategory() in /Users/presidio/Desktop/Genspark/MiniProject/VehicleServiceManagement/Services/CategoryService.cs:line 33
   at VSM.Controllers.CategoryController.GetAll() in /Users/presidio/Desktop/Genspark/MiniProject/VehicleServiceManagement/Controllers/CategoryController.cs:line 76

2025-06-24 20:49:08Z [ERROR] Error Deleting Category
System.Exception: Category not found
   at VSM.Services.CategoryService.DeleteCategory(Guid id) in /Users/presidio/Desktop/Genspark/MiniProject/VehicleServiceManagement/Services/CategoryService.cs:line 49
   at VSM.Controllers.CategoryController.DeleteCategory(Guid id) in /Users/presidio/Desktop/Genspark/MiniProject/VehicleServiceManagement/Controllers/CategoryController.cs:line 44

2025-06-24 20:49:09Z [ERROR] Error Deleting Category
System.Exception: Category not found
   at VSM.Services.CategoryService.DeleteCategory(Guid id) in /Users/presidio/Desktop/Genspark/MiniProject/VehicleServiceManagement/Services/CategoryService.cs:line 49
   at VSM.Controllers.CategoryController.DeleteCategory(Guid id) in /Users/presidio/Desktop/Genspark/MiniProject/VehicleServiceManagement/Controllers/CategoryController.cs:line 44

2025-06-24 20:49:10Z [ERROR] Error Deleting Category
System.Exception: Category not found
   at VSM.Services.CategoryService.DeleteCategory(Guid id) in /Users/presidio/Desktop/Genspark/MiniProject/VehicleServiceManagement/Services/CategoryService.cs:line 49
   at VSM.Controllers.CategoryController.DeleteCategory(Guid id) in /Users/presidio/Desktop/Genspark/MiniProject/VehicleServiceManagement/Controllers/CategoryController.cs:line 44

2025-06-24 20:49:11Z [ERROR] Error Deleting Category
System.Exception: Category not found
   at VSM.Services.CategoryService.DeleteCategory(Guid id) in /Users/presidio/Desktop/Genspark/MiniProject/VehicleServiceManagement/Services/CategoryService.cs:line 49
   at VSM.Controllers.CategoryController.DeleteCategory(Guid id) in /Users/presidio/Desktop/Genspark/MiniProject/VehicleServiceManagement/Controllers/CategoryController.cs:line 44

2025-06-24 20:49:12Z [ERROR] Error Deleting Category
System.Exception: Category not found
   at VSM.Services.CategoryService.DeleteCategory(Guid id) in /Users/presidio/Desktop/Genspark/MiniProject/VehicleServiceManagement/Services/CategoryService.cs:line 49
   at VSM.Controllers.CategoryController.DeleteCategory(Guid id) in /Users/presidio/Desktop/Genspark/MiniProject/VehicleServiceManagement/Controllers/CategoryController.cs:line 44

2025-06-24 20:49:14Z [ERROR] Error Getting All Bookings
System.Exception: Category not found
   at VSM.Services.CategoryService.GetAllCategory() in /Users/presidio/Desktop/Genspark/MiniProject/VehicleServiceManagement/Services/CategoryService.cs:line 33
   at VSM.Controllers.CategoryController.GetAll() in /Users/presidio/Desktop/Genspark/MiniProject/VehicleServiceManagement/Controllers/CategoryController.cs:line 76

2025-06-24 20:49:21Z [ERROR] Error Getting All Bookings
System.Exception: Category not found
   at VSM.Services.CategoryService.GetAllCategory() in /Users/presidio/Desktop/Genspark/MiniProject/VehicleServiceManagement/Services/CategoryService.cs:line 33
   at VSM.Controllers.CategoryController.GetAll() in /Users/presidio/Desktop/Genspark/MiniProject/VehicleServiceManagement/Controllers/CategoryController.cs:line 76

2025-06-24 20:53:47Z [ERROR] Error Getting All Bookings
System.Exception: Category not found
   at VSM.Services.CategoryService.GetAllCategory() in /Users/presidio/Desktop/Genspark/MiniProject/VehicleServiceManagement/Services/CategoryService.cs:line 33
   at VSM.Controllers.CategoryController.GetAll() in /Users/presidio/Desktop/Genspark/MiniProject/VehicleServiceManagement/Controllers/CategoryController.cs:line 76

2025-06-24 20:55:39Z [ERROR] Error Getting All Bookings
System.Exception: Category not found
   at VSM.Services.CategoryService.GetAllCategory() in /Users/presidio/Desktop/Genspark/MiniProject/VehicleServiceManagement/Services/CategoryService.cs:line 33
   at VSM.Controllers.CategoryController.GetAll() in /Users/presidio/Desktop/Genspark/MiniProject/VehicleServiceManagement/Controllers/CategoryController.cs:line 76

2025-06-24 20:56:01Z [ERROR] Error Deleting Category
System.Exception: Category not found
   at VSM.Services.CategoryService.DeleteCategory(Guid id) in /Users/presidio/Desktop/Genspark/MiniProject/VehicleServiceManagement/Services/CategoryService.cs:line 49
   at VSM.Controllers.CategoryController.DeleteCategory(Guid id) in /Users/presidio/Desktop/Genspark/MiniProject/VehicleServiceManagement/Controllers/CategoryController.cs:line 44

2025-06-24 20:56:02Z [ERROR] Error Deleting Category
System.Exception: Category not found
   at VSM.Services.CategoryService.DeleteCategory(Guid id) in /Users/presidio/Desktop/Genspark/MiniProject/VehicleServiceManagement/Services/CategoryService.cs:line 49
   at VSM.Controllers.CategoryController.DeleteCategory(Guid id) in /Users/presidio/Desktop/Genspark/MiniProject/VehicleServiceManagement/Controllers/CategoryController.cs:line 44

2025-06-24 20:56:12Z [ERROR] Error Getting All Bookings
System.Exception: Category not found
   at VSM.Services.CategoryService.GetAllCategory() in /Users/presidio/Desktop/Genspark/MiniProject/VehicleServiceManagement/Services/CategoryService.cs:line 33
   at VSM.Controllers.CategoryController.GetAll() in /Users/presidio/Desktop/Genspark/MiniProject/VehicleServiceManagement/Controllers/CategoryController.cs:line 76

2025-06-24 20:56:14Z [ERROR] Error Getting All Bookings
System.Exception: Category not found
   at VSM.Services.CategoryService.GetAllCategory() in /Users/presidio/Desktop/Genspark/MiniProject/VehicleServiceManagement/Services/CategoryService.cs:line 33
   at VSM.Controllers.CategoryController.GetAll() in /Users/presidio/Desktop/Genspark/MiniProject/VehicleServiceManagement/Controllers/CategoryController.cs:line 76

2025-06-24 20:56:36Z [ERROR] Error Deleting Category
System.Exception: category Not Found
   at VSM.Repositories.ServiceCategoriesRepository.Get(Guid key) in /Users/presidio/Desktop/Genspark/MiniProject/VehicleServiceManagement/Repositories/ServiceCategoryRepository.cs:line 15
   at VSM.Services.CategoryService.UpdateCategory(Guid id, Single amt) in /Users/presidio/Desktop/Genspark/MiniProject/VehicleServiceManagement/Services/CategoryService.cs:line 38
   at VSM.Controllers.CategoryController.UpdateCategory(Guid id, Single Amount) in /Users/presidio/Desktop/Genspark/MiniProject/VehicleServiceManagement/Controllers/CategoryController.cs:line 60

2025-06-24 20:56:40Z [ERROR] Error Getting All Bookings
System.Exception: Category not found
   at VSM.Services.CategoryService.GetAllCategory() in /Users/presidio/Desktop/Genspark/MiniProject/VehicleServiceManagement/Services/CategoryService.cs:line 33
   at VSM.Controllers.CategoryController.GetAll() in /Users/presidio/Desktop/Genspark/MiniProject/VehicleServiceManagement/Controllers/CategoryController.cs:line 76

2025-06-24 21:01:26Z [ERROR] Error Deleting Category
System.Exception: Category not found
   at VSM.Services.CategoryService.DeleteCategory(Guid id) in /Users/presidio/Desktop/Genspark/MiniProject/VehicleServiceManagement/Services/CategoryService.cs:line 49
   at VSM.Controllers.CategoryController.DeleteCategory(Guid id) in /Users/presidio/Desktop/Genspark/MiniProject/VehicleServiceManagement/Controllers/CategoryController.cs:line 44

2025-06-24 21:06:36Z [ERROR] Error Deleting Category
System.Exception: Category not found
   at VSM.Services.CategoryService.DeleteCategory(Guid id) in /Users/presidio/Desktop/Genspark/MiniProject/VehicleServiceManagement/Services/CategoryService.cs:line 49
   at VSM.Controllers.CategoryController.DeleteCategory(Guid id) in /Users/presidio/Desktop/Genspark/MiniProject/VehicleServiceManagement/Controllers/CategoryController.cs:line 44

2025-06-24 21:06:39Z [ERROR] Error Deleting Category
System.Exception: Category not found
   at VSM.Services.CategoryService.DeleteCategory(Guid id) in /Users/presidio/Desktop/Genspark/MiniProject/VehicleServiceManagement/Services/CategoryService.cs:line 49
   at VSM.Controllers.CategoryController.DeleteCategory(Guid id) in /Users/presidio/Desktop/Genspark/MiniProject/VehicleServiceManagement/Controllers/CategoryController.cs:line 44

2025-06-24 21:06:41Z [ERROR] Error Getting All Bookings
System.Exception: Category not found
   at VSM.Services.CategoryService.GetAllCategory() in /Users/presidio/Desktop/Genspark/MiniProject/VehicleServiceManagement/Services/CategoryService.cs:line 33
   at VSM.Controllers.CategoryController.GetAll() in /Users/presidio/Desktop/Genspark/MiniProject/VehicleServiceManagement/Controllers/CategoryController.cs:line 76

2025-06-24 21:07:41Z [ERROR] Error Getting All Bookings
System.Exception: Category not found
   at VSM.Services.CategoryService.GetAllCategory() in /Users/presidio/Desktop/Genspark/MiniProject/VehicleServiceManagement/Services/CategoryService.cs:line 33
   at VSM.Controllers.CategoryController.GetAll() in /Users/presidio/Desktop/Genspark/MiniProject/VehicleServiceManagement/Controllers/CategoryController.cs:line 76

2025-06-24 21:07:48Z [ERROR] Error Getting All Bookings
System.Exception: Category not found
   at VSM.Services.CategoryService.GetAllCategory() in /Users/presidio/Desktop/Genspark/MiniProject/VehicleServiceManagement/Services/CategoryService.cs:line 33
   at VSM.Controllers.CategoryController.GetAll() in /Users/presidio/Desktop/Genspark/MiniProject/VehicleServiceManagement/Controllers/CategoryController.cs:line 76

2025-06-24 21:10:28Z [ERROR] Error Getting All Bookings
System.Exception: Category not found
   at VSM.Services.CategoryService.GetAllCategory() in /Users/presidio/Desktop/Genspark/MiniProject/VehicleServiceManagement/Services/CategoryService.cs:line 33
   at VSM.Controllers.CategoryController.GetAll() in /Users/presidio/Desktop/Genspark/MiniProject/VehicleServiceManagement/Controllers/CategoryController.cs:line 76

2025-06-24 21:11:36Z [ERROR] Error Getting All Bookings
System.Exception: Category not found
   at VSM.Services.CategoryService.GetAllCategory() in /Users/presidio/Desktop/Genspark/MiniProject/VehicleServiceManagement/Services/CategoryService.cs:line 33
   at VSM.Controllers.CategoryController.GetAll() in /Users/presidio/Desktop/Genspark/MiniProject/VehicleServiceManagement/Controllers/CategoryController.cs:line 76

2025-06-24 21:16:45Z [ERROR] Error Getting All Bookings
System.Exception: Category not found
   at VSM.Services.CategoryService.GetAllCategory() in /Users/presidio/Desktop/Genspark/MiniProject/VehicleServiceManagement/Services/CategoryService.cs:line 33
   at VSM.Controllers.CategoryController.GetAll() in /Users/presidio/Desktop/Genspark/MiniProject/VehicleServiceManagement/Controllers/CategoryController.cs:line 76

2025-06-24 21:16:49Z [ERROR] Error Getting All Bookings
System.Exception: Category not found
   at VSM.Services.CategoryService.GetAllCategory() in /Users/presidio/Desktop/Genspark/MiniProject/VehicleServiceManagement/Services/CategoryService.cs:line 33
   at VSM.Controllers.CategoryController.GetAll() in /Users/presidio/Desktop/Genspark/MiniProject/VehicleServiceManagement/Controllers/CategoryController.cs:line 76

2025-06-25 22:07:55Z [ERROR] Error Getting All Vehicles
System.Exception: Vehicles not Found
   at VSM.Services.VehicleService.GetAll(Int32 page, Int32 pageSize, String search) in /Users/presidio/Desktop/Genspark/MiniProject/VehicleServiceManagement/Services/VehicleService.cs:line 76
   at VSM.Controllers.VehicleController.GetAll(Int32 page, Int32 pageSize, String search) in /Users/presidio/Desktop/Genspark/MiniProject/VehicleServiceManagement/Controllers/Vehiclecontroller.cs:line 76

2025-06-25 22:09:06Z [ERROR] Error Getting All Vehicles
System.Exception: Vehicles not Found
   at VSM.Services.VehicleService.GetAll(Int32 page, Int32 pageSize, String search) in /Users/presidio/Desktop/Genspark/MiniProject/VehicleServiceManagement/Services/VehicleService.cs:line 76
   at VSM.Controllers.VehicleController.GetAll(Int32 page, Int32 pageSize, String search) in /Users/presidio/Desktop/Genspark/MiniProject/VehicleServiceManagement/Controllers/Vehiclecontroller.cs:line 76

2025-06-25 22:10:09Z [ERROR] Error Getting All Vehicles
System.Exception: Vehicles not Found
   at VSM.Services.VehicleService.GetAll(Int32 page, Int32 pageSize, String search) in /Users/presidio/Desktop/Genspark/MiniProject/VehicleServiceManagement/Services/VehicleService.cs:line 76
   at VSM.Controllers.VehicleController.GetAll(Int32 page, Int32 pageSize, String search) in /Users/presidio/Desktop/Genspark/MiniProject/VehicleServiceManagement/Controllers/Vehiclecontroller.cs:line 76

2025-06-25 22:13:04Z [ERROR] Error Getting All Vehicles
System.Exception: Vehicles not Found
   at VSM.Services.VehicleService.GetAll(Int32 page, Int32 pageSize, String search) in /Users/presidio/Desktop/Genspark/MiniProject/VehicleServiceManagement/Services/VehicleService.cs:line 76
   at VSM.Controllers.VehicleController.GetAll(Int32 page, Int32 pageSize, String search) in /Users/presidio/Desktop/Genspark/MiniProject/VehicleServiceManagement/Controllers/Vehiclecontroller.cs:line 76

2025-06-25 22:14:00Z [ERROR] Error Getting All Vehicles
System.Exception: Vehicles not Found
   at VSM.Services.VehicleService.GetAll(Int32 page, Int32 pageSize, String search) in /Users/presidio/Desktop/Genspark/MiniProject/VehicleServiceManagement/Services/VehicleService.cs:line 76
   at VSM.Controllers.VehicleController.GetAll(Int32 page, Int32 pageSize, String search) in /Users/presidio/Desktop/Genspark/MiniProject/VehicleServiceManagement/Controllers/Vehiclecontroller.cs:line 76

2025-06-25 22:14:12Z [ERROR] Error Getting All Vehicles
System.Exception: Vehicles not Found
   at VSM.Services.VehicleService.GetAll(Int32 page, Int32 pageSize, String search) in /Users/presidio/Desktop/Genspark/MiniProject/VehicleServiceManagement/Services/VehicleService.cs:line 76
   at VSM.Controllers.VehicleController.GetAll(Int32 page, Int32 pageSize, String search) in /Users/presidio/Desktop/Genspark/MiniProject/VehicleServiceManagement/Controllers/Vehiclecontroller.cs:line 76

2025-06-25 22:15:30Z [ERROR] Error Getting All Vehicles
System.Exception: Vehicles not Found
   at VSM.Services.VehicleService.GetAll(Int32 page, Int32 pageSize, String search) in /Users/presidio/Desktop/Genspark/MiniProject/VehicleServiceManagement/Services/VehicleService.cs:line 76
   at VSM.Controllers.VehicleController.GetAll(Int32 page, Int32 pageSize, String search) in /Users/presidio/Desktop/Genspark/MiniProject/VehicleServiceManagement/Controllers/Vehiclecontroller.cs:line 76

2025-06-25 22:15:51Z [ERROR] Error Getting All Vehicles
System.Exception: Vehicles not Found
   at VSM.Services.VehicleService.GetAll(Int32 page, Int32 pageSize, String search) in /Users/presidio/Desktop/Genspark/MiniProject/VehicleServiceManagement/Services/VehicleService.cs:line 76
   at VSM.Controllers.VehicleController.GetAll(Int32 page, Int32 pageSize, String search) in /Users/presidio/Desktop/Genspark/MiniProject/VehicleServiceManagement/Controllers/Vehiclecontroller.cs:line 76

2025-06-25 23:34:11Z [ERROR] Error Getting All Vehicles
System.Exception: Vehicles not Found
   at VSM.Services.VehicleService.GetAll(Int32 page, Int32 pageSize, String search) in /Users/presidio/Desktop/Genspark/MiniProject/VehicleServiceManagement/Services/VehicleService.cs:line 76
   at VSM.Controllers.VehicleController.GetAll(Int32 page, Int32 pageSize, String search) in /Users/presidio/Desktop/Genspark/MiniProject/VehicleServiceManagement/Controllers/Vehiclecontroller.cs:line 76

2025-06-25 23:35:35Z [ERROR] Error Getting All Vehicles
System.Exception: Vehicles not Found
   at VSM.Services.VehicleService.GetAll(Int32 page, Int32 pageSize, String search) in /Users/presidio/Desktop/Genspark/MiniProject/VehicleServiceManagement/Services/VehicleService.cs:line 76
   at VSM.Controllers.VehicleController.GetAll(Int32 page, Int32 pageSize, String search) in /Users/presidio/Desktop/Genspark/MiniProject/VehicleServiceManagement/Controllers/Vehiclecontroller.cs:line 76

2025-06-25 23:36:47Z [ERROR] Error Getting All Vehicles
System.Exception: Vehicles not Found
   at VSM.Services.VehicleService.GetAll(Int32 page, Int32 pageSize, String search) in /Users/presidio/Desktop/Genspark/MiniProject/VehicleServiceManagement/Services/VehicleService.cs:line 76
   at VSM.Controllers.VehicleController.GetAll(Int32 page, Int32 pageSize, String search) in /Users/presidio/Desktop/Genspark/MiniProject/VehicleServiceManagement/Controllers/Vehiclecontroller.cs:line 76

2025-06-25 23:41:16Z [ERROR] Error Getting All Vehicles
System.Exception: Vehicles not Found
   at VSM.Services.VehicleService.GetAll(Int32 page, Int32 pageSize, String search) in /Users/presidio/Desktop/Genspark/MiniProject/VehicleServiceManagement/Services/VehicleService.cs:line 76
   at VSM.Controllers.VehicleController.GetAll(Int32 page, Int32 pageSize, String search) in /Users/presidio/Desktop/Genspark/MiniProject/VehicleServiceManagement/Controllers/Vehiclecontroller.cs:line 76

2025-06-25 23:44:14Z [ERROR] Error Getting All Vehicles
System.Exception: Vehicles not Found
   at VSM.Services.VehicleService.GetAll(Int32 page, Int32 pageSize, String search) in /Users/presidio/Desktop/Genspark/MiniProject/VehicleServiceManagement/Services/VehicleService.cs:line 76
   at VSM.Controllers.VehicleController.GetAll(Int32 page, Int32 pageSize, String search) in /Users/presidio/Desktop/Genspark/MiniProject/VehicleServiceManagement/Controllers/Vehiclecontroller.cs:line 76

2025-06-25 23:54:05Z [ERROR] Error Getting All Vehicles
System.Exception: Vehicles not Found
   at VSM.Services.VehicleService.GetAll(Int32 page, Int32 pageSize, String search) in /Users/presidio/Desktop/Genspark/MiniProject/VehicleServiceManagement/Services/VehicleService.cs:line 76
   at VSM.Controllers.VehicleController.GetAll(Int32 page, Int32 pageSize, String search) in /Users/presidio/Desktop/Genspark/MiniProject/VehicleServiceManagement/Controllers/Vehiclecontroller.cs:line 76

2025-06-25 23:54:11Z [ERROR] Error Getting All Vehicles
System.Exception: Vehicles not Found
   at VSM.Services.VehicleService.GetAll(Int32 page, Int32 pageSize, String search) in /Users/presidio/Desktop/Genspark/MiniProject/VehicleServiceManagement/Services/VehicleService.cs:line 76
   at VSM.Controllers.VehicleController.GetAll(Int32 page, Int32 pageSize, String search) in /Users/presidio/Desktop/Genspark/MiniProject/VehicleServiceManagement/Controllers/Vehiclecontroller.cs:line 76

2025-06-25 23:54:13Z [ERROR] Error Getting All Vehicles
System.Exception: Vehicles not Found
   at VSM.Services.VehicleService.GetAll(Int32 page, Int32 pageSize, String search) in /Users/presidio/Desktop/Genspark/MiniProject/VehicleServiceManagement/Services/VehicleService.cs:line 76
   at VSM.Controllers.VehicleController.GetAll(Int32 page, Int32 pageSize, String search) in /Users/presidio/Desktop/Genspark/MiniProject/VehicleServiceManagement/Controllers/Vehiclecontroller.cs:line 76

2025-06-25 23:54:16Z [ERROR] Error Getting All Vehicles
System.Exception: Vehicles not Found
   at VSM.Services.VehicleService.GetAll(Int32 page, Int32 pageSize, String search) in /Users/presidio/Desktop/Genspark/MiniProject/VehicleServiceManagement/Services/VehicleService.cs:line 76
   at VSM.Controllers.VehicleController.GetAll(Int32 page, Int32 pageSize, String search) in /Users/presidio/Desktop/Genspark/MiniProject/VehicleServiceManagement/Controllers/Vehiclecontroller.cs:line 76

2025-06-25 23:54:18Z [ERROR] Error Getting All Vehicles
System.Exception: Vehicles not Found
   at VSM.Services.VehicleService.GetAll(Int32 page, Int32 pageSize, String search) in /Users/presidio/Desktop/Genspark/MiniProject/VehicleServiceManagement/Services/VehicleService.cs:line 76
   at VSM.Controllers.VehicleController.GetAll(Int32 page, Int32 pageSize, String search) in /Users/presidio/Desktop/Genspark/MiniProject/VehicleServiceManagement/Controllers/Vehiclecontroller.cs:line 76

2025-06-25 23:55:02Z [ERROR] Error Getting All Vehicles
System.Exception: Vehicles not Found
   at VSM.Services.VehicleService.GetAll(Int32 page, Int32 pageSize, String search) in /Users/presidio/Desktop/Genspark/MiniProject/VehicleServiceManagement/Services/VehicleService.cs:line 76
   at VSM.Controllers.VehicleController.GetAll(Int32 page, Int32 pageSize, String search) in /Users/presidio/Desktop/Genspark/MiniProject/VehicleServiceManagement/Controllers/Vehiclecontroller.cs:line 76

2025-06-25 23:55:04Z [ERROR] Error Getting All Vehicles
System.Exception: Vehicles not Found
   at VSM.Services.VehicleService.GetAll(Int32 page, Int32 pageSize, String search) in /Users/presidio/Desktop/Genspark/MiniProject/VehicleServiceManagement/Services/VehicleService.cs:line 76
   at VSM.Controllers.VehicleController.GetAll(Int32 page, Int32 pageSize, String search) in /Users/presidio/Desktop/Genspark/MiniProject/VehicleServiceManagement/Controllers/Vehiclecontroller.cs:line 76

2025-06-25 23:55:24Z [ERROR] Error Getting All Vehicles
System.Exception: Vehicles not Found
   at VSM.Services.VehicleService.GetAll(Int32 page, Int32 pageSize, String search) in /Users/presidio/Desktop/Genspark/MiniProject/VehicleServiceManagement/Services/VehicleService.cs:line 76
   at VSM.Controllers.VehicleController.GetAll(Int32 page, Int32 pageSize, String search) in /Users/presidio/Desktop/Genspark/MiniProject/VehicleServiceManagement/Controllers/Vehiclecontroller.cs:line 76

2025-06-25 23:55:26Z [ERROR] Error Getting All Vehicles
System.Exception: Vehicles not Found
   at VSM.Services.VehicleService.GetAll(Int32 page, Int32 pageSize, String search) in /Users/presidio/Desktop/Genspark/MiniProject/VehicleServiceManagement/Services/VehicleService.cs:line 76
   at VSM.Controllers.VehicleController.GetAll(Int32 page, Int32 pageSize, String search) in /Users/presidio/Desktop/Genspark/MiniProject/VehicleServiceManagement/Controllers/Vehiclecontroller.cs:line 76

2025-06-25 23:55:28Z [ERROR] Error Getting All Vehicles
System.Exception: Vehicles not Found
   at VSM.Services.VehicleService.GetAll(Int32 page, Int32 pageSize, String search) in /Users/presidio/Desktop/Genspark/MiniProject/VehicleServiceManagement/Services/VehicleService.cs:line 76
   at VSM.Controllers.VehicleController.GetAll(Int32 page, Int32 pageSize, String search) in /Users/presidio/Desktop/Genspark/MiniProject/VehicleServiceManagement/Controllers/Vehiclecontroller.cs:line 76

2025-06-25 23:55:30Z [ERROR] Error Getting All Vehicles
System.Exception: Vehicles not Found
   at VSM.Services.VehicleService.GetAll(Int32 page, Int32 pageSize, String search) in /Users/presidio/Desktop/Genspark/MiniProject/VehicleServiceManagement/Services/VehicleService.cs:line 76
   at VSM.Controllers.VehicleController.GetAll(Int32 page, Int32 pageSize, String search) in /Users/presidio/Desktop/Genspark/MiniProject/VehicleServiceManagement/Controllers/Vehiclecontroller.cs:line 76

2025-06-25 23:55:38Z [ERROR] Error Getting All Vehicles
System.Exception: Vehicles not Found
   at VSM.Services.VehicleService.GetAll(Int32 page, Int32 pageSize, String search) in /Users/presidio/Desktop/Genspark/MiniProject/VehicleServiceManagement/Services/VehicleService.cs:line 76
   at VSM.Controllers.VehicleController.GetAll(Int32 page, Int32 pageSize, String search) in /Users/presidio/Desktop/Genspark/MiniProject/VehicleServiceManagement/Controllers/Vehiclecontroller.cs:line 76

2025-06-25 23:55:47Z [ERROR] Error Getting All Vehicles
System.Exception: Vehicles not Found
   at VSM.Services.VehicleService.GetAll(Int32 page, Int32 pageSize, String search) in /Users/presidio/Desktop/Genspark/MiniProject/VehicleServiceManagement/Services/VehicleService.cs:line 76
   at VSM.Controllers.VehicleController.GetAll(Int32 page, Int32 pageSize, String search) in /Users/presidio/Desktop/Genspark/MiniProject/VehicleServiceManagement/Controllers/Vehiclecontroller.cs:line 76

2025-06-25 23:55:49Z [ERROR] Error Getting All Vehicles
System.Exception: Vehicles not Found
   at VSM.Services.VehicleService.GetAll(Int32 page, Int32 pageSize, String search) in /Users/presidio/Desktop/Genspark/MiniProject/VehicleServiceManagement/Services/VehicleService.cs:line 76
   at VSM.Controllers.VehicleController.GetAll(Int32 page, Int32 pageSize, String search) in /Users/presidio/Desktop/Genspark/MiniProject/VehicleServiceManagement/Controllers/Vehiclecontroller.cs:line 76

2025-06-25 23:56:37Z [ERROR] Error Getting All Vehicles
System.Exception: Vehicles not Found
   at VSM.Services.VehicleService.GetAll(Int32 page, Int32 pageSize, String search) in /Users/presidio/Desktop/Genspark/MiniProject/VehicleServiceManagement/Services/VehicleService.cs:line 76
   at VSM.Controllers.VehicleController.GetAll(Int32 page, Int32 pageSize, String search) in /Users/presidio/Desktop/Genspark/MiniProject/VehicleServiceManagement/Controllers/Vehiclecontroller.cs:line 76

2025-06-25 23:56:39Z [ERROR] Error Getting All Vehicles
System.Exception: Vehicles not Found
   at VSM.Services.VehicleService.GetAll(Int32 page, Int32 pageSize, String search) in /Users/presidio/Desktop/Genspark/MiniProject/VehicleServiceManagement/Services/VehicleService.cs:line 76
   at VSM.Controllers.VehicleController.GetAll(Int32 page, Int32 pageSize, String search) in /Users/presidio/Desktop/Genspark/MiniProject/VehicleServiceManagement/Controllers/Vehiclecontroller.cs:line 76

2025-06-25 23:57:04Z [ERROR] Error Getting All Vehicles
System.Exception: Vehicles not Found
   at VSM.Services.VehicleService.GetAll(Int32 page, Int32 pageSize, String search) in /Users/presidio/Desktop/Genspark/MiniProject/VehicleServiceManagement/Services/VehicleService.cs:line 76
   at VSM.Controllers.VehicleController.GetAll(Int32 page, Int32 pageSize, String search) in /Users/presidio/Desktop/Genspark/MiniProject/VehicleServiceManagement/Controllers/Vehiclecontroller.cs:line 76

2025-06-25 23:57:06Z [ERROR] Error Getting All Vehicles
System.Exception: Vehicles not Found
   at VSM.Services.VehicleService.GetAll(Int32 page, Int32 pageSize, String search) in /Users/presidio/Desktop/Genspark/MiniProject/VehicleServiceManagement/Services/VehicleService.cs:line 76
   at VSM.Controllers.VehicleController.GetAll(Int32 page, Int32 pageSize, String search) in /Users/presidio/Desktop/Genspark/MiniProject/VehicleServiceManagement/Controllers/Vehiclecontroller.cs:line 76

2025-06-25 23:57:52Z [ERROR] Error Getting All Vehicles
System.Exception: Vehicles not Found
   at VSM.Services.VehicleService.GetAll(Int32 page, Int32 pageSize, String search) in /Users/presidio/Desktop/Genspark/MiniProject/VehicleServiceManagement/Services/VehicleService.cs:line 76
   at VSM.Controllers.VehicleController.GetAll(Int32 page, Int32 pageSize, String search) in /Users/presidio/Desktop/Genspark/MiniProject/VehicleServiceManagement/Controllers/Vehiclecontroller.cs:line 76

2025-06-25 23:57:54Z [ERROR] Error Getting All Vehicles
System.Exception: Vehicles not Found
   at VSM.Services.VehicleService.GetAll(Int32 page, Int32 pageSize, String search) in /Users/presidio/Desktop/Genspark/MiniProject/VehicleServiceManagement/Services/VehicleService.cs:line 76
   at VSM.Controllers.VehicleController.GetAll(Int32 page, Int32 pageSize, String search) in /Users/presidio/Desktop/Genspark/MiniProject/VehicleServiceManagement/Controllers/Vehiclecontroller.cs:line 76

2025-06-25 23:57:55Z [ERROR] Error Getting All Vehicles
System.Exception: Vehicles not Found
   at VSM.Services.VehicleService.GetAll(Int32 page, Int32 pageSize, String search) in /Users/presidio/Desktop/Genspark/MiniProject/VehicleServiceManagement/Services/VehicleService.cs:line 76
   at VSM.Controllers.VehicleController.GetAll(Int32 page, Int32 pageSize, String search) in /Users/presidio/Desktop/Genspark/MiniProject/VehicleServiceManagement/Controllers/Vehiclecontroller.cs:line 76

2025-06-25 23:57:57Z [ERROR] Error Getting All Vehicles
System.Exception: Vehicles not Found
   at VSM.Services.VehicleService.GetAll(Int32 page, Int32 pageSize, String search) in /Users/presidio/Desktop/Genspark/MiniProject/VehicleServiceManagement/Services/VehicleService.cs:line 76
   at VSM.Controllers.VehicleController.GetAll(Int32 page, Int32 pageSize, String search) in /Users/presidio/Desktop/Genspark/MiniProject/VehicleServiceManagement/Controllers/Vehiclecontroller.cs:line 76

2025-06-25 23:58:20Z [ERROR] Error Getting All Vehicles
System.Exception: Vehicles not Found
   at VSM.Services.VehicleService.GetAll(Int32 page, Int32 pageSize, String search) in /Users/presidio/Desktop/Genspark/MiniProject/VehicleServiceManagement/Services/VehicleService.cs:line 76
   at VSM.Controllers.VehicleController.GetAll(Int32 page, Int32 pageSize, String search) in /Users/presidio/Desktop/Genspark/MiniProject/VehicleServiceManagement/Controllers/Vehiclecontroller.cs:line 76

2025-06-25 23:58:21Z [ERROR] Error Getting All Vehicles
System.Exception: Vehicles not Found
   at VSM.Services.VehicleService.GetAll(Int32 page, Int32 pageSize, String search) in /Users/presidio/Desktop/Genspark/MiniProject/VehicleServiceManagement/Services/VehicleService.cs:line 76
   at VSM.Controllers.VehicleController.GetAll(Int32 page, Int32 pageSize, String search) in /Users/presidio/Desktop/Genspark/MiniProject/VehicleServiceManagement/Controllers/Vehiclecontroller.cs:line 76

2025-06-25 23:58:22Z [ERROR] Error Getting All Vehicles
System.Exception: Vehicles not Found
   at VSM.Services.VehicleService.GetAll(Int32 page, Int32 pageSize, String search) in /Users/presidio/Desktop/Genspark/MiniProject/VehicleServiceManagement/Services/VehicleService.cs:line 76
   at VSM.Controllers.VehicleController.GetAll(Int32 page, Int32 pageSize, String search) in /Users/presidio/Desktop/Genspark/MiniProject/VehicleServiceManagement/Controllers/Vehiclecontroller.cs:line 76

2025-06-25 23:58:57Z [ERROR] Error Getting All Vehicles
System.Exception: Vehicles not Found
   at VSM.Services.VehicleService.GetAll(Int32 page, Int32 pageSize, String search) in /Users/presidio/Desktop/Genspark/MiniProject/VehicleServiceManagement/Services/VehicleService.cs:line 76
   at VSM.Controllers.VehicleController.GetAll(Int32 page, Int32 pageSize, String search) in /Users/presidio/Desktop/Genspark/MiniProject/VehicleServiceManagement/Controllers/Vehiclecontroller.cs:line 76

2025-06-25 23:58:59Z [ERROR] Error Getting All Vehicles
System.Exception: Vehicles not Found
   at VSM.Services.VehicleService.GetAll(Int32 page, Int32 pageSize, String search) in /Users/presidio/Desktop/Genspark/MiniProject/VehicleServiceManagement/Services/VehicleService.cs:line 76
   at VSM.Controllers.VehicleController.GetAll(Int32 page, Int32 pageSize, String search) in /Users/presidio/Desktop/Genspark/MiniProject/VehicleServiceManagement/Controllers/Vehiclecontroller.cs:line 76

2025-06-25 23:59:02Z [ERROR] Error Getting All Vehicles
System.Exception: Vehicles not Found
   at VSM.Services.VehicleService.GetAll(Int32 page, Int32 pageSize, String search) in /Users/presidio/Desktop/Genspark/MiniProject/VehicleServiceManagement/Services/VehicleService.cs:line 76
   at VSM.Controllers.VehicleController.GetAll(Int32 page, Int32 pageSize, String search) in /Users/presidio/Desktop/Genspark/MiniProject/VehicleServiceManagement/Controllers/Vehiclecontroller.cs:line 76

2025-06-25 23:59:02Z [ERROR] Error Getting All Vehicles
System.Exception: Vehicles not Found
   at VSM.Services.VehicleService.GetAll(Int32 page, Int32 pageSize, String search) in /Users/presidio/Desktop/Genspark/MiniProject/VehicleServiceManagement/Services/VehicleService.cs:line 76
   at VSM.Controllers.VehicleController.GetAll(Int32 page, Int32 pageSize, String search) in /Users/presidio/Desktop/Genspark/MiniProject/VehicleServiceManagement/Controllers/Vehiclecontroller.cs:line 76

2025-06-25 23:59:03Z [ERROR] Error Getting All Vehicles
System.Exception: Vehicles not Found
   at VSM.Services.VehicleService.GetAll(Int32 page, Int32 pageSize, String search) in /Users/presidio/Desktop/Genspark/MiniProject/VehicleServiceManagement/Services/VehicleService.cs:line 76
   at VSM.Controllers.VehicleController.GetAll(Int32 page, Int32 pageSize, String search) in /Users/presidio/Desktop/Genspark/MiniProject/VehicleServiceManagement/Controllers/Vehiclecontroller.cs:line 76

2025-06-25 23:59:03Z [ERROR] Error Getting All Vehicles
System.Exception: Vehicles not Found
   at VSM.Services.VehicleService.GetAll(Int32 page, Int32 pageSize, String search) in /Users/presidio/Desktop/Genspark/MiniProject/VehicleServiceManagement/Services/VehicleService.cs:line 76
   at VSM.Controllers.VehicleController.GetAll(Int32 page, Int32 pageSize, String search) in /Users/presidio/Desktop/Genspark/MiniProject/VehicleServiceManagement/Controllers/Vehiclecontroller.cs:line 76

2025-06-25 23:59:03Z [ERROR] Error Getting All Vehicles
System.Exception: Vehicles not Found
   at VSM.Services.VehicleService.GetAll(Int32 page, Int32 pageSize, String search) in /Users/presidio/Desktop/Genspark/MiniProject/VehicleServiceManagement/Services/VehicleService.cs:line 76
   at VSM.Controllers.VehicleController.GetAll(Int32 page, Int32 pageSize, String search) in /Users/presidio/Desktop/Genspark/MiniProject/VehicleServiceManagement/Controllers/Vehiclecontroller.cs:line 76

2025-06-25 23:59:04Z [ERROR] Error Getting All Vehicles
System.Exception: Vehicles not Found
   at VSM.Services.VehicleService.GetAll(Int32 page, Int32 pageSize, String search) in /Users/presidio/Desktop/Genspark/MiniProject/VehicleServiceManagement/Services/VehicleService.cs:line 76
   at VSM.Controllers.VehicleController.GetAll(Int32 page, Int32 pageSize, String search) in /Users/presidio/Desktop/Genspark/MiniProject/VehicleServiceManagement/Controllers/Vehiclecontroller.cs:line 76

2025-06-25 23:59:04Z [ERROR] Error Getting All Vehicles
System.Exception: Vehicles not Found
   at VSM.Services.VehicleService.GetAll(Int32 page, Int32 pageSize, String search) in /Users/presidio/Desktop/Genspark/MiniProject/VehicleServiceManagement/Services/VehicleService.cs:line 76
   at VSM.Controllers.VehicleController.GetAll(Int32 page, Int32 pageSize, String search) in /Users/presidio/Desktop/Genspark/MiniProject/VehicleServiceManagement/Controllers/Vehiclecontroller.cs:line 76

2025-06-25 23:59:04Z [ERROR] Error Getting All Vehicles
System.Exception: Vehicles not Found
   at VSM.Services.VehicleService.GetAll(Int32 page, Int32 pageSize, String search) in /Users/presidio/Desktop/Genspark/MiniProject/VehicleServiceManagement/Services/VehicleService.cs:line 76
   at VSM.Controllers.VehicleController.GetAll(Int32 page, Int32 pageSize, String search) in /Users/presidio/Desktop/Genspark/MiniProject/VehicleServiceManagement/Controllers/Vehiclecontroller.cs:line 76

2025-06-25 23:59:04Z [ERROR] Error Getting All Vehicles
System.Exception: Vehicles not Found
   at VSM.Services.VehicleService.GetAll(Int32 page, Int32 pageSize, String search) in /Users/presidio/Desktop/Genspark/MiniProject/VehicleServiceManagement/Services/VehicleService.cs:line 76
   at VSM.Controllers.VehicleController.GetAll(Int32 page, Int32 pageSize, String search) in /Users/presidio/Desktop/Genspark/MiniProject/VehicleServiceManagement/Controllers/Vehiclecontroller.cs:line 76

2025-06-25 23:59:04Z [ERROR] Error Getting All Vehicles
System.Exception: Vehicles not Found
   at VSM.Services.VehicleService.GetAll(Int32 page, Int32 pageSize, String search) in /Users/presidio/Desktop/Genspark/MiniProject/VehicleServiceManagement/Services/VehicleService.cs:line 76
   at VSM.Controllers.VehicleController.GetAll(Int32 page, Int32 pageSize, String search) in /Users/presidio/Desktop/Genspark/MiniProject/VehicleServiceManagement/Controllers/Vehiclecontroller.cs:line 76

2025-06-25 23:59:04Z [ERROR] Error Getting All Vehicles
System.Exception: Vehicles not Found
   at VSM.Services.VehicleService.GetAll(Int32 page, Int32 pageSize, String search) in /Users/presidio/Desktop/Genspark/MiniProject/VehicleServiceManagement/Services/VehicleService.cs:line 76
   at VSM.Controllers.VehicleController.GetAll(Int32 page, Int32 pageSize, String search) in /Users/presidio/Desktop/Genspark/MiniProject/VehicleServiceManagement/Controllers/Vehiclecontroller.cs:line 76

2025-06-25 23:59:05Z [ERROR] Error Getting All Vehicles
System.Exception: Vehicles not Found
   at VSM.Services.VehicleService.GetAll(Int32 page, Int32 pageSize, String search) in /Users/presidio/Desktop/Genspark/MiniProject/VehicleServiceManagement/Services/VehicleService.cs:line 76
   at VSM.Controllers.VehicleController.GetAll(Int32 page, Int32 pageSize, String search) in /Users/presidio/Desktop/Genspark/MiniProject/VehicleServiceManagement/Controllers/Vehiclecontroller.cs:line 76

2025-06-25 23:59:05Z [ERROR] Error Getting All Vehicles
System.Exception: Vehicles not Found
   at VSM.Services.VehicleService.GetAll(Int32 page, Int32 pageSize, String search) in /Users/presidio/Desktop/Genspark/MiniProject/VehicleServiceManagement/Services/VehicleService.cs:line 76
   at VSM.Controllers.VehicleController.GetAll(Int32 page, Int32 pageSize, String search) in /Users/presidio/Desktop/Genspark/MiniProject/VehicleServiceManagement/Controllers/Vehiclecontroller.cs:line 76

2025-06-25 23:59:05Z [ERROR] Error Getting All Vehicles
System.Exception: Vehicles not Found
   at VSM.Services.VehicleService.GetAll(Int32 page, Int32 pageSize, String search) in /Users/presidio/Desktop/Genspark/MiniProject/VehicleServiceManagement/Services/VehicleService.cs:line 76
   at VSM.Controllers.VehicleController.GetAll(Int32 page, Int32 pageSize, String search) in /Users/presidio/Desktop/Genspark/MiniProject/VehicleServiceManagement/Controllers/Vehiclecontroller.cs:line 76

2025-06-25 23:59:05Z [ERROR] Error Getting All Vehicles
System.Exception: Vehicles not Found
   at VSM.Services.VehicleService.GetAll(Int32 page, Int32 pageSize, String search) in /Users/presidio/Desktop/Genspark/MiniProject/VehicleServiceManagement/Services/VehicleService.cs:line 76
   at VSM.Controllers.VehicleController.GetAll(Int32 page, Int32 pageSize, String search) in /Users/presidio/Desktop/Genspark/MiniProject/VehicleServiceManagement/Controllers/Vehiclecontroller.cs:line 76

2025-06-25 23:59:05Z [ERROR] Error Getting All Vehicles
System.Exception: Vehicles not Found
   at VSM.Services.VehicleService.GetAll(Int32 page, Int32 pageSize, String search) in /Users/presidio/Desktop/Genspark/MiniProject/VehicleServiceManagement/Services/VehicleService.cs:line 76
   at VSM.Controllers.VehicleController.GetAll(Int32 page, Int32 pageSize, String search) in /Users/presidio/Desktop/Genspark/MiniProject/VehicleServiceManagement/Controllers/Vehiclecontroller.cs:line 76

2025-06-25 23:59:05Z [ERROR] Error Getting All Vehicles
System.Exception: Vehicles not Found
   at VSM.Services.VehicleService.GetAll(Int32 page, Int32 pageSize, String search) in /Users/presidio/Desktop/Genspark/MiniProject/VehicleServiceManagement/Services/VehicleService.cs:line 76
   at VSM.Controllers.VehicleController.GetAll(Int32 page, Int32 pageSize, String search) in /Users/presidio/Desktop/Genspark/MiniProject/VehicleServiceManagement/Controllers/Vehiclecontroller.cs:line 76

2025-06-25 23:59:05Z [ERROR] Error Getting All Vehicles
System.Exception: Vehicles not Found
   at VSM.Services.VehicleService.GetAll(Int32 page, Int32 pageSize, String search) in /Users/presidio/Desktop/Genspark/MiniProject/VehicleServiceManagement/Services/VehicleService.cs:line 76
   at VSM.Controllers.VehicleController.GetAll(Int32 page, Int32 pageSize, String search) in /Users/presidio/Desktop/Genspark/MiniProject/VehicleServiceManagement/Controllers/Vehiclecontroller.cs:line 76

2025-06-25 23:59:05Z [ERROR] Error Getting All Vehicles
System.Exception: Vehicles not Found
   at VSM.Services.VehicleService.GetAll(Int32 page, Int32 pageSize, String search) in /Users/presidio/Desktop/Genspark/MiniProject/VehicleServiceManagement/Services/VehicleService.cs:line 76
   at VSM.Controllers.VehicleController.GetAll(Int32 page, Int32 pageSize, String search) in /Users/presidio/Desktop/Genspark/MiniProject/VehicleServiceManagement/Controllers/Vehiclecontroller.cs:line 76

2025-06-25 23:59:05Z [ERROR] Error Getting All Vehicles
System.Exception: Vehicles not Found
   at VSM.Services.VehicleService.GetAll(Int32 page, Int32 pageSize, String search) in /Users/presidio/Desktop/Genspark/MiniProject/VehicleServiceManagement/Services/VehicleService.cs:line 76
   at VSM.Controllers.VehicleController.GetAll(Int32 page, Int32 pageSize, String search) in /Users/presidio/Desktop/Genspark/MiniProject/VehicleServiceManagement/Controllers/Vehiclecontroller.cs:line 76

2025-06-25 23:59:06Z [ERROR] Error Getting All Vehicles
System.Exception: Vehicles not Found
   at VSM.Services.VehicleService.GetAll(Int32 page, Int32 pageSize, String search) in /Users/presidio/Desktop/Genspark/MiniProject/VehicleServiceManagement/Services/VehicleService.cs:line 76
   at VSM.Controllers.VehicleController.GetAll(Int32 page, Int32 pageSize, String search) in /Users/presidio/Desktop/Genspark/MiniProject/VehicleServiceManagement/Controllers/Vehiclecontroller.cs:line 76

2025-06-25 23:59:06Z [ERROR] Error Getting All Vehicles
System.Exception: Vehicles not Found
   at VSM.Services.VehicleService.GetAll(Int32 page, Int32 pageSize, String search) in /Users/presidio/Desktop/Genspark/MiniProject/VehicleServiceManagement/Services/VehicleService.cs:line 76
   at VSM.Controllers.VehicleController.GetAll(Int32 page, Int32 pageSize, String search) in /Users/presidio/Desktop/Genspark/MiniProject/VehicleServiceManagement/Controllers/Vehiclecontroller.cs:line 76

2025-06-25 23:59:06Z [ERROR] Error Getting All Vehicles
System.Exception: Vehicles not Found
   at VSM.Services.VehicleService.GetAll(Int32 page, Int32 pageSize, String search) in /Users/presidio/Desktop/Genspark/MiniProject/VehicleServiceManagement/Services/VehicleService.cs:line 76
   at VSM.Controllers.VehicleController.GetAll(Int32 page, Int32 pageSize, String search) in /Users/presidio/Desktop/Genspark/MiniProject/VehicleServiceManagement/Controllers/Vehiclecontroller.cs:line 76

2025-06-25 23:59:44Z [ERROR] Error Getting All Vehicles
System.Exception: Vehicles not Found
   at VSM.Services.VehicleService.GetAll(Int32 page, Int32 pageSize, String search) in /Users/presidio/Desktop/Genspark/MiniProject/VehicleServiceManagement/Services/VehicleService.cs:line 76
   at VSM.Controllers.VehicleController.GetAll(Int32 page, Int32 pageSize, String search) in /Users/presidio/Desktop/Genspark/MiniProject/VehicleServiceManagement/Controllers/Vehiclecontroller.cs:line 76

2025-06-25 23:59:55Z [ERROR] Error Getting All Vehicles
System.Exception: Vehicles not Found
   at VSM.Services.VehicleService.GetAll(Int32 page, Int32 pageSize, String search) in /Users/presidio/Desktop/Genspark/MiniProject/VehicleServiceManagement/Services/VehicleService.cs:line 76
   at VSM.Controllers.VehicleController.GetAll(Int32 page, Int32 pageSize, String search) in /Users/presidio/Desktop/Genspark/MiniProject/VehicleServiceManagement/Controllers/Vehiclecontroller.cs:line 76

2025-06-25 23:59:57Z [ERROR] Error Getting All Vehicles
System.Exception: Vehicles not Found
   at VSM.Services.VehicleService.GetAll(Int32 page, Int32 pageSize, String search) in /Users/presidio/Desktop/Genspark/MiniProject/VehicleServiceManagement/Services/VehicleService.cs:line 76
   at VSM.Controllers.VehicleController.GetAll(Int32 page, Int32 pageSize, String search) in /Users/presidio/Desktop/Genspark/MiniProject/VehicleServiceManagement/Controllers/Vehiclecontroller.cs:line 76

2025-06-26 00:00:13Z [ERROR] Error Getting All Vehicles
System.Exception: Vehicles not Found
   at VSM.Services.VehicleService.GetAll(Int32 page, Int32 pageSize, String search) in /Users/presidio/Desktop/Genspark/MiniProject/VehicleServiceManagement/Services/VehicleService.cs:line 76
   at VSM.Controllers.VehicleController.GetAll(Int32 page, Int32 pageSize, String search) in /Users/presidio/Desktop/Genspark/MiniProject/VehicleServiceManagement/Controllers/Vehiclecontroller.cs:line 76

2025-06-26 00:00:13Z [ERROR] Error Getting All Vehicles
System.Exception: Vehicles not Found
   at VSM.Services.VehicleService.GetAll(Int32 page, Int32 pageSize, String search) in /Users/presidio/Desktop/Genspark/MiniProject/VehicleServiceManagement/Services/VehicleService.cs:line 76
   at VSM.Controllers.VehicleController.GetAll(Int32 page, Int32 pageSize, String search) in /Users/presidio/Desktop/Genspark/MiniProject/VehicleServiceManagement/Controllers/Vehiclecontroller.cs:line 76

2025-06-26 00:00:14Z [ERROR] Error Getting All Vehicles
System.Exception: Vehicles not Found
   at VSM.Services.VehicleService.GetAll(Int32 page, Int32 pageSize, String search) in /Users/presidio/Desktop/Genspark/MiniProject/VehicleServiceManagement/Services/VehicleService.cs:line 76
   at VSM.Controllers.VehicleController.GetAll(Int32 page, Int32 pageSize, String search) in /Users/presidio/Desktop/Genspark/MiniProject/VehicleServiceManagement/Controllers/Vehiclecontroller.cs:line 76

2025-06-26 00:00:14Z [ERROR] Error Getting All Vehicles
System.Exception: Vehicles not Found
   at VSM.Services.VehicleService.GetAll(Int32 page, Int32 pageSize, String search) in /Users/presidio/Desktop/Genspark/MiniProject/VehicleServiceManagement/Services/VehicleService.cs:line 76
   at VSM.Controllers.VehicleController.GetAll(Int32 page, Int32 pageSize, String search) in /Users/presidio/Desktop/Genspark/MiniProject/VehicleServiceManagement/Controllers/Vehiclecontroller.cs:line 76

2025-06-26 00:00:14Z [ERROR] Error Getting All Vehicles
System.Exception: Vehicles not Found
   at VSM.Services.VehicleService.GetAll(Int32 page, Int32 pageSize, String search) in /Users/presidio/Desktop/Genspark/MiniProject/VehicleServiceManagement/Services/VehicleService.cs:line 76
   at VSM.Controllers.VehicleController.GetAll(Int32 page, Int32 pageSize, String search) in /Users/presidio/Desktop/Genspark/MiniProject/VehicleServiceManagement/Controllers/Vehiclecontroller.cs:line 76

2025-06-26 00:00:15Z [ERROR] Error Getting All Vehicles
System.Exception: Vehicles not Found
   at VSM.Services.VehicleService.GetAll(Int32 page, Int32 pageSize, String search) in /Users/presidio/Desktop/Genspark/MiniProject/VehicleServiceManagement/Services/VehicleService.cs:line 76
   at VSM.Controllers.VehicleController.GetAll(Int32 page, Int32 pageSize, String search) in /Users/presidio/Desktop/Genspark/MiniProject/VehicleServiceManagement/Controllers/Vehiclecontroller.cs:line 76

2025-06-26 00:00:15Z [ERROR] Error Getting All Vehicles
System.Exception: Vehicles not Found
   at VSM.Services.VehicleService.GetAll(Int32 page, Int32 pageSize, String search) in /Users/presidio/Desktop/Genspark/MiniProject/VehicleServiceManagement/Services/VehicleService.cs:line 76
   at VSM.Controllers.VehicleController.GetAll(Int32 page, Int32 pageSize, String search) in /Users/presidio/Desktop/Genspark/MiniProject/VehicleServiceManagement/Controllers/Vehiclecontroller.cs:line 76

2025-06-26 00:00:35Z [ERROR] Error Getting All Vehicles
System.Exception: Vehicles not Found
   at VSM.Services.VehicleService.GetAll(Int32 page, Int32 pageSize, String search) in /Users/presidio/Desktop/Genspark/MiniProject/VehicleServiceManagement/Services/VehicleService.cs:line 76
   at VSM.Controllers.VehicleController.GetAll(Int32 page, Int32 pageSize, String search) in /Users/presidio/Desktop/Genspark/MiniProject/VehicleServiceManagement/Controllers/Vehiclecontroller.cs:line 76

2025-06-26 00:00:35Z [ERROR] Error Getting All Vehicles
System.Exception: Vehicles not Found
   at VSM.Services.VehicleService.GetAll(Int32 page, Int32 pageSize, String search) in /Users/presidio/Desktop/Genspark/MiniProject/VehicleServiceManagement/Services/VehicleService.cs:line 76
   at VSM.Controllers.VehicleController.GetAll(Int32 page, Int32 pageSize, String search) in /Users/presidio/Desktop/Genspark/MiniProject/VehicleServiceManagement/Controllers/Vehiclecontroller.cs:line 76

2025-06-26 00:00:35Z [ERROR] Error Getting All Vehicles
System.Exception: Vehicles not Found
   at VSM.Services.VehicleService.GetAll(Int32 page, Int32 pageSize, String search) in /Users/presidio/Desktop/Genspark/MiniProject/VehicleServiceManagement/Services/VehicleService.cs:line 76
   at VSM.Controllers.VehicleController.GetAll(Int32 page, Int32 pageSize, String search) in /Users/presidio/Desktop/Genspark/MiniProject/VehicleServiceManagement/Controllers/Vehiclecontroller.cs:line 76

2025-06-26 00:00:37Z [ERROR] Error Getting All Vehicles
System.Exception: Vehicles not Found
   at VSM.Services.VehicleService.GetAll(Int32 page, Int32 pageSize, String search) in /Users/presidio/Desktop/Genspark/MiniProject/VehicleServiceManagement/Services/VehicleService.cs:line 76
   at VSM.Controllers.VehicleController.GetAll(Int32 page, Int32 pageSize, String search) in /Users/presidio/Desktop/Genspark/MiniProject/VehicleServiceManagement/Controllers/Vehiclecontroller.cs:line 76

2025-06-26 00:00:37Z [ERROR] Error Getting All Vehicles
System.Exception: Vehicles not Found
   at VSM.Services.VehicleService.GetAll(Int32 page, Int32 pageSize, String search) in /Users/presidio/Desktop/Genspark/MiniProject/VehicleServiceManagement/Services/VehicleService.cs:line 76
   at VSM.Controllers.VehicleController.GetAll(Int32 page, Int32 pageSize, String search) in /Users/presidio/Desktop/Genspark/MiniProject/VehicleServiceManagement/Controllers/Vehiclecontroller.cs:line 76

2025-06-26 00:00:37Z [ERROR] Error Getting All Vehicles
System.Exception: Vehicles not Found
   at VSM.Services.VehicleService.GetAll(Int32 page, Int32 pageSize, String search) in /Users/presidio/Desktop/Genspark/MiniProject/VehicleServiceManagement/Services/VehicleService.cs:line 76
   at VSM.Controllers.VehicleController.GetAll(Int32 page, Int32 pageSize, String search) in /Users/presidio/Desktop/Genspark/MiniProject/VehicleServiceManagement/Controllers/Vehiclecontroller.cs:line 76

2025-06-26 00:00:37Z [ERROR] Error Getting All Vehicles
System.Exception: Vehicles not Found
   at VSM.Services.VehicleService.GetAll(Int32 page, Int32 pageSize, String search) in /Users/presidio/Desktop/Genspark/MiniProject/VehicleServiceManagement/Services/VehicleService.cs:line 76
   at VSM.Controllers.VehicleController.GetAll(Int32 page, Int32 pageSize, String search) in /Users/presidio/Desktop/Genspark/MiniProject/VehicleServiceManagement/Controllers/Vehiclecontroller.cs:line 76

2025-06-26 00:00:41Z [ERROR] Error Getting All Vehicles
System.Exception: Vehicles not Found
   at VSM.Services.VehicleService.GetAll(Int32 page, Int32 pageSize, String search) in /Users/presidio/Desktop/Genspark/MiniProject/VehicleServiceManagement/Services/VehicleService.cs:line 76
   at VSM.Controllers.VehicleController.GetAll(Int32 page, Int32 pageSize, String search) in /Users/presidio/Desktop/Genspark/MiniProject/VehicleServiceManagement/Controllers/Vehiclecontroller.cs:line 76

2025-06-26 00:00:43Z [ERROR] Error Getting All Vehicles
System.Exception: Vehicles not Found
   at VSM.Services.VehicleService.GetAll(Int32 page, Int32 pageSize, String search) in /Users/presidio/Desktop/Genspark/MiniProject/VehicleServiceManagement/Services/VehicleService.cs:line 76
   at VSM.Controllers.VehicleController.GetAll(Int32 page, Int32 pageSize, String search) in /Users/presidio/Desktop/Genspark/MiniProject/VehicleServiceManagement/Controllers/Vehiclecontroller.cs:line 76

2025-06-26 00:00:44Z [ERROR] Error Getting All Vehicles
System.Exception: Vehicles not Found
   at VSM.Services.VehicleService.GetAll(Int32 page, Int32 pageSize, String search) in /Users/presidio/Desktop/Genspark/MiniProject/VehicleServiceManagement/Services/VehicleService.cs:line 76
   at VSM.Controllers.VehicleController.GetAll(Int32 page, Int32 pageSize, String search) in /Users/presidio/Desktop/Genspark/MiniProject/VehicleServiceManagement/Controllers/Vehiclecontroller.cs:line 76

2025-06-26 00:00:44Z [ERROR] Error Getting All Vehicles
System.Exception: Vehicles not Found
   at VSM.Services.VehicleService.GetAll(Int32 page, Int32 pageSize, String search) in /Users/presidio/Desktop/Genspark/MiniProject/VehicleServiceManagement/Services/VehicleService.cs:line 76
   at VSM.Controllers.VehicleController.GetAll(Int32 page, Int32 pageSize, String search) in /Users/presidio/Desktop/Genspark/MiniProject/VehicleServiceManagement/Controllers/Vehiclecontroller.cs:line 76

2025-06-26 00:00:49Z [ERROR] Error Getting All Vehicles
System.Exception: Vehicles not Found
   at VSM.Services.VehicleService.GetAll(Int32 page, Int32 pageSize, String search) in /Users/presidio/Desktop/Genspark/MiniProject/VehicleServiceManagement/Services/VehicleService.cs:line 76
   at VSM.Controllers.VehicleController.GetAll(Int32 page, Int32 pageSize, String search) in /Users/presidio/Desktop/Genspark/MiniProject/VehicleServiceManagement/Controllers/Vehiclecontroller.cs:line 76

2025-06-26 00:00:49Z [ERROR] Error Getting All Vehicles
System.Exception: Vehicles not Found
   at VSM.Services.VehicleService.GetAll(Int32 page, Int32 pageSize, String search) in /Users/presidio/Desktop/Genspark/MiniProject/VehicleServiceManagement/Services/VehicleService.cs:line 76
   at VSM.Controllers.VehicleController.GetAll(Int32 page, Int32 pageSize, String search) in /Users/presidio/Desktop/Genspark/MiniProject/VehicleServiceManagement/Controllers/Vehiclecontroller.cs:line 76

2025-06-26 00:00:49Z [ERROR] Error Getting All Vehicles
System.Exception: Vehicles not Found
   at VSM.Services.VehicleService.GetAll(Int32 page, Int32 pageSize, String search) in /Users/presidio/Desktop/Genspark/MiniProject/VehicleServiceManagement/Services/VehicleService.cs:line 76
   at VSM.Controllers.VehicleController.GetAll(Int32 page, Int32 pageSize, String search) in /Users/presidio/Desktop/Genspark/MiniProject/VehicleServiceManagement/Controllers/Vehiclecontroller.cs:line 76

2025-06-26 00:00:49Z [ERROR] Error Getting All Vehicles
System.Exception: Vehicles not Found
   at VSM.Services.VehicleService.GetAll(Int32 page, Int32 pageSize, String search) in /Users/presidio/Desktop/Genspark/MiniProject/VehicleServiceManagement/Services/VehicleService.cs:line 76
   at VSM.Controllers.VehicleController.GetAll(Int32 page, Int32 pageSize, String search) in /Users/presidio/Desktop/Genspark/MiniProject/VehicleServiceManagement/Controllers/Vehiclecontroller.cs:line 76

2025-06-26 00:00:49Z [ERROR] Error Getting All Vehicles
System.Exception: Vehicles not Found
   at VSM.Services.VehicleService.GetAll(Int32 page, Int32 pageSize, String search) in /Users/presidio/Desktop/Genspark/MiniProject/VehicleServiceManagement/Services/VehicleService.cs:line 76
   at VSM.Controllers.VehicleController.GetAll(Int32 page, Int32 pageSize, String search) in /Users/presidio/Desktop/Genspark/MiniProject/VehicleServiceManagement/Controllers/Vehiclecontroller.cs:line 76

2025-06-26 00:00:49Z [ERROR] Error Getting All Vehicles
System.Exception: Vehicles not Found
   at VSM.Services.VehicleService.GetAll(Int32 page, Int32 pageSize, String search) in /Users/presidio/Desktop/Genspark/MiniProject/VehicleServiceManagement/Services/VehicleService.cs:line 76
   at VSM.Controllers.VehicleController.GetAll(Int32 page, Int32 pageSize, String search) in /Users/presidio/Desktop/Genspark/MiniProject/VehicleServiceManagement/Controllers/Vehiclecontroller.cs:line 76

2025-06-26 00:00:49Z [ERROR] Error Getting All Vehicles
System.Exception: Vehicles not Found
   at VSM.Services.VehicleService.GetAll(Int32 page, Int32 pageSize, String search) in /Users/presidio/Desktop/Genspark/MiniProject/VehicleServiceManagement/Services/VehicleService.cs:line 76
   at VSM.Controllers.VehicleController.GetAll(Int32 page, Int32 pageSize, String search) in /Users/presidio/Desktop/Genspark/MiniProject/VehicleServiceManagement/Controllers/Vehiclecontroller.cs:line 76

2025-06-26 00:00:50Z [ERROR] Error Getting All Vehicles
System.Exception: Vehicles not Found
   at VSM.Services.VehicleService.GetAll(Int32 page, Int32 pageSize, String search) in /Users/presidio/Desktop/Genspark/MiniProject/VehicleServiceManagement/Services/VehicleService.cs:line 76
   at VSM.Controllers.VehicleController.GetAll(Int32 page, Int32 pageSize, String search) in /Users/presidio/Desktop/Genspark/MiniProject/VehicleServiceManagement/Controllers/Vehiclecontroller.cs:line 76

2025-06-26 00:00:50Z [ERROR] Error Getting All Vehicles
System.Exception: Vehicles not Found
   at VSM.Services.VehicleService.GetAll(Int32 page, Int32 pageSize, String search) in /Users/presidio/Desktop/Genspark/MiniProject/VehicleServiceManagement/Services/VehicleService.cs:line 76
   at VSM.Controllers.VehicleController.GetAll(Int32 page, Int32 pageSize, String search) in /Users/presidio/Desktop/Genspark/MiniProject/VehicleServiceManagement/Controllers/Vehiclecontroller.cs:line 76

2025-06-26 00:00:50Z [ERROR] Error Getting All Vehicles
System.Exception: Vehicles not Found
   at VSM.Services.VehicleService.GetAll(Int32 page, Int32 pageSize, String search) in /Users/presidio/Desktop/Genspark/MiniProject/VehicleServiceManagement/Services/VehicleService.cs:line 76
   at VSM.Controllers.VehicleController.GetAll(Int32 page, Int32 pageSize, String search) in /Users/presidio/Desktop/Genspark/MiniProject/VehicleServiceManagement/Controllers/Vehiclecontroller.cs:line 76

2025-06-26 00:00:50Z [ERROR] Error Getting All Vehicles
System.Exception: Vehicles not Found
   at VSM.Services.VehicleService.GetAll(Int32 page, Int32 pageSize, String search) in /Users/presidio/Desktop/Genspark/MiniProject/VehicleServiceManagement/Services/VehicleService.cs:line 76
   at VSM.Controllers.VehicleController.GetAll(Int32 page, Int32 pageSize, String search) in /Users/presidio/Desktop/Genspark/MiniProject/VehicleServiceManagement/Controllers/Vehiclecontroller.cs:line 76

2025-06-26 00:00:50Z [ERROR] Error Getting All Vehicles
System.Exception: Vehicles not Found
   at VSM.Services.VehicleService.GetAll(Int32 page, Int32 pageSize, String search) in /Users/presidio/Desktop/Genspark/MiniProject/VehicleServiceManagement/Services/VehicleService.cs:line 76
   at VSM.Controllers.VehicleController.GetAll(Int32 page, Int32 pageSize, String search) in /Users/presidio/Desktop/Genspark/MiniProject/VehicleServiceManagement/Controllers/Vehiclecontroller.cs:line 76

2025-06-26 00:00:50Z [ERROR] Error Getting All Vehicles
System.Exception: Vehicles not Found
   at VSM.Services.VehicleService.GetAll(Int32 page, Int32 pageSize, String search) in /Users/presidio/Desktop/Genspark/MiniProject/VehicleServiceManagement/Services/VehicleService.cs:line 76
   at VSM.Controllers.VehicleController.GetAll(Int32 page, Int32 pageSize, String search) in /Users/presidio/Desktop/Genspark/MiniProject/VehicleServiceManagement/Controllers/Vehiclecontroller.cs:line 76

2025-06-26 00:00:50Z [ERROR] Error Getting All Vehicles
System.Exception: Vehicles not Found
   at VSM.Services.VehicleService.GetAll(Int32 page, Int32 pageSize, String search) in /Users/presidio/Desktop/Genspark/MiniProject/VehicleServiceManagement/Services/VehicleService.cs:line 76
   at VSM.Controllers.VehicleController.GetAll(Int32 page, Int32 pageSize, String search) in /Users/presidio/Desktop/Genspark/MiniProject/VehicleServiceManagement/Controllers/Vehiclecontroller.cs:line 76

2025-06-26 00:00:50Z [ERROR] Error Getting All Vehicles
System.Exception: Vehicles not Found
   at VSM.Services.VehicleService.GetAll(Int32 page, Int32 pageSize, String search) in /Users/presidio/Desktop/Genspark/MiniProject/VehicleServiceManagement/Services/VehicleService.cs:line 76
   at VSM.Controllers.VehicleController.GetAll(Int32 page, Int32 pageSize, String search) in /Users/presidio/Desktop/Genspark/MiniProject/VehicleServiceManagement/Controllers/Vehiclecontroller.cs:line 76

2025-06-26 00:00:50Z [ERROR] Error Getting All Vehicles
System.Exception: Vehicles not Found
   at VSM.Services.VehicleService.GetAll(Int32 page, Int32 pageSize, String search) in /Users/presidio/Desktop/Genspark/MiniProject/VehicleServiceManagement/Services/VehicleService.cs:line 76
   at VSM.Controllers.VehicleController.GetAll(Int32 page, Int32 pageSize, String search) in /Users/presidio/Desktop/Genspark/MiniProject/VehicleServiceManagement/Controllers/Vehiclecontroller.cs:line 76

2025-06-26 00:00:52Z [ERROR] Error Getting All Vehicles
System.Exception: Vehicles not Found
   at VSM.Services.VehicleService.GetAll(Int32 page, Int32 pageSize, String search) in /Users/presidio/Desktop/Genspark/MiniProject/VehicleServiceManagement/Services/VehicleService.cs:line 76
   at VSM.Controllers.VehicleController.GetAll(Int32 page, Int32 pageSize, String search) in /Users/presidio/Desktop/Genspark/MiniProject/VehicleServiceManagement/Controllers/Vehiclecontroller.cs:line 76

2025-06-26 00:00:52Z [ERROR] Error Getting All Vehicles
System.Exception: Vehicles not Found
   at VSM.Services.VehicleService.GetAll(Int32 page, Int32 pageSize, String search) in /Users/presidio/Desktop/Genspark/MiniProject/VehicleServiceManagement/Services/VehicleService.cs:line 76
   at VSM.Controllers.VehicleController.GetAll(Int32 page, Int32 pageSize, String search) in /Users/presidio/Desktop/Genspark/MiniProject/VehicleServiceManagement/Controllers/Vehiclecontroller.cs:line 76

2025-06-26 00:00:52Z [ERROR] Error Getting All Vehicles
System.Exception: Vehicles not Found
   at VSM.Services.VehicleService.GetAll(Int32 page, Int32 pageSize, String search) in /Users/presidio/Desktop/Genspark/MiniProject/VehicleServiceManagement/Services/VehicleService.cs:line 76
   at VSM.Controllers.VehicleController.GetAll(Int32 page, Int32 pageSize, String search) in /Users/presidio/Desktop/Genspark/MiniProject/VehicleServiceManagement/Controllers/Vehiclecontroller.cs:line 76

2025-06-26 00:00:52Z [ERROR] Error Getting All Vehicles
System.Exception: Vehicles not Found
   at VSM.Services.VehicleService.GetAll(Int32 page, Int32 pageSize, String search) in /Users/presidio/Desktop/Genspark/MiniProject/VehicleServiceManagement/Services/VehicleService.cs:line 76
   at VSM.Controllers.VehicleController.GetAll(Int32 page, Int32 pageSize, String search) in /Users/presidio/Desktop/Genspark/MiniProject/VehicleServiceManagement/Controllers/Vehiclecontroller.cs:line 76

2025-06-26 00:00:52Z [ERROR] Error Getting All Vehicles
System.Exception: Vehicles not Found
   at VSM.Services.VehicleService.GetAll(Int32 page, Int32 pageSize, String search) in /Users/presidio/Desktop/Genspark/MiniProject/VehicleServiceManagement/Services/VehicleService.cs:line 76
   at VSM.Controllers.VehicleController.GetAll(Int32 page, Int32 pageSize, String search) in /Users/presidio/Desktop/Genspark/MiniProject/VehicleServiceManagement/Controllers/Vehiclecontroller.cs:line 76

2025-06-26 00:00:52Z [ERROR] Error Getting All Vehicles
System.Exception: Vehicles not Found
   at VSM.Services.VehicleService.GetAll(Int32 page, Int32 pageSize, String search) in /Users/presidio/Desktop/Genspark/MiniProject/VehicleServiceManagement/Services/VehicleService.cs:line 76
   at VSM.Controllers.VehicleController.GetAll(Int32 page, Int32 pageSize, String search) in /Users/presidio/Desktop/Genspark/MiniProject/VehicleServiceManagement/Controllers/Vehiclecontroller.cs:line 76

2025-06-26 00:00:53Z [ERROR] Error Getting All Vehicles
System.Exception: Vehicles not Found
   at VSM.Services.VehicleService.GetAll(Int32 page, Int32 pageSize, String search) in /Users/presidio/Desktop/Genspark/MiniProject/VehicleServiceManagement/Services/VehicleService.cs:line 76
   at VSM.Controllers.VehicleController.GetAll(Int32 page, Int32 pageSize, String search) in /Users/presidio/Desktop/Genspark/MiniProject/VehicleServiceManagement/Controllers/Vehiclecontroller.cs:line 76

2025-06-26 00:00:53Z [ERROR] Error Getting All Vehicles
System.Exception: Vehicles not Found
   at VSM.Services.VehicleService.GetAll(Int32 page, Int32 pageSize, String search) in /Users/presidio/Desktop/Genspark/MiniProject/VehicleServiceManagement/Services/VehicleService.cs:line 76
   at VSM.Controllers.VehicleController.GetAll(Int32 page, Int32 pageSize, String search) in /Users/presidio/Desktop/Genspark/MiniProject/VehicleServiceManagement/Controllers/Vehiclecontroller.cs:line 76

2025-06-26 00:00:53Z [ERROR] Error Getting All Vehicles
System.Exception: Vehicles not Found
   at VSM.Services.VehicleService.GetAll(Int32 page, Int32 pageSize, String search) in /Users/presidio/Desktop/Genspark/MiniProject/VehicleServiceManagement/Services/VehicleService.cs:line 76
   at VSM.Controllers.VehicleController.GetAll(Int32 page, Int32 pageSize, String search) in /Users/presidio/Desktop/Genspark/MiniProject/VehicleServiceManagement/Controllers/Vehiclecontroller.cs:line 76

2025-06-26 00:00:53Z [ERROR] Error Getting All Vehicles
System.Exception: Vehicles not Found
   at VSM.Services.VehicleService.GetAll(Int32 page, Int32 pageSize, String search) in /Users/presidio/Desktop/Genspark/MiniProject/VehicleServiceManagement/Services/VehicleService.cs:line 76
   at VSM.Controllers.VehicleController.GetAll(Int32 page, Int32 pageSize, String search) in /Users/presidio/Desktop/Genspark/MiniProject/VehicleServiceManagement/Controllers/Vehiclecontroller.cs:line 76

2025-06-26 00:00:53Z [ERROR] Error Getting All Vehicles
System.Exception: Vehicles not Found
   at VSM.Services.VehicleService.GetAll(Int32 page, Int32 pageSize, String search) in /Users/presidio/Desktop/Genspark/MiniProject/VehicleServiceManagement/Services/VehicleService.cs:line 76
   at VSM.Controllers.VehicleController.GetAll(Int32 page, Int32 pageSize, String search) in /Users/presidio/Desktop/Genspark/MiniProject/VehicleServiceManagement/Controllers/Vehiclecontroller.cs:line 76

2025-06-26 00:00:53Z [ERROR] Error Getting All Vehicles
System.Exception: Vehicles not Found
   at VSM.Services.VehicleService.GetAll(Int32 page, Int32 pageSize, String search) in /Users/presidio/Desktop/Genspark/MiniProject/VehicleServiceManagement/Services/VehicleService.cs:line 76
   at VSM.Controllers.VehicleController.GetAll(Int32 page, Int32 pageSize, String search) in /Users/presidio/Desktop/Genspark/MiniProject/VehicleServiceManagement/Controllers/Vehiclecontroller.cs:line 76

2025-06-26 00:00:53Z [ERROR] Error Getting All Vehicles
System.Exception: Vehicles not Found
   at VSM.Services.VehicleService.GetAll(Int32 page, Int32 pageSize, String search) in /Users/presidio/Desktop/Genspark/MiniProject/VehicleServiceManagement/Services/VehicleService.cs:line 76
   at VSM.Controllers.VehicleController.GetAll(Int32 page, Int32 pageSize, String search) in /Users/presidio/Desktop/Genspark/MiniProject/VehicleServiceManagement/Controllers/Vehiclecontroller.cs:line 76

2025-06-26 00:00:53Z [ERROR] Error Getting All Vehicles
System.Exception: Vehicles not Found
   at VSM.Services.VehicleService.GetAll(Int32 page, Int32 pageSize, String search) in /Users/presidio/Desktop/Genspark/MiniProject/VehicleServiceManagement/Services/VehicleService.cs:line 76
   at VSM.Controllers.VehicleController.GetAll(Int32 page, Int32 pageSize, String search) in /Users/presidio/Desktop/Genspark/MiniProject/VehicleServiceManagement/Controllers/Vehiclecontroller.cs:line 76

2025-06-26 00:00:54Z [ERROR] Error Getting All Vehicles
System.Exception: Vehicles not Found
   at VSM.Services.VehicleService.GetAll(Int32 page, Int32 pageSize, String search) in /Users/presidio/Desktop/Genspark/MiniProject/VehicleServiceManagement/Services/VehicleService.cs:line 76
   at VSM.Controllers.VehicleController.GetAll(Int32 page, Int32 pageSize, String search) in /Users/presidio/Desktop/Genspark/MiniProject/VehicleServiceManagement/Controllers/Vehiclecontroller.cs:line 76

2025-06-26 00:00:54Z [ERROR] Error Getting All Vehicles
System.Exception: Vehicles not Found
   at VSM.Services.VehicleService.GetAll(Int32 page, Int32 pageSize, String search) in /Users/presidio/Desktop/Genspark/MiniProject/VehicleServiceManagement/Services/VehicleService.cs:line 76
   at VSM.Controllers.VehicleController.GetAll(Int32 page, Int32 pageSize, String search) in /Users/presidio/Desktop/Genspark/MiniProject/VehicleServiceManagement/Controllers/Vehiclecontroller.cs:line 76

2025-06-26 00:00:54Z [ERROR] Error Getting All Vehicles
System.Exception: Vehicles not Found
   at VSM.Services.VehicleService.GetAll(Int32 page, Int32 pageSize, String search) in /Users/presidio/Desktop/Genspark/MiniProject/VehicleServiceManagement/Services/VehicleService.cs:line 76
   at VSM.Controllers.VehicleController.GetAll(Int32 page, Int32 pageSize, String search) in /Users/presidio/Desktop/Genspark/MiniProject/VehicleServiceManagement/Controllers/Vehiclecontroller.cs:line 76

2025-06-26 00:00:54Z [ERROR] Error Getting All Vehicles
System.Exception: Vehicles not Found
   at VSM.Services.VehicleService.GetAll(Int32 page, Int32 pageSize, String search) in /Users/presidio/Desktop/Genspark/MiniProject/VehicleServiceManagement/Services/VehicleService.cs:line 76
   at VSM.Controllers.VehicleController.GetAll(Int32 page, Int32 pageSize, String search) in /Users/presidio/Desktop/Genspark/MiniProject/VehicleServiceManagement/Controllers/Vehiclecontroller.cs:line 76

2025-06-26 00:01:17Z [ERROR] Error Getting All Vehicles
System.Exception: Vehicles not Found
   at VSM.Services.VehicleService.GetAll(Int32 page, Int32 pageSize, String search) in /Users/presidio/Desktop/Genspark/MiniProject/VehicleServiceManagement/Services/VehicleService.cs:line 76
   at VSM.Controllers.VehicleController.GetAll(Int32 page, Int32 pageSize, String search) in /Users/presidio/Desktop/Genspark/MiniProject/VehicleServiceManagement/Controllers/Vehiclecontroller.cs:line 76

2025-06-26 00:01:17Z [ERROR] Error Getting All Vehicles
System.Exception: Vehicles not Found
   at VSM.Services.VehicleService.GetAll(Int32 page, Int32 pageSize, String search) in /Users/presidio/Desktop/Genspark/MiniProject/VehicleServiceManagement/Services/VehicleService.cs:line 76
   at VSM.Controllers.VehicleController.GetAll(Int32 page, Int32 pageSize, String search) in /Users/presidio/Desktop/Genspark/MiniProject/VehicleServiceManagement/Controllers/Vehiclecontroller.cs:line 76

2025-06-26 00:01:17Z [ERROR] Error Getting All Vehicles
System.Exception: Vehicles not Found
   at VSM.Services.VehicleService.GetAll(Int32 page, Int32 pageSize, String search) in /Users/presidio/Desktop/Genspark/MiniProject/VehicleServiceManagement/Services/VehicleService.cs:line 76
   at VSM.Controllers.VehicleController.GetAll(Int32 page, Int32 pageSize, String search) in /Users/presidio/Desktop/Genspark/MiniProject/VehicleServiceManagement/Controllers/Vehiclecontroller.cs:line 76

2025-06-26 00:01:17Z [ERROR] Error Getting All Vehicles
System.Exception: Vehicles not Found
   at VSM.Services.VehicleService.GetAll(Int32 page, Int32 pageSize, String search) in /Users/presidio/Desktop/Genspark/MiniProject/VehicleServiceManagement/Services/VehicleService.cs:line 76
   at VSM.Controllers.VehicleController.GetAll(Int32 page, Int32 pageSize, String search) in /Users/presidio/Desktop/Genspark/MiniProject/VehicleServiceManagement/Controllers/Vehiclecontroller.cs:line 76

2025-06-26 00:01:17Z [ERROR] Error Getting All Vehicles
System.Exception: Vehicles not Found
   at VSM.Services.VehicleService.GetAll(Int32 page, Int32 pageSize, String search) in /Users/presidio/Desktop/Genspark/MiniProject/VehicleServiceManagement/Services/VehicleService.cs:line 76
   at VSM.Controllers.VehicleController.GetAll(Int32 page, Int32 pageSize, String search) in /Users/presidio/Desktop/Genspark/MiniProject/VehicleServiceManagement/Controllers/Vehiclecontroller.cs:line 76

2025-06-26 00:01:22Z [ERROR] Error Getting All Vehicles
System.Exception: Vehicles not Found
   at VSM.Services.VehicleService.GetAll(Int32 page, Int32 pageSize, String search) in /Users/presidio/Desktop/Genspark/MiniProject/VehicleServiceManagement/Services/VehicleService.cs:line 76
   at VSM.Controllers.VehicleController.GetAll(Int32 page, Int32 pageSize, String search) in /Users/presidio/Desktop/Genspark/MiniProject/VehicleServiceManagement/Controllers/Vehiclecontroller.cs:line 76

2025-06-26 00:01:24Z [ERROR] Error Getting All Vehicles
System.Exception: Vehicles not Found
   at VSM.Services.VehicleService.GetAll(Int32 page, Int32 pageSize, String search) in /Users/presidio/Desktop/Genspark/MiniProject/VehicleServiceManagement/Services/VehicleService.cs:line 76
   at VSM.Controllers.VehicleController.GetAll(Int32 page, Int32 pageSize, String search) in /Users/presidio/Desktop/Genspark/MiniProject/VehicleServiceManagement/Controllers/Vehiclecontroller.cs:line 76

2025-06-26 00:01:27Z [ERROR] Error Getting All Vehicles
System.Exception: Vehicles not Found
   at VSM.Services.VehicleService.GetAll(Int32 page, Int32 pageSize, String search) in /Users/presidio/Desktop/Genspark/MiniProject/VehicleServiceManagement/Services/VehicleService.cs:line 76
   at VSM.Controllers.VehicleController.GetAll(Int32 page, Int32 pageSize, String search) in /Users/presidio/Desktop/Genspark/MiniProject/VehicleServiceManagement/Controllers/Vehiclecontroller.cs:line 76

2025-06-26 00:01:28Z [ERROR] Error Getting All Vehicles
System.Exception: Vehicles not Found
   at VSM.Services.VehicleService.GetAll(Int32 page, Int32 pageSize, String search) in /Users/presidio/Desktop/Genspark/MiniProject/VehicleServiceManagement/Services/VehicleService.cs:line 76
   at VSM.Controllers.VehicleController.GetAll(Int32 page, Int32 pageSize, String search) in /Users/presidio/Desktop/Genspark/MiniProject/VehicleServiceManagement/Controllers/Vehiclecontroller.cs:line 76

2025-06-26 00:01:28Z [ERROR] Error Getting All Vehicles
System.Exception: Vehicles not Found
   at VSM.Services.VehicleService.GetAll(Int32 page, Int32 pageSize, String search) in /Users/presidio/Desktop/Genspark/MiniProject/VehicleServiceManagement/Services/VehicleService.cs:line 76
   at VSM.Controllers.VehicleController.GetAll(Int32 page, Int32 pageSize, String search) in /Users/presidio/Desktop/Genspark/MiniProject/VehicleServiceManagement/Controllers/Vehiclecontroller.cs:line 76

2025-06-26 00:01:29Z [ERROR] Error Getting All Vehicles
System.Exception: Vehicles not Found
   at VSM.Services.VehicleService.GetAll(Int32 page, Int32 pageSize, String search) in /Users/presidio/Desktop/Genspark/MiniProject/VehicleServiceManagement/Services/VehicleService.cs:line 76
   at VSM.Controllers.VehicleController.GetAll(Int32 page, Int32 pageSize, String search) in /Users/presidio/Desktop/Genspark/MiniProject/VehicleServiceManagement/Controllers/Vehiclecontroller.cs:line 76

2025-06-26 00:01:34Z [ERROR] Error Getting All Vehicles
System.Exception: Vehicles not Found
   at VSM.Services.VehicleService.GetAll(Int32 page, Int32 pageSize, String search) in /Users/presidio/Desktop/Genspark/MiniProject/VehicleServiceManagement/Services/VehicleService.cs:line 76
   at VSM.Controllers.VehicleController.GetAll(Int32 page, Int32 pageSize, String search) in /Users/presidio/Desktop/Genspark/MiniProject/VehicleServiceManagement/Controllers/Vehiclecontroller.cs:line 76

2025-06-26 00:01:34Z [ERROR] Error Getting All Vehicles
System.Exception: Vehicles not Found
   at VSM.Services.VehicleService.GetAll(Int32 page, Int32 pageSize, String search) in /Users/presidio/Desktop/Genspark/MiniProject/VehicleServiceManagement/Services/VehicleService.cs:line 76
   at VSM.Controllers.VehicleController.GetAll(Int32 page, Int32 pageSize, String search) in /Users/presidio/Desktop/Genspark/MiniProject/VehicleServiceManagement/Controllers/Vehiclecontroller.cs:line 76

2025-06-26 00:01:34Z [ERROR] Error Getting All Vehicles
System.Exception: Vehicles not Found
   at VSM.Services.VehicleService.GetAll(Int32 page, Int32 pageSize, String search) in /Users/presidio/Desktop/Genspark/MiniProject/VehicleServiceManagement/Services/VehicleService.cs:line 76
   at VSM.Controllers.VehicleController.GetAll(Int32 page, Int32 pageSize, String search) in /Users/presidio/Desktop/Genspark/MiniProject/VehicleServiceManagement/Controllers/Vehiclecontroller.cs:line 76

2025-06-26 00:01:35Z [ERROR] Error Getting All Vehicles
System.Exception: Vehicles not Found
   at VSM.Services.VehicleService.GetAll(Int32 page, Int32 pageSize, String search) in /Users/presidio/Desktop/Genspark/MiniProject/VehicleServiceManagement/Services/VehicleService.cs:line 76
   at VSM.Controllers.VehicleController.GetAll(Int32 page, Int32 pageSize, String search) in /Users/presidio/Desktop/Genspark/MiniProject/VehicleServiceManagement/Controllers/Vehiclecontroller.cs:line 76

2025-06-26 00:01:35Z [ERROR] Error Getting All Vehicles
System.Exception: Vehicles not Found
   at VSM.Services.VehicleService.GetAll(Int32 page, Int32 pageSize, String search) in /Users/presidio/Desktop/Genspark/MiniProject/VehicleServiceManagement/Services/VehicleService.cs:line 76
   at VSM.Controllers.VehicleController.GetAll(Int32 page, Int32 pageSize, String search) in /Users/presidio/Desktop/Genspark/MiniProject/VehicleServiceManagement/Controllers/Vehiclecontroller.cs:line 76

2025-06-26 00:01:35Z [ERROR] Error Getting All Vehicles
System.Exception: Vehicles not Found
   at VSM.Services.VehicleService.GetAll(Int32 page, Int32 pageSize, String search) in /Users/presidio/Desktop/Genspark/MiniProject/VehicleServiceManagement/Services/VehicleService.cs:line 76
   at VSM.Controllers.VehicleController.GetAll(Int32 page, Int32 pageSize, String search) in /Users/presidio/Desktop/Genspark/MiniProject/VehicleServiceManagement/Controllers/Vehiclecontroller.cs:line 76

2025-06-26 00:04:00Z [ERROR] Error Getting All Vehicles
System.Exception: Vehicles not Found
   at VSM.Services.VehicleService.GetAll(Int32 page, Int32 pageSize, String search) in /Users/presidio/Desktop/Genspark/MiniProject/VehicleServiceManagement/Services/VehicleService.cs:line 76
   at VSM.Controllers.VehicleController.GetAll(Int32 page, Int32 pageSize, String search) in /Users/presidio/Desktop/Genspark/MiniProject/VehicleServiceManagement/Controllers/Vehiclecontroller.cs:line 76

2025-06-26 00:04:00Z [ERROR] Error Getting All Vehicles
System.Exception: Vehicles not Found
   at VSM.Services.VehicleService.GetAll(Int32 page, Int32 pageSize, String search) in /Users/presidio/Desktop/Genspark/MiniProject/VehicleServiceManagement/Services/VehicleService.cs:line 76
   at VSM.Controllers.VehicleController.GetAll(Int32 page, Int32 pageSize, String search) in /Users/presidio/Desktop/Genspark/MiniProject/VehicleServiceManagement/Controllers/Vehiclecontroller.cs:line 76

2025-06-26 00:04:00Z [ERROR] Error Getting All Vehicles
System.Exception: Vehicles not Found
   at VSM.Services.VehicleService.GetAll(Int32 page, Int32 pageSize, String search) in /Users/presidio/Desktop/Genspark/MiniProject/VehicleServiceManagement/Services/VehicleService.cs:line 76
   at VSM.Controllers.VehicleController.GetAll(Int32 page, Int32 pageSize, String search) in /Users/presidio/Desktop/Genspark/MiniProject/VehicleServiceManagement/Controllers/Vehiclecontroller.cs:line 76

2025-06-26 00:04:01Z [ERROR] Error Getting All Vehicles
System.Exception: Vehicles not Found
   at VSM.Services.VehicleService.GetAll(Int32 page, Int32 pageSize, String search) in /Users/presidio/Desktop/Genspark/MiniProject/VehicleServiceManagement/Services/VehicleService.cs:line 76
   at VSM.Controllers.VehicleController.GetAll(Int32 page, Int32 pageSize, String search) in /Users/presidio/Desktop/Genspark/MiniProject/VehicleServiceManagement/Controllers/Vehiclecontroller.cs:line 76

2025-06-26 00:04:01Z [ERROR] Error Getting All Vehicles
System.Exception: Vehicles not Found
   at VSM.Services.VehicleService.GetAll(Int32 page, Int32 pageSize, String search) in /Users/presidio/Desktop/Genspark/MiniProject/VehicleServiceManagement/Services/VehicleService.cs:line 76
   at VSM.Controllers.VehicleController.GetAll(Int32 page, Int32 pageSize, String search) in /Users/presidio/Desktop/Genspark/MiniProject/VehicleServiceManagement/Controllers/Vehiclecontroller.cs:line 76

2025-06-26 00:04:01Z [ERROR] Error Getting All Vehicles
System.Exception: Vehicles not Found
   at VSM.Services.VehicleService.GetAll(Int32 page, Int32 pageSize, String search) in /Users/presidio/Desktop/Genspark/MiniProject/VehicleServiceManagement/Services/VehicleService.cs:line 76
   at VSM.Controllers.VehicleController.GetAll(Int32 page, Int32 pageSize, String search) in /Users/presidio/Desktop/Genspark/MiniProject/VehicleServiceManagement/Controllers/Vehiclecontroller.cs:line 76

2025-06-26 00:04:02Z [ERROR] Error Getting All Vehicles
System.Exception: Vehicles not Found
   at VSM.Services.VehicleService.GetAll(Int32 page, Int32 pageSize, String search) in /Users/presidio/Desktop/Genspark/MiniProject/VehicleServiceManagement/Services/VehicleService.cs:line 76
   at VSM.Controllers.VehicleController.GetAll(Int32 page, Int32 pageSize, String search) in /Users/presidio/Desktop/Genspark/MiniProject/VehicleServiceManagement/Controllers/Vehiclecontroller.cs:line 76

2025-06-26 00:05:00Z [ERROR] Error Getting All Vehicles
System.Exception: Vehicles not Found
   at VSM.Services.VehicleService.GetAll(Int32 page, Int32 pageSize, String search) in /Users/presidio/Desktop/Genspark/MiniProject/VehicleServiceManagement/Services/VehicleService.cs:line 76
   at VSM.Controllers.VehicleController.GetAll(Int32 page, Int32 pageSize, String search) in /Users/presidio/Desktop/Genspark/MiniProject/VehicleServiceManagement/Controllers/Vehiclecontroller.cs:line 76

2025-06-26 00:05:00Z [ERROR] Error Getting All Vehicles
System.Exception: Vehicles not Found
   at VSM.Services.VehicleService.GetAll(Int32 page, Int32 pageSize, String search) in /Users/presidio/Desktop/Genspark/MiniProject/VehicleServiceManagement/Services/VehicleService.cs:line 76
   at VSM.Controllers.VehicleController.GetAll(Int32 page, Int32 pageSize, String search) in /Users/presidio/Desktop/Genspark/MiniProject/VehicleServiceManagement/Controllers/Vehiclecontroller.cs:line 76

2025-06-26 00:05:00Z [ERROR] Error Getting All Vehicles
System.Exception: Vehicles not Found
   at VSM.Services.VehicleService.GetAll(Int32 page, Int32 pageSize, String search) in /Users/presidio/Desktop/Genspark/MiniProject/VehicleServiceManagement/Services/VehicleService.cs:line 76
   at VSM.Controllers.VehicleController.GetAll(Int32 page, Int32 pageSize, String search) in /Users/presidio/Desktop/Genspark/MiniProject/VehicleServiceManagement/Controllers/Vehiclecontroller.cs:line 76

2025-06-26 00:05:04Z [ERROR] Error Getting All Vehicles
System.Exception: Vehicles not Found
   at VSM.Services.VehicleService.GetAll(Int32 page, Int32 pageSize, String search) in /Users/presidio/Desktop/Genspark/MiniProject/VehicleServiceManagement/Services/VehicleService.cs:line 76
   at VSM.Controllers.VehicleController.GetAll(Int32 page, Int32 pageSize, String search) in /Users/presidio/Desktop/Genspark/MiniProject/VehicleServiceManagement/Controllers/Vehiclecontroller.cs:line 76

2025-06-26 00:05:04Z [ERROR] Error Getting All Vehicles
System.Exception: Vehicles not Found
   at VSM.Services.VehicleService.GetAll(Int32 page, Int32 pageSize, String search) in /Users/presidio/Desktop/Genspark/MiniProject/VehicleServiceManagement/Services/VehicleService.cs:line 76
   at VSM.Controllers.VehicleController.GetAll(Int32 page, Int32 pageSize, String search) in /Users/presidio/Desktop/Genspark/MiniProject/VehicleServiceManagement/Controllers/Vehiclecontroller.cs:line 76

2025-06-26 00:05:04Z [ERROR] Error Getting All Vehicles
System.Exception: Vehicles not Found
   at VSM.Services.VehicleService.GetAll(Int32 page, Int32 pageSize, String search) in /Users/presidio/Desktop/Genspark/MiniProject/VehicleServiceManagement/Services/VehicleService.cs:line 76
   at VSM.Controllers.VehicleController.GetAll(Int32 page, Int32 pageSize, String search) in /Users/presidio/Desktop/Genspark/MiniProject/VehicleServiceManagement/Controllers/Vehiclecontroller.cs:line 76

2025-06-26 00:05:08Z [ERROR] Error Getting All Vehicles
System.Exception: Vehicles not Found
   at VSM.Services.VehicleService.GetAll(Int32 page, Int32 pageSize, String search) in /Users/presidio/Desktop/Genspark/MiniProject/VehicleServiceManagement/Services/VehicleService.cs:line 76
   at VSM.Controllers.VehicleController.GetAll(Int32 page, Int32 pageSize, String search) in /Users/presidio/Desktop/Genspark/MiniProject/VehicleServiceManagement/Controllers/Vehiclecontroller.cs:line 76

2025-06-26 00:05:08Z [ERROR] Error Getting All Vehicles
System.Exception: Vehicles not Found
   at VSM.Services.VehicleService.GetAll(Int32 page, Int32 pageSize, String search) in /Users/presidio/Desktop/Genspark/MiniProject/VehicleServiceManagement/Services/VehicleService.cs:line 76
   at VSM.Controllers.VehicleController.GetAll(Int32 page, Int32 pageSize, String search) in /Users/presidio/Desktop/Genspark/MiniProject/VehicleServiceManagement/Controllers/Vehiclecontroller.cs:line 76

2025-06-26 00:05:08Z [ERROR] Error Getting All Vehicles
System.Exception: Vehicles not Found
   at VSM.Services.VehicleService.GetAll(Int32 page, Int32 pageSize, String search) in /Users/presidio/Desktop/Genspark/MiniProject/VehicleServiceManagement/Services/VehicleService.cs:line 76
   at VSM.Controllers.VehicleController.GetAll(Int32 page, Int32 pageSize, String search) in /Users/presidio/Desktop/Genspark/MiniProject/VehicleServiceManagement/Controllers/Vehiclecontroller.cs:line 76

2025-06-26 00:05:09Z [ERROR] Error Getting All Vehicles
System.Exception: Vehicles not Found
   at VSM.Services.VehicleService.GetAll(Int32 page, Int32 pageSize, String search) in /Users/presidio/Desktop/Genspark/MiniProject/VehicleServiceManagement/Services/VehicleService.cs:line 76
   at VSM.Controllers.VehicleController.GetAll(Int32 page, Int32 pageSize, String search) in /Users/presidio/Desktop/Genspark/MiniProject/VehicleServiceManagement/Controllers/Vehiclecontroller.cs:line 76

2025-06-26 00:05:09Z [ERROR] Error Getting All Vehicles
System.Exception: Vehicles not Found
   at VSM.Services.VehicleService.GetAll(Int32 page, Int32 pageSize, String search) in /Users/presidio/Desktop/Genspark/MiniProject/VehicleServiceManagement/Services/VehicleService.cs:line 76
   at VSM.Controllers.VehicleController.GetAll(Int32 page, Int32 pageSize, String search) in /Users/presidio/Desktop/Genspark/MiniProject/VehicleServiceManagement/Controllers/Vehiclecontroller.cs:line 76

2025-06-26 00:05:11Z [ERROR] Error Getting All Vehicles
System.Exception: Vehicles not Found
   at VSM.Services.VehicleService.GetAll(Int32 page, Int32 pageSize, String search) in /Users/presidio/Desktop/Genspark/MiniProject/VehicleServiceManagement/Services/VehicleService.cs:line 76
   at VSM.Controllers.VehicleController.GetAll(Int32 page, Int32 pageSize, String search) in /Users/presidio/Desktop/Genspark/MiniProject/VehicleServiceManagement/Controllers/Vehiclecontroller.cs:line 76

2025-06-26 00:05:11Z [ERROR] Error Getting All Vehicles
System.Exception: Vehicles not Found
   at VSM.Services.VehicleService.GetAll(Int32 page, Int32 pageSize, String search) in /Users/presidio/Desktop/Genspark/MiniProject/VehicleServiceManagement/Services/VehicleService.cs:line 76
   at VSM.Controllers.VehicleController.GetAll(Int32 page, Int32 pageSize, String search) in /Users/presidio/Desktop/Genspark/MiniProject/VehicleServiceManagement/Controllers/Vehiclecontroller.cs:line 76

2025-06-26 00:05:12Z [ERROR] Error Getting All Vehicles
System.Exception: Vehicles not Found
   at VSM.Services.VehicleService.GetAll(Int32 page, Int32 pageSize, String search) in /Users/presidio/Desktop/Genspark/MiniProject/VehicleServiceManagement/Services/VehicleService.cs:line 76
   at VSM.Controllers.VehicleController.GetAll(Int32 page, Int32 pageSize, String search) in /Users/presidio/Desktop/Genspark/MiniProject/VehicleServiceManagement/Controllers/Vehiclecontroller.cs:line 76

2025-06-26 00:05:15Z [ERROR] Error Getting All Vehicles
System.Exception: Vehicles not Found
   at VSM.Services.VehicleService.GetAll(Int32 page, Int32 pageSize, String search) in /Users/presidio/Desktop/Genspark/MiniProject/VehicleServiceManagement/Services/VehicleService.cs:line 76
   at VSM.Controllers.VehicleController.GetAll(Int32 page, Int32 pageSize, String search) in /Users/presidio/Desktop/Genspark/MiniProject/VehicleServiceManagement/Controllers/Vehiclecontroller.cs:line 76

2025-06-26 00:05:15Z [ERROR] Error Getting All Vehicles
System.Exception: Vehicles not Found
   at VSM.Services.VehicleService.GetAll(Int32 page, Int32 pageSize, String search) in /Users/presidio/Desktop/Genspark/MiniProject/VehicleServiceManagement/Services/VehicleService.cs:line 76
   at VSM.Controllers.VehicleController.GetAll(Int32 page, Int32 pageSize, String search) in /Users/presidio/Desktop/Genspark/MiniProject/VehicleServiceManagement/Controllers/Vehiclecontroller.cs:line 76

2025-06-26 00:05:15Z [ERROR] Error Getting All Vehicles
System.Exception: Vehicles not Found
   at VSM.Services.VehicleService.GetAll(Int32 page, Int32 pageSize, String search) in /Users/presidio/Desktop/Genspark/MiniProject/VehicleServiceManagement/Services/VehicleService.cs:line 76
   at VSM.Controllers.VehicleController.GetAll(Int32 page, Int32 pageSize, String search) in /Users/presidio/Desktop/Genspark/MiniProject/VehicleServiceManagement/Controllers/Vehiclecontroller.cs:line 76

2025-06-26 00:05:19Z [ERROR] Error Getting All Vehicles
System.Exception: Vehicles not Found
   at VSM.Services.VehicleService.GetAll(Int32 page, Int32 pageSize, String search) in /Users/presidio/Desktop/Genspark/MiniProject/VehicleServiceManagement/Services/VehicleService.cs:line 76
   at VSM.Controllers.VehicleController.GetAll(Int32 page, Int32 pageSize, String search) in /Users/presidio/Desktop/Genspark/MiniProject/VehicleServiceManagement/Controllers/Vehiclecontroller.cs:line 76

2025-06-26 00:05:19Z [ERROR] Error Getting All Vehicles
System.Exception: Vehicles not Found
   at VSM.Services.VehicleService.GetAll(Int32 page, Int32 pageSize, String search) in /Users/presidio/Desktop/Genspark/MiniProject/VehicleServiceManagement/Services/VehicleService.cs:line 76
   at VSM.Controllers.VehicleController.GetAll(Int32 page, Int32 pageSize, String search) in /Users/presidio/Desktop/Genspark/MiniProject/VehicleServiceManagement/Controllers/Vehiclecontroller.cs:line 76

2025-06-26 00:05:19Z [ERROR] Error Getting All Vehicles
System.Exception: Vehicles not Found
   at VSM.Services.VehicleService.GetAll(Int32 page, Int32 pageSize, String search) in /Users/presidio/Desktop/Genspark/MiniProject/VehicleServiceManagement/Services/VehicleService.cs:line 76
   at VSM.Controllers.VehicleController.GetAll(Int32 page, Int32 pageSize, String search) in /Users/presidio/Desktop/Genspark/MiniProject/VehicleServiceManagement/Controllers/Vehiclecontroller.cs:line 76

2025-06-26 00:05:19Z [ERROR] Error Getting All Vehicles
System.Exception: Vehicles not Found
   at VSM.Services.VehicleService.GetAll(Int32 page, Int32 pageSize, String search) in /Users/presidio/Desktop/Genspark/MiniProject/VehicleServiceManagement/Services/VehicleService.cs:line 76
   at VSM.Controllers.VehicleController.GetAll(Int32 page, Int32 pageSize, String search) in /Users/presidio/Desktop/Genspark/MiniProject/VehicleServiceManagement/Controllers/Vehiclecontroller.cs:line 76

2025-06-26 00:05:19Z [ERROR] Error Getting All Vehicles
System.Exception: Vehicles not Found
   at VSM.Services.VehicleService.GetAll(Int32 page, Int32 pageSize, String search) in /Users/presidio/Desktop/Genspark/MiniProject/VehicleServiceManagement/Services/VehicleService.cs:line 76
   at VSM.Controllers.VehicleController.GetAll(Int32 page, Int32 pageSize, String search) in /Users/presidio/Desktop/Genspark/MiniProject/VehicleServiceManagement/Controllers/Vehiclecontroller.cs:line 76

2025-06-26 00:05:20Z [ERROR] Error Getting All Vehicles
System.Exception: Vehicles not Found
   at VSM.Services.VehicleService.GetAll(Int32 page, Int32 pageSize, String search) in /Users/presidio/Desktop/Genspark/MiniProject/VehicleServiceManagement/Services/VehicleService.cs:line 76
   at VSM.Controllers.VehicleController.GetAll(Int32 page, Int32 pageSize, String search) in /Users/presidio/Desktop/Genspark/MiniProject/VehicleServiceManagement/Controllers/Vehiclecontroller.cs:line 76

2025-06-26 00:05:20Z [ERROR] Error Getting All Vehicles
System.Exception: Vehicles not Found
   at VSM.Services.VehicleService.GetAll(Int32 page, Int32 pageSize, String search) in /Users/presidio/Desktop/Genspark/MiniProject/VehicleServiceManagement/Services/VehicleService.cs:line 76
   at VSM.Controllers.VehicleController.GetAll(Int32 page, Int32 pageSize, String search) in /Users/presidio/Desktop/Genspark/MiniProject/VehicleServiceManagement/Controllers/Vehiclecontroller.cs:line 76

2025-06-26 00:05:20Z [ERROR] Error Getting All Vehicles
System.Exception: Vehicles not Found
   at VSM.Services.VehicleService.GetAll(Int32 page, Int32 pageSize, String search) in /Users/presidio/Desktop/Genspark/MiniProject/VehicleServiceManagement/Services/VehicleService.cs:line 76
   at VSM.Controllers.VehicleController.GetAll(Int32 page, Int32 pageSize, String search) in /Users/presidio/Desktop/Genspark/MiniProject/VehicleServiceManagement/Controllers/Vehiclecontroller.cs:line 76

2025-06-26 00:05:20Z [ERROR] Error Getting All Vehicles
System.Exception: Vehicles not Found
   at VSM.Services.VehicleService.GetAll(Int32 page, Int32 pageSize, String search) in /Users/presidio/Desktop/Genspark/MiniProject/VehicleServiceManagement/Services/VehicleService.cs:line 76
   at VSM.Controllers.VehicleController.GetAll(Int32 page, Int32 pageSize, String search) in /Users/presidio/Desktop/Genspark/MiniProject/VehicleServiceManagement/Controllers/Vehiclecontroller.cs:line 76

2025-06-26 00:05:20Z [ERROR] Error Getting All Vehicles
System.Exception: Vehicles not Found
   at VSM.Services.VehicleService.GetAll(Int32 page, Int32 pageSize, String search) in /Users/presidio/Desktop/Genspark/MiniProject/VehicleServiceManagement/Services/VehicleService.cs:line 76
   at VSM.Controllers.VehicleController.GetAll(Int32 page, Int32 pageSize, String search) in /Users/presidio/Desktop/Genspark/MiniProject/VehicleServiceManagement/Controllers/Vehiclecontroller.cs:line 76

2025-06-26 00:05:20Z [ERROR] Error Getting All Vehicles
System.Exception: Vehicles not Found
   at VSM.Services.VehicleService.GetAll(Int32 page, Int32 pageSize, String search) in /Users/presidio/Desktop/Genspark/MiniProject/VehicleServiceManagement/Services/VehicleService.cs:line 76
   at VSM.Controllers.VehicleController.GetAll(Int32 page, Int32 pageSize, String search) in /Users/presidio/Desktop/Genspark/MiniProject/VehicleServiceManagement/Controllers/Vehiclecontroller.cs:line 76

2025-06-26 00:05:20Z [ERROR] Error Getting All Vehicles
System.Exception: Vehicles not Found
   at VSM.Services.VehicleService.GetAll(Int32 page, Int32 pageSize, String search) in /Users/presidio/Desktop/Genspark/MiniProject/VehicleServiceManagement/Services/VehicleService.cs:line 76
   at VSM.Controllers.VehicleController.GetAll(Int32 page, Int32 pageSize, String search) in /Users/presidio/Desktop/Genspark/MiniProject/VehicleServiceManagement/Controllers/Vehiclecontroller.cs:line 76

2025-06-26 00:05:20Z [ERROR] Error Getting All Vehicles
System.Exception: Vehicles not Found
   at VSM.Services.VehicleService.GetAll(Int32 page, Int32 pageSize, String search) in /Users/presidio/Desktop/Genspark/MiniProject/VehicleServiceManagement/Services/VehicleService.cs:line 76
   at VSM.Controllers.VehicleController.GetAll(Int32 page, Int32 pageSize, String search) in /Users/presidio/Desktop/Genspark/MiniProject/VehicleServiceManagement/Controllers/Vehiclecontroller.cs:line 76

2025-06-26 00:05:20Z [ERROR] Error Getting All Vehicles
System.Exception: Vehicles not Found
   at VSM.Services.VehicleService.GetAll(Int32 page, Int32 pageSize, String search) in /Users/presidio/Desktop/Genspark/MiniProject/VehicleServiceManagement/Services/VehicleService.cs:line 76
   at VSM.Controllers.VehicleController.GetAll(Int32 page, Int32 pageSize, String search) in /Users/presidio/Desktop/Genspark/MiniProject/VehicleServiceManagement/Controllers/Vehiclecontroller.cs:line 76

2025-06-26 00:05:20Z [ERROR] Error Getting All Vehicles
System.Exception: Vehicles not Found
   at VSM.Services.VehicleService.GetAll(Int32 page, Int32 pageSize, String search) in /Users/presidio/Desktop/Genspark/MiniProject/VehicleServiceManagement/Services/VehicleService.cs:line 76
   at VSM.Controllers.VehicleController.GetAll(Int32 page, Int32 pageSize, String search) in /Users/presidio/Desktop/Genspark/MiniProject/VehicleServiceManagement/Controllers/Vehiclecontroller.cs:line 76

2025-06-26 00:05:20Z [ERROR] Error Getting All Vehicles
System.Exception: Vehicles not Found
   at VSM.Services.VehicleService.GetAll(Int32 page, Int32 pageSize, String search) in /Users/presidio/Desktop/Genspark/MiniProject/VehicleServiceManagement/Services/VehicleService.cs:line 76
   at VSM.Controllers.VehicleController.GetAll(Int32 page, Int32 pageSize, String search) in /Users/presidio/Desktop/Genspark/MiniProject/VehicleServiceManagement/Controllers/Vehiclecontroller.cs:line 76

2025-06-26 00:05:20Z [ERROR] Error Getting All Vehicles
System.Exception: Vehicles not Found
   at VSM.Services.VehicleService.GetAll(Int32 page, Int32 pageSize, String search) in /Users/presidio/Desktop/Genspark/MiniProject/VehicleServiceManagement/Services/VehicleService.cs:line 76
   at VSM.Controllers.VehicleController.GetAll(Int32 page, Int32 pageSize, String search) in /Users/presidio/Desktop/Genspark/MiniProject/VehicleServiceManagement/Controllers/Vehiclecontroller.cs:line 76

2025-06-26 00:05:20Z [ERROR] Error Getting All Vehicles
System.Exception: Vehicles not Found
   at VSM.Services.VehicleService.GetAll(Int32 page, Int32 pageSize, String search) in /Users/presidio/Desktop/Genspark/MiniProject/VehicleServiceManagement/Services/VehicleService.cs:line 76
   at VSM.Controllers.VehicleController.GetAll(Int32 page, Int32 pageSize, String search) in /Users/presidio/Desktop/Genspark/MiniProject/VehicleServiceManagement/Controllers/Vehiclecontroller.cs:line 76

2025-06-26 00:05:20Z [ERROR] Error Getting All Vehicles
System.Exception: Vehicles not Found
   at VSM.Services.VehicleService.GetAll(Int32 page, Int32 pageSize, String search) in /Users/presidio/Desktop/Genspark/MiniProject/VehicleServiceManagement/Services/VehicleService.cs:line 76
   at VSM.Controllers.VehicleController.GetAll(Int32 page, Int32 pageSize, String search) in /Users/presidio/Desktop/Genspark/MiniProject/VehicleServiceManagement/Controllers/Vehiclecontroller.cs:line 76

2025-06-26 00:05:21Z [ERROR] Error Getting All Vehicles
System.Exception: Vehicles not Found
   at VSM.Services.VehicleService.GetAll(Int32 page, Int32 pageSize, String search) in /Users/presidio/Desktop/Genspark/MiniProject/VehicleServiceManagement/Services/VehicleService.cs:line 76
   at VSM.Controllers.VehicleController.GetAll(Int32 page, Int32 pageSize, String search) in /Users/presidio/Desktop/Genspark/MiniProject/VehicleServiceManagement/Controllers/Vehiclecontroller.cs:line 76

2025-06-26 00:05:21Z [ERROR] Error Getting All Vehicles
System.Exception: Vehicles not Found
   at VSM.Services.VehicleService.GetAll(Int32 page, Int32 pageSize, String search) in /Users/presidio/Desktop/Genspark/MiniProject/VehicleServiceManagement/Services/VehicleService.cs:line 76
   at VSM.Controllers.VehicleController.GetAll(Int32 page, Int32 pageSize, String search) in /Users/presidio/Desktop/Genspark/MiniProject/VehicleServiceManagement/Controllers/Vehiclecontroller.cs:line 76

2025-06-26 00:05:21Z [ERROR] Error Getting All Vehicles
System.Exception: Vehicles not Found
   at VSM.Services.VehicleService.GetAll(Int32 page, Int32 pageSize, String search) in /Users/presidio/Desktop/Genspark/MiniProject/VehicleServiceManagement/Services/VehicleService.cs:line 76
   at VSM.Controllers.VehicleController.GetAll(Int32 page, Int32 pageSize, String search) in /Users/presidio/Desktop/Genspark/MiniProject/VehicleServiceManagement/Controllers/Vehiclecontroller.cs:line 76

2025-06-26 00:05:21Z [ERROR] Error Getting All Vehicles
System.Exception: Vehicles not Found
   at VSM.Services.VehicleService.GetAll(Int32 page, Int32 pageSize, String search) in /Users/presidio/Desktop/Genspark/MiniProject/VehicleServiceManagement/Services/VehicleService.cs:line 76
   at VSM.Controllers.VehicleController.GetAll(Int32 page, Int32 pageSize, String search) in /Users/presidio/Desktop/Genspark/MiniProject/VehicleServiceManagement/Controllers/Vehiclecontroller.cs:line 76

2025-06-26 00:05:21Z [ERROR] Error Getting All Vehicles
System.Exception: Vehicles not Found
   at VSM.Services.VehicleService.GetAll(Int32 page, Int32 pageSize, String search) in /Users/presidio/Desktop/Genspark/MiniProject/VehicleServiceManagement/Services/VehicleService.cs:line 76
   at VSM.Controllers.VehicleController.GetAll(Int32 page, Int32 pageSize, String search) in /Users/presidio/Desktop/Genspark/MiniProject/VehicleServiceManagement/Controllers/Vehiclecontroller.cs:line 76

2025-06-26 00:05:21Z [ERROR] Error Getting All Vehicles
System.Exception: Vehicles not Found
   at VSM.Services.VehicleService.GetAll(Int32 page, Int32 pageSize, String search) in /Users/presidio/Desktop/Genspark/MiniProject/VehicleServiceManagement/Services/VehicleService.cs:line 76
   at VSM.Controllers.VehicleController.GetAll(Int32 page, Int32 pageSize, String search) in /Users/presidio/Desktop/Genspark/MiniProject/VehicleServiceManagement/Controllers/Vehiclecontroller.cs:line 76

2025-06-26 00:05:32Z [ERROR] Error Getting All Vehicles
System.Exception: Vehicles not Found
   at VSM.Services.VehicleService.GetAll(Int32 page, Int32 pageSize, String search) in /Users/presidio/Desktop/Genspark/MiniProject/VehicleServiceManagement/Services/VehicleService.cs:line 76
   at VSM.Controllers.VehicleController.GetAll(Int32 page, Int32 pageSize, String search) in /Users/presidio/Desktop/Genspark/MiniProject/VehicleServiceManagement/Controllers/Vehiclecontroller.cs:line 76

2025-06-26 00:05:37Z [ERROR] Error Getting All Vehicles
System.Exception: Vehicles not Found
   at VSM.Services.VehicleService.GetAll(Int32 page, Int32 pageSize, String search) in /Users/presidio/Desktop/Genspark/MiniProject/VehicleServiceManagement/Services/VehicleService.cs:line 76
   at VSM.Controllers.VehicleController.GetAll(Int32 page, Int32 pageSize, String search) in /Users/presidio/Desktop/Genspark/MiniProject/VehicleServiceManagement/Controllers/Vehiclecontroller.cs:line 76

2025-06-26 00:05:37Z [ERROR] Error Getting All Vehicles
System.Exception: Vehicles not Found
   at VSM.Services.VehicleService.GetAll(Int32 page, Int32 pageSize, String search) in /Users/presidio/Desktop/Genspark/MiniProject/VehicleServiceManagement/Services/VehicleService.cs:line 76
   at VSM.Controllers.VehicleController.GetAll(Int32 page, Int32 pageSize, String search) in /Users/presidio/Desktop/Genspark/MiniProject/VehicleServiceManagement/Controllers/Vehiclecontroller.cs:line 76

2025-06-26 00:05:37Z [ERROR] Error Getting All Vehicles
System.Exception: Vehicles not Found
   at VSM.Services.VehicleService.GetAll(Int32 page, Int32 pageSize, String search) in /Users/presidio/Desktop/Genspark/MiniProject/VehicleServiceManagement/Services/VehicleService.cs:line 76
   at VSM.Controllers.VehicleController.GetAll(Int32 page, Int32 pageSize, String search) in /Users/presidio/Desktop/Genspark/MiniProject/VehicleServiceManagement/Controllers/Vehiclecontroller.cs:line 76

2025-06-26 00:05:39Z [ERROR] Error Getting All Vehicles
System.Exception: Vehicles not Found
   at VSM.Services.VehicleService.GetAll(Int32 page, Int32 pageSize, String search) in /Users/presidio/Desktop/Genspark/MiniProject/VehicleServiceManagement/Services/VehicleService.cs:line 76
   at VSM.Controllers.VehicleController.GetAll(Int32 page, Int32 pageSize, String search) in /Users/presidio/Desktop/Genspark/MiniProject/VehicleServiceManagement/Controllers/Vehiclecontroller.cs:line 76

2025-06-26 00:05:39Z [ERROR] Error Getting All Vehicles
System.Exception: Vehicles not Found
   at VSM.Services.VehicleService.GetAll(Int32 page, Int32 pageSize, String search) in /Users/presidio/Desktop/Genspark/MiniProject/VehicleServiceManagement/Services/VehicleService.cs:line 76
   at VSM.Controllers.VehicleController.GetAll(Int32 page, Int32 pageSize, String search) in /Users/presidio/Desktop/Genspark/MiniProject/VehicleServiceManagement/Controllers/Vehiclecontroller.cs:line 76

2025-06-26 00:05:48Z [ERROR] Error Getting All Vehicles
System.Exception: Vehicles not Found
   at VSM.Services.VehicleService.GetAll(Int32 page, Int32 pageSize, String search) in /Users/presidio/Desktop/Genspark/MiniProject/VehicleServiceManagement/Services/VehicleService.cs:line 76
   at VSM.Controllers.VehicleController.GetAll(Int32 page, Int32 pageSize, String search) in /Users/presidio/Desktop/Genspark/MiniProject/VehicleServiceManagement/Controllers/Vehiclecontroller.cs:line 76

2025-06-26 00:05:48Z [ERROR] Error Getting All Vehicles
System.Exception: Vehicles not Found
   at VSM.Services.VehicleService.GetAll(Int32 page, Int32 pageSize, String search) in /Users/presidio/Desktop/Genspark/MiniProject/VehicleServiceManagement/Services/VehicleService.cs:line 76
   at VSM.Controllers.VehicleController.GetAll(Int32 page, Int32 pageSize, String search) in /Users/presidio/Desktop/Genspark/MiniProject/VehicleServiceManagement/Controllers/Vehiclecontroller.cs:line 76

2025-06-26 00:05:48Z [ERROR] Error Getting All Vehicles
System.Exception: Vehicles not Found
   at VSM.Services.VehicleService.GetAll(Int32 page, Int32 pageSize, String search) in /Users/presidio/Desktop/Genspark/MiniProject/VehicleServiceManagement/Services/VehicleService.cs:line 76
   at VSM.Controllers.VehicleController.GetAll(Int32 page, Int32 pageSize, String search) in /Users/presidio/Desktop/Genspark/MiniProject/VehicleServiceManagement/Controllers/Vehiclecontroller.cs:line 76

2025-06-26 00:05:48Z [ERROR] Error Getting All Vehicles
System.Exception: Vehicles not Found
   at VSM.Services.VehicleService.GetAll(Int32 page, Int32 pageSize, String search) in /Users/presidio/Desktop/Genspark/MiniProject/VehicleServiceManagement/Services/VehicleService.cs:line 76
   at VSM.Controllers.VehicleController.GetAll(Int32 page, Int32 pageSize, String search) in /Users/presidio/Desktop/Genspark/MiniProject/VehicleServiceManagement/Controllers/Vehiclecontroller.cs:line 76

2025-06-26 00:05:48Z [ERROR] Error Getting All Vehicles
System.Exception: Vehicles not Found
   at VSM.Services.VehicleService.GetAll(Int32 page, Int32 pageSize, String search) in /Users/presidio/Desktop/Genspark/MiniProject/VehicleServiceManagement/Services/VehicleService.cs:line 76
   at VSM.Controllers.VehicleController.GetAll(Int32 page, Int32 pageSize, String search) in /Users/presidio/Desktop/Genspark/MiniProject/VehicleServiceManagement/Controllers/Vehiclecontroller.cs:line 76

2025-06-26 00:05:48Z [ERROR] Error Getting All Vehicles
System.Exception: Vehicles not Found
   at VSM.Services.VehicleService.GetAll(Int32 page, Int32 pageSize, String search) in /Users/presidio/Desktop/Genspark/MiniProject/VehicleServiceManagement/Services/VehicleService.cs:line 76
   at VSM.Controllers.VehicleController.GetAll(Int32 page, Int32 pageSize, String search) in /Users/presidio/Desktop/Genspark/MiniProject/VehicleServiceManagement/Controllers/Vehiclecontroller.cs:line 76

2025-06-26 00:05:50Z [ERROR] Error Getting All Vehicles
System.Exception: Vehicles not Found
   at VSM.Services.VehicleService.GetAll(Int32 page, Int32 pageSize, String search) in /Users/presidio/Desktop/Genspark/MiniProject/VehicleServiceManagement/Services/VehicleService.cs:line 76
   at VSM.Controllers.VehicleController.GetAll(Int32 page, Int32 pageSize, String search) in /Users/presidio/Desktop/Genspark/MiniProject/VehicleServiceManagement/Controllers/Vehiclecontroller.cs:line 76

2025-06-26 00:05:50Z [ERROR] Error Getting All Vehicles
System.Exception: Vehicles not Found
   at VSM.Services.VehicleService.GetAll(Int32 page, Int32 pageSize, String search) in /Users/presidio/Desktop/Genspark/MiniProject/VehicleServiceManagement/Services/VehicleService.cs:line 76
   at VSM.Controllers.VehicleController.GetAll(Int32 page, Int32 pageSize, String search) in /Users/presidio/Desktop/Genspark/MiniProject/VehicleServiceManagement/Controllers/Vehiclecontroller.cs:line 76

2025-06-26 00:05:50Z [ERROR] Error Getting All Vehicles
System.Exception: Vehicles not Found
   at VSM.Services.VehicleService.GetAll(Int32 page, Int32 pageSize, String search) in /Users/presidio/Desktop/Genspark/MiniProject/VehicleServiceManagement/Services/VehicleService.cs:line 76
   at VSM.Controllers.VehicleController.GetAll(Int32 page, Int32 pageSize, String search) in /Users/presidio/Desktop/Genspark/MiniProject/VehicleServiceManagement/Controllers/Vehiclecontroller.cs:line 76

2025-06-26 00:05:51Z [ERROR] Error Getting All Vehicles
System.Exception: Vehicles not Found
   at VSM.Services.VehicleService.GetAll(Int32 page, Int32 pageSize, String search) in /Users/presidio/Desktop/Genspark/MiniProject/VehicleServiceManagement/Services/VehicleService.cs:line 76
   at VSM.Controllers.VehicleController.GetAll(Int32 page, Int32 pageSize, String search) in /Users/presidio/Desktop/Genspark/MiniProject/VehicleServiceManagement/Controllers/Vehiclecontroller.cs:line 76

2025-06-26 00:05:51Z [ERROR] Error Getting All Vehicles
System.Exception: Vehicles not Found
   at VSM.Services.VehicleService.GetAll(Int32 page, Int32 pageSize, String search) in /Users/presidio/Desktop/Genspark/MiniProject/VehicleServiceManagement/Services/VehicleService.cs:line 76
   at VSM.Controllers.VehicleController.GetAll(Int32 page, Int32 pageSize, String search) in /Users/presidio/Desktop/Genspark/MiniProject/VehicleServiceManagement/Controllers/Vehiclecontroller.cs:line 76

2025-06-26 00:05:51Z [ERROR] Error Getting All Vehicles
System.Exception: Vehicles not Found
   at VSM.Services.VehicleService.GetAll(Int32 page, Int32 pageSize, String search) in /Users/presidio/Desktop/Genspark/MiniProject/VehicleServiceManagement/Services/VehicleService.cs:line 76
   at VSM.Controllers.VehicleController.GetAll(Int32 page, Int32 pageSize, String search) in /Users/presidio/Desktop/Genspark/MiniProject/VehicleServiceManagement/Controllers/Vehiclecontroller.cs:line 76

2025-06-26 00:06:04Z [ERROR] Error Getting All Vehicles
System.Exception: Vehicles not Found
   at VSM.Services.VehicleService.GetAll(Int32 page, Int32 pageSize, String search) in /Users/presidio/Desktop/Genspark/MiniProject/VehicleServiceManagement/Services/VehicleService.cs:line 76
   at VSM.Controllers.VehicleController.GetAll(Int32 page, Int32 pageSize, String search) in /Users/presidio/Desktop/Genspark/MiniProject/VehicleServiceManagement/Controllers/Vehiclecontroller.cs:line 76

2025-06-26 00:06:06Z [ERROR] Error Getting All Vehicles
System.Exception: Vehicles not Found
   at VSM.Services.VehicleService.GetAll(Int32 page, Int32 pageSize, String search) in /Users/presidio/Desktop/Genspark/MiniProject/VehicleServiceManagement/Services/VehicleService.cs:line 76
   at VSM.Controllers.VehicleController.GetAll(Int32 page, Int32 pageSize, String search) in /Users/presidio/Desktop/Genspark/MiniProject/VehicleServiceManagement/Controllers/Vehiclecontroller.cs:line 76

2025-06-26 00:06:06Z [ERROR] Error Getting All Vehicles
System.Exception: Vehicles not Found
   at VSM.Services.VehicleService.GetAll(Int32 page, Int32 pageSize, String search) in /Users/presidio/Desktop/Genspark/MiniProject/VehicleServiceManagement/Services/VehicleService.cs:line 76
   at VSM.Controllers.VehicleController.GetAll(Int32 page, Int32 pageSize, String search) in /Users/presidio/Desktop/Genspark/MiniProject/VehicleServiceManagement/Controllers/Vehiclecontroller.cs:line 76

2025-06-26 00:06:10Z [ERROR] Error Getting All Vehicles
System.Exception: Vehicles not Found
   at VSM.Services.VehicleService.GetAll(Int32 page, Int32 pageSize, String search) in /Users/presidio/Desktop/Genspark/MiniProject/VehicleServiceManagement/Services/VehicleService.cs:line 76
   at VSM.Controllers.VehicleController.GetAll(Int32 page, Int32 pageSize, String search) in /Users/presidio/Desktop/Genspark/MiniProject/VehicleServiceManagement/Controllers/Vehiclecontroller.cs:line 76

2025-06-26 00:06:26Z [ERROR] Error Getting All Vehicles
System.Exception: Vehicles not Found
   at VSM.Services.VehicleService.GetAll(Int32 page, Int32 pageSize, String search) in /Users/presidio/Desktop/Genspark/MiniProject/VehicleServiceManagement/Services/VehicleService.cs:line 76
   at VSM.Controllers.VehicleController.GetAll(Int32 page, Int32 pageSize, String search) in /Users/presidio/Desktop/Genspark/MiniProject/VehicleServiceManagement/Controllers/Vehiclecontroller.cs:line 76

2025-06-26 00:06:26Z [ERROR] Error Getting All Vehicles
System.Exception: Vehicles not Found
   at VSM.Services.VehicleService.GetAll(Int32 page, Int32 pageSize, String search) in /Users/presidio/Desktop/Genspark/MiniProject/VehicleServiceManagement/Services/VehicleService.cs:line 76
   at VSM.Controllers.VehicleController.GetAll(Int32 page, Int32 pageSize, String search) in /Users/presidio/Desktop/Genspark/MiniProject/VehicleServiceManagement/Controllers/Vehiclecontroller.cs:line 76

2025-06-26 00:06:26Z [ERROR] Error Getting All Vehicles
System.Exception: Vehicles not Found
   at VSM.Services.VehicleService.GetAll(Int32 page, Int32 pageSize, String search) in /Users/presidio/Desktop/Genspark/MiniProject/VehicleServiceManagement/Services/VehicleService.cs:line 76
   at VSM.Controllers.VehicleController.GetAll(Int32 page, Int32 pageSize, String search) in /Users/presidio/Desktop/Genspark/MiniProject/VehicleServiceManagement/Controllers/Vehiclecontroller.cs:line 76

2025-06-26 00:06:33Z [ERROR] Error Getting All Vehicles
System.Exception: Vehicles not Found
   at VSM.Services.VehicleService.GetAll(Int32 page, Int32 pageSize, String search) in /Users/presidio/Desktop/Genspark/MiniProject/VehicleServiceManagement/Services/VehicleService.cs:line 76
   at VSM.Controllers.VehicleController.GetAll(Int32 page, Int32 pageSize, String search) in /Users/presidio/Desktop/Genspark/MiniProject/VehicleServiceManagement/Controllers/Vehiclecontroller.cs:line 76

2025-06-26 00:06:57Z [ERROR] Error Getting All Vehicles
System.Exception: Vehicles not Found
   at VSM.Services.VehicleService.GetAll(Int32 page, Int32 pageSize, String search) in /Users/presidio/Desktop/Genspark/MiniProject/VehicleServiceManagement/Services/VehicleService.cs:line 76
   at VSM.Controllers.VehicleController.GetAll(Int32 page, Int32 pageSize, String search) in /Users/presidio/Desktop/Genspark/MiniProject/VehicleServiceManagement/Controllers/Vehiclecontroller.cs:line 76

2025-06-26 00:06:57Z [ERROR] Error Getting All Vehicles
System.Exception: Vehicles not Found
   at VSM.Services.VehicleService.GetAll(Int32 page, Int32 pageSize, String search) in /Users/presidio/Desktop/Genspark/MiniProject/VehicleServiceManagement/Services/VehicleService.cs:line 76
   at VSM.Controllers.VehicleController.GetAll(Int32 page, Int32 pageSize, String search) in /Users/presidio/Desktop/Genspark/MiniProject/VehicleServiceManagement/Controllers/Vehiclecontroller.cs:line 76

2025-06-26 00:06:58Z [ERROR] Error Getting All Vehicles
System.Exception: Vehicles not Found
   at VSM.Services.VehicleService.GetAll(Int32 page, Int32 pageSize, String search) in /Users/presidio/Desktop/Genspark/MiniProject/VehicleServiceManagement/Services/VehicleService.cs:line 76
   at VSM.Controllers.VehicleController.GetAll(Int32 page, Int32 pageSize, String search) in /Users/presidio/Desktop/Genspark/MiniProject/VehicleServiceManagement/Controllers/Vehiclecontroller.cs:line 76

2025-06-26 00:06:58Z [ERROR] Error Getting All Vehicles
System.Exception: Vehicles not Found
   at VSM.Services.VehicleService.GetAll(Int32 page, Int32 pageSize, String search) in /Users/presidio/Desktop/Genspark/MiniProject/VehicleServiceManagement/Services/VehicleService.cs:line 76
   at VSM.Controllers.VehicleController.GetAll(Int32 page, Int32 pageSize, String search) in /Users/presidio/Desktop/Genspark/MiniProject/VehicleServiceManagement/Controllers/Vehiclecontroller.cs:line 76

2025-06-26 00:07:03Z [ERROR] Error Getting All Vehicles
System.Exception: Vehicles not Found
   at VSM.Services.VehicleService.GetAll(Int32 page, Int32 pageSize, String search) in /Users/presidio/Desktop/Genspark/MiniProject/VehicleServiceManagement/Services/VehicleService.cs:line 76
   at VSM.Controllers.VehicleController.GetAll(Int32 page, Int32 pageSize, String search) in /Users/presidio/Desktop/Genspark/MiniProject/VehicleServiceManagement/Controllers/Vehiclecontroller.cs:line 76

2025-06-26 00:07:03Z [ERROR] Error Getting All Vehicles
System.Exception: Vehicles not Found
   at VSM.Services.VehicleService.GetAll(Int32 page, Int32 pageSize, String search) in /Users/presidio/Desktop/Genspark/MiniProject/VehicleServiceManagement/Services/VehicleService.cs:line 76
   at VSM.Controllers.VehicleController.GetAll(Int32 page, Int32 pageSize, String search) in /Users/presidio/Desktop/Genspark/MiniProject/VehicleServiceManagement/Controllers/Vehiclecontroller.cs:line 76

2025-06-26 00:07:03Z [ERROR] Error Getting All Vehicles
System.Exception: Vehicles not Found
   at VSM.Services.VehicleService.GetAll(Int32 page, Int32 pageSize, String search) in /Users/presidio/Desktop/Genspark/MiniProject/VehicleServiceManagement/Services/VehicleService.cs:line 76
   at VSM.Controllers.VehicleController.GetAll(Int32 page, Int32 pageSize, String search) in /Users/presidio/Desktop/Genspark/MiniProject/VehicleServiceManagement/Controllers/Vehiclecontroller.cs:line 76

2025-06-26 00:07:03Z [ERROR] Error Getting All Vehicles
System.Exception: Vehicles not Found
   at VSM.Services.VehicleService.GetAll(Int32 page, Int32 pageSize, String search) in /Users/presidio/Desktop/Genspark/MiniProject/VehicleServiceManagement/Services/VehicleService.cs:line 76
   at VSM.Controllers.VehicleController.GetAll(Int32 page, Int32 pageSize, String search) in /Users/presidio/Desktop/Genspark/MiniProject/VehicleServiceManagement/Controllers/Vehiclecontroller.cs:line 76

2025-06-26 00:07:05Z [ERROR] Error Getting All Vehicles
System.Exception: Vehicles not Found
   at VSM.Services.VehicleService.GetAll(Int32 page, Int32 pageSize, String search) in /Users/presidio/Desktop/Genspark/MiniProject/VehicleServiceManagement/Services/VehicleService.cs:line 76
   at VSM.Controllers.VehicleController.GetAll(Int32 page, Int32 pageSize, String search) in /Users/presidio/Desktop/Genspark/MiniProject/VehicleServiceManagement/Controllers/Vehiclecontroller.cs:line 76

2025-06-26 00:07:05Z [ERROR] Error Getting All Vehicles
System.Exception: Vehicles not Found
   at VSM.Services.VehicleService.GetAll(Int32 page, Int32 pageSize, String search) in /Users/presidio/Desktop/Genspark/MiniProject/VehicleServiceManagement/Services/VehicleService.cs:line 76
   at VSM.Controllers.VehicleController.GetAll(Int32 page, Int32 pageSize, String search) in /Users/presidio/Desktop/Genspark/MiniProject/VehicleServiceManagement/Controllers/Vehiclecontroller.cs:line 76

2025-06-26 00:07:06Z [ERROR] Error Getting All Vehicles
System.Exception: Vehicles not Found
   at VSM.Services.VehicleService.GetAll(Int32 page, Int32 pageSize, String search) in /Users/presidio/Desktop/Genspark/MiniProject/VehicleServiceManagement/Services/VehicleService.cs:line 76
   at VSM.Controllers.VehicleController.GetAll(Int32 page, Int32 pageSize, String search) in /Users/presidio/Desktop/Genspark/MiniProject/VehicleServiceManagement/Controllers/Vehiclecontroller.cs:line 76

2025-06-26 00:07:06Z [ERROR] Error Getting All Vehicles
System.Exception: Vehicles not Found
   at VSM.Services.VehicleService.GetAll(Int32 page, Int32 pageSize, String search) in /Users/presidio/Desktop/Genspark/MiniProject/VehicleServiceManagement/Services/VehicleService.cs:line 76
   at VSM.Controllers.VehicleController.GetAll(Int32 page, Int32 pageSize, String search) in /Users/presidio/Desktop/Genspark/MiniProject/VehicleServiceManagement/Controllers/Vehiclecontroller.cs:line 76

2025-06-26 00:07:06Z [ERROR] Error Getting All Vehicles
System.Exception: Vehicles not Found
   at VSM.Services.VehicleService.GetAll(Int32 page, Int32 pageSize, String search) in /Users/presidio/Desktop/Genspark/MiniProject/VehicleServiceManagement/Services/VehicleService.cs:line 76
   at VSM.Controllers.VehicleController.GetAll(Int32 page, Int32 pageSize, String search) in /Users/presidio/Desktop/Genspark/MiniProject/VehicleServiceManagement/Controllers/Vehiclecontroller.cs:line 76

2025-06-26 00:07:10Z [ERROR] Error Getting All Vehicles
System.Exception: Vehicles not Found
   at VSM.Services.VehicleService.GetAll(Int32 page, Int32 pageSize, String search) in /Users/presidio/Desktop/Genspark/MiniProject/VehicleServiceManagement/Services/VehicleService.cs:line 76
   at VSM.Controllers.VehicleController.GetAll(Int32 page, Int32 pageSize, String search) in /Users/presidio/Desktop/Genspark/MiniProject/VehicleServiceManagement/Controllers/Vehiclecontroller.cs:line 76

2025-06-26 00:07:58Z [ERROR] Error Getting All Vehicles
System.Exception: Vehicles not Found
   at VSM.Services.VehicleService.GetAll(Int32 page, Int32 pageSize, String search) in /Users/presidio/Desktop/Genspark/MiniProject/VehicleServiceManagement/Services/VehicleService.cs:line 76
   at VSM.Controllers.VehicleController.GetAll(Int32 page, Int32 pageSize, String search) in /Users/presidio/Desktop/Genspark/MiniProject/VehicleServiceManagement/Controllers/Vehiclecontroller.cs:line 76

2025-06-26 00:07:58Z [ERROR] Error Getting All Vehicles
System.Exception: Vehicles not Found
   at VSM.Services.VehicleService.GetAll(Int32 page, Int32 pageSize, String search) in /Users/presidio/Desktop/Genspark/MiniProject/VehicleServiceManagement/Services/VehicleService.cs:line 76
   at VSM.Controllers.VehicleController.GetAll(Int32 page, Int32 pageSize, String search) in /Users/presidio/Desktop/Genspark/MiniProject/VehicleServiceManagement/Controllers/Vehiclecontroller.cs:line 76

2025-06-26 00:07:59Z [ERROR] Error Getting All Vehicles
System.Exception: Vehicles not Found
   at VSM.Services.VehicleService.GetAll(Int32 page, Int32 pageSize, String search) in /Users/presidio/Desktop/Genspark/MiniProject/VehicleServiceManagement/Services/VehicleService.cs:line 76
   at VSM.Controllers.VehicleController.GetAll(Int32 page, Int32 pageSize, String search) in /Users/presidio/Desktop/Genspark/MiniProject/VehicleServiceManagement/Controllers/Vehiclecontroller.cs:line 76

2025-06-26 00:08:10Z [ERROR] Error Getting All Vehicles
System.Exception: Vehicles not Found
   at VSM.Services.VehicleService.GetAll(Int32 page, Int32 pageSize, String search) in /Users/presidio/Desktop/Genspark/MiniProject/VehicleServiceManagement/Services/VehicleService.cs:line 76
   at VSM.Controllers.VehicleController.GetAll(Int32 page, Int32 pageSize, String search) in /Users/presidio/Desktop/Genspark/MiniProject/VehicleServiceManagement/Controllers/Vehiclecontroller.cs:line 76

2025-06-26 00:08:10Z [ERROR] Error Getting All Vehicles
System.Exception: Vehicles not Found
   at VSM.Services.VehicleService.GetAll(Int32 page, Int32 pageSize, String search) in /Users/presidio/Desktop/Genspark/MiniProject/VehicleServiceManagement/Services/VehicleService.cs:line 76
   at VSM.Controllers.VehicleController.GetAll(Int32 page, Int32 pageSize, String search) in /Users/presidio/Desktop/Genspark/MiniProject/VehicleServiceManagement/Controllers/Vehiclecontroller.cs:line 76

2025-06-26 00:08:10Z [ERROR] Error Getting All Vehicles
System.Exception: Vehicles not Found
   at VSM.Services.VehicleService.GetAll(Int32 page, Int32 pageSize, String search) in /Users/presidio/Desktop/Genspark/MiniProject/VehicleServiceManagement/Services/VehicleService.cs:line 76
   at VSM.Controllers.VehicleController.GetAll(Int32 page, Int32 pageSize, String search) in /Users/presidio/Desktop/Genspark/MiniProject/VehicleServiceManagement/Controllers/Vehiclecontroller.cs:line 76

2025-06-26 00:08:10Z [ERROR] Error Getting All Vehicles
System.Exception: Vehicles not Found
   at VSM.Services.VehicleService.GetAll(Int32 page, Int32 pageSize, String search) in /Users/presidio/Desktop/Genspark/MiniProject/VehicleServiceManagement/Services/VehicleService.cs:line 76
   at VSM.Controllers.VehicleController.GetAll(Int32 page, Int32 pageSize, String search) in /Users/presidio/Desktop/Genspark/MiniProject/VehicleServiceManagement/Controllers/Vehiclecontroller.cs:line 76

2025-06-26 00:08:10Z [ERROR] Error Getting All Vehicles
System.Exception: Vehicles not Found
   at VSM.Services.VehicleService.GetAll(Int32 page, Int32 pageSize, String search) in /Users/presidio/Desktop/Genspark/MiniProject/VehicleServiceManagement/Services/VehicleService.cs:line 76
   at VSM.Controllers.VehicleController.GetAll(Int32 page, Int32 pageSize, String search) in /Users/presidio/Desktop/Genspark/MiniProject/VehicleServiceManagement/Controllers/Vehiclecontroller.cs:line 76

2025-06-26 00:08:10Z [ERROR] Error Getting All Vehicles
System.Exception: Vehicles not Found
   at VSM.Services.VehicleService.GetAll(Int32 page, Int32 pageSize, String search) in /Users/presidio/Desktop/Genspark/MiniProject/VehicleServiceManagement/Services/VehicleService.cs:line 76
   at VSM.Controllers.VehicleController.GetAll(Int32 page, Int32 pageSize, String search) in /Users/presidio/Desktop/Genspark/MiniProject/VehicleServiceManagement/Controllers/Vehiclecontroller.cs:line 76

2025-06-26 00:08:10Z [ERROR] Error Getting All Vehicles
System.Exception: Vehicles not Found
   at VSM.Services.VehicleService.GetAll(Int32 page, Int32 pageSize, String search) in /Users/presidio/Desktop/Genspark/MiniProject/VehicleServiceManagement/Services/VehicleService.cs:line 76
   at VSM.Controllers.VehicleController.GetAll(Int32 page, Int32 pageSize, String search) in /Users/presidio/Desktop/Genspark/MiniProject/VehicleServiceManagement/Controllers/Vehiclecontroller.cs:line 76

2025-06-26 00:08:10Z [ERROR] Error Getting All Vehicles
System.Exception: Vehicles not Found
   at VSM.Services.VehicleService.GetAll(Int32 page, Int32 pageSize, String search) in /Users/presidio/Desktop/Genspark/MiniProject/VehicleServiceManagement/Services/VehicleService.cs:line 76
   at VSM.Controllers.VehicleController.GetAll(Int32 page, Int32 pageSize, String search) in /Users/presidio/Desktop/Genspark/MiniProject/VehicleServiceManagement/Controllers/Vehiclecontroller.cs:line 76

2025-06-26 00:08:10Z [ERROR] Error Getting All Vehicles
System.Exception: Vehicles not Found
   at VSM.Services.VehicleService.GetAll(Int32 page, Int32 pageSize, String search) in /Users/presidio/Desktop/Genspark/MiniProject/VehicleServiceManagement/Services/VehicleService.cs:line 76
   at VSM.Controllers.VehicleController.GetAll(Int32 page, Int32 pageSize, String search) in /Users/presidio/Desktop/Genspark/MiniProject/VehicleServiceManagement/Controllers/Vehiclecontroller.cs:line 76

2025-06-26 00:08:10Z [ERROR] Error Getting All Vehicles
System.Exception: Vehicles not Found
   at VSM.Services.VehicleService.GetAll(Int32 page, Int32 pageSize, String search) in /Users/presidio/Desktop/Genspark/MiniProject/VehicleServiceManagement/Services/VehicleService.cs:line 76
   at VSM.Controllers.VehicleController.GetAll(Int32 page, Int32 pageSize, String search) in /Users/presidio/Desktop/Genspark/MiniProject/VehicleServiceManagement/Controllers/Vehiclecontroller.cs:line 76

2025-06-26 00:08:10Z [ERROR] Error Getting All Vehicles
System.Exception: Vehicles not Found
   at VSM.Services.VehicleService.GetAll(Int32 page, Int32 pageSize, String search) in /Users/presidio/Desktop/Genspark/MiniProject/VehicleServiceManagement/Services/VehicleService.cs:line 76
   at VSM.Controllers.VehicleController.GetAll(Int32 page, Int32 pageSize, String search) in /Users/presidio/Desktop/Genspark/MiniProject/VehicleServiceManagement/Controllers/Vehiclecontroller.cs:line 76

2025-06-26 00:08:11Z [ERROR] Error Getting All Vehicles
System.Exception: Vehicles not Found
   at VSM.Services.VehicleService.GetAll(Int32 page, Int32 pageSize, String search) in /Users/presidio/Desktop/Genspark/MiniProject/VehicleServiceManagement/Services/VehicleService.cs:line 76
   at VSM.Controllers.VehicleController.GetAll(Int32 page, Int32 pageSize, String search) in /Users/presidio/Desktop/Genspark/MiniProject/VehicleServiceManagement/Controllers/Vehiclecontroller.cs:line 76

2025-06-26 00:08:11Z [ERROR] Error Getting All Vehicles
System.Exception: Vehicles not Found
   at VSM.Services.VehicleService.GetAll(Int32 page, Int32 pageSize, String search) in /Users/presidio/Desktop/Genspark/MiniProject/VehicleServiceManagement/Services/VehicleService.cs:line 76
   at VSM.Controllers.VehicleController.GetAll(Int32 page, Int32 pageSize, String search) in /Users/presidio/Desktop/Genspark/MiniProject/VehicleServiceManagement/Controllers/Vehiclecontroller.cs:line 76

2025-06-26 00:21:31Z [ERROR] Error Getting All Vehicles
System.Exception: Vehicles not Found
   at VSM.Services.VehicleService.GetAll(Int32 page, Int32 pageSize, String search) in /Users/presidio/Desktop/Genspark/MiniProject/VehicleServiceManagement/Services/VehicleService.cs:line 76
   at VSM.Controllers.VehicleController.GetAll(Int32 page, Int32 pageSize, String search) in /Users/presidio/Desktop/Genspark/MiniProject/VehicleServiceManagement/Controllers/Vehiclecontroller.cs:line 76

2025-06-26 00:21:32Z [ERROR] Error Getting All Vehicles
System.Exception: Vehicles not Found
   at VSM.Services.VehicleService.GetAll(Int32 page, Int32 pageSize, String search) in /Users/presidio/Desktop/Genspark/MiniProject/VehicleServiceManagement/Services/VehicleService.cs:line 76
   at VSM.Controllers.VehicleController.GetAll(Int32 page, Int32 pageSize, String search) in /Users/presidio/Desktop/Genspark/MiniProject/VehicleServiceManagement/Controllers/Vehiclecontroller.cs:line 76

2025-06-26 00:21:32Z [ERROR] Error Getting All Vehicles
System.Exception: Vehicles not Found
   at VSM.Services.VehicleService.GetAll(Int32 page, Int32 pageSize, String search) in /Users/presidio/Desktop/Genspark/MiniProject/VehicleServiceManagement/Services/VehicleService.cs:line 76
   at VSM.Controllers.VehicleController.GetAll(Int32 page, Int32 pageSize, String search) in /Users/presidio/Desktop/Genspark/MiniProject/VehicleServiceManagement/Controllers/Vehiclecontroller.cs:line 76

2025-06-26 11:47:54Z [ERROR] Error Getting All Vehicles
System.Exception: Vehicles not Found
   at VSM.Services.VehicleService.GetAll(Int32 page, Int32 pageSize, String search) in /Users/presidio/Desktop/Genspark/MiniProject/VehicleServiceManagement/Services/VehicleService.cs:line 76
   at VSM.Controllers.VehicleController.GetAll(Int32 page, Int32 pageSize, String search) in /Users/presidio/Desktop/Genspark/MiniProject/VehicleServiceManagement/Controllers/Vehiclecontroller.cs:line 76

2025-06-26 11:47:58Z [ERROR] Error Getting All Vehicles
System.Exception: Vehicles not Found
   at VSM.Services.VehicleService.GetAll(Int32 page, Int32 pageSize, String search) in /Users/presidio/Desktop/Genspark/MiniProject/VehicleServiceManagement/Services/VehicleService.cs:line 76
   at VSM.Controllers.VehicleController.GetAll(Int32 page, Int32 pageSize, String search) in /Users/presidio/Desktop/Genspark/MiniProject/VehicleServiceManagement/Controllers/Vehiclecontroller.cs:line 76

2025-06-26 11:48:02Z [ERROR] Error Getting All Vehicles
System.Exception: Vehicles not Found
   at VSM.Services.VehicleService.GetAll(Int32 page, Int32 pageSize, String search) in /Users/presidio/Desktop/Genspark/MiniProject/VehicleServiceManagement/Services/VehicleService.cs:line 76
   at VSM.Controllers.VehicleController.GetAll(Int32 page, Int32 pageSize, String search) in /Users/presidio/Desktop/Genspark/MiniProject/VehicleServiceManagement/Controllers/Vehiclecontroller.cs:line 76

2025-06-26 11:48:02Z [ERROR] Error Getting All Vehicles
System.Exception: Vehicles not Found
   at VSM.Services.VehicleService.GetAll(Int32 page, Int32 pageSize, String search) in /Users/presidio/Desktop/Genspark/MiniProject/VehicleServiceManagement/Services/VehicleService.cs:line 76
   at VSM.Controllers.VehicleController.GetAll(Int32 page, Int32 pageSize, String search) in /Users/presidio/Desktop/Genspark/MiniProject/VehicleServiceManagement/Controllers/Vehiclecontroller.cs:line 76

2025-06-26 11:48:04Z [ERROR] Error Getting All Vehicles
System.Exception: Vehicles not Found
   at VSM.Services.VehicleService.GetAll(Int32 page, Int32 pageSize, String search) in /Users/presidio/Desktop/Genspark/MiniProject/VehicleServiceManagement/Services/VehicleService.cs:line 76
   at VSM.Controllers.VehicleController.GetAll(Int32 page, Int32 pageSize, String search) in /Users/presidio/Desktop/Genspark/MiniProject/VehicleServiceManagement/Controllers/Vehiclecontroller.cs:line 76

2025-06-26 11:48:10Z [ERROR] Error Getting All Vehicles
System.Exception: Vehicles not Found
   at VSM.Services.VehicleService.GetAll(Int32 page, Int32 pageSize, String search) in /Users/presidio/Desktop/Genspark/MiniProject/VehicleServiceManagement/Services/VehicleService.cs:line 76
   at VSM.Controllers.VehicleController.GetAll(Int32 page, Int32 pageSize, String search) in /Users/presidio/Desktop/Genspark/MiniProject/VehicleServiceManagement/Controllers/Vehiclecontroller.cs:line 76

2025-06-26 11:48:14Z [ERROR] Error Getting All Vehicles
System.Exception: Vehicles not Found
   at VSM.Services.VehicleService.GetAll(Int32 page, Int32 pageSize, String search) in /Users/presidio/Desktop/Genspark/MiniProject/VehicleServiceManagement/Services/VehicleService.cs:line 76
   at VSM.Controllers.VehicleController.GetAll(Int32 page, Int32 pageSize, String search) in /Users/presidio/Desktop/Genspark/MiniProject/VehicleServiceManagement/Controllers/Vehiclecontroller.cs:line 76

2025-06-26 11:48:16Z [ERROR] Error Getting All Vehicles
System.Exception: Vehicles not Found
   at VSM.Services.VehicleService.GetAll(Int32 page, Int32 pageSize, String search) in /Users/presidio/Desktop/Genspark/MiniProject/VehicleServiceManagement/Services/VehicleService.cs:line 76
   at VSM.Controllers.VehicleController.GetAll(Int32 page, Int32 pageSize, String search) in /Users/presidio/Desktop/Genspark/MiniProject/VehicleServiceManagement/Controllers/Vehiclecontroller.cs:line 76

2025-06-26 11:48:18Z [ERROR] Error Getting All Vehicles
System.Exception: Vehicles not Found
   at VSM.Services.VehicleService.GetAll(Int32 page, Int32 pageSize, String search) in /Users/presidio/Desktop/Genspark/MiniProject/VehicleServiceManagement/Services/VehicleService.cs:line 76
   at VSM.Controllers.VehicleController.GetAll(Int32 page, Int32 pageSize, String search) in /Users/presidio/Desktop/Genspark/MiniProject/VehicleServiceManagement/Controllers/Vehiclecontroller.cs:line 76

2025-06-26 11:48:55Z [ERROR] Error Getting All Vehicles
System.Exception: Vehicles not Found
   at VSM.Services.VehicleService.GetAll(Int32 page, Int32 pageSize, String search) in /Users/presidio/Desktop/Genspark/MiniProject/VehicleServiceManagement/Services/VehicleService.cs:line 76
   at VSM.Controllers.VehicleController.GetAll(Int32 page, Int32 pageSize, String search) in /Users/presidio/Desktop/Genspark/MiniProject/VehicleServiceManagement/Controllers/Vehiclecontroller.cs:line 76

2025-06-26 11:48:55Z [ERROR] Error Getting All Vehicles
System.Exception: Vehicles not Found
   at VSM.Services.VehicleService.GetAll(Int32 page, Int32 pageSize, String search) in /Users/presidio/Desktop/Genspark/MiniProject/VehicleServiceManagement/Services/VehicleService.cs:line 76
   at VSM.Controllers.VehicleController.GetAll(Int32 page, Int32 pageSize, String search) in /Users/presidio/Desktop/Genspark/MiniProject/VehicleServiceManagement/Controllers/Vehiclecontroller.cs:line 76

2025-06-26 11:48:55Z [ERROR] Error Getting All Vehicles
System.Exception: Vehicles not Found
   at VSM.Services.VehicleService.GetAll(Int32 page, Int32 pageSize, String search) in /Users/presidio/Desktop/Genspark/MiniProject/VehicleServiceManagement/Services/VehicleService.cs:line 76
   at VSM.Controllers.VehicleController.GetAll(Int32 page, Int32 pageSize, String search) in /Users/presidio/Desktop/Genspark/MiniProject/VehicleServiceManagement/Controllers/Vehiclecontroller.cs:line 76

2025-06-26 11:48:55Z [ERROR] Error Getting All Vehicles
System.Exception: Vehicles not Found
   at VSM.Services.VehicleService.GetAll(Int32 page, Int32 pageSize, String search) in /Users/presidio/Desktop/Genspark/MiniProject/VehicleServiceManagement/Services/VehicleService.cs:line 76
   at VSM.Controllers.VehicleController.GetAll(Int32 page, Int32 pageSize, String search) in /Users/presidio/Desktop/Genspark/MiniProject/VehicleServiceManagement/Controllers/Vehiclecontroller.cs:line 76

2025-06-26 11:48:56Z [ERROR] Error Getting All Vehicles
System.Exception: Vehicles not Found
   at VSM.Services.VehicleService.GetAll(Int32 page, Int32 pageSize, String search) in /Users/presidio/Desktop/Genspark/MiniProject/VehicleServiceManagement/Services/VehicleService.cs:line 76
   at VSM.Controllers.VehicleController.GetAll(Int32 page, Int32 pageSize, String search) in /Users/presidio/Desktop/Genspark/MiniProject/VehicleServiceManagement/Controllers/Vehiclecontroller.cs:line 76

2025-06-26 11:48:56Z [ERROR] Error Getting All Vehicles
System.Exception: Vehicles not Found
   at VSM.Services.VehicleService.GetAll(Int32 page, Int32 pageSize, String search) in /Users/presidio/Desktop/Genspark/MiniProject/VehicleServiceManagement/Services/VehicleService.cs:line 76
   at VSM.Controllers.VehicleController.GetAll(Int32 page, Int32 pageSize, String search) in /Users/presidio/Desktop/Genspark/MiniProject/VehicleServiceManagement/Controllers/Vehiclecontroller.cs:line 76

2025-06-26 11:48:56Z [ERROR] Error Getting All Vehicles
System.Exception: Vehicles not Found
   at VSM.Services.VehicleService.GetAll(Int32 page, Int32 pageSize, String search) in /Users/presidio/Desktop/Genspark/MiniProject/VehicleServiceManagement/Services/VehicleService.cs:line 76
   at VSM.Controllers.VehicleController.GetAll(Int32 page, Int32 pageSize, String search) in /Users/presidio/Desktop/Genspark/MiniProject/VehicleServiceManagement/Controllers/Vehiclecontroller.cs:line 76

2025-06-26 11:49:00Z [ERROR] Error Getting All Vehicles
System.Exception: Vehicles not Found
   at VSM.Services.VehicleService.GetAll(Int32 page, Int32 pageSize, String search) in /Users/presidio/Desktop/Genspark/MiniProject/VehicleServiceManagement/Services/VehicleService.cs:line 76
   at VSM.Controllers.VehicleController.GetAll(Int32 page, Int32 pageSize, String search) in /Users/presidio/Desktop/Genspark/MiniProject/VehicleServiceManagement/Controllers/Vehiclecontroller.cs:line 76

2025-06-26 11:50:24Z [ERROR] Error Getting All Vehicles
System.Exception: Vehicles not Found
   at VSM.Services.VehicleService.GetAll(Int32 page, Int32 pageSize, String search) in /Users/presidio/Desktop/Genspark/MiniProject/VehicleServiceManagement/Services/VehicleService.cs:line 76
   at VSM.Controllers.VehicleController.GetAll(Int32 page, Int32 pageSize, String search) in /Users/presidio/Desktop/Genspark/MiniProject/VehicleServiceManagement/Controllers/Vehiclecontroller.cs:line 76

2025-06-26 11:50:25Z [ERROR] Error Getting All Vehicles
System.Exception: Vehicles not Found
   at VSM.Services.VehicleService.GetAll(Int32 page, Int32 pageSize, String search) in /Users/presidio/Desktop/Genspark/MiniProject/VehicleServiceManagement/Services/VehicleService.cs:line 76
   at VSM.Controllers.VehicleController.GetAll(Int32 page, Int32 pageSize, String search) in /Users/presidio/Desktop/Genspark/MiniProject/VehicleServiceManagement/Controllers/Vehiclecontroller.cs:line 76

2025-06-26 11:50:42Z [ERROR] Error Getting All Vehicles
System.Exception: Vehicles not Found
   at VSM.Services.VehicleService.GetAll(Int32 page, Int32 pageSize, String search) in /Users/presidio/Desktop/Genspark/MiniProject/VehicleServiceManagement/Services/VehicleService.cs:line 76
   at VSM.Controllers.VehicleController.GetAll(Int32 page, Int32 pageSize, String search) in /Users/presidio/Desktop/Genspark/MiniProject/VehicleServiceManagement/Controllers/Vehiclecontroller.cs:line 76

2025-06-26 11:50:42Z [ERROR] Error Getting All Vehicles
System.Exception: Vehicles not Found
   at VSM.Services.VehicleService.GetAll(Int32 page, Int32 pageSize, String search) in /Users/presidio/Desktop/Genspark/MiniProject/VehicleServiceManagement/Services/VehicleService.cs:line 76
   at VSM.Controllers.VehicleController.GetAll(Int32 page, Int32 pageSize, String search) in /Users/presidio/Desktop/Genspark/MiniProject/VehicleServiceManagement/Controllers/Vehiclecontroller.cs:line 76

2025-06-26 11:50:44Z [ERROR] Error Getting All Vehicles
System.Exception: Vehicles not Found
   at VSM.Services.VehicleService.GetAll(Int32 page, Int32 pageSize, String search) in /Users/presidio/Desktop/Genspark/MiniProject/VehicleServiceManagement/Services/VehicleService.cs:line 76
   at VSM.Controllers.VehicleController.GetAll(Int32 page, Int32 pageSize, String search) in /Users/presidio/Desktop/Genspark/MiniProject/VehicleServiceManagement/Controllers/Vehiclecontroller.cs:line 76

2025-06-26 11:50:44Z [ERROR] Error Getting All Vehicles
System.Exception: Vehicles not Found
   at VSM.Services.VehicleService.GetAll(Int32 page, Int32 pageSize, String search) in /Users/presidio/Desktop/Genspark/MiniProject/VehicleServiceManagement/Services/VehicleService.cs:line 76
   at VSM.Controllers.VehicleController.GetAll(Int32 page, Int32 pageSize, String search) in /Users/presidio/Desktop/Genspark/MiniProject/VehicleServiceManagement/Controllers/Vehiclecontroller.cs:line 76

2025-06-26 11:50:44Z [ERROR] Error Getting All Vehicles
System.Exception: Vehicles not Found
   at VSM.Services.VehicleService.GetAll(Int32 page, Int32 pageSize, String search) in /Users/presidio/Desktop/Genspark/MiniProject/VehicleServiceManagement/Services/VehicleService.cs:line 76
   at VSM.Controllers.VehicleController.GetAll(Int32 page, Int32 pageSize, String search) in /Users/presidio/Desktop/Genspark/MiniProject/VehicleServiceManagement/Controllers/Vehiclecontroller.cs:line 76

2025-06-26 11:50:44Z [ERROR] Error Getting All Vehicles
System.Exception: Vehicles not Found
   at VSM.Services.VehicleService.GetAll(Int32 page, Int32 pageSize, String search) in /Users/presidio/Desktop/Genspark/MiniProject/VehicleServiceManagement/Services/VehicleService.cs:line 76
   at VSM.Controllers.VehicleController.GetAll(Int32 page, Int32 pageSize, String search) in /Users/presidio/Desktop/Genspark/MiniProject/VehicleServiceManagement/Controllers/Vehiclecontroller.cs:line 76

2025-06-26 11:50:44Z [ERROR] Error Getting All Vehicles
System.Exception: Vehicles not Found
   at VSM.Services.VehicleService.GetAll(Int32 page, Int32 pageSize, String search) in /Users/presidio/Desktop/Genspark/MiniProject/VehicleServiceManagement/Services/VehicleService.cs:line 76
   at VSM.Controllers.VehicleController.GetAll(Int32 page, Int32 pageSize, String search) in /Users/presidio/Desktop/Genspark/MiniProject/VehicleServiceManagement/Controllers/Vehiclecontroller.cs:line 76

2025-06-26 11:50:45Z [ERROR] Error Getting All Vehicles
System.Exception: Vehicles not Found
   at VSM.Services.VehicleService.GetAll(Int32 page, Int32 pageSize, String search) in /Users/presidio/Desktop/Genspark/MiniProject/VehicleServiceManagement/Services/VehicleService.cs:line 76
   at VSM.Controllers.VehicleController.GetAll(Int32 page, Int32 pageSize, String search) in /Users/presidio/Desktop/Genspark/MiniProject/VehicleServiceManagement/Controllers/Vehiclecontroller.cs:line 76

2025-06-26 11:50:45Z [ERROR] Error Getting All Vehicles
System.Exception: Vehicles not Found
   at VSM.Services.VehicleService.GetAll(Int32 page, Int32 pageSize, String search) in /Users/presidio/Desktop/Genspark/MiniProject/VehicleServiceManagement/Services/VehicleService.cs:line 76
   at VSM.Controllers.VehicleController.GetAll(Int32 page, Int32 pageSize, String search) in /Users/presidio/Desktop/Genspark/MiniProject/VehicleServiceManagement/Controllers/Vehiclecontroller.cs:line 76

2025-06-26 11:50:45Z [ERROR] Error Getting All Vehicles
System.Exception: Vehicles not Found
   at VSM.Services.VehicleService.GetAll(Int32 page, Int32 pageSize, String search) in /Users/presidio/Desktop/Genspark/MiniProject/VehicleServiceManagement/Services/VehicleService.cs:line 76
   at VSM.Controllers.VehicleController.GetAll(Int32 page, Int32 pageSize, String search) in /Users/presidio/Desktop/Genspark/MiniProject/VehicleServiceManagement/Controllers/Vehiclecontroller.cs:line 76

2025-06-26 11:50:45Z [ERROR] Error Getting All Vehicles
System.Exception: Vehicles not Found
   at VSM.Services.VehicleService.GetAll(Int32 page, Int32 pageSize, String search) in /Users/presidio/Desktop/Genspark/MiniProject/VehicleServiceManagement/Services/VehicleService.cs:line 76
   at VSM.Controllers.VehicleController.GetAll(Int32 page, Int32 pageSize, String search) in /Users/presidio/Desktop/Genspark/MiniProject/VehicleServiceManagement/Controllers/Vehiclecontroller.cs:line 76

2025-06-26 11:50:45Z [ERROR] Error Getting All Vehicles
System.Exception: Vehicles not Found
   at VSM.Services.VehicleService.GetAll(Int32 page, Int32 pageSize, String search) in /Users/presidio/Desktop/Genspark/MiniProject/VehicleServiceManagement/Services/VehicleService.cs:line 76
   at VSM.Controllers.VehicleController.GetAll(Int32 page, Int32 pageSize, String search) in /Users/presidio/Desktop/Genspark/MiniProject/VehicleServiceManagement/Controllers/Vehiclecontroller.cs:line 76

2025-06-26 11:50:45Z [ERROR] Error Getting All Vehicles
System.Exception: Vehicles not Found
   at VSM.Services.VehicleService.GetAll(Int32 page, Int32 pageSize, String search) in /Users/presidio/Desktop/Genspark/MiniProject/VehicleServiceManagement/Services/VehicleService.cs:line 76
   at VSM.Controllers.VehicleController.GetAll(Int32 page, Int32 pageSize, String search) in /Users/presidio/Desktop/Genspark/MiniProject/VehicleServiceManagement/Controllers/Vehiclecontroller.cs:line 76

2025-06-26 11:50:45Z [ERROR] Error Getting All Vehicles
System.Exception: Vehicles not Found
   at VSM.Services.VehicleService.GetAll(Int32 page, Int32 pageSize, String search) in /Users/presidio/Desktop/Genspark/MiniProject/VehicleServiceManagement/Services/VehicleService.cs:line 76
   at VSM.Controllers.VehicleController.GetAll(Int32 page, Int32 pageSize, String search) in /Users/presidio/Desktop/Genspark/MiniProject/VehicleServiceManagement/Controllers/Vehiclecontroller.cs:line 76

2025-06-26 11:50:45Z [ERROR] Error Getting All Vehicles
System.Exception: Vehicles not Found
   at VSM.Services.VehicleService.GetAll(Int32 page, Int32 pageSize, String search) in /Users/presidio/Desktop/Genspark/MiniProject/VehicleServiceManagement/Services/VehicleService.cs:line 76
   at VSM.Controllers.VehicleController.GetAll(Int32 page, Int32 pageSize, String search) in /Users/presidio/Desktop/Genspark/MiniProject/VehicleServiceManagement/Controllers/Vehiclecontroller.cs:line 76

2025-06-26 11:50:45Z [ERROR] Error Getting All Vehicles
System.Exception: Vehicles not Found
   at VSM.Services.VehicleService.GetAll(Int32 page, Int32 pageSize, String search) in /Users/presidio/Desktop/Genspark/MiniProject/VehicleServiceManagement/Services/VehicleService.cs:line 76
   at VSM.Controllers.VehicleController.GetAll(Int32 page, Int32 pageSize, String search) in /Users/presidio/Desktop/Genspark/MiniProject/VehicleServiceManagement/Controllers/Vehiclecontroller.cs:line 76

2025-06-26 11:50:45Z [ERROR] Error Getting All Vehicles
System.Exception: Vehicles not Found
   at VSM.Services.VehicleService.GetAll(Int32 page, Int32 pageSize, String search) in /Users/presidio/Desktop/Genspark/MiniProject/VehicleServiceManagement/Services/VehicleService.cs:line 76
   at VSM.Controllers.VehicleController.GetAll(Int32 page, Int32 pageSize, String search) in /Users/presidio/Desktop/Genspark/MiniProject/VehicleServiceManagement/Controllers/Vehiclecontroller.cs:line 76

2025-06-26 11:50:46Z [ERROR] Error Getting All Vehicles
System.Exception: Vehicles not Found
   at VSM.Services.VehicleService.GetAll(Int32 page, Int32 pageSize, String search) in /Users/presidio/Desktop/Genspark/MiniProject/VehicleServiceManagement/Services/VehicleService.cs:line 76
   at VSM.Controllers.VehicleController.GetAll(Int32 page, Int32 pageSize, String search) in /Users/presidio/Desktop/Genspark/MiniProject/VehicleServiceManagement/Controllers/Vehiclecontroller.cs:line 76

2025-06-26 11:50:46Z [ERROR] Error Getting All Vehicles
System.Exception: Vehicles not Found
   at VSM.Services.VehicleService.GetAll(Int32 page, Int32 pageSize, String search) in /Users/presidio/Desktop/Genspark/MiniProject/VehicleServiceManagement/Services/VehicleService.cs:line 76
   at VSM.Controllers.VehicleController.GetAll(Int32 page, Int32 pageSize, String search) in /Users/presidio/Desktop/Genspark/MiniProject/VehicleServiceManagement/Controllers/Vehiclecontroller.cs:line 76

2025-06-26 11:50:46Z [ERROR] Error Getting All Vehicles
System.Exception: Vehicles not Found
   at VSM.Services.VehicleService.GetAll(Int32 page, Int32 pageSize, String search) in /Users/presidio/Desktop/Genspark/MiniProject/VehicleServiceManagement/Services/VehicleService.cs:line 76
   at VSM.Controllers.VehicleController.GetAll(Int32 page, Int32 pageSize, String search) in /Users/presidio/Desktop/Genspark/MiniProject/VehicleServiceManagement/Controllers/Vehiclecontroller.cs:line 76

2025-06-26 11:50:46Z [ERROR] Error Getting All Vehicles
System.Exception: Vehicles not Found
   at VSM.Services.VehicleService.GetAll(Int32 page, Int32 pageSize, String search) in /Users/presidio/Desktop/Genspark/MiniProject/VehicleServiceManagement/Services/VehicleService.cs:line 76
   at VSM.Controllers.VehicleController.GetAll(Int32 page, Int32 pageSize, String search) in /Users/presidio/Desktop/Genspark/MiniProject/VehicleServiceManagement/Controllers/Vehiclecontroller.cs:line 76

2025-06-26 11:50:46Z [ERROR] Error Getting All Vehicles
System.Exception: Vehicles not Found
   at VSM.Services.VehicleService.GetAll(Int32 page, Int32 pageSize, String search) in /Users/presidio/Desktop/Genspark/MiniProject/VehicleServiceManagement/Services/VehicleService.cs:line 76
   at VSM.Controllers.VehicleController.GetAll(Int32 page, Int32 pageSize, String search) in /Users/presidio/Desktop/Genspark/MiniProject/VehicleServiceManagement/Controllers/Vehiclecontroller.cs:line 76

2025-06-26 11:50:46Z [ERROR] Error Getting All Vehicles
System.Exception: Vehicles not Found
   at VSM.Services.VehicleService.GetAll(Int32 page, Int32 pageSize, String search) in /Users/presidio/Desktop/Genspark/MiniProject/VehicleServiceManagement/Services/VehicleService.cs:line 76
   at VSM.Controllers.VehicleController.GetAll(Int32 page, Int32 pageSize, String search) in /Users/presidio/Desktop/Genspark/MiniProject/VehicleServiceManagement/Controllers/Vehiclecontroller.cs:line 76

2025-06-26 11:50:51Z [ERROR] Error Getting All Vehicles
System.Exception: Vehicles not Found
   at VSM.Services.VehicleService.GetAll(Int32 page, Int32 pageSize, String search) in /Users/presidio/Desktop/Genspark/MiniProject/VehicleServiceManagement/Services/VehicleService.cs:line 76
   at VSM.Controllers.VehicleController.GetAll(Int32 page, Int32 pageSize, String search) in /Users/presidio/Desktop/Genspark/MiniProject/VehicleServiceManagement/Controllers/Vehiclecontroller.cs:line 76

2025-06-26 11:51:21Z [ERROR] Error Getting All Vehicles
System.Exception: Vehicles not Found
   at VSM.Services.VehicleService.GetAll(Int32 page, Int32 pageSize, String search) in /Users/presidio/Desktop/Genspark/MiniProject/VehicleServiceManagement/Services/VehicleService.cs:line 76
   at VSM.Controllers.VehicleController.GetAll(Int32 page, Int32 pageSize, String search) in /Users/presidio/Desktop/Genspark/MiniProject/VehicleServiceManagement/Controllers/Vehiclecontroller.cs:line 76

2025-06-26 11:51:21Z [ERROR] Error Getting All Vehicles
System.Exception: Vehicles not Found
   at VSM.Services.VehicleService.GetAll(Int32 page, Int32 pageSize, String search) in /Users/presidio/Desktop/Genspark/MiniProject/VehicleServiceManagement/Services/VehicleService.cs:line 76
   at VSM.Controllers.VehicleController.GetAll(Int32 page, Int32 pageSize, String search) in /Users/presidio/Desktop/Genspark/MiniProject/VehicleServiceManagement/Controllers/Vehiclecontroller.cs:line 76

2025-06-26 11:51:22Z [ERROR] Error Getting All Vehicles
System.Exception: Vehicles not Found
   at VSM.Services.VehicleService.GetAll(Int32 page, Int32 pageSize, String search) in /Users/presidio/Desktop/Genspark/MiniProject/VehicleServiceManagement/Services/VehicleService.cs:line 76
   at VSM.Controllers.VehicleController.GetAll(Int32 page, Int32 pageSize, String search) in /Users/presidio/Desktop/Genspark/MiniProject/VehicleServiceManagement/Controllers/Vehiclecontroller.cs:line 76

2025-06-26 11:51:22Z [ERROR] Error Getting All Vehicles
System.Exception: Vehicles not Found
   at VSM.Services.VehicleService.GetAll(Int32 page, Int32 pageSize, String search) in /Users/presidio/Desktop/Genspark/MiniProject/VehicleServiceManagement/Services/VehicleService.cs:line 76
   at VSM.Controllers.VehicleController.GetAll(Int32 page, Int32 pageSize, String search) in /Users/presidio/Desktop/Genspark/MiniProject/VehicleServiceManagement/Controllers/Vehiclecontroller.cs:line 76

2025-06-26 11:51:22Z [ERROR] Error Getting All Vehicles
System.Exception: Vehicles not Found
   at VSM.Services.VehicleService.GetAll(Int32 page, Int32 pageSize, String search) in /Users/presidio/Desktop/Genspark/MiniProject/VehicleServiceManagement/Services/VehicleService.cs:line 76
   at VSM.Controllers.VehicleController.GetAll(Int32 page, Int32 pageSize, String search) in /Users/presidio/Desktop/Genspark/MiniProject/VehicleServiceManagement/Controllers/Vehiclecontroller.cs:line 76

2025-06-26 11:51:25Z [ERROR] Error Getting All Vehicles
System.Exception: Vehicles not Found
   at VSM.Services.VehicleService.GetAll(Int32 page, Int32 pageSize, String search) in /Users/presidio/Desktop/Genspark/MiniProject/VehicleServiceManagement/Services/VehicleService.cs:line 76
   at VSM.Controllers.VehicleController.GetAll(Int32 page, Int32 pageSize, String search) in /Users/presidio/Desktop/Genspark/MiniProject/VehicleServiceManagement/Controllers/Vehiclecontroller.cs:line 76

2025-06-26 11:52:43Z [ERROR] Error Getting All Vehicles
System.Exception: Vehicles not Found
   at VSM.Services.VehicleService.GetAll(Int32 page, Int32 pageSize, String search) in /Users/presidio/Desktop/Genspark/MiniProject/VehicleServiceManagement/Services/VehicleService.cs:line 76
   at VSM.Controllers.VehicleController.GetAll(Int32 page, Int32 pageSize, String search) in /Users/presidio/Desktop/Genspark/MiniProject/VehicleServiceManagement/Controllers/Vehiclecontroller.cs:line 76

2025-06-26 11:52:43Z [ERROR] Error Getting All Vehicles
System.Exception: Vehicles not Found
   at VSM.Services.VehicleService.GetAll(Int32 page, Int32 pageSize, String search) in /Users/presidio/Desktop/Genspark/MiniProject/VehicleServiceManagement/Services/VehicleService.cs:line 76
   at VSM.Controllers.VehicleController.GetAll(Int32 page, Int32 pageSize, String search) in /Users/presidio/Desktop/Genspark/MiniProject/VehicleServiceManagement/Controllers/Vehiclecontroller.cs:line 76

2025-06-26 11:52:43Z [ERROR] Error Getting All Vehicles
System.Exception: Vehicles not Found
   at VSM.Services.VehicleService.GetAll(Int32 page, Int32 pageSize, String search) in /Users/presidio/Desktop/Genspark/MiniProject/VehicleServiceManagement/Services/VehicleService.cs:line 76
   at VSM.Controllers.VehicleController.GetAll(Int32 page, Int32 pageSize, String search) in /Users/presidio/Desktop/Genspark/MiniProject/VehicleServiceManagement/Controllers/Vehiclecontroller.cs:line 76

2025-06-26 11:52:44Z [ERROR] Error Getting All Vehicles
System.Exception: Vehicles not Found
   at VSM.Services.VehicleService.GetAll(Int32 page, Int32 pageSize, String search) in /Users/presidio/Desktop/Genspark/MiniProject/VehicleServiceManagement/Services/VehicleService.cs:line 76
   at VSM.Controllers.VehicleController.GetAll(Int32 page, Int32 pageSize, String search) in /Users/presidio/Desktop/Genspark/MiniProject/VehicleServiceManagement/Controllers/Vehiclecontroller.cs:line 76

2025-06-26 11:52:44Z [ERROR] Error Getting All Vehicles
System.Exception: Vehicles not Found
   at VSM.Services.VehicleService.GetAll(Int32 page, Int32 pageSize, String search) in /Users/presidio/Desktop/Genspark/MiniProject/VehicleServiceManagement/Services/VehicleService.cs:line 76
   at VSM.Controllers.VehicleController.GetAll(Int32 page, Int32 pageSize, String search) in /Users/presidio/Desktop/Genspark/MiniProject/VehicleServiceManagement/Controllers/Vehiclecontroller.cs:line 76

2025-06-26 13:39:34Z [ERROR] Error Getting All Vehicles
System.Exception: Vehicles not Found
   at VSM.Services.VehicleService.GetAll(Int32 page, Int32 pageSize, String search) in /Users/presidio/Desktop/Genspark/MiniProject/VehicleServiceManagement/Services/VehicleService.cs:line 76
   at VSM.Controllers.VehicleController.GetAll(Int32 page, Int32 pageSize, String search) in /Users/presidio/Desktop/Genspark/MiniProject/VehicleServiceManagement/Controllers/Vehiclecontroller.cs:line 76

2025-06-26 13:39:34Z [ERROR] Error Getting All Vehicles
System.Exception: Vehicles not Found
   at VSM.Services.VehicleService.GetAll(Int32 page, Int32 pageSize, String search) in /Users/presidio/Desktop/Genspark/MiniProject/VehicleServiceManagement/Services/VehicleService.cs:line 76
   at VSM.Controllers.VehicleController.GetAll(Int32 page, Int32 pageSize, String search) in /Users/presidio/Desktop/Genspark/MiniProject/VehicleServiceManagement/Controllers/Vehiclecontroller.cs:line 76

2025-06-26 13:39:35Z [ERROR] Error Getting All Vehicles
System.Exception: Vehicles not Found
   at VSM.Services.VehicleService.GetAll(Int32 page, Int32 pageSize, String search) in /Users/presidio/Desktop/Genspark/MiniProject/VehicleServiceManagement/Services/VehicleService.cs:line 76
   at VSM.Controllers.VehicleController.GetAll(Int32 page, Int32 pageSize, String search) in /Users/presidio/Desktop/Genspark/MiniProject/VehicleServiceManagement/Controllers/Vehiclecontroller.cs:line 76

2025-06-26 13:39:36Z [ERROR] Error Getting All Vehicles
System.Exception: Vehicles not Found
   at VSM.Services.VehicleService.GetAll(Int32 page, Int32 pageSize, String search) in /Users/presidio/Desktop/Genspark/MiniProject/VehicleServiceManagement/Services/VehicleService.cs:line 76
   at VSM.Controllers.VehicleController.GetAll(Int32 page, Int32 pageSize, String search) in /Users/presidio/Desktop/Genspark/MiniProject/VehicleServiceManagement/Controllers/Vehiclecontroller.cs:line 76

2025-06-26 13:39:36Z [ERROR] Error Getting All Vehicles
System.Exception: Vehicles not Found
   at VSM.Services.VehicleService.GetAll(Int32 page, Int32 pageSize, String search) in /Users/presidio/Desktop/Genspark/MiniProject/VehicleServiceManagement/Services/VehicleService.cs:line 76
   at VSM.Controllers.VehicleController.GetAll(Int32 page, Int32 pageSize, String search) in /Users/presidio/Desktop/Genspark/MiniProject/VehicleServiceManagement/Controllers/Vehiclecontroller.cs:line 76

2025-06-26 14:20:26Z [ERROR] Error Getting All Vehicles
System.Exception: Vehicles not Found
   at VSM.Services.VehicleService.GetAll(Int32 page, Int32 pageSize, String search) in /Users/presidio/Desktop/Genspark/MiniProject/VehicleServiceManagement/Services/VehicleService.cs:line 76
   at VSM.Controllers.VehicleController.GetAll(Int32 page, Int32 pageSize, String search) in /Users/presidio/Desktop/Genspark/MiniProject/VehicleServiceManagement/Controllers/Vehiclecontroller.cs:line 76

2025-06-26 14:20:43Z [ERROR] Error Getting All Vehicles
System.Exception: Vehicles not Found
   at VSM.Services.VehicleService.GetAll(Int32 page, Int32 pageSize, String search) in /Users/presidio/Desktop/Genspark/MiniProject/VehicleServiceManagement/Services/VehicleService.cs:line 76
   at VSM.Controllers.VehicleController.GetAll(Int32 page, Int32 pageSize, String search) in /Users/presidio/Desktop/Genspark/MiniProject/VehicleServiceManagement/Controllers/Vehiclecontroller.cs:line 76

2025-06-26 14:20:44Z [ERROR] Error Getting All Vehicles
System.Exception: Vehicles not Found
   at VSM.Services.VehicleService.GetAll(Int32 page, Int32 pageSize, String search) in /Users/presidio/Desktop/Genspark/MiniProject/VehicleServiceManagement/Services/VehicleService.cs:line 76
   at VSM.Controllers.VehicleController.GetAll(Int32 page, Int32 pageSize, String search) in /Users/presidio/Desktop/Genspark/MiniProject/VehicleServiceManagement/Controllers/Vehiclecontroller.cs:line 76

2025-06-26 14:20:44Z [ERROR] Error Getting All Vehicles
System.Exception: Vehicles not Found
   at VSM.Services.VehicleService.GetAll(Int32 page, Int32 pageSize, String search) in /Users/presidio/Desktop/Genspark/MiniProject/VehicleServiceManagement/Services/VehicleService.cs:line 76
   at VSM.Controllers.VehicleController.GetAll(Int32 page, Int32 pageSize, String search) in /Users/presidio/Desktop/Genspark/MiniProject/VehicleServiceManagement/Controllers/Vehiclecontroller.cs:line 76

2025-06-26 14:20:44Z [ERROR] Error Getting All Vehicles
System.Exception: Vehicles not Found
   at VSM.Services.VehicleService.GetAll(Int32 page, Int32 pageSize, String search) in /Users/presidio/Desktop/Genspark/MiniProject/VehicleServiceManagement/Services/VehicleService.cs:line 76
   at VSM.Controllers.VehicleController.GetAll(Int32 page, Int32 pageSize, String search) in /Users/presidio/Desktop/Genspark/MiniProject/VehicleServiceManagement/Controllers/Vehiclecontroller.cs:line 76

2025-06-26 14:20:47Z [ERROR] Error Getting All Vehicles
System.Exception: Vehicles not Found
   at VSM.Services.VehicleService.GetAll(Int32 page, Int32 pageSize, String search) in /Users/presidio/Desktop/Genspark/MiniProject/VehicleServiceManagement/Services/VehicleService.cs:line 76
   at VSM.Controllers.VehicleController.GetAll(Int32 page, Int32 pageSize, String search) in /Users/presidio/Desktop/Genspark/MiniProject/VehicleServiceManagement/Controllers/Vehiclecontroller.cs:line 76

2025-06-26 14:20:47Z [ERROR] Error Getting All Vehicles
System.Exception: Vehicles not Found
   at VSM.Services.VehicleService.GetAll(Int32 page, Int32 pageSize, String search) in /Users/presidio/Desktop/Genspark/MiniProject/VehicleServiceManagement/Services/VehicleService.cs:line 76
   at VSM.Controllers.VehicleController.GetAll(Int32 page, Int32 pageSize, String search) in /Users/presidio/Desktop/Genspark/MiniProject/VehicleServiceManagement/Controllers/Vehiclecontroller.cs:line 76

2025-06-26 14:20:47Z [ERROR] Error Getting All Vehicles
System.Exception: Vehicles not Found
   at VSM.Services.VehicleService.GetAll(Int32 page, Int32 pageSize, String search) in /Users/presidio/Desktop/Genspark/MiniProject/VehicleServiceManagement/Services/VehicleService.cs:line 76
   at VSM.Controllers.VehicleController.GetAll(Int32 page, Int32 pageSize, String search) in /Users/presidio/Desktop/Genspark/MiniProject/VehicleServiceManagement/Controllers/Vehiclecontroller.cs:line 76

2025-06-26 14:20:48Z [ERROR] Error Getting All Vehicles
System.Exception: Vehicles not Found
   at VSM.Services.VehicleService.GetAll(Int32 page, Int32 pageSize, String search) in /Users/presidio/Desktop/Genspark/MiniProject/VehicleServiceManagement/Services/VehicleService.cs:line 76
   at VSM.Controllers.VehicleController.GetAll(Int32 page, Int32 pageSize, String search) in /Users/presidio/Desktop/Genspark/MiniProject/VehicleServiceManagement/Controllers/Vehiclecontroller.cs:line 76

2025-06-26 14:20:48Z [ERROR] Error Getting All Vehicles
System.Exception: Vehicles not Found
   at VSM.Services.VehicleService.GetAll(Int32 page, Int32 pageSize, String search) in /Users/presidio/Desktop/Genspark/MiniProject/VehicleServiceManagement/Services/VehicleService.cs:line 76
   at VSM.Controllers.VehicleController.GetAll(Int32 page, Int32 pageSize, String search) in /Users/presidio/Desktop/Genspark/MiniProject/VehicleServiceManagement/Controllers/Vehiclecontroller.cs:line 76

2025-06-26 14:20:48Z [ERROR] Error Getting All Vehicles
System.Exception: Vehicles not Found
   at VSM.Services.VehicleService.GetAll(Int32 page, Int32 pageSize, String search) in /Users/presidio/Desktop/Genspark/MiniProject/VehicleServiceManagement/Services/VehicleService.cs:line 76
   at VSM.Controllers.VehicleController.GetAll(Int32 page, Int32 pageSize, String search) in /Users/presidio/Desktop/Genspark/MiniProject/VehicleServiceManagement/Controllers/Vehiclecontroller.cs:line 76

2025-06-26 14:20:48Z [ERROR] Error Getting All Vehicles
System.Exception: Vehicles not Found
   at VSM.Services.VehicleService.GetAll(Int32 page, Int32 pageSize, String search) in /Users/presidio/Desktop/Genspark/MiniProject/VehicleServiceManagement/Services/VehicleService.cs:line 76
   at VSM.Controllers.VehicleController.GetAll(Int32 page, Int32 pageSize, String search) in /Users/presidio/Desktop/Genspark/MiniProject/VehicleServiceManagement/Controllers/Vehiclecontroller.cs:line 76

2025-06-26 14:20:48Z [ERROR] Error Getting All Vehicles
System.Exception: Vehicles not Found
   at VSM.Services.VehicleService.GetAll(Int32 page, Int32 pageSize, String search) in /Users/presidio/Desktop/Genspark/MiniProject/VehicleServiceManagement/Services/VehicleService.cs:line 76
   at VSM.Controllers.VehicleController.GetAll(Int32 page, Int32 pageSize, String search) in /Users/presidio/Desktop/Genspark/MiniProject/VehicleServiceManagement/Controllers/Vehiclecontroller.cs:line 76

2025-06-26 14:20:48Z [ERROR] Error Getting All Vehicles
System.Exception: Vehicles not Found
   at VSM.Services.VehicleService.GetAll(Int32 page, Int32 pageSize, String search) in /Users/presidio/Desktop/Genspark/MiniProject/VehicleServiceManagement/Services/VehicleService.cs:line 76
   at VSM.Controllers.VehicleController.GetAll(Int32 page, Int32 pageSize, String search) in /Users/presidio/Desktop/Genspark/MiniProject/VehicleServiceManagement/Controllers/Vehiclecontroller.cs:line 76

2025-06-26 14:20:48Z [ERROR] Error Getting All Vehicles
System.Exception: Vehicles not Found
   at VSM.Services.VehicleService.GetAll(Int32 page, Int32 pageSize, String search) in /Users/presidio/Desktop/Genspark/MiniProject/VehicleServiceManagement/Services/VehicleService.cs:line 76
   at VSM.Controllers.VehicleController.GetAll(Int32 page, Int32 pageSize, String search) in /Users/presidio/Desktop/Genspark/MiniProject/VehicleServiceManagement/Controllers/Vehiclecontroller.cs:line 76

2025-06-26 14:20:48Z [ERROR] Error Getting All Vehicles
System.Exception: Vehicles not Found
   at VSM.Services.VehicleService.GetAll(Int32 page, Int32 pageSize, String search) in /Users/presidio/Desktop/Genspark/MiniProject/VehicleServiceManagement/Services/VehicleService.cs:line 76
   at VSM.Controllers.VehicleController.GetAll(Int32 page, Int32 pageSize, String search) in /Users/presidio/Desktop/Genspark/MiniProject/VehicleServiceManagement/Controllers/Vehiclecontroller.cs:line 76

2025-06-26 14:20:48Z [ERROR] Error Getting All Vehicles
System.Exception: Vehicles not Found
   at VSM.Services.VehicleService.GetAll(Int32 page, Int32 pageSize, String search) in /Users/presidio/Desktop/Genspark/MiniProject/VehicleServiceManagement/Services/VehicleService.cs:line 76
   at VSM.Controllers.VehicleController.GetAll(Int32 page, Int32 pageSize, String search) in /Users/presidio/Desktop/Genspark/MiniProject/VehicleServiceManagement/Controllers/Vehiclecontroller.cs:line 76

2025-06-26 14:20:48Z [ERROR] Error Getting All Vehicles
System.Exception: Vehicles not Found
   at VSM.Services.VehicleService.GetAll(Int32 page, Int32 pageSize, String search) in /Users/presidio/Desktop/Genspark/MiniProject/VehicleServiceManagement/Services/VehicleService.cs:line 76
   at VSM.Controllers.VehicleController.GetAll(Int32 page, Int32 pageSize, String search) in /Users/presidio/Desktop/Genspark/MiniProject/VehicleServiceManagement/Controllers/Vehiclecontroller.cs:line 76

2025-06-26 14:20:48Z [ERROR] Error Getting All Vehicles
System.Exception: Vehicles not Found
   at VSM.Services.VehicleService.GetAll(Int32 page, Int32 pageSize, String search) in /Users/presidio/Desktop/Genspark/MiniProject/VehicleServiceManagement/Services/VehicleService.cs:line 76
   at VSM.Controllers.VehicleController.GetAll(Int32 page, Int32 pageSize, String search) in /Users/presidio/Desktop/Genspark/MiniProject/VehicleServiceManagement/Controllers/Vehiclecontroller.cs:line 76

2025-06-26 14:20:48Z [ERROR] Error Getting All Vehicles
System.Exception: Vehicles not Found
   at VSM.Services.VehicleService.GetAll(Int32 page, Int32 pageSize, String search) in /Users/presidio/Desktop/Genspark/MiniProject/VehicleServiceManagement/Services/VehicleService.cs:line 76
   at VSM.Controllers.VehicleController.GetAll(Int32 page, Int32 pageSize, String search) in /Users/presidio/Desktop/Genspark/MiniProject/VehicleServiceManagement/Controllers/Vehiclecontroller.cs:line 76

2025-06-26 14:20:48Z [ERROR] Error Getting All Vehicles
System.Exception: Vehicles not Found
   at VSM.Services.VehicleService.GetAll(Int32 page, Int32 pageSize, String search) in /Users/presidio/Desktop/Genspark/MiniProject/VehicleServiceManagement/Services/VehicleService.cs:line 76
   at VSM.Controllers.VehicleController.GetAll(Int32 page, Int32 pageSize, String search) in /Users/presidio/Desktop/Genspark/MiniProject/VehicleServiceManagement/Controllers/Vehiclecontroller.cs:line 76

2025-06-26 14:20:52Z [ERROR] Error Getting All Vehicles
System.Exception: Vehicles not Found
   at VSM.Services.VehicleService.GetAll(Int32 page, Int32 pageSize, String search) in /Users/presidio/Desktop/Genspark/MiniProject/VehicleServiceManagement/Services/VehicleService.cs:line 76
   at VSM.Controllers.VehicleController.GetAll(Int32 page, Int32 pageSize, String search) in /Users/presidio/Desktop/Genspark/MiniProject/VehicleServiceManagement/Controllers/Vehiclecontroller.cs:line 76

2025-06-26 14:20:52Z [ERROR] Error Getting All Vehicles
System.Exception: Vehicles not Found
   at VSM.Services.VehicleService.GetAll(Int32 page, Int32 pageSize, String search) in /Users/presidio/Desktop/Genspark/MiniProject/VehicleServiceManagement/Services/VehicleService.cs:line 76
   at VSM.Controllers.VehicleController.GetAll(Int32 page, Int32 pageSize, String search) in /Users/presidio/Desktop/Genspark/MiniProject/VehicleServiceManagement/Controllers/Vehiclecontroller.cs:line 76

2025-06-26 14:20:52Z [ERROR] Error Getting All Vehicles
System.Exception: Vehicles not Found
   at VSM.Services.VehicleService.GetAll(Int32 page, Int32 pageSize, String search) in /Users/presidio/Desktop/Genspark/MiniProject/VehicleServiceManagement/Services/VehicleService.cs:line 76
   at VSM.Controllers.VehicleController.GetAll(Int32 page, Int32 pageSize, String search) in /Users/presidio/Desktop/Genspark/MiniProject/VehicleServiceManagement/Controllers/Vehiclecontroller.cs:line 76

2025-06-26 14:20:53Z [ERROR] Error Getting All Vehicles
System.Exception: Vehicles not Found
   at VSM.Services.VehicleService.GetAll(Int32 page, Int32 pageSize, String search) in /Users/presidio/Desktop/Genspark/MiniProject/VehicleServiceManagement/Services/VehicleService.cs:line 76
   at VSM.Controllers.VehicleController.GetAll(Int32 page, Int32 pageSize, String search) in /Users/presidio/Desktop/Genspark/MiniProject/VehicleServiceManagement/Controllers/Vehiclecontroller.cs:line 76

2025-06-26 14:20:53Z [ERROR] Error Getting All Vehicles
System.Exception: Vehicles not Found
   at VSM.Services.VehicleService.GetAll(Int32 page, Int32 pageSize, String search) in /Users/presidio/Desktop/Genspark/MiniProject/VehicleServiceManagement/Services/VehicleService.cs:line 76
   at VSM.Controllers.VehicleController.GetAll(Int32 page, Int32 pageSize, String search) in /Users/presidio/Desktop/Genspark/MiniProject/VehicleServiceManagement/Controllers/Vehiclecontroller.cs:line 76

2025-06-26 14:20:53Z [ERROR] Error Getting All Vehicles
System.Exception: Vehicles not Found
   at VSM.Services.VehicleService.GetAll(Int32 page, Int32 pageSize, String search) in /Users/presidio/Desktop/Genspark/MiniProject/VehicleServiceManagement/Services/VehicleService.cs:line 76
   at VSM.Controllers.VehicleController.GetAll(Int32 page, Int32 pageSize, String search) in /Users/presidio/Desktop/Genspark/MiniProject/VehicleServiceManagement/Controllers/Vehiclecontroller.cs:line 76

2025-06-26 14:20:53Z [ERROR] Error Getting All Vehicles
System.Exception: Vehicles not Found
   at VSM.Services.VehicleService.GetAll(Int32 page, Int32 pageSize, String search) in /Users/presidio/Desktop/Genspark/MiniProject/VehicleServiceManagement/Services/VehicleService.cs:line 76
   at VSM.Controllers.VehicleController.GetAll(Int32 page, Int32 pageSize, String search) in /Users/presidio/Desktop/Genspark/MiniProject/VehicleServiceManagement/Controllers/Vehiclecontroller.cs:line 76

2025-06-26 14:20:54Z [ERROR] Error Getting All Vehicles
System.Exception: Vehicles not Found
   at VSM.Services.VehicleService.GetAll(Int32 page, Int32 pageSize, String search) in /Users/presidio/Desktop/Genspark/MiniProject/VehicleServiceManagement/Services/VehicleService.cs:line 76
   at VSM.Controllers.VehicleController.GetAll(Int32 page, Int32 pageSize, String search) in /Users/presidio/Desktop/Genspark/MiniProject/VehicleServiceManagement/Controllers/Vehiclecontroller.cs:line 76

2025-06-26 14:20:54Z [ERROR] Error Getting All Vehicles
System.Exception: Vehicles not Found
   at VSM.Services.VehicleService.GetAll(Int32 page, Int32 pageSize, String search) in /Users/presidio/Desktop/Genspark/MiniProject/VehicleServiceManagement/Services/VehicleService.cs:line 76
   at VSM.Controllers.VehicleController.GetAll(Int32 page, Int32 pageSize, String search) in /Users/presidio/Desktop/Genspark/MiniProject/VehicleServiceManagement/Controllers/Vehiclecontroller.cs:line 76

2025-06-26 14:20:54Z [ERROR] Error Getting All Vehicles
System.Exception: Vehicles not Found
   at VSM.Services.VehicleService.GetAll(Int32 page, Int32 pageSize, String search) in /Users/presidio/Desktop/Genspark/MiniProject/VehicleServiceManagement/Services/VehicleService.cs:line 76
   at VSM.Controllers.VehicleController.GetAll(Int32 page, Int32 pageSize, String search) in /Users/presidio/Desktop/Genspark/MiniProject/VehicleServiceManagement/Controllers/Vehiclecontroller.cs:line 76

2025-06-26 14:20:54Z [ERROR] Error Getting All Vehicles
System.Exception: Vehicles not Found
   at VSM.Services.VehicleService.GetAll(Int32 page, Int32 pageSize, String search) in /Users/presidio/Desktop/Genspark/MiniProject/VehicleServiceManagement/Services/VehicleService.cs:line 76
   at VSM.Controllers.VehicleController.GetAll(Int32 page, Int32 pageSize, String search) in /Users/presidio/Desktop/Genspark/MiniProject/VehicleServiceManagement/Controllers/Vehiclecontroller.cs:line 76

2025-06-26 14:20:54Z [ERROR] Error Getting All Vehicles
System.Exception: Vehicles not Found
   at VSM.Services.VehicleService.GetAll(Int32 page, Int32 pageSize, String search) in /Users/presidio/Desktop/Genspark/MiniProject/VehicleServiceManagement/Services/VehicleService.cs:line 76
   at VSM.Controllers.VehicleController.GetAll(Int32 page, Int32 pageSize, String search) in /Users/presidio/Desktop/Genspark/MiniProject/VehicleServiceManagement/Controllers/Vehiclecontroller.cs:line 76

2025-06-26 14:20:54Z [ERROR] Error Getting All Vehicles
System.Exception: Vehicles not Found
   at VSM.Services.VehicleService.GetAll(Int32 page, Int32 pageSize, String search) in /Users/presidio/Desktop/Genspark/MiniProject/VehicleServiceManagement/Services/VehicleService.cs:line 76
   at VSM.Controllers.VehicleController.GetAll(Int32 page, Int32 pageSize, String search) in /Users/presidio/Desktop/Genspark/MiniProject/VehicleServiceManagement/Controllers/Vehiclecontroller.cs:line 76

2025-06-26 14:20:54Z [ERROR] Error Getting All Vehicles
System.Exception: Vehicles not Found
   at VSM.Services.VehicleService.GetAll(Int32 page, Int32 pageSize, String search) in /Users/presidio/Desktop/Genspark/MiniProject/VehicleServiceManagement/Services/VehicleService.cs:line 76
   at VSM.Controllers.VehicleController.GetAll(Int32 page, Int32 pageSize, String search) in /Users/presidio/Desktop/Genspark/MiniProject/VehicleServiceManagement/Controllers/Vehiclecontroller.cs:line 76

2025-06-26 14:20:54Z [ERROR] Error Getting All Vehicles
System.Exception: Vehicles not Found
   at VSM.Services.VehicleService.GetAll(Int32 page, Int32 pageSize, String search) in /Users/presidio/Desktop/Genspark/MiniProject/VehicleServiceManagement/Services/VehicleService.cs:line 76
   at VSM.Controllers.VehicleController.GetAll(Int32 page, Int32 pageSize, String search) in /Users/presidio/Desktop/Genspark/MiniProject/VehicleServiceManagement/Controllers/Vehiclecontroller.cs:line 76

2025-06-26 14:20:54Z [ERROR] Error Getting All Vehicles
System.Exception: Vehicles not Found
   at VSM.Services.VehicleService.GetAll(Int32 page, Int32 pageSize, String search) in /Users/presidio/Desktop/Genspark/MiniProject/VehicleServiceManagement/Services/VehicleService.cs:line 76
   at VSM.Controllers.VehicleController.GetAll(Int32 page, Int32 pageSize, String search) in /Users/presidio/Desktop/Genspark/MiniProject/VehicleServiceManagement/Controllers/Vehiclecontroller.cs:line 76

2025-06-26 14:20:54Z [ERROR] Error Getting All Vehicles
System.Exception: Vehicles not Found
   at VSM.Services.VehicleService.GetAll(Int32 page, Int32 pageSize, String search) in /Users/presidio/Desktop/Genspark/MiniProject/VehicleServiceManagement/Services/VehicleService.cs:line 76
   at VSM.Controllers.VehicleController.GetAll(Int32 page, Int32 pageSize, String search) in /Users/presidio/Desktop/Genspark/MiniProject/VehicleServiceManagement/Controllers/Vehiclecontroller.cs:line 76

2025-06-26 14:20:54Z [ERROR] Error Getting All Vehicles
System.Exception: Vehicles not Found
   at VSM.Services.VehicleService.GetAll(Int32 page, Int32 pageSize, String search) in /Users/presidio/Desktop/Genspark/MiniProject/VehicleServiceManagement/Services/VehicleService.cs:line 76
   at VSM.Controllers.VehicleController.GetAll(Int32 page, Int32 pageSize, String search) in /Users/presidio/Desktop/Genspark/MiniProject/VehicleServiceManagement/Controllers/Vehiclecontroller.cs:line 76

2025-06-26 14:20:54Z [ERROR] Error Getting All Vehicles
System.Exception: Vehicles not Found
   at VSM.Services.VehicleService.GetAll(Int32 page, Int32 pageSize, String search) in /Users/presidio/Desktop/Genspark/MiniProject/VehicleServiceManagement/Services/VehicleService.cs:line 76
   at VSM.Controllers.VehicleController.GetAll(Int32 page, Int32 pageSize, String search) in /Users/presidio/Desktop/Genspark/MiniProject/VehicleServiceManagement/Controllers/Vehiclecontroller.cs:line 76

2025-06-26 14:20:54Z [ERROR] Error Getting All Vehicles
System.Exception: Vehicles not Found
   at VSM.Services.VehicleService.GetAll(Int32 page, Int32 pageSize, String search) in /Users/presidio/Desktop/Genspark/MiniProject/VehicleServiceManagement/Services/VehicleService.cs:line 76
   at VSM.Controllers.VehicleController.GetAll(Int32 page, Int32 pageSize, String search) in /Users/presidio/Desktop/Genspark/MiniProject/VehicleServiceManagement/Controllers/Vehiclecontroller.cs:line 76

2025-06-26 14:20:54Z [ERROR] Error Getting All Vehicles
System.Exception: Vehicles not Found
   at VSM.Services.VehicleService.GetAll(Int32 page, Int32 pageSize, String search) in /Users/presidio/Desktop/Genspark/MiniProject/VehicleServiceManagement/Services/VehicleService.cs:line 76
   at VSM.Controllers.VehicleController.GetAll(Int32 page, Int32 pageSize, String search) in /Users/presidio/Desktop/Genspark/MiniProject/VehicleServiceManagement/Controllers/Vehiclecontroller.cs:line 76

2025-06-26 14:20:54Z [ERROR] Error Getting All Vehicles
System.Exception: Vehicles not Found
   at VSM.Services.VehicleService.GetAll(Int32 page, Int32 pageSize, String search) in /Users/presidio/Desktop/Genspark/MiniProject/VehicleServiceManagement/Services/VehicleService.cs:line 76
   at VSM.Controllers.VehicleController.GetAll(Int32 page, Int32 pageSize, String search) in /Users/presidio/Desktop/Genspark/MiniProject/VehicleServiceManagement/Controllers/Vehiclecontroller.cs:line 76

2025-06-26 15:17:23Z [ERROR] Error Getting All Vehicles
System.Exception: Vehicles not Found
   at VSM.Services.VehicleService.GetAll(Int32 page, Int32 pageSize, String search) in /Users/presidio/Desktop/Genspark/MiniProject/VehicleServiceManagement/Services/VehicleService.cs:line 76
   at VSM.Controllers.VehicleController.GetAll(Int32 page, Int32 pageSize, String search) in /Users/presidio/Desktop/Genspark/MiniProject/VehicleServiceManagement/Controllers/Vehiclecontroller.cs:line 76

2025-06-26 15:17:23Z [ERROR] Error Getting All Vehicles
System.Exception: Vehicles not Found
   at VSM.Services.VehicleService.GetAll(Int32 page, Int32 pageSize, String search) in /Users/presidio/Desktop/Genspark/MiniProject/VehicleServiceManagement/Services/VehicleService.cs:line 76
   at VSM.Controllers.VehicleController.GetAll(Int32 page, Int32 pageSize, String search) in /Users/presidio/Desktop/Genspark/MiniProject/VehicleServiceManagement/Controllers/Vehiclecontroller.cs:line 76

2025-06-26 15:29:50Z [ERROR] Error Getting All Vehicles
System.Exception: Vehicles not Found
   at VSM.Services.VehicleService.GetAll(Int32 page, Int32 pageSize, String search) in /Users/presidio/Desktop/Genspark/MiniProject/VehicleServiceManagement/Services/VehicleService.cs:line 76
   at VSM.Controllers.VehicleController.GetAll(Int32 page, Int32 pageSize, String search) in /Users/presidio/Desktop/Genspark/MiniProject/VehicleServiceManagement/Controllers/Vehiclecontroller.cs:line 76

2025-06-26 15:29:50Z [ERROR] Error Getting All Vehicles
System.Exception: Vehicles not Found
   at VSM.Services.VehicleService.GetAll(Int32 page, Int32 pageSize, String search) in /Users/presidio/Desktop/Genspark/MiniProject/VehicleServiceManagement/Services/VehicleService.cs:line 76
   at VSM.Controllers.VehicleController.GetAll(Int32 page, Int32 pageSize, String search) in /Users/presidio/Desktop/Genspark/MiniProject/VehicleServiceManagement/Controllers/Vehiclecontroller.cs:line 76

2025-06-26 16:03:44Z [ERROR] Error Getting All Vehicles
System.Exception: Vehicles not Found
   at VSM.Services.VehicleService.GetAll(Int32 page, Int32 pageSize, String search) in /Users/presidio/Desktop/Genspark/MiniProject/VehicleServiceManagement/Services/VehicleService.cs:line 76
   at VSM.Controllers.VehicleController.GetAll(Int32 page, Int32 pageSize, String search) in /Users/presidio/Desktop/Genspark/MiniProject/VehicleServiceManagement/Controllers/Vehiclecontroller.cs:line 76

2025-06-26 16:03:44Z [ERROR] Error Getting All Vehicles
System.Exception: Vehicles not Found
   at VSM.Services.VehicleService.GetAll(Int32 page, Int32 pageSize, String search) in /Users/presidio/Desktop/Genspark/MiniProject/VehicleServiceManagement/Services/VehicleService.cs:line 76
   at VSM.Controllers.VehicleController.GetAll(Int32 page, Int32 pageSize, String search) in /Users/presidio/Desktop/Genspark/MiniProject/VehicleServiceManagement/Controllers/Vehiclecontroller.cs:line 76

2025-06-26 16:03:44Z [ERROR] Error Getting All Vehicles
System.Exception: Vehicles not Found
   at VSM.Services.VehicleService.GetAll(Int32 page, Int32 pageSize, String search) in /Users/presidio/Desktop/Genspark/MiniProject/VehicleServiceManagement/Services/VehicleService.cs:line 76
   at VSM.Controllers.VehicleController.GetAll(Int32 page, Int32 pageSize, String search) in /Users/presidio/Desktop/Genspark/MiniProject/VehicleServiceManagement/Controllers/Vehiclecontroller.cs:line 76

2025-06-26 16:07:59Z [ERROR] Error Getting All Vehicles
System.Exception: Vehicles not Found
   at VSM.Services.VehicleService.GetAll(Int32 page, Int32 pageSize, String search) in /Users/presidio/Desktop/Genspark/MiniProject/VehicleServiceManagement/Services/VehicleService.cs:line 76
   at VSM.Controllers.VehicleController.GetAll(Int32 page, Int32 pageSize, String search) in /Users/presidio/Desktop/Genspark/MiniProject/VehicleServiceManagement/Controllers/Vehiclecontroller.cs:line 76

2025-06-26 16:07:59Z [ERROR] Error Getting All Vehicles
System.Exception: Vehicles not Found
   at VSM.Services.VehicleService.GetAll(Int32 page, Int32 pageSize, String search) in /Users/presidio/Desktop/Genspark/MiniProject/VehicleServiceManagement/Services/VehicleService.cs:line 76
   at VSM.Controllers.VehicleController.GetAll(Int32 page, Int32 pageSize, String search) in /Users/presidio/Desktop/Genspark/MiniProject/VehicleServiceManagement/Controllers/Vehiclecontroller.cs:line 76

2025-06-26 16:08:00Z [ERROR] Error Getting All Vehicles
System.Exception: Vehicles not Found
   at VSM.Services.VehicleService.GetAll(Int32 page, Int32 pageSize, String search) in /Users/presidio/Desktop/Genspark/MiniProject/VehicleServiceManagement/Services/VehicleService.cs:line 76
   at VSM.Controllers.VehicleController.GetAll(Int32 page, Int32 pageSize, String search) in /Users/presidio/Desktop/Genspark/MiniProject/VehicleServiceManagement/Controllers/Vehiclecontroller.cs:line 76

2025-06-26 16:08:00Z [ERROR] Error Getting All Vehicles
System.Exception: Vehicles not Found
   at VSM.Services.VehicleService.GetAll(Int32 page, Int32 pageSize, String search) in /Users/presidio/Desktop/Genspark/MiniProject/VehicleServiceManagement/Services/VehicleService.cs:line 76
   at VSM.Controllers.VehicleController.GetAll(Int32 page, Int32 pageSize, String search) in /Users/presidio/Desktop/Genspark/MiniProject/VehicleServiceManagement/Controllers/Vehiclecontroller.cs:line 76

2025-06-26 16:08:00Z [ERROR] Error Getting All Vehicles
System.Exception: Vehicles not Found
   at VSM.Services.VehicleService.GetAll(Int32 page, Int32 pageSize, String search) in /Users/presidio/Desktop/Genspark/MiniProject/VehicleServiceManagement/Services/VehicleService.cs:line 76
   at VSM.Controllers.VehicleController.GetAll(Int32 page, Int32 pageSize, String search) in /Users/presidio/Desktop/Genspark/MiniProject/VehicleServiceManagement/Controllers/Vehiclecontroller.cs:line 76

2025-06-26 16:08:00Z [ERROR] Error Getting All Vehicles
System.Exception: Vehicles not Found
   at VSM.Services.VehicleService.GetAll(Int32 page, Int32 pageSize, String search) in /Users/presidio/Desktop/Genspark/MiniProject/VehicleServiceManagement/Services/VehicleService.cs:line 76
   at VSM.Controllers.VehicleController.GetAll(Int32 page, Int32 pageSize, String search) in /Users/presidio/Desktop/Genspark/MiniProject/VehicleServiceManagement/Controllers/Vehiclecontroller.cs:line 76

2025-06-26 16:08:00Z [ERROR] Error Getting All Vehicles
System.Exception: Vehicles not Found
   at VSM.Services.VehicleService.GetAll(Int32 page, Int32 pageSize, String search) in /Users/presidio/Desktop/Genspark/MiniProject/VehicleServiceManagement/Services/VehicleService.cs:line 76
   at VSM.Controllers.VehicleController.GetAll(Int32 page, Int32 pageSize, String search) in /Users/presidio/Desktop/Genspark/MiniProject/VehicleServiceManagement/Controllers/Vehiclecontroller.cs:line 76

2025-06-26 16:08:00Z [ERROR] Error Getting All Vehicles
System.Exception: Vehicles not Found
   at VSM.Services.VehicleService.GetAll(Int32 page, Int32 pageSize, String search) in /Users/presidio/Desktop/Genspark/MiniProject/VehicleServiceManagement/Services/VehicleService.cs:line 76
   at VSM.Controllers.VehicleController.GetAll(Int32 page, Int32 pageSize, String search) in /Users/presidio/Desktop/Genspark/MiniProject/VehicleServiceManagement/Controllers/Vehiclecontroller.cs:line 76

2025-06-26 16:08:00Z [ERROR] Error Getting All Vehicles
System.Exception: Vehicles not Found
   at VSM.Services.VehicleService.GetAll(Int32 page, Int32 pageSize, String search) in /Users/presidio/Desktop/Genspark/MiniProject/VehicleServiceManagement/Services/VehicleService.cs:line 76
   at VSM.Controllers.VehicleController.GetAll(Int32 page, Int32 pageSize, String search) in /Users/presidio/Desktop/Genspark/MiniProject/VehicleServiceManagement/Controllers/Vehiclecontroller.cs:line 76

2025-06-26 16:08:00Z [ERROR] Error Getting All Vehicles
System.Exception: Vehicles not Found
   at VSM.Services.VehicleService.GetAll(Int32 page, Int32 pageSize, String search) in /Users/presidio/Desktop/Genspark/MiniProject/VehicleServiceManagement/Services/VehicleService.cs:line 76
   at VSM.Controllers.VehicleController.GetAll(Int32 page, Int32 pageSize, String search) in /Users/presidio/Desktop/Genspark/MiniProject/VehicleServiceManagement/Controllers/Vehiclecontroller.cs:line 76

2025-06-26 16:08:01Z [ERROR] Error Getting All Vehicles
System.Exception: Vehicles not Found
   at VSM.Services.VehicleService.GetAll(Int32 page, Int32 pageSize, String search) in /Users/presidio/Desktop/Genspark/MiniProject/VehicleServiceManagement/Services/VehicleService.cs:line 76
   at VSM.Controllers.VehicleController.GetAll(Int32 page, Int32 pageSize, String search) in /Users/presidio/Desktop/Genspark/MiniProject/VehicleServiceManagement/Controllers/Vehiclecontroller.cs:line 76

2025-06-26 16:08:01Z [ERROR] Error Getting All Vehicles
System.Exception: Vehicles not Found
   at VSM.Services.VehicleService.GetAll(Int32 page, Int32 pageSize, String search) in /Users/presidio/Desktop/Genspark/MiniProject/VehicleServiceManagement/Services/VehicleService.cs:line 76
   at VSM.Controllers.VehicleController.GetAll(Int32 page, Int32 pageSize, String search) in /Users/presidio/Desktop/Genspark/MiniProject/VehicleServiceManagement/Controllers/Vehiclecontroller.cs:line 76

2025-06-26 16:45:14Z [ERROR] Error Getting All Bookings
System.Exception: No Bookings Found
   at VSM.Services.BookingService.GetAllBookings() in /Users/presidio/Desktop/Genspark/MiniProject/VehicleServiceManagement/Services/BookingService.cs:line 131
   at VSM.Controllers.BookingController.GetAllBookings() in /Users/presidio/Desktop/Genspark/MiniProject/VehicleServiceManagement/Controllers/Bookingcontroller.cs:line 91

2025-06-26 17:49:51Z [ERROR] Error Adding ServiceRecord
System.Exception: Mechanic Not Found
   at VSM.Repositories.CustomerRepository.Get(Guid key) in /Users/presidio/Desktop/Genspark/MiniProject/VehicleServiceManagement/Repositories/CustomerRepository.cs:line 15
   at VSM.Services.ServiceRecordService.Add(ServiceRecordAddDto dto) in /Users/presidio/Desktop/Genspark/MiniProject/VehicleServiceManagement/Services/ServiceRecordService.cs:line 34
   at VSM.Controllers.ServiceRecordController.Add(ServiceRecordAddDto dto) in /Users/presidio/Desktop/Genspark/MiniProject/VehicleServiceManagement/Controllers/ServiceRecordController.cs:line 28

2025-06-26 17:49:51Z [ERROR] Error Adding Service
System.Exception: Vehicle Not Found
   at VSM.Repositories.VehicleRepository.Get(Guid key) in /Users/presidio/Desktop/Genspark/MiniProject/VehicleServiceManagement/Repositories/vehicleRepository.cs:line 15
   at VSM.Services.ServiceService.AddService(ServiceAddDto dto) in /Users/presidio/Desktop/Genspark/MiniProject/VehicleServiceManagement/Services/ServiceService.cs:line 28
   at VSM.Controllers.ServiceController.AddService(ServiceAddDto dto) in /Users/presidio/Desktop/Genspark/MiniProject/VehicleServiceManagement/Controllers/ServiceController.cs:line 29

2025-06-26 17:50:15Z [ERROR] Error Adding Service
System.Exception: Vehicle Not Found
   at VSM.Repositories.VehicleRepository.Get(Guid key) in /Users/presidio/Desktop/Genspark/MiniProject/VehicleServiceManagement/Repositories/vehicleRepository.cs:line 15
   at VSM.Services.ServiceService.AddService(ServiceAddDto dto) in /Users/presidio/Desktop/Genspark/MiniProject/VehicleServiceManagement/Services/ServiceService.cs:line 28
   at VSM.Controllers.ServiceController.AddService(ServiceAddDto dto) in /Users/presidio/Desktop/Genspark/MiniProject/VehicleServiceManagement/Controllers/ServiceController.cs:line 29

2025-06-26 17:50:15Z [ERROR] Error Adding ServiceRecord
System.Exception: Mechanic Not Found
   at VSM.Repositories.CustomerRepository.Get(Guid key) in /Users/presidio/Desktop/Genspark/MiniProject/VehicleServiceManagement/Repositories/CustomerRepository.cs:line 15
   at VSM.Services.ServiceRecordService.Add(ServiceRecordAddDto dto) in /Users/presidio/Desktop/Genspark/MiniProject/VehicleServiceManagement/Services/ServiceRecordService.cs:line 34
   at VSM.Controllers.ServiceRecordController.Add(ServiceRecordAddDto dto) in /Users/presidio/Desktop/Genspark/MiniProject/VehicleServiceManagement/Controllers/ServiceRecordController.cs:line 28

2025-06-26 17:50:17Z [ERROR] Error Adding ServiceRecord
System.Exception: Mechanic Not Found
   at VSM.Repositories.CustomerRepository.Get(Guid key) in /Users/presidio/Desktop/Genspark/MiniProject/VehicleServiceManagement/Repositories/CustomerRepository.cs:line 15
   at VSM.Services.ServiceRecordService.Add(ServiceRecordAddDto dto) in /Users/presidio/Desktop/Genspark/MiniProject/VehicleServiceManagement/Services/ServiceRecordService.cs:line 34
   at VSM.Controllers.ServiceRecordController.Add(ServiceRecordAddDto dto) in /Users/presidio/Desktop/Genspark/MiniProject/VehicleServiceManagement/Controllers/ServiceRecordController.cs:line 28

2025-06-26 17:50:17Z [ERROR] Error Adding Service
System.Exception: Vehicle Not Found
   at VSM.Repositories.VehicleRepository.Get(Guid key) in /Users/presidio/Desktop/Genspark/MiniProject/VehicleServiceManagement/Repositories/vehicleRepository.cs:line 15
   at VSM.Services.ServiceService.AddService(ServiceAddDto dto) in /Users/presidio/Desktop/Genspark/MiniProject/VehicleServiceManagement/Services/ServiceService.cs:line 28
   at VSM.Controllers.ServiceController.AddService(ServiceAddDto dto) in /Users/presidio/Desktop/Genspark/MiniProject/VehicleServiceManagement/Controllers/ServiceController.cs:line 29

2025-06-26 17:51:25Z [ERROR] Error Adding Service
System.Exception: Vehicle Not Found
   at VSM.Repositories.VehicleRepository.Get(Guid key) in /Users/presidio/Desktop/Genspark/MiniProject/VehicleServiceManagement/Repositories/vehicleRepository.cs:line 15
   at VSM.Services.ServiceService.AddService(ServiceAddDto dto) in /Users/presidio/Desktop/Genspark/MiniProject/VehicleServiceManagement/Services/ServiceService.cs:line 28
   at VSM.Controllers.ServiceController.AddService(ServiceAddDto dto) in /Users/presidio/Desktop/Genspark/MiniProject/VehicleServiceManagement/Controllers/ServiceController.cs:line 29

2025-06-26 17:51:25Z [ERROR] Error Adding ServiceRecord
System.Exception: Mechanic Not Found
   at VSM.Repositories.CustomerRepository.Get(Guid key) in /Users/presidio/Desktop/Genspark/MiniProject/VehicleServiceManagement/Repositories/CustomerRepository.cs:line 15
   at VSM.Services.ServiceRecordService.Add(ServiceRecordAddDto dto) in /Users/presidio/Desktop/Genspark/MiniProject/VehicleServiceManagement/Services/ServiceRecordService.cs:line 34
   at VSM.Controllers.ServiceRecordController.Add(ServiceRecordAddDto dto) in /Users/presidio/Desktop/Genspark/MiniProject/VehicleServiceManagement/Controllers/ServiceRecordController.cs:line 28

2025-06-26 17:53:25Z [ERROR] Error Adding Service
System.Exception: Vehicle Not Found
   at VSM.Repositories.VehicleRepository.Get(Guid key) in /Users/presidio/Desktop/Genspark/MiniProject/VehicleServiceManagement/Repositories/vehicleRepository.cs:line 15
   at VSM.Services.ServiceService.AddService(ServiceAddDto dto) in /Users/presidio/Desktop/Genspark/MiniProject/VehicleServiceManagement/Services/ServiceService.cs:line 28
   at VSM.Controllers.ServiceController.AddService(ServiceAddDto dto) in /Users/presidio/Desktop/Genspark/MiniProject/VehicleServiceManagement/Controllers/ServiceController.cs:line 29

2025-06-26 17:53:25Z [ERROR] Error Adding ServiceRecord
System.Exception: Mechanic Not Found
   at VSM.Repositories.CustomerRepository.Get(Guid key) in /Users/presidio/Desktop/Genspark/MiniProject/VehicleServiceManagement/Repositories/CustomerRepository.cs:line 15
   at VSM.Services.ServiceRecordService.Add(ServiceRecordAddDto dto) in /Users/presidio/Desktop/Genspark/MiniProject/VehicleServiceManagement/Services/ServiceRecordService.cs:line 34
   at VSM.Controllers.ServiceRecordController.Add(ServiceRecordAddDto dto) in /Users/presidio/Desktop/Genspark/MiniProject/VehicleServiceManagement/Controllers/ServiceRecordController.cs:line 28

2025-06-26 17:55:16Z [ERROR] Error Getting All Vehicles
System.Exception: Vehicles not Found
   at VSM.Services.VehicleService.GetAll(Int32 page, Int32 pageSize, String search) in /Users/presidio/Desktop/Genspark/MiniProject/VehicleServiceManagement/Services/VehicleService.cs:line 76
   at VSM.Controllers.VehicleController.GetAll(Int32 page, Int32 pageSize, String search) in /Users/presidio/Desktop/Genspark/MiniProject/VehicleServiceManagement/Controllers/Vehiclecontroller.cs:line 76

2025-06-26 17:55:16Z [ERROR] Error Adding ServiceRecord
System.Exception: Mechanic Not Found
   at VSM.Repositories.CustomerRepository.Get(Guid key) in /Users/presidio/Desktop/Genspark/MiniProject/VehicleServiceManagement/Repositories/CustomerRepository.cs:line 15
   at VSM.Services.ServiceRecordService.Add(ServiceRecordAddDto dto) in /Users/presidio/Desktop/Genspark/MiniProject/VehicleServiceManagement/Services/ServiceRecordService.cs:line 34
   at VSM.Controllers.ServiceRecordController.Add(ServiceRecordAddDto dto) in /Users/presidio/Desktop/Genspark/MiniProject/VehicleServiceManagement/Controllers/ServiceRecordController.cs:line 28

2025-06-26 17:55:16Z [ERROR] Error Adding Service
System.Exception: Vehicle Not Found
   at VSM.Repositories.VehicleRepository.Get(Guid key) in /Users/presidio/Desktop/Genspark/MiniProject/VehicleServiceManagement/Repositories/vehicleRepository.cs:line 15
   at VSM.Services.ServiceService.AddService(ServiceAddDto dto) in /Users/presidio/Desktop/Genspark/MiniProject/VehicleServiceManagement/Services/ServiceService.cs:line 28
   at VSM.Controllers.ServiceController.AddService(ServiceAddDto dto) in /Users/presidio/Desktop/Genspark/MiniProject/VehicleServiceManagement/Controllers/ServiceController.cs:line 29

2025-06-26 17:56:20Z [ERROR] Error Adding ServiceRecord
System.Exception: Mechanic Not Found
   at VSM.Repositories.CustomerRepository.Get(Guid key) in /Users/presidio/Desktop/Genspark/MiniProject/VehicleServiceManagement/Repositories/CustomerRepository.cs:line 15
   at VSM.Services.ServiceRecordService.Add(ServiceRecordAddDto dto) in /Users/presidio/Desktop/Genspark/MiniProject/VehicleServiceManagement/Services/ServiceRecordService.cs:line 34
   at VSM.Controllers.ServiceRecordController.Add(ServiceRecordAddDto dto) in /Users/presidio/Desktop/Genspark/MiniProject/VehicleServiceManagement/Controllers/ServiceRecordController.cs:line 28

2025-06-26 17:56:20Z [ERROR] Error Adding Service
System.Exception: Vehicle Not Found
   at VSM.Repositories.VehicleRepository.Get(Guid key) in /Users/presidio/Desktop/Genspark/MiniProject/VehicleServiceManagement/Repositories/vehicleRepository.cs:line 15
   at VSM.Services.ServiceService.AddService(ServiceAddDto dto) in /Users/presidio/Desktop/Genspark/MiniProject/VehicleServiceManagement/Services/ServiceService.cs:line 28
   at VSM.Controllers.ServiceController.AddService(ServiceAddDto dto) in /Users/presidio/Desktop/Genspark/MiniProject/VehicleServiceManagement/Controllers/ServiceController.cs:line 29

2025-06-26 18:09:45Z [ERROR] Error Adding ServiceRecord
Microsoft.EntityFrameworkCore.DbUpdateException: An error occurred while saving the entity changes. See the inner exception for details.
 ---> Npgsql.PostgresException (0x80004005): 23505: duplicate key value violates unique constraint "IX_serviceRecords_BookingID"

DETAIL: Detail redacted as it may contain sensitive data. Specify 'Include Error Detail' in the connection string to include this information.
   at Npgsql.Internal.NpgsqlConnector.ReadMessageLong(Boolean async, DataRowLoadingMode dataRowLoadingMode, Boolean readingNotifications, Boolean isReadingPrependedMessage)
   at System.Runtime.CompilerServices.PoolingAsyncValueTaskMethodBuilder`1.StateMachineBox`1.System.Threading.Tasks.Sources.IValueTaskSource<TResult>.GetResult(Int16 token)
   at Npgsql.NpgsqlDataReader.NextResult(Boolean async, Boolean isConsuming, CancellationToken cancellationToken)
   at Npgsql.NpgsqlDataReader.NextResult(Boolean async, Boolean isConsuming, CancellationToken cancellationToken)
   at Npgsql.NpgsqlCommand.ExecuteReader(Boolean async, CommandBehavior behavior, CancellationToken cancellationToken)
   at Npgsql.NpgsqlCommand.ExecuteReader(Boolean async, CommandBehavior behavior, CancellationToken cancellationToken)
   at Npgsql.NpgsqlCommand.ExecuteDbDataReaderAsync(CommandBehavior behavior, CancellationToken cancellationToken)
   at Microsoft.EntityFrameworkCore.Storage.RelationalCommand.ExecuteReaderAsync(RelationalCommandParameterObject parameterObject, CancellationToken cancellationToken)
   at Microsoft.EntityFrameworkCore.Storage.RelationalCommand.ExecuteReaderAsync(RelationalCommandParameterObject parameterObject, CancellationToken cancellationToken)
   at Microsoft.EntityFrameworkCore.Update.ReaderModificationCommandBatch.ExecuteAsync(IRelationalConnection connection, CancellationToken cancellationToken)
  Exception data:
    Severity: ERROR
    SqlState: 23505
    MessageText: duplicate key value violates unique constraint "IX_serviceRecords_BookingID"
    Detail: Detail redacted as it may contain sensitive data. Specify 'Include Error Detail' in the connection string to include this information.
    SchemaName: public
    TableName: serviceRecords
    ConstraintName: IX_serviceRecords_BookingID
    File: nbtinsert.c
    Line: 670
    Routine: _bt_check_unique
   --- End of inner exception stack trace ---
   at Microsoft.EntityFrameworkCore.Update.ReaderModificationCommandBatch.ExecuteAsync(IRelationalConnection connection, CancellationToken cancellationToken)
   at Microsoft.EntityFrameworkCore.Update.Internal.BatchExecutor.ExecuteAsync(IEnumerable`1 commandBatches, IRelationalConnection connection, CancellationToken cancellationToken)
   at Microsoft.EntityFrameworkCore.Update.Internal.BatchExecutor.ExecuteAsync(IEnumerable`1 commandBatches, IRelationalConnection connection, CancellationToken cancellationToken)
   at Microsoft.EntityFrameworkCore.Update.Internal.BatchExecutor.ExecuteAsync(IEnumerable`1 commandBatches, IRelationalConnection connection, CancellationToken cancellationToken)
   at Microsoft.EntityFrameworkCore.Storage.RelationalDatabase.SaveChangesAsync(IList`1 entries, CancellationToken cancellationToken)
   at Microsoft.EntityFrameworkCore.ChangeTracking.Internal.StateManager.SaveChangesAsync(IList`1 entriesToSave, CancellationToken cancellationToken)
   at Microsoft.EntityFrameworkCore.ChangeTracking.Internal.StateManager.SaveChangesAsync(StateManager stateManager, Boolean acceptAllChangesOnSuccess, CancellationToken cancellationToken)
   at Npgsql.EntityFrameworkCore.PostgreSQL.Storage.Internal.NpgsqlExecutionStrategy.ExecuteAsync[TState,TResult](TState state, Func`4 operation, Func`4 verifySucceeded, CancellationToken cancellationToken)
   at Microsoft.EntityFrameworkCore.DbContext.SaveChangesAsync(Boolean acceptAllChangesOnSuccess, CancellationToken cancellationToken)
   at Microsoft.EntityFrameworkCore.DbContext.SaveChangesAsync(Boolean acceptAllChangesOnSuccess, CancellationToken cancellationToken)
   at VSM.Repositories.Repository`2.Add(T item) in /Users/presidio/Desktop/Genspark/MiniProject/VehicleServiceManagement/Repositories/Repository.cs:line 20
   at VSM.Services.ServiceRecordService.Add(ServiceRecordAddDto dto) in /Users/presidio/Desktop/Genspark/MiniProject/VehicleServiceManagement/Services/ServiceRecordService.cs:line 45
   at VSM.Controllers.ServiceRecordController.Add(ServiceRecordAddDto dto) in /Users/presidio/Desktop/Genspark/MiniProject/VehicleServiceManagement/Controllers/ServiceRecordController.cs:line 28

2025-06-26 18:09:48Z [ERROR] Error Adding ServiceRecord
Microsoft.EntityFrameworkCore.DbUpdateException: An error occurred while saving the entity changes. See the inner exception for details.
 ---> Npgsql.PostgresException (0x80004005): 23505: duplicate key value violates unique constraint "IX_serviceRecords_BookingID"

DETAIL: Detail redacted as it may contain sensitive data. Specify 'Include Error Detail' in the connection string to include this information.
   at Npgsql.Internal.NpgsqlConnector.ReadMessageLong(Boolean async, DataRowLoadingMode dataRowLoadingMode, Boolean readingNotifications, Boolean isReadingPrependedMessage)
   at System.Runtime.CompilerServices.PoolingAsyncValueTaskMethodBuilder`1.StateMachineBox`1.System.Threading.Tasks.Sources.IValueTaskSource<TResult>.GetResult(Int16 token)
   at Npgsql.NpgsqlDataReader.NextResult(Boolean async, Boolean isConsuming, CancellationToken cancellationToken)
   at Npgsql.NpgsqlDataReader.NextResult(Boolean async, Boolean isConsuming, CancellationToken cancellationToken)
   at Npgsql.NpgsqlCommand.ExecuteReader(Boolean async, CommandBehavior behavior, CancellationToken cancellationToken)
   at Npgsql.NpgsqlCommand.ExecuteReader(Boolean async, CommandBehavior behavior, CancellationToken cancellationToken)
   at Npgsql.NpgsqlCommand.ExecuteDbDataReaderAsync(CommandBehavior behavior, CancellationToken cancellationToken)
   at Microsoft.EntityFrameworkCore.Storage.RelationalCommand.ExecuteReaderAsync(RelationalCommandParameterObject parameterObject, CancellationToken cancellationToken)
   at Microsoft.EntityFrameworkCore.Storage.RelationalCommand.ExecuteReaderAsync(RelationalCommandParameterObject parameterObject, CancellationToken cancellationToken)
   at Microsoft.EntityFrameworkCore.Update.ReaderModificationCommandBatch.ExecuteAsync(IRelationalConnection connection, CancellationToken cancellationToken)
  Exception data:
    Severity: ERROR
    SqlState: 23505
    MessageText: duplicate key value violates unique constraint "IX_serviceRecords_BookingID"
    Detail: Detail redacted as it may contain sensitive data. Specify 'Include Error Detail' in the connection string to include this information.
    SchemaName: public
    TableName: serviceRecords
    ConstraintName: IX_serviceRecords_BookingID
    File: nbtinsert.c
    Line: 670
    Routine: _bt_check_unique
   --- End of inner exception stack trace ---
   at Microsoft.EntityFrameworkCore.Update.ReaderModificationCommandBatch.ExecuteAsync(IRelationalConnection connection, CancellationToken cancellationToken)
   at Microsoft.EntityFrameworkCore.Update.Internal.BatchExecutor.ExecuteAsync(IEnumerable`1 commandBatches, IRelationalConnection connection, CancellationToken cancellationToken)
   at Microsoft.EntityFrameworkCore.Update.Internal.BatchExecutor.ExecuteAsync(IEnumerable`1 commandBatches, IRelationalConnection connection, CancellationToken cancellationToken)
   at Microsoft.EntityFrameworkCore.Update.Internal.BatchExecutor.ExecuteAsync(IEnumerable`1 commandBatches, IRelationalConnection connection, CancellationToken cancellationToken)
   at Microsoft.EntityFrameworkCore.Storage.RelationalDatabase.SaveChangesAsync(IList`1 entries, CancellationToken cancellationToken)
   at Microsoft.EntityFrameworkCore.ChangeTracking.Internal.StateManager.SaveChangesAsync(IList`1 entriesToSave, CancellationToken cancellationToken)
   at Microsoft.EntityFrameworkCore.ChangeTracking.Internal.StateManager.SaveChangesAsync(StateManager stateManager, Boolean acceptAllChangesOnSuccess, CancellationToken cancellationToken)
   at Npgsql.EntityFrameworkCore.PostgreSQL.Storage.Internal.NpgsqlExecutionStrategy.ExecuteAsync[TState,TResult](TState state, Func`4 operation, Func`4 verifySucceeded, CancellationToken cancellationToken)
   at Microsoft.EntityFrameworkCore.DbContext.SaveChangesAsync(Boolean acceptAllChangesOnSuccess, CancellationToken cancellationToken)
   at Microsoft.EntityFrameworkCore.DbContext.SaveChangesAsync(Boolean acceptAllChangesOnSuccess, CancellationToken cancellationToken)
   at VSM.Repositories.Repository`2.Add(T item) in /Users/presidio/Desktop/Genspark/MiniProject/VehicleServiceManagement/Repositories/Repository.cs:line 20
   at VSM.Services.ServiceRecordService.Add(ServiceRecordAddDto dto) in /Users/presidio/Desktop/Genspark/MiniProject/VehicleServiceManagement/Services/ServiceRecordService.cs:line 45
   at VSM.Controllers.ServiceRecordController.Add(ServiceRecordAddDto dto) in /Users/presidio/Desktop/Genspark/MiniProject/VehicleServiceManagement/Controllers/ServiceRecordController.cs:line 28

2025-06-26 18:10:25Z [ERROR] Error Adding ServiceRecord
Microsoft.EntityFrameworkCore.DbUpdateException: An error occurred while saving the entity changes. See the inner exception for details.
 ---> Npgsql.PostgresException (0x80004005): 23505: duplicate key value violates unique constraint "IX_serviceRecords_BookingID"

DETAIL: Detail redacted as it may contain sensitive data. Specify 'Include Error Detail' in the connection string to include this information.
   at Npgsql.Internal.NpgsqlConnector.ReadMessageLong(Boolean async, DataRowLoadingMode dataRowLoadingMode, Boolean readingNotifications, Boolean isReadingPrependedMessage)
   at System.Runtime.CompilerServices.PoolingAsyncValueTaskMethodBuilder`1.StateMachineBox`1.System.Threading.Tasks.Sources.IValueTaskSource<TResult>.GetResult(Int16 token)
   at Npgsql.NpgsqlDataReader.NextResult(Boolean async, Boolean isConsuming, CancellationToken cancellationToken)
   at Npgsql.NpgsqlDataReader.NextResult(Boolean async, Boolean isConsuming, CancellationToken cancellationToken)
   at Npgsql.NpgsqlCommand.ExecuteReader(Boolean async, CommandBehavior behavior, CancellationToken cancellationToken)
   at Npgsql.NpgsqlCommand.ExecuteReader(Boolean async, CommandBehavior behavior, CancellationToken cancellationToken)
   at Npgsql.NpgsqlCommand.ExecuteDbDataReaderAsync(CommandBehavior behavior, CancellationToken cancellationToken)
   at Microsoft.EntityFrameworkCore.Storage.RelationalCommand.ExecuteReaderAsync(RelationalCommandParameterObject parameterObject, CancellationToken cancellationToken)
   at Microsoft.EntityFrameworkCore.Storage.RelationalCommand.ExecuteReaderAsync(RelationalCommandParameterObject parameterObject, CancellationToken cancellationToken)
   at Microsoft.EntityFrameworkCore.Update.ReaderModificationCommandBatch.ExecuteAsync(IRelationalConnection connection, CancellationToken cancellationToken)
  Exception data:
    Severity: ERROR
    SqlState: 23505
    MessageText: duplicate key value violates unique constraint "IX_serviceRecords_BookingID"
    Detail: Detail redacted as it may contain sensitive data. Specify 'Include Error Detail' in the connection string to include this information.
    SchemaName: public
    TableName: serviceRecords
    ConstraintName: IX_serviceRecords_BookingID
    File: nbtinsert.c
    Line: 670
    Routine: _bt_check_unique
   --- End of inner exception stack trace ---
   at Microsoft.EntityFrameworkCore.Update.ReaderModificationCommandBatch.ExecuteAsync(IRelationalConnection connection, CancellationToken cancellationToken)
   at Microsoft.EntityFrameworkCore.Update.Internal.BatchExecutor.ExecuteAsync(IEnumerable`1 commandBatches, IRelationalConnection connection, CancellationToken cancellationToken)
   at Microsoft.EntityFrameworkCore.Update.Internal.BatchExecutor.ExecuteAsync(IEnumerable`1 commandBatches, IRelationalConnection connection, CancellationToken cancellationToken)
   at Microsoft.EntityFrameworkCore.Update.Internal.BatchExecutor.ExecuteAsync(IEnumerable`1 commandBatches, IRelationalConnection connection, CancellationToken cancellationToken)
   at Microsoft.EntityFrameworkCore.Storage.RelationalDatabase.SaveChangesAsync(IList`1 entries, CancellationToken cancellationToken)
   at Microsoft.EntityFrameworkCore.ChangeTracking.Internal.StateManager.SaveChangesAsync(IList`1 entriesToSave, CancellationToken cancellationToken)
   at Microsoft.EntityFrameworkCore.ChangeTracking.Internal.StateManager.SaveChangesAsync(StateManager stateManager, Boolean acceptAllChangesOnSuccess, CancellationToken cancellationToken)
   at Npgsql.EntityFrameworkCore.PostgreSQL.Storage.Internal.NpgsqlExecutionStrategy.ExecuteAsync[TState,TResult](TState state, Func`4 operation, Func`4 verifySucceeded, CancellationToken cancellationToken)
   at Microsoft.EntityFrameworkCore.DbContext.SaveChangesAsync(Boolean acceptAllChangesOnSuccess, CancellationToken cancellationToken)
   at Microsoft.EntityFrameworkCore.DbContext.SaveChangesAsync(Boolean acceptAllChangesOnSuccess, CancellationToken cancellationToken)
   at VSM.Repositories.Repository`2.Add(T item) in /Users/presidio/Desktop/Genspark/MiniProject/VehicleServiceManagement/Repositories/Repository.cs:line 20
   at VSM.Services.ServiceRecordService.Add(ServiceRecordAddDto dto) in /Users/presidio/Desktop/Genspark/MiniProject/VehicleServiceManagement/Services/ServiceRecordService.cs:line 45
   at VSM.Controllers.ServiceRecordController.Add(ServiceRecordAddDto dto) in /Users/presidio/Desktop/Genspark/MiniProject/VehicleServiceManagement/Controllers/ServiceRecordController.cs:line 28

2025-06-26 18:11:12Z [ERROR] Error Adding ServiceRecord
Microsoft.EntityFrameworkCore.DbUpdateException: An error occurred while saving the entity changes. See the inner exception for details.
 ---> Npgsql.PostgresException (0x80004005): 23505: duplicate key value violates unique constraint "IX_serviceRecords_BookingID"

DETAIL: Detail redacted as it may contain sensitive data. Specify 'Include Error Detail' in the connection string to include this information.
   at Npgsql.Internal.NpgsqlConnector.ReadMessageLong(Boolean async, DataRowLoadingMode dataRowLoadingMode, Boolean readingNotifications, Boolean isReadingPrependedMessage)
   at System.Runtime.CompilerServices.PoolingAsyncValueTaskMethodBuilder`1.StateMachineBox`1.System.Threading.Tasks.Sources.IValueTaskSource<TResult>.GetResult(Int16 token)
   at Npgsql.NpgsqlDataReader.NextResult(Boolean async, Boolean isConsuming, CancellationToken cancellationToken)
   at Npgsql.NpgsqlDataReader.NextResult(Boolean async, Boolean isConsuming, CancellationToken cancellationToken)
   at Npgsql.NpgsqlCommand.ExecuteReader(Boolean async, CommandBehavior behavior, CancellationToken cancellationToken)
   at Npgsql.NpgsqlCommand.ExecuteReader(Boolean async, CommandBehavior behavior, CancellationToken cancellationToken)
   at Npgsql.NpgsqlCommand.ExecuteDbDataReaderAsync(CommandBehavior behavior, CancellationToken cancellationToken)
   at Microsoft.EntityFrameworkCore.Storage.RelationalCommand.ExecuteReaderAsync(RelationalCommandParameterObject parameterObject, CancellationToken cancellationToken)
   at Microsoft.EntityFrameworkCore.Storage.RelationalCommand.ExecuteReaderAsync(RelationalCommandParameterObject parameterObject, CancellationToken cancellationToken)
   at Microsoft.EntityFrameworkCore.Update.ReaderModificationCommandBatch.ExecuteAsync(IRelationalConnection connection, CancellationToken cancellationToken)
  Exception data:
    Severity: ERROR
    SqlState: 23505
    MessageText: duplicate key value violates unique constraint "IX_serviceRecords_BookingID"
    Detail: Detail redacted as it may contain sensitive data. Specify 'Include Error Detail' in the connection string to include this information.
    SchemaName: public
    TableName: serviceRecords
    ConstraintName: IX_serviceRecords_BookingID
    File: nbtinsert.c
    Line: 670
    Routine: _bt_check_unique
   --- End of inner exception stack trace ---
   at Microsoft.EntityFrameworkCore.Update.ReaderModificationCommandBatch.ExecuteAsync(IRelationalConnection connection, CancellationToken cancellationToken)
   at Microsoft.EntityFrameworkCore.Update.Internal.BatchExecutor.ExecuteAsync(IEnumerable`1 commandBatches, IRelationalConnection connection, CancellationToken cancellationToken)
   at Microsoft.EntityFrameworkCore.Update.Internal.BatchExecutor.ExecuteAsync(IEnumerable`1 commandBatches, IRelationalConnection connection, CancellationToken cancellationToken)
   at Microsoft.EntityFrameworkCore.Update.Internal.BatchExecutor.ExecuteAsync(IEnumerable`1 commandBatches, IRelationalConnection connection, CancellationToken cancellationToken)
   at Microsoft.EntityFrameworkCore.Storage.RelationalDatabase.SaveChangesAsync(IList`1 entries, CancellationToken cancellationToken)
   at Microsoft.EntityFrameworkCore.ChangeTracking.Internal.StateManager.SaveChangesAsync(IList`1 entriesToSave, CancellationToken cancellationToken)
   at Microsoft.EntityFrameworkCore.ChangeTracking.Internal.StateManager.SaveChangesAsync(StateManager stateManager, Boolean acceptAllChangesOnSuccess, CancellationToken cancellationToken)
   at Npgsql.EntityFrameworkCore.PostgreSQL.Storage.Internal.NpgsqlExecutionStrategy.ExecuteAsync[TState,TResult](TState state, Func`4 operation, Func`4 verifySucceeded, CancellationToken cancellationToken)
   at Microsoft.EntityFrameworkCore.DbContext.SaveChangesAsync(Boolean acceptAllChangesOnSuccess, CancellationToken cancellationToken)
   at Microsoft.EntityFrameworkCore.DbContext.SaveChangesAsync(Boolean acceptAllChangesOnSuccess, CancellationToken cancellationToken)
   at VSM.Repositories.Repository`2.Add(T item) in /Users/presidio/Desktop/Genspark/MiniProject/VehicleServiceManagement/Repositories/Repository.cs:line 20
   at VSM.Services.ServiceRecordService.Add(ServiceRecordAddDto dto) in /Users/presidio/Desktop/Genspark/MiniProject/VehicleServiceManagement/Services/ServiceRecordService.cs:line 45
   at VSM.Controllers.ServiceRecordController.Add(ServiceRecordAddDto dto) in /Users/presidio/Desktop/Genspark/MiniProject/VehicleServiceManagement/Controllers/ServiceRecordController.cs:line 28

2025-06-26 18:11:16Z [ERROR] Error Adding ServiceRecord
Microsoft.EntityFrameworkCore.DbUpdateException: An error occurred while saving the entity changes. See the inner exception for details.
 ---> Npgsql.PostgresException (0x80004005): 23505: duplicate key value violates unique constraint "IX_serviceRecords_BookingID"

DETAIL: Detail redacted as it may contain sensitive data. Specify 'Include Error Detail' in the connection string to include this information.
   at Npgsql.Internal.NpgsqlConnector.ReadMessageLong(Boolean async, DataRowLoadingMode dataRowLoadingMode, Boolean readingNotifications, Boolean isReadingPrependedMessage)
   at System.Runtime.CompilerServices.PoolingAsyncValueTaskMethodBuilder`1.StateMachineBox`1.System.Threading.Tasks.Sources.IValueTaskSource<TResult>.GetResult(Int16 token)
   at Npgsql.NpgsqlDataReader.NextResult(Boolean async, Boolean isConsuming, CancellationToken cancellationToken)
   at Npgsql.NpgsqlDataReader.NextResult(Boolean async, Boolean isConsuming, CancellationToken cancellationToken)
   at Npgsql.NpgsqlCommand.ExecuteReader(Boolean async, CommandBehavior behavior, CancellationToken cancellationToken)
   at Npgsql.NpgsqlCommand.ExecuteReader(Boolean async, CommandBehavior behavior, CancellationToken cancellationToken)
   at Npgsql.NpgsqlCommand.ExecuteDbDataReaderAsync(CommandBehavior behavior, CancellationToken cancellationToken)
   at Microsoft.EntityFrameworkCore.Storage.RelationalCommand.ExecuteReaderAsync(RelationalCommandParameterObject parameterObject, CancellationToken cancellationToken)
   at Microsoft.EntityFrameworkCore.Storage.RelationalCommand.ExecuteReaderAsync(RelationalCommandParameterObject parameterObject, CancellationToken cancellationToken)
   at Microsoft.EntityFrameworkCore.Update.ReaderModificationCommandBatch.ExecuteAsync(IRelationalConnection connection, CancellationToken cancellationToken)
  Exception data:
    Severity: ERROR
    SqlState: 23505
    MessageText: duplicate key value violates unique constraint "IX_serviceRecords_BookingID"
    Detail: Detail redacted as it may contain sensitive data. Specify 'Include Error Detail' in the connection string to include this information.
    SchemaName: public
    TableName: serviceRecords
    ConstraintName: IX_serviceRecords_BookingID
    File: nbtinsert.c
    Line: 670
    Routine: _bt_check_unique
   --- End of inner exception stack trace ---
   at Microsoft.EntityFrameworkCore.Update.ReaderModificationCommandBatch.ExecuteAsync(IRelationalConnection connection, CancellationToken cancellationToken)
   at Microsoft.EntityFrameworkCore.Update.Internal.BatchExecutor.ExecuteAsync(IEnumerable`1 commandBatches, IRelationalConnection connection, CancellationToken cancellationToken)
   at Microsoft.EntityFrameworkCore.Update.Internal.BatchExecutor.ExecuteAsync(IEnumerable`1 commandBatches, IRelationalConnection connection, CancellationToken cancellationToken)
   at Microsoft.EntityFrameworkCore.Update.Internal.BatchExecutor.ExecuteAsync(IEnumerable`1 commandBatches, IRelationalConnection connection, CancellationToken cancellationToken)
   at Microsoft.EntityFrameworkCore.Storage.RelationalDatabase.SaveChangesAsync(IList`1 entries, CancellationToken cancellationToken)
   at Microsoft.EntityFrameworkCore.ChangeTracking.Internal.StateManager.SaveChangesAsync(IList`1 entriesToSave, CancellationToken cancellationToken)
   at Microsoft.EntityFrameworkCore.ChangeTracking.Internal.StateManager.SaveChangesAsync(StateManager stateManager, Boolean acceptAllChangesOnSuccess, CancellationToken cancellationToken)
   at Npgsql.EntityFrameworkCore.PostgreSQL.Storage.Internal.NpgsqlExecutionStrategy.ExecuteAsync[TState,TResult](TState state, Func`4 operation, Func`4 verifySucceeded, CancellationToken cancellationToken)
   at Microsoft.EntityFrameworkCore.DbContext.SaveChangesAsync(Boolean acceptAllChangesOnSuccess, CancellationToken cancellationToken)
   at Microsoft.EntityFrameworkCore.DbContext.SaveChangesAsync(Boolean acceptAllChangesOnSuccess, CancellationToken cancellationToken)
   at VSM.Repositories.Repository`2.Add(T item) in /Users/presidio/Desktop/Genspark/MiniProject/VehicleServiceManagement/Repositories/Repository.cs:line 20
   at VSM.Services.ServiceRecordService.Add(ServiceRecordAddDto dto) in /Users/presidio/Desktop/Genspark/MiniProject/VehicleServiceManagement/Services/ServiceRecordService.cs:line 45
   at VSM.Controllers.ServiceRecordController.Add(ServiceRecordAddDto dto) in /Users/presidio/Desktop/Genspark/MiniProject/VehicleServiceManagement/Controllers/ServiceRecordController.cs:line 28

2025-06-26 18:11:18Z [ERROR] Error Adding ServiceRecord
Microsoft.EntityFrameworkCore.DbUpdateException: An error occurred while saving the entity changes. See the inner exception for details.
 ---> Npgsql.PostgresException (0x80004005): 23505: duplicate key value violates unique constraint "IX_serviceRecords_BookingID"

DETAIL: Detail redacted as it may contain sensitive data. Specify 'Include Error Detail' in the connection string to include this information.
   at Npgsql.Internal.NpgsqlConnector.ReadMessageLong(Boolean async, DataRowLoadingMode dataRowLoadingMode, Boolean readingNotifications, Boolean isReadingPrependedMessage)
   at System.Runtime.CompilerServices.PoolingAsyncValueTaskMethodBuilder`1.StateMachineBox`1.System.Threading.Tasks.Sources.IValueTaskSource<TResult>.GetResult(Int16 token)
   at Npgsql.NpgsqlDataReader.NextResult(Boolean async, Boolean isConsuming, CancellationToken cancellationToken)
   at Npgsql.NpgsqlDataReader.NextResult(Boolean async, Boolean isConsuming, CancellationToken cancellationToken)
   at Npgsql.NpgsqlCommand.ExecuteReader(Boolean async, CommandBehavior behavior, CancellationToken cancellationToken)
   at Npgsql.NpgsqlCommand.ExecuteReader(Boolean async, CommandBehavior behavior, CancellationToken cancellationToken)
   at Npgsql.NpgsqlCommand.ExecuteDbDataReaderAsync(CommandBehavior behavior, CancellationToken cancellationToken)
   at Microsoft.EntityFrameworkCore.Storage.RelationalCommand.ExecuteReaderAsync(RelationalCommandParameterObject parameterObject, CancellationToken cancellationToken)
   at Microsoft.EntityFrameworkCore.Storage.RelationalCommand.ExecuteReaderAsync(RelationalCommandParameterObject parameterObject, CancellationToken cancellationToken)
   at Microsoft.EntityFrameworkCore.Update.ReaderModificationCommandBatch.ExecuteAsync(IRelationalConnection connection, CancellationToken cancellationToken)
  Exception data:
    Severity: ERROR
    SqlState: 23505
    MessageText: duplicate key value violates unique constraint "IX_serviceRecords_BookingID"
    Detail: Detail redacted as it may contain sensitive data. Specify 'Include Error Detail' in the connection string to include this information.
    SchemaName: public
    TableName: serviceRecords
    ConstraintName: IX_serviceRecords_BookingID
    File: nbtinsert.c
    Line: 670
    Routine: _bt_check_unique
   --- End of inner exception stack trace ---
   at Microsoft.EntityFrameworkCore.Update.ReaderModificationCommandBatch.ExecuteAsync(IRelationalConnection connection, CancellationToken cancellationToken)
   at Microsoft.EntityFrameworkCore.Update.Internal.BatchExecutor.ExecuteAsync(IEnumerable`1 commandBatches, IRelationalConnection connection, CancellationToken cancellationToken)
   at Microsoft.EntityFrameworkCore.Update.Internal.BatchExecutor.ExecuteAsync(IEnumerable`1 commandBatches, IRelationalConnection connection, CancellationToken cancellationToken)
   at Microsoft.EntityFrameworkCore.Update.Internal.BatchExecutor.ExecuteAsync(IEnumerable`1 commandBatches, IRelationalConnection connection, CancellationToken cancellationToken)
   at Microsoft.EntityFrameworkCore.Storage.RelationalDatabase.SaveChangesAsync(IList`1 entries, CancellationToken cancellationToken)
   at Microsoft.EntityFrameworkCore.ChangeTracking.Internal.StateManager.SaveChangesAsync(IList`1 entriesToSave, CancellationToken cancellationToken)
   at Microsoft.EntityFrameworkCore.ChangeTracking.Internal.StateManager.SaveChangesAsync(StateManager stateManager, Boolean acceptAllChangesOnSuccess, CancellationToken cancellationToken)
   at Npgsql.EntityFrameworkCore.PostgreSQL.Storage.Internal.NpgsqlExecutionStrategy.ExecuteAsync[TState,TResult](TState state, Func`4 operation, Func`4 verifySucceeded, CancellationToken cancellationToken)
   at Microsoft.EntityFrameworkCore.DbContext.SaveChangesAsync(Boolean acceptAllChangesOnSuccess, CancellationToken cancellationToken)
   at Microsoft.EntityFrameworkCore.DbContext.SaveChangesAsync(Boolean acceptAllChangesOnSuccess, CancellationToken cancellationToken)
   at VSM.Repositories.Repository`2.Add(T item) in /Users/presidio/Desktop/Genspark/MiniProject/VehicleServiceManagement/Repositories/Repository.cs:line 20
   at VSM.Services.ServiceRecordService.Add(ServiceRecordAddDto dto) in /Users/presidio/Desktop/Genspark/MiniProject/VehicleServiceManagement/Services/ServiceRecordService.cs:line 45
   at VSM.Controllers.ServiceRecordController.Add(ServiceRecordAddDto dto) in /Users/presidio/Desktop/Genspark/MiniProject/VehicleServiceManagement/Controllers/ServiceRecordController.cs:line 28

2025-06-26 18:14:08Z [ERROR] Error Getting All Vehicles
System.Exception: Vehicles not Found
   at VSM.Services.VehicleService.GetAll(Int32 page, Int32 pageSize, String search) in /Users/presidio/Desktop/Genspark/MiniProject/VehicleServiceManagement/Services/VehicleService.cs:line 76
   at VSM.Controllers.VehicleController.GetAll(Int32 page, Int32 pageSize, String search) in /Users/presidio/Desktop/Genspark/MiniProject/VehicleServiceManagement/Controllers/Vehiclecontroller.cs:line 76

2025-06-26 18:14:13Z [ERROR] Error Getting All Vehicles
System.Exception: Vehicles not Found
   at VSM.Services.VehicleService.GetAll(Int32 page, Int32 pageSize, String search) in /Users/presidio/Desktop/Genspark/MiniProject/VehicleServiceManagement/Services/VehicleService.cs:line 76
   at VSM.Controllers.VehicleController.GetAll(Int32 page, Int32 pageSize, String search) in /Users/presidio/Desktop/Genspark/MiniProject/VehicleServiceManagement/Controllers/Vehiclecontroller.cs:line 76

2025-06-26 18:14:40Z [ERROR] Error Getting All Vehicles
System.Exception: Vehicles not Found
   at VSM.Services.VehicleService.GetAll(Int32 page, Int32 pageSize, String search) in /Users/presidio/Desktop/Genspark/MiniProject/VehicleServiceManagement/Services/VehicleService.cs:line 76
   at VSM.Controllers.VehicleController.GetAll(Int32 page, Int32 pageSize, String search) in /Users/presidio/Desktop/Genspark/MiniProject/VehicleServiceManagement/Controllers/Vehiclecontroller.cs:line 76

2025-06-26 18:14:42Z [ERROR] Error Getting All Vehicles
System.Exception: Vehicles not Found
   at VSM.Services.VehicleService.GetAll(Int32 page, Int32 pageSize, String search) in /Users/presidio/Desktop/Genspark/MiniProject/VehicleServiceManagement/Services/VehicleService.cs:line 76
   at VSM.Controllers.VehicleController.GetAll(Int32 page, Int32 pageSize, String search) in /Users/presidio/Desktop/Genspark/MiniProject/VehicleServiceManagement/Controllers/Vehiclecontroller.cs:line 76

2025-06-26 18:19:57Z [ERROR] Error Getting All Vehicles
System.Exception: Vehicles not Found
   at VSM.Services.VehicleService.GetAll(Int32 page, Int32 pageSize, String search) in /Users/presidio/Desktop/Genspark/MiniProject/VehicleServiceManagement/Services/VehicleService.cs:line 76
   at VSM.Controllers.VehicleController.GetAll(Int32 page, Int32 pageSize, String search) in /Users/presidio/Desktop/Genspark/MiniProject/VehicleServiceManagement/Controllers/Vehiclecontroller.cs:line 76

2025-06-26 18:20:04Z [ERROR] Error Getting All Vehicles
System.Exception: Vehicles not Found
   at VSM.Services.VehicleService.GetAll(Int32 page, Int32 pageSize, String search) in /Users/presidio/Desktop/Genspark/MiniProject/VehicleServiceManagement/Services/VehicleService.cs:line 76
   at VSM.Controllers.VehicleController.GetAll(Int32 page, Int32 pageSize, String search) in /Users/presidio/Desktop/Genspark/MiniProject/VehicleServiceManagement/Controllers/Vehiclecontroller.cs:line 76

2025-06-26 18:20:06Z [ERROR] Error Getting All Vehicles
System.Exception: Vehicles not Found
   at VSM.Services.VehicleService.GetAll(Int32 page, Int32 pageSize, String search) in /Users/presidio/Desktop/Genspark/MiniProject/VehicleServiceManagement/Services/VehicleService.cs:line 76
   at VSM.Controllers.VehicleController.GetAll(Int32 page, Int32 pageSize, String search) in /Users/presidio/Desktop/Genspark/MiniProject/VehicleServiceManagement/Controllers/Vehiclecontroller.cs:line 76

2025-06-26 18:20:16Z [ERROR] Error Getting All Vehicles
System.Exception: Vehicles not Found
   at VSM.Services.VehicleService.GetAll(Int32 page, Int32 pageSize, String search) in /Users/presidio/Desktop/Genspark/MiniProject/VehicleServiceManagement/Services/VehicleService.cs:line 76
   at VSM.Controllers.VehicleController.GetAll(Int32 page, Int32 pageSize, String search) in /Users/presidio/Desktop/Genspark/MiniProject/VehicleServiceManagement/Controllers/Vehiclecontroller.cs:line 76

2025-06-26 18:21:02Z [ERROR] Error Getting All Vehicles
System.Exception: Vehicles not Found
   at VSM.Services.VehicleService.GetAll(Int32 page, Int32 pageSize, String search) in /Users/presidio/Desktop/Genspark/MiniProject/VehicleServiceManagement/Services/VehicleService.cs:line 76
   at VSM.Controllers.VehicleController.GetAll(Int32 page, Int32 pageSize, String search) in /Users/presidio/Desktop/Genspark/MiniProject/VehicleServiceManagement/Controllers/Vehiclecontroller.cs:line 76

2025-06-26 18:21:11Z [ERROR] Error Getting All Vehicles
System.Exception: Vehicles not Found
   at VSM.Services.VehicleService.GetAll(Int32 page, Int32 pageSize, String search) in /Users/presidio/Desktop/Genspark/MiniProject/VehicleServiceManagement/Services/VehicleService.cs:line 76
   at VSM.Controllers.VehicleController.GetAll(Int32 page, Int32 pageSize, String search) in /Users/presidio/Desktop/Genspark/MiniProject/VehicleServiceManagement/Controllers/Vehiclecontroller.cs:line 76

2025-06-26 18:22:12Z [ERROR] Error Getting All Vehicles
System.Exception: Vehicles not Found
   at VSM.Services.VehicleService.GetAll(Int32 page, Int32 pageSize, String search) in /Users/presidio/Desktop/Genspark/MiniProject/VehicleServiceManagement/Services/VehicleService.cs:line 76
   at VSM.Controllers.VehicleController.GetAll(Int32 page, Int32 pageSize, String search) in /Users/presidio/Desktop/Genspark/MiniProject/VehicleServiceManagement/Controllers/Vehiclecontroller.cs:line 76

2025-06-26 18:22:16Z [ERROR] Error Getting All Vehicles
System.Exception: Vehicles not Found
   at VSM.Services.VehicleService.GetAll(Int32 page, Int32 pageSize, String search) in /Users/presidio/Desktop/Genspark/MiniProject/VehicleServiceManagement/Services/VehicleService.cs:line 76
   at VSM.Controllers.VehicleController.GetAll(Int32 page, Int32 pageSize, String search) in /Users/presidio/Desktop/Genspark/MiniProject/VehicleServiceManagement/Controllers/Vehiclecontroller.cs:line 76

2025-06-26 18:22:18Z [ERROR] Error Getting All Vehicles
System.Exception: Vehicles not Found
   at VSM.Services.VehicleService.GetAll(Int32 page, Int32 pageSize, String search) in /Users/presidio/Desktop/Genspark/MiniProject/VehicleServiceManagement/Services/VehicleService.cs:line 76
   at VSM.Controllers.VehicleController.GetAll(Int32 page, Int32 pageSize, String search) in /Users/presidio/Desktop/Genspark/MiniProject/VehicleServiceManagement/Controllers/Vehiclecontroller.cs:line 76

2025-06-26 18:22:19Z [ERROR] Error Getting All Vehicles
System.Exception: Vehicles not Found
   at VSM.Services.VehicleService.GetAll(Int32 page, Int32 pageSize, String search) in /Users/presidio/Desktop/Genspark/MiniProject/VehicleServiceManagement/Services/VehicleService.cs:line 76
   at VSM.Controllers.VehicleController.GetAll(Int32 page, Int32 pageSize, String search) in /Users/presidio/Desktop/Genspark/MiniProject/VehicleServiceManagement/Controllers/Vehiclecontroller.cs:line 76

2025-06-26 18:24:57Z [ERROR] Error Getting All Vehicles
System.Exception: Vehicles not Found
   at VSM.Services.VehicleService.GetAll(Int32 page, Int32 pageSize, String search) in /Users/presidio/Desktop/Genspark/MiniProject/VehicleServiceManagement/Services/VehicleService.cs:line 76
   at VSM.Controllers.VehicleController.GetAll(Int32 page, Int32 pageSize, String search) in /Users/presidio/Desktop/Genspark/MiniProject/VehicleServiceManagement/Controllers/Vehiclecontroller.cs:line 76

2025-06-26 18:24:59Z [ERROR] Error Getting All Vehicles
System.Exception: Vehicles not Found
   at VSM.Services.VehicleService.GetAll(Int32 page, Int32 pageSize, String search) in /Users/presidio/Desktop/Genspark/MiniProject/VehicleServiceManagement/Services/VehicleService.cs:line 76
   at VSM.Controllers.VehicleController.GetAll(Int32 page, Int32 pageSize, String search) in /Users/presidio/Desktop/Genspark/MiniProject/VehicleServiceManagement/Controllers/Vehiclecontroller.cs:line 76

2025-06-26 18:25:00Z [ERROR] Error Getting All Vehicles
System.Exception: Vehicles not Found
   at VSM.Services.VehicleService.GetAll(Int32 page, Int32 pageSize, String search) in /Users/presidio/Desktop/Genspark/MiniProject/VehicleServiceManagement/Services/VehicleService.cs:line 76
   at VSM.Controllers.VehicleController.GetAll(Int32 page, Int32 pageSize, String search) in /Users/presidio/Desktop/Genspark/MiniProject/VehicleServiceManagement/Controllers/Vehiclecontroller.cs:line 76

2025-06-26 18:25:01Z [ERROR] Error Getting All Vehicles
System.Exception: Vehicles not Found
   at VSM.Services.VehicleService.GetAll(Int32 page, Int32 pageSize, String search) in /Users/presidio/Desktop/Genspark/MiniProject/VehicleServiceManagement/Services/VehicleService.cs:line 76
   at VSM.Controllers.VehicleController.GetAll(Int32 page, Int32 pageSize, String search) in /Users/presidio/Desktop/Genspark/MiniProject/VehicleServiceManagement/Controllers/Vehiclecontroller.cs:line 76

2025-06-26 18:30:11Z [ERROR] Error Getting All Vehicles
System.Exception: Vehicles not Found
   at VSM.Services.VehicleService.GetAll(Int32 page, Int32 pageSize, String search) in /Users/presidio/Desktop/Genspark/MiniProject/VehicleServiceManagement/Services/VehicleService.cs:line 76
   at VSM.Controllers.VehicleController.GetAll(Int32 page, Int32 pageSize, String search) in /Users/presidio/Desktop/Genspark/MiniProject/VehicleServiceManagement/Controllers/Vehiclecontroller.cs:line 76

2025-06-26 18:30:14Z [ERROR] Error Getting All Vehicles
System.Exception: Vehicles not Found
   at VSM.Services.VehicleService.GetAll(Int32 page, Int32 pageSize, String search) in /Users/presidio/Desktop/Genspark/MiniProject/VehicleServiceManagement/Services/VehicleService.cs:line 76
   at VSM.Controllers.VehicleController.GetAll(Int32 page, Int32 pageSize, String search) in /Users/presidio/Desktop/Genspark/MiniProject/VehicleServiceManagement/Controllers/Vehiclecontroller.cs:line 76

2025-06-26 18:31:19Z [ERROR] Error Getting All Vehicles
System.Exception: Vehicles not Found
   at VSM.Services.VehicleService.GetAll(Int32 page, Int32 pageSize, String search) in /Users/presidio/Desktop/Genspark/MiniProject/VehicleServiceManagement/Services/VehicleService.cs:line 76
   at VSM.Controllers.VehicleController.GetAll(Int32 page, Int32 pageSize, String search) in /Users/presidio/Desktop/Genspark/MiniProject/VehicleServiceManagement/Controllers/Vehiclecontroller.cs:line 76

2025-06-26 18:31:22Z [ERROR] Error Getting All Vehicles
System.Exception: Vehicles not Found
   at VSM.Services.VehicleService.GetAll(Int32 page, Int32 pageSize, String search) in /Users/presidio/Desktop/Genspark/MiniProject/VehicleServiceManagement/Services/VehicleService.cs:line 76
   at VSM.Controllers.VehicleController.GetAll(Int32 page, Int32 pageSize, String search) in /Users/presidio/Desktop/Genspark/MiniProject/VehicleServiceManagement/Controllers/Vehiclecontroller.cs:line 76

2025-06-26 18:31:26Z [ERROR] Error Getting All Vehicles
System.Exception: Vehicles not Found
   at VSM.Services.VehicleService.GetAll(Int32 page, Int32 pageSize, String search) in /Users/presidio/Desktop/Genspark/MiniProject/VehicleServiceManagement/Services/VehicleService.cs:line 76
   at VSM.Controllers.VehicleController.GetAll(Int32 page, Int32 pageSize, String search) in /Users/presidio/Desktop/Genspark/MiniProject/VehicleServiceManagement/Controllers/Vehiclecontroller.cs:line 76

2025-06-26 18:31:30Z [ERROR] Error Getting All Vehicles
System.Exception: Vehicles not Found
   at VSM.Services.VehicleService.GetAll(Int32 page, Int32 pageSize, String search) in /Users/presidio/Desktop/Genspark/MiniProject/VehicleServiceManagement/Services/VehicleService.cs:line 76
   at VSM.Controllers.VehicleController.GetAll(Int32 page, Int32 pageSize, String search) in /Users/presidio/Desktop/Genspark/MiniProject/VehicleServiceManagement/Controllers/Vehiclecontroller.cs:line 76

2025-06-26 18:33:32Z [ERROR] Error Getting All Vehicles
System.Exception: Vehicles not Found
   at VSM.Services.VehicleService.GetAll(Int32 page, Int32 pageSize, String search) in /Users/presidio/Desktop/Genspark/MiniProject/VehicleServiceManagement/Services/VehicleService.cs:line 76
   at VSM.Controllers.VehicleController.GetAll(Int32 page, Int32 pageSize, String search) in /Users/presidio/Desktop/Genspark/MiniProject/VehicleServiceManagement/Controllers/Vehiclecontroller.cs:line 76

2025-06-26 18:33:36Z [ERROR] Error Getting All Vehicles
System.Exception: Vehicles not Found
   at VSM.Services.VehicleService.GetAll(Int32 page, Int32 pageSize, String search) in /Users/presidio/Desktop/Genspark/MiniProject/VehicleServiceManagement/Services/VehicleService.cs:line 76
   at VSM.Controllers.VehicleController.GetAll(Int32 page, Int32 pageSize, String search) in /Users/presidio/Desktop/Genspark/MiniProject/VehicleServiceManagement/Controllers/Vehiclecontroller.cs:line 76

2025-06-26 18:36:43Z [ERROR] Error Getting All Vehicles
System.Exception: Vehicles not Found
   at VSM.Services.VehicleService.GetAll(Int32 page, Int32 pageSize, String search) in /Users/presidio/Desktop/Genspark/MiniProject/VehicleServiceManagement/Services/VehicleService.cs:line 76
   at VSM.Controllers.VehicleController.GetAll(Int32 page, Int32 pageSize, String search) in /Users/presidio/Desktop/Genspark/MiniProject/VehicleServiceManagement/Controllers/Vehiclecontroller.cs:line 76

2025-06-26 18:36:49Z [ERROR] Error Getting All Vehicles
System.Exception: Vehicles not Found
   at VSM.Services.VehicleService.GetAll(Int32 page, Int32 pageSize, String search) in /Users/presidio/Desktop/Genspark/MiniProject/VehicleServiceManagement/Services/VehicleService.cs:line 76
   at VSM.Controllers.VehicleController.GetAll(Int32 page, Int32 pageSize, String search) in /Users/presidio/Desktop/Genspark/MiniProject/VehicleServiceManagement/Controllers/Vehiclecontroller.cs:line 76

2025-06-26 18:38:03Z [ERROR] Error Getting All Vehicles
System.Exception: Vehicles not Found
   at VSM.Services.VehicleService.GetAll(Int32 page, Int32 pageSize, String search) in /Users/presidio/Desktop/Genspark/MiniProject/VehicleServiceManagement/Services/VehicleService.cs:line 76
   at VSM.Controllers.VehicleController.GetAll(Int32 page, Int32 pageSize, String search) in /Users/presidio/Desktop/Genspark/MiniProject/VehicleServiceManagement/Controllers/Vehiclecontroller.cs:line 76

2025-06-26 18:41:09Z [ERROR] Error Adding ServiceRecord
Microsoft.EntityFrameworkCore.DbUpdateException: An error occurred while saving the entity changes. See the inner exception for details.
 ---> Npgsql.PostgresException (0x80004005): 23505: duplicate key value violates unique constraint "IX_serviceRecords_BookingID"

DETAIL: Detail redacted as it may contain sensitive data. Specify 'Include Error Detail' in the connection string to include this information.
   at Npgsql.Internal.NpgsqlConnector.ReadMessageLong(Boolean async, DataRowLoadingMode dataRowLoadingMode, Boolean readingNotifications, Boolean isReadingPrependedMessage)
   at System.Runtime.CompilerServices.PoolingAsyncValueTaskMethodBuilder`1.StateMachineBox`1.System.Threading.Tasks.Sources.IValueTaskSource<TResult>.GetResult(Int16 token)
   at Npgsql.NpgsqlDataReader.NextResult(Boolean async, Boolean isConsuming, CancellationToken cancellationToken)
   at Npgsql.NpgsqlDataReader.NextResult(Boolean async, Boolean isConsuming, CancellationToken cancellationToken)
   at Npgsql.NpgsqlCommand.ExecuteReader(Boolean async, CommandBehavior behavior, CancellationToken cancellationToken)
   at Npgsql.NpgsqlCommand.ExecuteReader(Boolean async, CommandBehavior behavior, CancellationToken cancellationToken)
   at Npgsql.NpgsqlCommand.ExecuteDbDataReaderAsync(CommandBehavior behavior, CancellationToken cancellationToken)
   at Microsoft.EntityFrameworkCore.Storage.RelationalCommand.ExecuteReaderAsync(RelationalCommandParameterObject parameterObject, CancellationToken cancellationToken)
   at Microsoft.EntityFrameworkCore.Storage.RelationalCommand.ExecuteReaderAsync(RelationalCommandParameterObject parameterObject, CancellationToken cancellationToken)
   at Microsoft.EntityFrameworkCore.Update.ReaderModificationCommandBatch.ExecuteAsync(IRelationalConnection connection, CancellationToken cancellationToken)
  Exception data:
    Severity: ERROR
    SqlState: 23505
    MessageText: duplicate key value violates unique constraint "IX_serviceRecords_BookingID"
    Detail: Detail redacted as it may contain sensitive data. Specify 'Include Error Detail' in the connection string to include this information.
    SchemaName: public
    TableName: serviceRecords
    ConstraintName: IX_serviceRecords_BookingID
    File: nbtinsert.c
    Line: 670
    Routine: _bt_check_unique
   --- End of inner exception stack trace ---
   at Microsoft.EntityFrameworkCore.Update.ReaderModificationCommandBatch.ExecuteAsync(IRelationalConnection connection, CancellationToken cancellationToken)
   at Microsoft.EntityFrameworkCore.Update.Internal.BatchExecutor.ExecuteAsync(IEnumerable`1 commandBatches, IRelationalConnection connection, CancellationToken cancellationToken)
   at Microsoft.EntityFrameworkCore.Update.Internal.BatchExecutor.ExecuteAsync(IEnumerable`1 commandBatches, IRelationalConnection connection, CancellationToken cancellationToken)
   at Microsoft.EntityFrameworkCore.Update.Internal.BatchExecutor.ExecuteAsync(IEnumerable`1 commandBatches, IRelationalConnection connection, CancellationToken cancellationToken)
   at Microsoft.EntityFrameworkCore.Storage.RelationalDatabase.SaveChangesAsync(IList`1 entries, CancellationToken cancellationToken)
   at Microsoft.EntityFrameworkCore.ChangeTracking.Internal.StateManager.SaveChangesAsync(IList`1 entriesToSave, CancellationToken cancellationToken)
   at Microsoft.EntityFrameworkCore.ChangeTracking.Internal.StateManager.SaveChangesAsync(StateManager stateManager, Boolean acceptAllChangesOnSuccess, CancellationToken cancellationToken)
   at Npgsql.EntityFrameworkCore.PostgreSQL.Storage.Internal.NpgsqlExecutionStrategy.ExecuteAsync[TState,TResult](TState state, Func`4 operation, Func`4 verifySucceeded, CancellationToken cancellationToken)
   at Microsoft.EntityFrameworkCore.DbContext.SaveChangesAsync(Boolean acceptAllChangesOnSuccess, CancellationToken cancellationToken)
   at Microsoft.EntityFrameworkCore.DbContext.SaveChangesAsync(Boolean acceptAllChangesOnSuccess, CancellationToken cancellationToken)
   at VSM.Repositories.Repository`2.Add(T item) in /Users/presidio/Desktop/Genspark/MiniProject/VehicleServiceManagement/Repositories/Repository.cs:line 20
   at VSM.Services.ServiceRecordService.Add(ServiceRecordAddDto dto) in /Users/presidio/Desktop/Genspark/MiniProject/VehicleServiceManagement/Services/ServiceRecordService.cs:line 45
   at VSM.Controllers.ServiceRecordController.Add(ServiceRecordAddDto dto) in /Users/presidio/Desktop/Genspark/MiniProject/VehicleServiceManagement/Controllers/ServiceRecordController.cs:line 28

2025-06-26 18:41:36Z [ERROR] Error Adding ServiceRecord
Microsoft.EntityFrameworkCore.DbUpdateException: An error occurred while saving the entity changes. See the inner exception for details.
 ---> Npgsql.PostgresException (0x80004005): 23505: duplicate key value violates unique constraint "IX_serviceRecords_BookingID"

DETAIL: Detail redacted as it may contain sensitive data. Specify 'Include Error Detail' in the connection string to include this information.
   at Npgsql.Internal.NpgsqlConnector.ReadMessageLong(Boolean async, DataRowLoadingMode dataRowLoadingMode, Boolean readingNotifications, Boolean isReadingPrependedMessage)
   at System.Runtime.CompilerServices.PoolingAsyncValueTaskMethodBuilder`1.StateMachineBox`1.System.Threading.Tasks.Sources.IValueTaskSource<TResult>.GetResult(Int16 token)
   at Npgsql.NpgsqlDataReader.NextResult(Boolean async, Boolean isConsuming, CancellationToken cancellationToken)
   at Npgsql.NpgsqlDataReader.NextResult(Boolean async, Boolean isConsuming, CancellationToken cancellationToken)
   at Npgsql.NpgsqlCommand.ExecuteReader(Boolean async, CommandBehavior behavior, CancellationToken cancellationToken)
   at Npgsql.NpgsqlCommand.ExecuteReader(Boolean async, CommandBehavior behavior, CancellationToken cancellationToken)
   at Npgsql.NpgsqlCommand.ExecuteDbDataReaderAsync(CommandBehavior behavior, CancellationToken cancellationToken)
   at Microsoft.EntityFrameworkCore.Storage.RelationalCommand.ExecuteReaderAsync(RelationalCommandParameterObject parameterObject, CancellationToken cancellationToken)
   at Microsoft.EntityFrameworkCore.Storage.RelationalCommand.ExecuteReaderAsync(RelationalCommandParameterObject parameterObject, CancellationToken cancellationToken)
   at Microsoft.EntityFrameworkCore.Update.ReaderModificationCommandBatch.ExecuteAsync(IRelationalConnection connection, CancellationToken cancellationToken)
  Exception data:
    Severity: ERROR
    SqlState: 23505
    MessageText: duplicate key value violates unique constraint "IX_serviceRecords_BookingID"
    Detail: Detail redacted as it may contain sensitive data. Specify 'Include Error Detail' in the connection string to include this information.
    SchemaName: public
    TableName: serviceRecords
    ConstraintName: IX_serviceRecords_BookingID
    File: nbtinsert.c
    Line: 670
    Routine: _bt_check_unique
   --- End of inner exception stack trace ---
   at Microsoft.EntityFrameworkCore.Update.ReaderModificationCommandBatch.ExecuteAsync(IRelationalConnection connection, CancellationToken cancellationToken)
   at Microsoft.EntityFrameworkCore.Update.Internal.BatchExecutor.ExecuteAsync(IEnumerable`1 commandBatches, IRelationalConnection connection, CancellationToken cancellationToken)
   at Microsoft.EntityFrameworkCore.Update.Internal.BatchExecutor.ExecuteAsync(IEnumerable`1 commandBatches, IRelationalConnection connection, CancellationToken cancellationToken)
   at Microsoft.EntityFrameworkCore.Update.Internal.BatchExecutor.ExecuteAsync(IEnumerable`1 commandBatches, IRelationalConnection connection, CancellationToken cancellationToken)
   at Microsoft.EntityFrameworkCore.Storage.RelationalDatabase.SaveChangesAsync(IList`1 entries, CancellationToken cancellationToken)
   at Microsoft.EntityFrameworkCore.ChangeTracking.Internal.StateManager.SaveChangesAsync(IList`1 entriesToSave, CancellationToken cancellationToken)
   at Microsoft.EntityFrameworkCore.ChangeTracking.Internal.StateManager.SaveChangesAsync(StateManager stateManager, Boolean acceptAllChangesOnSuccess, CancellationToken cancellationToken)
   at Npgsql.EntityFrameworkCore.PostgreSQL.Storage.Internal.NpgsqlExecutionStrategy.ExecuteAsync[TState,TResult](TState state, Func`4 operation, Func`4 verifySucceeded, CancellationToken cancellationToken)
   at Microsoft.EntityFrameworkCore.DbContext.SaveChangesAsync(Boolean acceptAllChangesOnSuccess, CancellationToken cancellationToken)
   at Microsoft.EntityFrameworkCore.DbContext.SaveChangesAsync(Boolean acceptAllChangesOnSuccess, CancellationToken cancellationToken)
   at VSM.Repositories.Repository`2.Add(T item) in /Users/presidio/Desktop/Genspark/MiniProject/VehicleServiceManagement/Repositories/Repository.cs:line 20
   at VSM.Services.ServiceRecordService.Add(ServiceRecordAddDto dto) in /Users/presidio/Desktop/Genspark/MiniProject/VehicleServiceManagement/Services/ServiceRecordService.cs:line 45
   at VSM.Controllers.ServiceRecordController.Add(ServiceRecordAddDto dto) in /Users/presidio/Desktop/Genspark/MiniProject/VehicleServiceManagement/Controllers/ServiceRecordController.cs:line 28

2025-06-26 18:41:40Z [ERROR] Error Adding ServiceRecord
Microsoft.EntityFrameworkCore.DbUpdateException: An error occurred while saving the entity changes. See the inner exception for details.
 ---> Npgsql.PostgresException (0x80004005): 23505: duplicate key value violates unique constraint "IX_serviceRecords_BookingID"

DETAIL: Detail redacted as it may contain sensitive data. Specify 'Include Error Detail' in the connection string to include this information.
   at Npgsql.Internal.NpgsqlConnector.ReadMessageLong(Boolean async, DataRowLoadingMode dataRowLoadingMode, Boolean readingNotifications, Boolean isReadingPrependedMessage)
   at System.Runtime.CompilerServices.PoolingAsyncValueTaskMethodBuilder`1.StateMachineBox`1.System.Threading.Tasks.Sources.IValueTaskSource<TResult>.GetResult(Int16 token)
   at Npgsql.NpgsqlDataReader.NextResult(Boolean async, Boolean isConsuming, CancellationToken cancellationToken)
   at Npgsql.NpgsqlDataReader.NextResult(Boolean async, Boolean isConsuming, CancellationToken cancellationToken)
   at Npgsql.NpgsqlCommand.ExecuteReader(Boolean async, CommandBehavior behavior, CancellationToken cancellationToken)
   at Npgsql.NpgsqlCommand.ExecuteReader(Boolean async, CommandBehavior behavior, CancellationToken cancellationToken)
   at Npgsql.NpgsqlCommand.ExecuteDbDataReaderAsync(CommandBehavior behavior, CancellationToken cancellationToken)
   at Microsoft.EntityFrameworkCore.Storage.RelationalCommand.ExecuteReaderAsync(RelationalCommandParameterObject parameterObject, CancellationToken cancellationToken)
   at Microsoft.EntityFrameworkCore.Storage.RelationalCommand.ExecuteReaderAsync(RelationalCommandParameterObject parameterObject, CancellationToken cancellationToken)
   at Microsoft.EntityFrameworkCore.Update.ReaderModificationCommandBatch.ExecuteAsync(IRelationalConnection connection, CancellationToken cancellationToken)
  Exception data:
    Severity: ERROR
    SqlState: 23505
    MessageText: duplicate key value violates unique constraint "IX_serviceRecords_BookingID"
    Detail: Detail redacted as it may contain sensitive data. Specify 'Include Error Detail' in the connection string to include this information.
    SchemaName: public
    TableName: serviceRecords
    ConstraintName: IX_serviceRecords_BookingID
    File: nbtinsert.c
    Line: 670
    Routine: _bt_check_unique
   --- End of inner exception stack trace ---
   at Microsoft.EntityFrameworkCore.Update.ReaderModificationCommandBatch.ExecuteAsync(IRelationalConnection connection, CancellationToken cancellationToken)
   at Microsoft.EntityFrameworkCore.Update.Internal.BatchExecutor.ExecuteAsync(IEnumerable`1 commandBatches, IRelationalConnection connection, CancellationToken cancellationToken)
   at Microsoft.EntityFrameworkCore.Update.Internal.BatchExecutor.ExecuteAsync(IEnumerable`1 commandBatches, IRelationalConnection connection, CancellationToken cancellationToken)
   at Microsoft.EntityFrameworkCore.Update.Internal.BatchExecutor.ExecuteAsync(IEnumerable`1 commandBatches, IRelationalConnection connection, CancellationToken cancellationToken)
   at Microsoft.EntityFrameworkCore.Storage.RelationalDatabase.SaveChangesAsync(IList`1 entries, CancellationToken cancellationToken)
   at Microsoft.EntityFrameworkCore.ChangeTracking.Internal.StateManager.SaveChangesAsync(IList`1 entriesToSave, CancellationToken cancellationToken)
   at Microsoft.EntityFrameworkCore.ChangeTracking.Internal.StateManager.SaveChangesAsync(StateManager stateManager, Boolean acceptAllChangesOnSuccess, CancellationToken cancellationToken)
   at Npgsql.EntityFrameworkCore.PostgreSQL.Storage.Internal.NpgsqlExecutionStrategy.ExecuteAsync[TState,TResult](TState state, Func`4 operation, Func`4 verifySucceeded, CancellationToken cancellationToken)
   at Microsoft.EntityFrameworkCore.DbContext.SaveChangesAsync(Boolean acceptAllChangesOnSuccess, CancellationToken cancellationToken)
   at Microsoft.EntityFrameworkCore.DbContext.SaveChangesAsync(Boolean acceptAllChangesOnSuccess, CancellationToken cancellationToken)
   at VSM.Repositories.Repository`2.Add(T item) in /Users/presidio/Desktop/Genspark/MiniProject/VehicleServiceManagement/Repositories/Repository.cs:line 20
   at VSM.Services.ServiceRecordService.Add(ServiceRecordAddDto dto) in /Users/presidio/Desktop/Genspark/MiniProject/VehicleServiceManagement/Services/ServiceRecordService.cs:line 45
   at VSM.Controllers.ServiceRecordController.Add(ServiceRecordAddDto dto) in /Users/presidio/Desktop/Genspark/MiniProject/VehicleServiceManagement/Controllers/ServiceRecordController.cs:line 28

2025-06-26 18:47:52Z [ERROR] Error Adding ServiceRecord
System.Exception: Service already created for this booking
   at VSM.Services.ServiceRecordService.Add(ServiceRecordAddDto dto) in /Users/presidio/Desktop/Genspark/MiniProject/VehicleServiceManagement/Services/ServiceRecordService.cs:line 45
   at VSM.Controllers.ServiceRecordController.Add(ServiceRecordAddDto dto) in /Users/presidio/Desktop/Genspark/MiniProject/VehicleServiceManagement/Controllers/ServiceRecordController.cs:line 28

2025-06-26 18:47:57Z [ERROR] Error Adding ServiceRecord
System.Exception: Service already created for this booking
   at VSM.Services.ServiceRecordService.Add(ServiceRecordAddDto dto) in /Users/presidio/Desktop/Genspark/MiniProject/VehicleServiceManagement/Services/ServiceRecordService.cs:line 45
   at VSM.Controllers.ServiceRecordController.Add(ServiceRecordAddDto dto) in /Users/presidio/Desktop/Genspark/MiniProject/VehicleServiceManagement/Controllers/ServiceRecordController.cs:line 28

2025-06-26 18:48:00Z [ERROR] Error Adding ServiceRecord
System.Exception: Service already created for this booking
   at VSM.Services.ServiceRecordService.Add(ServiceRecordAddDto dto) in /Users/presidio/Desktop/Genspark/MiniProject/VehicleServiceManagement/Services/ServiceRecordService.cs:line 45
   at VSM.Controllers.ServiceRecordController.Add(ServiceRecordAddDto dto) in /Users/presidio/Desktop/Genspark/MiniProject/VehicleServiceManagement/Controllers/ServiceRecordController.cs:line 28

2025-06-26 18:50:47Z [ERROR] Error Adding ServiceRecord
System.Exception: Service already created for this booking
   at VSM.Services.ServiceRecordService.Add(ServiceRecordAddDto dto) in /Users/presidio/Desktop/Genspark/MiniProject/VehicleServiceManagement/Services/ServiceRecordService.cs:line 46
   at VSM.Controllers.ServiceRecordController.Add(ServiceRecordAddDto dto) in /Users/presidio/Desktop/Genspark/MiniProject/VehicleServiceManagement/Controllers/ServiceRecordController.cs:line 28

2025-06-26 18:51:35Z [ERROR] Error Adding ServiceRecord
System.Exception: Service already created for this booking
   at VSM.Services.ServiceRecordService.Add(ServiceRecordAddDto dto) in /Users/presidio/Desktop/Genspark/MiniProject/VehicleServiceManagement/Services/ServiceRecordService.cs:line 46
   at VSM.Controllers.ServiceRecordController.Add(ServiceRecordAddDto dto) in /Users/presidio/Desktop/Genspark/MiniProject/VehicleServiceManagement/Controllers/ServiceRecordController.cs:line 28

2025-06-26 18:56:01Z [ERROR] Error Adding ServiceRecord
System.Exception: Service already created for this booking
   at VSM.Services.ServiceRecordService.Add(ServiceRecordAddDto dto) in /Users/presidio/Desktop/Genspark/MiniProject/VehicleServiceManagement/Services/ServiceRecordService.cs:line 48
   at VSM.Controllers.ServiceRecordController.Add(ServiceRecordAddDto dto) in /Users/presidio/Desktop/Genspark/MiniProject/VehicleServiceManagement/Controllers/ServiceRecordController.cs:line 28

2025-06-26 18:56:07Z [ERROR] Error Adding ServiceRecord
System.Exception: Service already created for this booking
   at VSM.Services.ServiceRecordService.Add(ServiceRecordAddDto dto) in /Users/presidio/Desktop/Genspark/MiniProject/VehicleServiceManagement/Services/ServiceRecordService.cs:line 48
   at VSM.Controllers.ServiceRecordController.Add(ServiceRecordAddDto dto) in /Users/presidio/Desktop/Genspark/MiniProject/VehicleServiceManagement/Controllers/ServiceRecordController.cs:line 28

2025-06-26 18:56:39Z [ERROR] Error Adding ServiceRecord
System.Exception: Service already created for this booking
   at VSM.Services.ServiceRecordService.Add(ServiceRecordAddDto dto) in /Users/presidio/Desktop/Genspark/MiniProject/VehicleServiceManagement/Services/ServiceRecordService.cs:line 48
   at VSM.Controllers.ServiceRecordController.Add(ServiceRecordAddDto dto) in /Users/presidio/Desktop/Genspark/MiniProject/VehicleServiceManagement/Controllers/ServiceRecordController.cs:line 28

2025-06-26 18:58:23Z [ERROR] Error Adding ServiceRecord
System.Exception: Service already created for this booking
   at VSM.Services.ServiceRecordService.Add(ServiceRecordAddDto dto) in /Users/presidio/Desktop/Genspark/MiniProject/VehicleServiceManagement/Services/ServiceRecordService.cs:line 48
   at VSM.Controllers.ServiceRecordController.Add(ServiceRecordAddDto dto) in /Users/presidio/Desktop/Genspark/MiniProject/VehicleServiceManagement/Controllers/ServiceRecordController.cs:line 28

2025-06-26 18:58:31Z [ERROR] Error Adding ServiceRecord
System.Exception: Service already created for this booking
   at VSM.Services.ServiceRecordService.Add(ServiceRecordAddDto dto) in /Users/presidio/Desktop/Genspark/MiniProject/VehicleServiceManagement/Services/ServiceRecordService.cs:line 48
   at VSM.Controllers.ServiceRecordController.Add(ServiceRecordAddDto dto) in /Users/presidio/Desktop/Genspark/MiniProject/VehicleServiceManagement/Controllers/ServiceRecordController.cs:line 28

2025-06-26 19:06:43Z [ERROR] Error Adding ServiceRecord
System.Exception: Service already created for this booking
   at VSM.Services.ServiceRecordService.Add(ServiceRecordAddDto dto) in /Users/presidio/Desktop/Genspark/MiniProject/VehicleServiceManagement/Services/ServiceRecordService.cs:line 48
   at VSM.Controllers.ServiceRecordController.Add(ServiceRecordAddDto dto) in /Users/presidio/Desktop/Genspark/MiniProject/VehicleServiceManagement/Controllers/ServiceRecordController.cs:line 28

2025-06-26 19:07:25Z [ERROR] Error Adding Service
System.Exception: One or more categories not found
   at VSM.Services.ServiceService.AddService(ServiceAddDto dto) in /Users/presidio/Desktop/Genspark/MiniProject/VehicleServiceManagement/Services/ServiceService.cs:line 39
   at VSM.Controllers.ServiceController.AddService(ServiceAddDto dto) in /Users/presidio/Desktop/Genspark/MiniProject/VehicleServiceManagement/Controllers/ServiceController.cs:line 29

2025-06-26 19:07:52Z [ERROR] Error Adding Service
System.Exception: One or more categories not found
   at VSM.Services.ServiceService.AddService(ServiceAddDto dto) in /Users/presidio/Desktop/Genspark/MiniProject/VehicleServiceManagement/Services/ServiceService.cs:line 39
   at VSM.Controllers.ServiceController.AddService(ServiceAddDto dto) in /Users/presidio/Desktop/Genspark/MiniProject/VehicleServiceManagement/Controllers/ServiceController.cs:line 29

2025-06-26 19:14:20Z [ERROR] Error Adding ServiceRecord
System.Exception: Service already created for this booking
   at VSM.Services.ServiceRecordService.Add(ServiceRecordAddDto dto) in /Users/presidio/Desktop/Genspark/MiniProject/VehicleServiceManagement/Services/ServiceRecordService.cs:line 48
   at VSM.Controllers.ServiceRecordController.Add(ServiceRecordAddDto dto) in /Users/presidio/Desktop/Genspark/MiniProject/VehicleServiceManagement/Controllers/ServiceRecordController.cs:line 28

2025-06-26 19:16:31Z [ERROR] Error Adding ServiceRecord
System.Exception: Service already created for this booking
   at VSM.Services.ServiceRecordService.Add(ServiceRecordAddDto dto) in /Users/presidio/Desktop/Genspark/MiniProject/VehicleServiceManagement/Services/ServiceRecordService.cs:line 48
   at VSM.Controllers.ServiceRecordController.Add(ServiceRecordAddDto dto) in /Users/presidio/Desktop/Genspark/MiniProject/VehicleServiceManagement/Controllers/ServiceRecordController.cs:line 28

2025-06-26 19:17:30Z [ERROR] Error Adding ServiceRecord
System.Exception: Service already created for this booking
   at VSM.Services.ServiceRecordService.Add(ServiceRecordAddDto dto) in /Users/presidio/Desktop/Genspark/MiniProject/VehicleServiceManagement/Services/ServiceRecordService.cs:line 48
   at VSM.Controllers.ServiceRecordController.Add(ServiceRecordAddDto dto) in /Users/presidio/Desktop/Genspark/MiniProject/VehicleServiceManagement/Controllers/ServiceRecordController.cs:line 28

2025-06-26 19:17:35Z [ERROR] Error Adding ServiceRecord
System.Exception: Service already created for this booking
   at VSM.Services.ServiceRecordService.Add(ServiceRecordAddDto dto) in /Users/presidio/Desktop/Genspark/MiniProject/VehicleServiceManagement/Services/ServiceRecordService.cs:line 48
   at VSM.Controllers.ServiceRecordController.Add(ServiceRecordAddDto dto) in /Users/presidio/Desktop/Genspark/MiniProject/VehicleServiceManagement/Controllers/ServiceRecordController.cs:line 28

2025-06-26 19:18:22Z [ERROR] Error Adding ServiceRecord
System.Exception: Service already created for this booking
   at VSM.Services.ServiceRecordService.Add(ServiceRecordAddDto dto) in /Users/presidio/Desktop/Genspark/MiniProject/VehicleServiceManagement/Services/ServiceRecordService.cs:line 48
   at VSM.Controllers.ServiceRecordController.Add(ServiceRecordAddDto dto) in /Users/presidio/Desktop/Genspark/MiniProject/VehicleServiceManagement/Controllers/ServiceRecordController.cs:line 28

2025-06-26 19:18:27Z [ERROR] Error Adding ServiceRecord
System.Exception: Service already created for this booking
   at VSM.Services.ServiceRecordService.Add(ServiceRecordAddDto dto) in /Users/presidio/Desktop/Genspark/MiniProject/VehicleServiceManagement/Services/ServiceRecordService.cs:line 48
   at VSM.Controllers.ServiceRecordController.Add(ServiceRecordAddDto dto) in /Users/presidio/Desktop/Genspark/MiniProject/VehicleServiceManagement/Controllers/ServiceRecordController.cs:line 28

2025-06-26 19:20:00Z [ERROR] Error Adding ServiceRecord
System.Exception: Service already created for this booking
   at VSM.Services.ServiceRecordService.Add(ServiceRecordAddDto dto) in /Users/presidio/Desktop/Genspark/MiniProject/VehicleServiceManagement/Services/ServiceRecordService.cs:line 48
   at VSM.Controllers.ServiceRecordController.Add(ServiceRecordAddDto dto) in /Users/presidio/Desktop/Genspark/MiniProject/VehicleServiceManagement/Controllers/ServiceRecordController.cs:line 28

2025-06-26 19:22:24Z [ERROR] Error Adding ServiceRecord
System.Exception: Service already created for this booking
   at VSM.Services.ServiceRecordService.Add(ServiceRecordAddDto dto) in /Users/presidio/Desktop/Genspark/MiniProject/VehicleServiceManagement/Services/ServiceRecordService.cs:line 48
   at VSM.Controllers.ServiceRecordController.Add(ServiceRecordAddDto dto) in /Users/presidio/Desktop/Genspark/MiniProject/VehicleServiceManagement/Controllers/ServiceRecordController.cs:line 28

2025-06-26 19:23:30Z [ERROR] Error Adding ServiceRecord
System.Exception: Service already created for this booking
   at VSM.Services.ServiceRecordService.Add(ServiceRecordAddDto dto) in /Users/presidio/Desktop/Genspark/MiniProject/VehicleServiceManagement/Services/ServiceRecordService.cs:line 48
   at VSM.Controllers.ServiceRecordController.Add(ServiceRecordAddDto dto) in /Users/presidio/Desktop/Genspark/MiniProject/VehicleServiceManagement/Controllers/ServiceRecordController.cs:line 28

2025-06-26 19:23:34Z [ERROR] Error Adding ServiceRecord
System.Exception: Service already created for this booking
   at VSM.Services.ServiceRecordService.Add(ServiceRecordAddDto dto) in /Users/presidio/Desktop/Genspark/MiniProject/VehicleServiceManagement/Services/ServiceRecordService.cs:line 48
   at VSM.Controllers.ServiceRecordController.Add(ServiceRecordAddDto dto) in /Users/presidio/Desktop/Genspark/MiniProject/VehicleServiceManagement/Controllers/ServiceRecordController.cs:line 28

2025-06-26 20:43:04Z [ERROR] Error Getting All ServiceRecords
System.Exception: No service records found
   at VSM.Services.ServiceRecordService.GetAll(Int32 page, Int32 pageSize, String search) in /Users/presidio/Desktop/Genspark/MiniProject/VehicleServiceManagement/Services/ServiceRecordService.cs:line 74
   at VSM.Controllers.ServiceRecordController.GetAll(Int32 page, Int32 pageSize, String search) in /Users/presidio/Desktop/Genspark/MiniProject/VehicleServiceManagement/Controllers/ServiceRecordController.cs:line 77

2025-06-26 20:43:21Z [ERROR] Error Getting All ServiceRecords
System.Exception: No service records found
   at VSM.Services.ServiceRecordService.GetAll(Int32 page, Int32 pageSize, String search) in /Users/presidio/Desktop/Genspark/MiniProject/VehicleServiceManagement/Services/ServiceRecordService.cs:line 74
   at VSM.Controllers.ServiceRecordController.GetAll(Int32 page, Int32 pageSize, String search) in /Users/presidio/Desktop/Genspark/MiniProject/VehicleServiceManagement/Controllers/ServiceRecordController.cs:line 77

2025-06-26 20:45:26Z [ERROR] Error Getting All ServiceRecords
System.Exception: No service records found
   at VSM.Services.ServiceRecordService.GetAll(Int32 page, Int32 pageSize, String search) in /Users/presidio/Desktop/Genspark/MiniProject/VehicleServiceManagement/Services/ServiceRecordService.cs:line 74
   at VSM.Controllers.ServiceRecordController.GetAll(Int32 page, Int32 pageSize, String search) in /Users/presidio/Desktop/Genspark/MiniProject/VehicleServiceManagement/Controllers/ServiceRecordController.cs:line 77

2025-06-26 20:57:47Z [ERROR] Error Getting All ServiceRecords
System.Exception: No service records found
   at VSM.Services.ServiceRecordService.GetAll(Int32 page, Int32 pageSize, String search) in /Users/presidio/Desktop/Genspark/MiniProject/VehicleServiceManagement/Services/ServiceRecordService.cs:line 74
   at VSM.Controllers.ServiceRecordController.GetAll(Int32 page, Int32 pageSize, String search) in /Users/presidio/Desktop/Genspark/MiniProject/VehicleServiceManagement/Controllers/ServiceRecordController.cs:line 77

2025-06-26 21:00:25Z [ERROR] Error Getting All ServiceRecords
System.Exception: No service records found
   at VSM.Services.ServiceRecordService.GetAll(Int32 page, Int32 pageSize, String search) in /Users/presidio/Desktop/Genspark/MiniProject/VehicleServiceManagement/Services/ServiceRecordService.cs:line 74
   at VSM.Controllers.ServiceRecordController.GetAll(Int32 page, Int32 pageSize, String search) in /Users/presidio/Desktop/Genspark/MiniProject/VehicleServiceManagement/Controllers/ServiceRecordController.cs:line 77

2025-06-27 00:21:25Z [ERROR] Error Getting All ServiceRecords
System.Exception: No service records found
   at VSM.Services.ServiceRecordService.GetAll(Int32 page, Int32 pageSize, String search) in /Users/presidio/Desktop/Genspark/MiniProject/VehicleServiceManagement/Services/ServiceRecordService.cs:line 74
   at VSM.Controllers.ServiceRecordController.GetAll(Int32 page, Int32 pageSize, String search) in /Users/presidio/Desktop/Genspark/MiniProject/VehicleServiceManagement/Controllers/ServiceRecordController.cs:line 77

2025-06-27 00:21:33Z [ERROR] Error Getting All ServiceRecords
System.Exception: No service records found
   at VSM.Services.ServiceRecordService.GetAll(Int32 page, Int32 pageSize, String search) in /Users/presidio/Desktop/Genspark/MiniProject/VehicleServiceManagement/Services/ServiceRecordService.cs:line 74
   at VSM.Controllers.ServiceRecordController.GetAll(Int32 page, Int32 pageSize, String search) in /Users/presidio/Desktop/Genspark/MiniProject/VehicleServiceManagement/Controllers/ServiceRecordController.cs:line 77

2025-06-27 00:21:52Z [ERROR] Error Getting All ServiceRecords
System.Exception: No service records found
   at VSM.Services.ServiceRecordService.GetAll(Int32 page, Int32 pageSize, String search) in /Users/presidio/Desktop/Genspark/MiniProject/VehicleServiceManagement/Services/ServiceRecordService.cs:line 74
   at VSM.Controllers.ServiceRecordController.GetAll(Int32 page, Int32 pageSize, String search) in /Users/presidio/Desktop/Genspark/MiniProject/VehicleServiceManagement/Controllers/ServiceRecordController.cs:line 77

2025-06-27 00:35:56Z [ERROR] Error Adding ServiceRecord
System.Exception: Service already created for this booking
   at VSM.Services.ServiceRecordService.Add(ServiceRecordAddDto dto) in /Users/presidio/Desktop/Genspark/MiniProject/VehicleServiceManagement/Services/ServiceRecordService.cs:line 48
   at VSM.Controllers.ServiceRecordController.Add(ServiceRecordAddDto dto) in /Users/presidio/Desktop/Genspark/MiniProject/VehicleServiceManagement/Controllers/ServiceRecordController.cs:line 28

2025-06-27 14:22:45Z [ERROR] Error Adding ServiceRecord
System.Exception: Service already created for this booking
   at VSM.Services.ServiceRecordService.Add(ServiceRecordAddDto dto) in /Users/presidio/Desktop/Genspark/MiniProject/VehicleServiceManagement/Services/ServiceRecordService.cs:line 48
   at VSM.Controllers.ServiceRecordController.Add(ServiceRecordAddDto dto) in /Users/presidio/Desktop/Genspark/MiniProject/VehicleServiceManagement/Controllers/ServiceRecordController.cs:line 28

2025-06-27 14:22:48Z [ERROR] Error Adding ServiceRecord
System.Exception: Service already created for this booking
   at VSM.Services.ServiceRecordService.Add(ServiceRecordAddDto dto) in /Users/presidio/Desktop/Genspark/MiniProject/VehicleServiceManagement/Services/ServiceRecordService.cs:line 48
   at VSM.Controllers.ServiceRecordController.Add(ServiceRecordAddDto dto) in /Users/presidio/Desktop/Genspark/MiniProject/VehicleServiceManagement/Controllers/ServiceRecordController.cs:line 28

2025-06-27 15:48:52Z [ERROR] Error Registering Customer
System.Exception: Phone number already registered
   at VSM.Services.CustomerService.AddCustomer(CustomerAddDto dto) in /Users/presidio/Desktop/Genspark/MiniProject/VehicleServiceManagement/Services/CustomerService.cs:line 59
   at VSM.Controllers.CustomerController.RegisterCustomer(CustomerAddDto dto) in /Users/presidio/Desktop/Genspark/MiniProject/VehicleServiceManagement/Controllers/CustomerController.cs:line 30

2025-06-27 15:48:58Z [ERROR] Error Registering Customer
System.Exception: Phone number already registered
   at VSM.Services.CustomerService.AddCustomer(CustomerAddDto dto) in /Users/presidio/Desktop/Genspark/MiniProject/VehicleServiceManagement/Services/CustomerService.cs:line 59
   at VSM.Controllers.CustomerController.RegisterCustomer(CustomerAddDto dto) in /Users/presidio/Desktop/Genspark/MiniProject/VehicleServiceManagement/Controllers/CustomerController.cs:line 30

2025-06-27 15:49:03Z [ERROR] Error Registering Customer
System.Exception: Phone number already registered
   at VSM.Services.CustomerService.AddCustomer(CustomerAddDto dto) in /Users/presidio/Desktop/Genspark/MiniProject/VehicleServiceManagement/Services/CustomerService.cs:line 59
   at VSM.Controllers.CustomerController.RegisterCustomer(CustomerAddDto dto) in /Users/presidio/Desktop/Genspark/MiniProject/VehicleServiceManagement/Controllers/CustomerController.cs:line 30

2025-06-27 15:49:35Z [ERROR] Error Registering Customer
System.Exception: Phone number already registered
   at VSM.Services.CustomerService.AddCustomer(CustomerAddDto dto) in /Users/presidio/Desktop/Genspark/MiniProject/VehicleServiceManagement/Services/CustomerService.cs:line 59
   at VSM.Controllers.CustomerController.RegisterCustomer(CustomerAddDto dto) in /Users/presidio/Desktop/Genspark/MiniProject/VehicleServiceManagement/Controllers/CustomerController.cs:line 30

2025-06-27 15:54:10Z [ERROR] Error Registering Customer
System.Exception: Phone number already registered
   at VSM.Services.CustomerService.AddCustomer(CustomerAddDto dto) in /Users/presidio/Desktop/Genspark/MiniProject/VehicleServiceManagement/Services/CustomerService.cs:line 60
   at VSM.Controllers.CustomerController.RegisterCustomer(CustomerAddDto dto) in /Users/presidio/Desktop/Genspark/MiniProject/VehicleServiceManagement/Controllers/CustomerController.cs:line 30

2025-06-28 16:38:55Z [ERROR] Error Adding bill
Microsoft.EntityFrameworkCore.DbUpdateException: An error occurred while saving the entity changes. See the inner exception for details.
 ---> Npgsql.PostgresException (0x80004005): 23505: duplicate key value violates unique constraint "IX_Bills_ServiceRecordID"

DETAIL: Detail redacted as it may contain sensitive data. Specify 'Include Error Detail' in the connection string to include this information.
   at Npgsql.Internal.NpgsqlConnector.ReadMessageLong(Boolean async, DataRowLoadingMode dataRowLoadingMode, Boolean readingNotifications, Boolean isReadingPrependedMessage)
   at System.Runtime.CompilerServices.PoolingAsyncValueTaskMethodBuilder`1.StateMachineBox`1.System.Threading.Tasks.Sources.IValueTaskSource<TResult>.GetResult(Int16 token)
   at Npgsql.NpgsqlDataReader.NextResult(Boolean async, Boolean isConsuming, CancellationToken cancellationToken)
   at Npgsql.NpgsqlDataReader.NextResult(Boolean async, Boolean isConsuming, CancellationToken cancellationToken)
   at Npgsql.NpgsqlCommand.ExecuteReader(Boolean async, CommandBehavior behavior, CancellationToken cancellationToken)
   at Npgsql.NpgsqlCommand.ExecuteReader(Boolean async, CommandBehavior behavior, CancellationToken cancellationToken)
   at Npgsql.NpgsqlCommand.ExecuteDbDataReaderAsync(CommandBehavior behavior, CancellationToken cancellationToken)
   at Microsoft.EntityFrameworkCore.Storage.RelationalCommand.ExecuteReaderAsync(RelationalCommandParameterObject parameterObject, CancellationToken cancellationToken)
   at Microsoft.EntityFrameworkCore.Storage.RelationalCommand.ExecuteReaderAsync(RelationalCommandParameterObject parameterObject, CancellationToken cancellationToken)
   at Microsoft.EntityFrameworkCore.Update.ReaderModificationCommandBatch.ExecuteAsync(IRelationalConnection connection, CancellationToken cancellationToken)
  Exception data:
    Severity: ERROR
    SqlState: 23505
    MessageText: duplicate key value violates unique constraint "IX_Bills_ServiceRecordID"
    Detail: Detail redacted as it may contain sensitive data. Specify 'Include Error Detail' in the connection string to include this information.
    SchemaName: public
    TableName: Bills
    ConstraintName: IX_Bills_ServiceRecordID
    File: nbtinsert.c
    Line: 670
    Routine: _bt_check_unique
   --- End of inner exception stack trace ---
   at Microsoft.EntityFrameworkCore.Update.ReaderModificationCommandBatch.ExecuteAsync(IRelationalConnection connection, CancellationToken cancellationToken)
   at Microsoft.EntityFrameworkCore.Update.Internal.BatchExecutor.ExecuteAsync(IEnumerable`1 commandBatches, IRelationalConnection connection, CancellationToken cancellationToken)
   at Microsoft.EntityFrameworkCore.Update.Internal.BatchExecutor.ExecuteAsync(IEnumerable`1 commandBatches, IRelationalConnection connection, CancellationToken cancellationToken)
   at Microsoft.EntityFrameworkCore.Update.Internal.BatchExecutor.ExecuteAsync(IEnumerable`1 commandBatches, IRelationalConnection connection, CancellationToken cancellationToken)
   at Microsoft.EntityFrameworkCore.Storage.RelationalDatabase.SaveChangesAsync(IList`1 entries, CancellationToken cancellationToken)
   at Microsoft.EntityFrameworkCore.ChangeTracking.Internal.StateManager.SaveChangesAsync(IList`1 entriesToSave, CancellationToken cancellationToken)
   at Microsoft.EntityFrameworkCore.ChangeTracking.Internal.StateManager.SaveChangesAsync(StateManager stateManager, Boolean acceptAllChangesOnSuccess, CancellationToken cancellationToken)
   at Npgsql.EntityFrameworkCore.PostgreSQL.Storage.Internal.NpgsqlExecutionStrategy.ExecuteAsync[TState,TResult](TState state, Func`4 operation, Func`4 verifySucceeded, CancellationToken cancellationToken)
   at Microsoft.EntityFrameworkCore.DbContext.SaveChangesAsync(Boolean acceptAllChangesOnSuccess, CancellationToken cancellationToken)
   at Microsoft.EntityFrameworkCore.DbContext.SaveChangesAsync(Boolean acceptAllChangesOnSuccess, CancellationToken cancellationToken)
   at VSM.Repositories.Repository`2.Add(T item) in /Users/presidio/Desktop/Genspark/MiniProject/VehicleServiceManagement/Repositories/Repository.cs:line 20
   at VSM.Services.BillService.Add(BillAddDto dto) in /Users/presidio/Desktop/Genspark/MiniProject/VehicleServiceManagement/Services/BillService.cs:line 57
   at VSM.Controllers.BillController.Add(BillAddDto dto) in /Users/presidio/Desktop/Genspark/MiniProject/VehicleServiceManagement/Controllers/BillController.cs:line 30

2025-06-28 16:41:06Z [ERROR] Error Adding bill
Microsoft.EntityFrameworkCore.DbUpdateException: An error occurred while saving the entity changes. See the inner exception for details.
 ---> Npgsql.PostgresException (0x80004005): 23505: duplicate key value violates unique constraint "IX_Bills_ServiceRecordID"

DETAIL: Detail redacted as it may contain sensitive data. Specify 'Include Error Detail' in the connection string to include this information.
   at Npgsql.Internal.NpgsqlConnector.ReadMessageLong(Boolean async, DataRowLoadingMode dataRowLoadingMode, Boolean readingNotifications, Boolean isReadingPrependedMessage)
   at System.Runtime.CompilerServices.PoolingAsyncValueTaskMethodBuilder`1.StateMachineBox`1.System.Threading.Tasks.Sources.IValueTaskSource<TResult>.GetResult(Int16 token)
   at Npgsql.NpgsqlDataReader.NextResult(Boolean async, Boolean isConsuming, CancellationToken cancellationToken)
   at Npgsql.NpgsqlDataReader.NextResult(Boolean async, Boolean isConsuming, CancellationToken cancellationToken)
   at Npgsql.NpgsqlCommand.ExecuteReader(Boolean async, CommandBehavior behavior, CancellationToken cancellationToken)
   at Npgsql.NpgsqlCommand.ExecuteReader(Boolean async, CommandBehavior behavior, CancellationToken cancellationToken)
   at Npgsql.NpgsqlCommand.ExecuteDbDataReaderAsync(CommandBehavior behavior, CancellationToken cancellationToken)
   at Microsoft.EntityFrameworkCore.Storage.RelationalCommand.ExecuteReaderAsync(RelationalCommandParameterObject parameterObject, CancellationToken cancellationToken)
   at Microsoft.EntityFrameworkCore.Storage.RelationalCommand.ExecuteReaderAsync(RelationalCommandParameterObject parameterObject, CancellationToken cancellationToken)
   at Microsoft.EntityFrameworkCore.Update.ReaderModificationCommandBatch.ExecuteAsync(IRelationalConnection connection, CancellationToken cancellationToken)
  Exception data:
    Severity: ERROR
    SqlState: 23505
    MessageText: duplicate key value violates unique constraint "IX_Bills_ServiceRecordID"
    Detail: Detail redacted as it may contain sensitive data. Specify 'Include Error Detail' in the connection string to include this information.
    SchemaName: public
    TableName: Bills
    ConstraintName: IX_Bills_ServiceRecordID
    File: nbtinsert.c
    Line: 670
    Routine: _bt_check_unique
   --- End of inner exception stack trace ---
   at Microsoft.EntityFrameworkCore.Update.ReaderModificationCommandBatch.ExecuteAsync(IRelationalConnection connection, CancellationToken cancellationToken)
   at Microsoft.EntityFrameworkCore.Update.Internal.BatchExecutor.ExecuteAsync(IEnumerable`1 commandBatches, IRelationalConnection connection, CancellationToken cancellationToken)
   at Microsoft.EntityFrameworkCore.Update.Internal.BatchExecutor.ExecuteAsync(IEnumerable`1 commandBatches, IRelationalConnection connection, CancellationToken cancellationToken)
   at Microsoft.EntityFrameworkCore.Update.Internal.BatchExecutor.ExecuteAsync(IEnumerable`1 commandBatches, IRelationalConnection connection, CancellationToken cancellationToken)
   at Microsoft.EntityFrameworkCore.Storage.RelationalDatabase.SaveChangesAsync(IList`1 entries, CancellationToken cancellationToken)
   at Microsoft.EntityFrameworkCore.ChangeTracking.Internal.StateManager.SaveChangesAsync(IList`1 entriesToSave, CancellationToken cancellationToken)
   at Microsoft.EntityFrameworkCore.ChangeTracking.Internal.StateManager.SaveChangesAsync(StateManager stateManager, Boolean acceptAllChangesOnSuccess, CancellationToken cancellationToken)
   at Npgsql.EntityFrameworkCore.PostgreSQL.Storage.Internal.NpgsqlExecutionStrategy.ExecuteAsync[TState,TResult](TState state, Func`4 operation, Func`4 verifySucceeded, CancellationToken cancellationToken)
   at Microsoft.EntityFrameworkCore.DbContext.SaveChangesAsync(Boolean acceptAllChangesOnSuccess, CancellationToken cancellationToken)
   at Microsoft.EntityFrameworkCore.DbContext.SaveChangesAsync(Boolean acceptAllChangesOnSuccess, CancellationToken cancellationToken)
   at VSM.Repositories.Repository`2.Add(T item) in /Users/presidio/Desktop/Genspark/MiniProject/VehicleServiceManagement/Repositories/Repository.cs:line 20
   at VSM.Services.BillService.Add(BillAddDto dto) in /Users/presidio/Desktop/Genspark/MiniProject/VehicleServiceManagement/Services/BillService.cs:line 57
   at VSM.Controllers.BillController.Add(BillAddDto dto) in /Users/presidio/Desktop/Genspark/MiniProject/VehicleServiceManagement/Controllers/BillController.cs:line 30

2025-06-28 16:41:08Z [ERROR] Error Adding bill
Microsoft.EntityFrameworkCore.DbUpdateException: An error occurred while saving the entity changes. See the inner exception for details.
 ---> Npgsql.PostgresException (0x80004005): 23505: duplicate key value violates unique constraint "IX_Bills_ServiceRecordID"

DETAIL: Detail redacted as it may contain sensitive data. Specify 'Include Error Detail' in the connection string to include this information.
   at Npgsql.Internal.NpgsqlConnector.ReadMessageLong(Boolean async, DataRowLoadingMode dataRowLoadingMode, Boolean readingNotifications, Boolean isReadingPrependedMessage)
   at System.Runtime.CompilerServices.PoolingAsyncValueTaskMethodBuilder`1.StateMachineBox`1.System.Threading.Tasks.Sources.IValueTaskSource<TResult>.GetResult(Int16 token)
   at Npgsql.NpgsqlDataReader.NextResult(Boolean async, Boolean isConsuming, CancellationToken cancellationToken)
   at Npgsql.NpgsqlDataReader.NextResult(Boolean async, Boolean isConsuming, CancellationToken cancellationToken)
   at Npgsql.NpgsqlCommand.ExecuteReader(Boolean async, CommandBehavior behavior, CancellationToken cancellationToken)
   at Npgsql.NpgsqlCommand.ExecuteReader(Boolean async, CommandBehavior behavior, CancellationToken cancellationToken)
   at Npgsql.NpgsqlCommand.ExecuteDbDataReaderAsync(CommandBehavior behavior, CancellationToken cancellationToken)
   at Microsoft.EntityFrameworkCore.Storage.RelationalCommand.ExecuteReaderAsync(RelationalCommandParameterObject parameterObject, CancellationToken cancellationToken)
   at Microsoft.EntityFrameworkCore.Storage.RelationalCommand.ExecuteReaderAsync(RelationalCommandParameterObject parameterObject, CancellationToken cancellationToken)
   at Microsoft.EntityFrameworkCore.Update.ReaderModificationCommandBatch.ExecuteAsync(IRelationalConnection connection, CancellationToken cancellationToken)
  Exception data:
    Severity: ERROR
    SqlState: 23505
    MessageText: duplicate key value violates unique constraint "IX_Bills_ServiceRecordID"
    Detail: Detail redacted as it may contain sensitive data. Specify 'Include Error Detail' in the connection string to include this information.
    SchemaName: public
    TableName: Bills
    ConstraintName: IX_Bills_ServiceRecordID
    File: nbtinsert.c
    Line: 670
    Routine: _bt_check_unique
   --- End of inner exception stack trace ---
   at Microsoft.EntityFrameworkCore.Update.ReaderModificationCommandBatch.ExecuteAsync(IRelationalConnection connection, CancellationToken cancellationToken)
   at Microsoft.EntityFrameworkCore.Update.Internal.BatchExecutor.ExecuteAsync(IEnumerable`1 commandBatches, IRelationalConnection connection, CancellationToken cancellationToken)
   at Microsoft.EntityFrameworkCore.Update.Internal.BatchExecutor.ExecuteAsync(IEnumerable`1 commandBatches, IRelationalConnection connection, CancellationToken cancellationToken)
   at Microsoft.EntityFrameworkCore.Update.Internal.BatchExecutor.ExecuteAsync(IEnumerable`1 commandBatches, IRelationalConnection connection, CancellationToken cancellationToken)
   at Microsoft.EntityFrameworkCore.Storage.RelationalDatabase.SaveChangesAsync(IList`1 entries, CancellationToken cancellationToken)
   at Microsoft.EntityFrameworkCore.ChangeTracking.Internal.StateManager.SaveChangesAsync(IList`1 entriesToSave, CancellationToken cancellationToken)
   at Microsoft.EntityFrameworkCore.ChangeTracking.Internal.StateManager.SaveChangesAsync(StateManager stateManager, Boolean acceptAllChangesOnSuccess, CancellationToken cancellationToken)
   at Npgsql.EntityFrameworkCore.PostgreSQL.Storage.Internal.NpgsqlExecutionStrategy.ExecuteAsync[TState,TResult](TState state, Func`4 operation, Func`4 verifySucceeded, CancellationToken cancellationToken)
   at Microsoft.EntityFrameworkCore.DbContext.SaveChangesAsync(Boolean acceptAllChangesOnSuccess, CancellationToken cancellationToken)
   at Microsoft.EntityFrameworkCore.DbContext.SaveChangesAsync(Boolean acceptAllChangesOnSuccess, CancellationToken cancellationToken)
   at VSM.Repositories.Repository`2.Add(T item) in /Users/presidio/Desktop/Genspark/MiniProject/VehicleServiceManagement/Repositories/Repository.cs:line 20
   at VSM.Services.BillService.Add(BillAddDto dto) in /Users/presidio/Desktop/Genspark/MiniProject/VehicleServiceManagement/Services/BillService.cs:line 57
   at VSM.Controllers.BillController.Add(BillAddDto dto) in /Users/presidio/Desktop/Genspark/MiniProject/VehicleServiceManagement/Controllers/BillController.cs:line 30

2025-06-28 16:47:07Z [ERROR] Error Adding bill
Microsoft.EntityFrameworkCore.DbUpdateException: An error occurred while saving the entity changes. See the inner exception for details.
 ---> Npgsql.PostgresException (0x80004005): 23505: duplicate key value violates unique constraint "IX_Bills_ServiceRecordID"

DETAIL: Detail redacted as it may contain sensitive data. Specify 'Include Error Detail' in the connection string to include this information.
   at Npgsql.Internal.NpgsqlConnector.ReadMessageLong(Boolean async, DataRowLoadingMode dataRowLoadingMode, Boolean readingNotifications, Boolean isReadingPrependedMessage)
   at System.Runtime.CompilerServices.PoolingAsyncValueTaskMethodBuilder`1.StateMachineBox`1.System.Threading.Tasks.Sources.IValueTaskSource<TResult>.GetResult(Int16 token)
   at Npgsql.NpgsqlDataReader.NextResult(Boolean async, Boolean isConsuming, CancellationToken cancellationToken)
   at Npgsql.NpgsqlDataReader.NextResult(Boolean async, Boolean isConsuming, CancellationToken cancellationToken)
   at Npgsql.NpgsqlCommand.ExecuteReader(Boolean async, CommandBehavior behavior, CancellationToken cancellationToken)
   at Npgsql.NpgsqlCommand.ExecuteReader(Boolean async, CommandBehavior behavior, CancellationToken cancellationToken)
   at Npgsql.NpgsqlCommand.ExecuteDbDataReaderAsync(CommandBehavior behavior, CancellationToken cancellationToken)
   at Microsoft.EntityFrameworkCore.Storage.RelationalCommand.ExecuteReaderAsync(RelationalCommandParameterObject parameterObject, CancellationToken cancellationToken)
   at Microsoft.EntityFrameworkCore.Storage.RelationalCommand.ExecuteReaderAsync(RelationalCommandParameterObject parameterObject, CancellationToken cancellationToken)
   at Microsoft.EntityFrameworkCore.Update.ReaderModificationCommandBatch.ExecuteAsync(IRelationalConnection connection, CancellationToken cancellationToken)
  Exception data:
    Severity: ERROR
    SqlState: 23505
    MessageText: duplicate key value violates unique constraint "IX_Bills_ServiceRecordID"
    Detail: Detail redacted as it may contain sensitive data. Specify 'Include Error Detail' in the connection string to include this information.
    SchemaName: public
    TableName: Bills
    ConstraintName: IX_Bills_ServiceRecordID
    File: nbtinsert.c
    Line: 670
    Routine: _bt_check_unique
   --- End of inner exception stack trace ---
   at Microsoft.EntityFrameworkCore.Update.ReaderModificationCommandBatch.ExecuteAsync(IRelationalConnection connection, CancellationToken cancellationToken)
   at Microsoft.EntityFrameworkCore.Update.Internal.BatchExecutor.ExecuteAsync(IEnumerable`1 commandBatches, IRelationalConnection connection, CancellationToken cancellationToken)
   at Microsoft.EntityFrameworkCore.Update.Internal.BatchExecutor.ExecuteAsync(IEnumerable`1 commandBatches, IRelationalConnection connection, CancellationToken cancellationToken)
   at Microsoft.EntityFrameworkCore.Update.Internal.BatchExecutor.ExecuteAsync(IEnumerable`1 commandBatches, IRelationalConnection connection, CancellationToken cancellationToken)
   at Microsoft.EntityFrameworkCore.Storage.RelationalDatabase.SaveChangesAsync(IList`1 entries, CancellationToken cancellationToken)
   at Microsoft.EntityFrameworkCore.ChangeTracking.Internal.StateManager.SaveChangesAsync(IList`1 entriesToSave, CancellationToken cancellationToken)
   at Microsoft.EntityFrameworkCore.ChangeTracking.Internal.StateManager.SaveChangesAsync(StateManager stateManager, Boolean acceptAllChangesOnSuccess, CancellationToken cancellationToken)
   at Npgsql.EntityFrameworkCore.PostgreSQL.Storage.Internal.NpgsqlExecutionStrategy.ExecuteAsync[TState,TResult](TState state, Func`4 operation, Func`4 verifySucceeded, CancellationToken cancellationToken)
   at Microsoft.EntityFrameworkCore.DbContext.SaveChangesAsync(Boolean acceptAllChangesOnSuccess, CancellationToken cancellationToken)
   at Microsoft.EntityFrameworkCore.DbContext.SaveChangesAsync(Boolean acceptAllChangesOnSuccess, CancellationToken cancellationToken)
   at VSM.Repositories.Repository`2.Add(T item) in /Users/presidio/Desktop/Genspark/MiniProject/VehicleServiceManagement/Repositories/Repository.cs:line 20
   at VSM.Services.BillService.Add(BillAddDto dto) in /Users/presidio/Desktop/Genspark/MiniProject/VehicleServiceManagement/Services/BillService.cs:line 58
   at VSM.Controllers.BillController.Add(BillAddDto dto) in /Users/presidio/Desktop/Genspark/MiniProject/VehicleServiceManagement/Controllers/BillController.cs:line 30

2025-06-28 18:22:05Z [ERROR] Error Adding bill
Microsoft.EntityFrameworkCore.DbUpdateException: An error occurred while saving the entity changes. See the inner exception for details.
 ---> Npgsql.PostgresException (0x80004005): 23505: duplicate key value violates unique constraint "IX_Bills_ServiceRecordID"

DETAIL: Detail redacted as it may contain sensitive data. Specify 'Include Error Detail' in the connection string to include this information.
   at Npgsql.Internal.NpgsqlConnector.ReadMessageLong(Boolean async, DataRowLoadingMode dataRowLoadingMode, Boolean readingNotifications, Boolean isReadingPrependedMessage)
   at System.Runtime.CompilerServices.PoolingAsyncValueTaskMethodBuilder`1.StateMachineBox`1.System.Threading.Tasks.Sources.IValueTaskSource<TResult>.GetResult(Int16 token)
   at Npgsql.NpgsqlDataReader.NextResult(Boolean async, Boolean isConsuming, CancellationToken cancellationToken)
   at Npgsql.NpgsqlDataReader.NextResult(Boolean async, Boolean isConsuming, CancellationToken cancellationToken)
   at Npgsql.NpgsqlCommand.ExecuteReader(Boolean async, CommandBehavior behavior, CancellationToken cancellationToken)
   at Npgsql.NpgsqlCommand.ExecuteReader(Boolean async, CommandBehavior behavior, CancellationToken cancellationToken)
   at Npgsql.NpgsqlCommand.ExecuteDbDataReaderAsync(CommandBehavior behavior, CancellationToken cancellationToken)
   at Microsoft.EntityFrameworkCore.Storage.RelationalCommand.ExecuteReaderAsync(RelationalCommandParameterObject parameterObject, CancellationToken cancellationToken)
   at Microsoft.EntityFrameworkCore.Storage.RelationalCommand.ExecuteReaderAsync(RelationalCommandParameterObject parameterObject, CancellationToken cancellationToken)
   at Microsoft.EntityFrameworkCore.Update.ReaderModificationCommandBatch.ExecuteAsync(IRelationalConnection connection, CancellationToken cancellationToken)
  Exception data:
    Severity: ERROR
    SqlState: 23505
    MessageText: duplicate key value violates unique constraint "IX_Bills_ServiceRecordID"
    Detail: Detail redacted as it may contain sensitive data. Specify 'Include Error Detail' in the connection string to include this information.
    SchemaName: public
    TableName: Bills
    ConstraintName: IX_Bills_ServiceRecordID
    File: nbtinsert.c
    Line: 670
    Routine: _bt_check_unique
   --- End of inner exception stack trace ---
   at Microsoft.EntityFrameworkCore.Update.ReaderModificationCommandBatch.ExecuteAsync(IRelationalConnection connection, CancellationToken cancellationToken)
   at Microsoft.EntityFrameworkCore.Update.Internal.BatchExecutor.ExecuteAsync(IEnumerable`1 commandBatches, IRelationalConnection connection, CancellationToken cancellationToken)
   at Microsoft.EntityFrameworkCore.Update.Internal.BatchExecutor.ExecuteAsync(IEnumerable`1 commandBatches, IRelationalConnection connection, CancellationToken cancellationToken)
   at Microsoft.EntityFrameworkCore.Update.Internal.BatchExecutor.ExecuteAsync(IEnumerable`1 commandBatches, IRelationalConnection connection, CancellationToken cancellationToken)
   at Microsoft.EntityFrameworkCore.Storage.RelationalDatabase.SaveChangesAsync(IList`1 entries, CancellationToken cancellationToken)
   at Microsoft.EntityFrameworkCore.ChangeTracking.Internal.StateManager.SaveChangesAsync(IList`1 entriesToSave, CancellationToken cancellationToken)
   at Microsoft.EntityFrameworkCore.ChangeTracking.Internal.StateManager.SaveChangesAsync(StateManager stateManager, Boolean acceptAllChangesOnSuccess, CancellationToken cancellationToken)
   at Npgsql.EntityFrameworkCore.PostgreSQL.Storage.Internal.NpgsqlExecutionStrategy.ExecuteAsync[TState,TResult](TState state, Func`4 operation, Func`4 verifySucceeded, CancellationToken cancellationToken)
   at Microsoft.EntityFrameworkCore.DbContext.SaveChangesAsync(Boolean acceptAllChangesOnSuccess, CancellationToken cancellationToken)
   at Microsoft.EntityFrameworkCore.DbContext.SaveChangesAsync(Boolean acceptAllChangesOnSuccess, CancellationToken cancellationToken)
   at VSM.Repositories.Repository`2.Add(T item) in /Users/presidio/Desktop/Genspark/MiniProject/VehicleServiceManagement/Repositories/Repository.cs:line 20
   at VSM.Services.BillService.Add(BillAddDto dto) in /Users/presidio/Desktop/Genspark/MiniProject/VehicleServiceManagement/Services/BillService.cs:line 58
   at VSM.Controllers.BillController.Add(BillAddDto dto) in /Users/presidio/Desktop/Genspark/MiniProject/VehicleServiceManagement/Controllers/BillController.cs:line 30

2025-06-28 18:22:16Z [ERROR] Error Adding bill
Microsoft.EntityFrameworkCore.DbUpdateException: An error occurred while saving the entity changes. See the inner exception for details.
 ---> Npgsql.PostgresException (0x80004005): 23505: duplicate key value violates unique constraint "IX_Bills_ServiceRecordID"

DETAIL: Detail redacted as it may contain sensitive data. Specify 'Include Error Detail' in the connection string to include this information.
   at Npgsql.Internal.NpgsqlConnector.ReadMessageLong(Boolean async, DataRowLoadingMode dataRowLoadingMode, Boolean readingNotifications, Boolean isReadingPrependedMessage)
   at System.Runtime.CompilerServices.PoolingAsyncValueTaskMethodBuilder`1.StateMachineBox`1.System.Threading.Tasks.Sources.IValueTaskSource<TResult>.GetResult(Int16 token)
   at Npgsql.NpgsqlDataReader.NextResult(Boolean async, Boolean isConsuming, CancellationToken cancellationToken)
   at Npgsql.NpgsqlDataReader.NextResult(Boolean async, Boolean isConsuming, CancellationToken cancellationToken)
   at Npgsql.NpgsqlCommand.ExecuteReader(Boolean async, CommandBehavior behavior, CancellationToken cancellationToken)
   at Npgsql.NpgsqlCommand.ExecuteReader(Boolean async, CommandBehavior behavior, CancellationToken cancellationToken)
   at Npgsql.NpgsqlCommand.ExecuteDbDataReaderAsync(CommandBehavior behavior, CancellationToken cancellationToken)
   at Microsoft.EntityFrameworkCore.Storage.RelationalCommand.ExecuteReaderAsync(RelationalCommandParameterObject parameterObject, CancellationToken cancellationToken)
   at Microsoft.EntityFrameworkCore.Storage.RelationalCommand.ExecuteReaderAsync(RelationalCommandParameterObject parameterObject, CancellationToken cancellationToken)
   at Microsoft.EntityFrameworkCore.Update.ReaderModificationCommandBatch.ExecuteAsync(IRelationalConnection connection, CancellationToken cancellationToken)
  Exception data:
    Severity: ERROR
    SqlState: 23505
    MessageText: duplicate key value violates unique constraint "IX_Bills_ServiceRecordID"
    Detail: Detail redacted as it may contain sensitive data. Specify 'Include Error Detail' in the connection string to include this information.
    SchemaName: public
    TableName: Bills
    ConstraintName: IX_Bills_ServiceRecordID
    File: nbtinsert.c
    Line: 670
    Routine: _bt_check_unique
   --- End of inner exception stack trace ---
   at Microsoft.EntityFrameworkCore.Update.ReaderModificationCommandBatch.ExecuteAsync(IRelationalConnection connection, CancellationToken cancellationToken)
   at Microsoft.EntityFrameworkCore.Update.Internal.BatchExecutor.ExecuteAsync(IEnumerable`1 commandBatches, IRelationalConnection connection, CancellationToken cancellationToken)
   at Microsoft.EntityFrameworkCore.Update.Internal.BatchExecutor.ExecuteAsync(IEnumerable`1 commandBatches, IRelationalConnection connection, CancellationToken cancellationToken)
   at Microsoft.EntityFrameworkCore.Update.Internal.BatchExecutor.ExecuteAsync(IEnumerable`1 commandBatches, IRelationalConnection connection, CancellationToken cancellationToken)
   at Microsoft.EntityFrameworkCore.Storage.RelationalDatabase.SaveChangesAsync(IList`1 entries, CancellationToken cancellationToken)
   at Microsoft.EntityFrameworkCore.ChangeTracking.Internal.StateManager.SaveChangesAsync(IList`1 entriesToSave, CancellationToken cancellationToken)
   at Microsoft.EntityFrameworkCore.ChangeTracking.Internal.StateManager.SaveChangesAsync(StateManager stateManager, Boolean acceptAllChangesOnSuccess, CancellationToken cancellationToken)
   at Npgsql.EntityFrameworkCore.PostgreSQL.Storage.Internal.NpgsqlExecutionStrategy.ExecuteAsync[TState,TResult](TState state, Func`4 operation, Func`4 verifySucceeded, CancellationToken cancellationToken)
   at Microsoft.EntityFrameworkCore.DbContext.SaveChangesAsync(Boolean acceptAllChangesOnSuccess, CancellationToken cancellationToken)
   at Microsoft.EntityFrameworkCore.DbContext.SaveChangesAsync(Boolean acceptAllChangesOnSuccess, CancellationToken cancellationToken)
   at VSM.Repositories.Repository`2.Add(T item) in /Users/presidio/Desktop/Genspark/MiniProject/VehicleServiceManagement/Repositories/Repository.cs:line 20
   at VSM.Services.BillService.Add(BillAddDto dto) in /Users/presidio/Desktop/Genspark/MiniProject/VehicleServiceManagement/Services/BillService.cs:line 58
   at VSM.Controllers.BillController.Add(BillAddDto dto) in /Users/presidio/Desktop/Genspark/MiniProject/VehicleServiceManagement/Controllers/BillController.cs:line 30

2025-06-28 18:28:33Z [ERROR] Error Adding bill
System.NullReferenceException: Object reference not set to an instance of an object.
   at VSM.Misc.Mappers.BillMapper.MapToDisplayDto(Bill bill) in /Users/presidio/Desktop/Genspark/MiniProject/VehicleServiceManagement/Misc/Mappers/BillMapper.cs:line 12
   at VSM.Services.BillService.Add(BillAddDto dto) in /Users/presidio/Desktop/Genspark/MiniProject/VehicleServiceManagement/Services/BillService.cs:line 61
   at VSM.Controllers.BillController.Add(BillAddDto dto) in /Users/presidio/Desktop/Genspark/MiniProject/VehicleServiceManagement/Controllers/BillController.cs:line 30

2025-06-28 18:29:19Z [ERROR] Error Adding bill
Microsoft.EntityFrameworkCore.DbUpdateException: An error occurred while saving the entity changes. See the inner exception for details.
 ---> Npgsql.PostgresException (0x80004005): 23505: duplicate key value violates unique constraint "IX_Bills_ServiceRecordID"

DETAIL: Detail redacted as it may contain sensitive data. Specify 'Include Error Detail' in the connection string to include this information.
   at Npgsql.Internal.NpgsqlConnector.ReadMessageLong(Boolean async, DataRowLoadingMode dataRowLoadingMode, Boolean readingNotifications, Boolean isReadingPrependedMessage)
   at System.Runtime.CompilerServices.PoolingAsyncValueTaskMethodBuilder`1.StateMachineBox`1.System.Threading.Tasks.Sources.IValueTaskSource<TResult>.GetResult(Int16 token)
   at Npgsql.NpgsqlDataReader.NextResult(Boolean async, Boolean isConsuming, CancellationToken cancellationToken)
   at Npgsql.NpgsqlDataReader.NextResult(Boolean async, Boolean isConsuming, CancellationToken cancellationToken)
   at Npgsql.NpgsqlCommand.ExecuteReader(Boolean async, CommandBehavior behavior, CancellationToken cancellationToken)
   at Npgsql.NpgsqlCommand.ExecuteReader(Boolean async, CommandBehavior behavior, CancellationToken cancellationToken)
   at Npgsql.NpgsqlCommand.ExecuteDbDataReaderAsync(CommandBehavior behavior, CancellationToken cancellationToken)
   at Microsoft.EntityFrameworkCore.Storage.RelationalCommand.ExecuteReaderAsync(RelationalCommandParameterObject parameterObject, CancellationToken cancellationToken)
   at Microsoft.EntityFrameworkCore.Storage.RelationalCommand.ExecuteReaderAsync(RelationalCommandParameterObject parameterObject, CancellationToken cancellationToken)
   at Microsoft.EntityFrameworkCore.Update.ReaderModificationCommandBatch.ExecuteAsync(IRelationalConnection connection, CancellationToken cancellationToken)
  Exception data:
    Severity: ERROR
    SqlState: 23505
    MessageText: duplicate key value violates unique constraint "IX_Bills_ServiceRecordID"
    Detail: Detail redacted as it may contain sensitive data. Specify 'Include Error Detail' in the connection string to include this information.
    SchemaName: public
    TableName: Bills
    ConstraintName: IX_Bills_ServiceRecordID
    File: nbtinsert.c
    Line: 670
    Routine: _bt_check_unique
   --- End of inner exception stack trace ---
   at Microsoft.EntityFrameworkCore.Update.ReaderModificationCommandBatch.ExecuteAsync(IRelationalConnection connection, CancellationToken cancellationToken)
   at Microsoft.EntityFrameworkCore.Update.Internal.BatchExecutor.ExecuteAsync(IEnumerable`1 commandBatches, IRelationalConnection connection, CancellationToken cancellationToken)
   at Microsoft.EntityFrameworkCore.Update.Internal.BatchExecutor.ExecuteAsync(IEnumerable`1 commandBatches, IRelationalConnection connection, CancellationToken cancellationToken)
   at Microsoft.EntityFrameworkCore.Update.Internal.BatchExecutor.ExecuteAsync(IEnumerable`1 commandBatches, IRelationalConnection connection, CancellationToken cancellationToken)
   at Microsoft.EntityFrameworkCore.Storage.RelationalDatabase.SaveChangesAsync(IList`1 entries, CancellationToken cancellationToken)
   at Microsoft.EntityFrameworkCore.ChangeTracking.Internal.StateManager.SaveChangesAsync(IList`1 entriesToSave, CancellationToken cancellationToken)
   at Microsoft.EntityFrameworkCore.ChangeTracking.Internal.StateManager.SaveChangesAsync(StateManager stateManager, Boolean acceptAllChangesOnSuccess, CancellationToken cancellationToken)
   at Npgsql.EntityFrameworkCore.PostgreSQL.Storage.Internal.NpgsqlExecutionStrategy.ExecuteAsync[TState,TResult](TState state, Func`4 operation, Func`4 verifySucceeded, CancellationToken cancellationToken)
   at Microsoft.EntityFrameworkCore.DbContext.SaveChangesAsync(Boolean acceptAllChangesOnSuccess, CancellationToken cancellationToken)
   at Microsoft.EntityFrameworkCore.DbContext.SaveChangesAsync(Boolean acceptAllChangesOnSuccess, CancellationToken cancellationToken)
   at VSM.Repositories.Repository`2.Add(T item) in /Users/presidio/Desktop/Genspark/MiniProject/VehicleServiceManagement/Repositories/Repository.cs:line 20
   at VSM.Services.BillService.Add(BillAddDto dto) in /Users/presidio/Desktop/Genspark/MiniProject/VehicleServiceManagement/Services/BillService.cs:line 58
   at VSM.Controllers.BillController.Add(BillAddDto dto) in /Users/presidio/Desktop/Genspark/MiniProject/VehicleServiceManagement/Controllers/BillController.cs:line 30

2025-06-28 18:29:20Z [ERROR] Error Adding bill
Microsoft.EntityFrameworkCore.DbUpdateException: An error occurred while saving the entity changes. See the inner exception for details.
 ---> Npgsql.PostgresException (0x80004005): 23505: duplicate key value violates unique constraint "IX_Bills_ServiceRecordID"

DETAIL: Detail redacted as it may contain sensitive data. Specify 'Include Error Detail' in the connection string to include this information.
   at Npgsql.Internal.NpgsqlConnector.ReadMessageLong(Boolean async, DataRowLoadingMode dataRowLoadingMode, Boolean readingNotifications, Boolean isReadingPrependedMessage)
   at System.Runtime.CompilerServices.PoolingAsyncValueTaskMethodBuilder`1.StateMachineBox`1.System.Threading.Tasks.Sources.IValueTaskSource<TResult>.GetResult(Int16 token)
   at Npgsql.NpgsqlDataReader.NextResult(Boolean async, Boolean isConsuming, CancellationToken cancellationToken)
   at Npgsql.NpgsqlDataReader.NextResult(Boolean async, Boolean isConsuming, CancellationToken cancellationToken)
   at Npgsql.NpgsqlCommand.ExecuteReader(Boolean async, CommandBehavior behavior, CancellationToken cancellationToken)
   at Npgsql.NpgsqlCommand.ExecuteReader(Boolean async, CommandBehavior behavior, CancellationToken cancellationToken)
   at Npgsql.NpgsqlCommand.ExecuteDbDataReaderAsync(CommandBehavior behavior, CancellationToken cancellationToken)
   at Microsoft.EntityFrameworkCore.Storage.RelationalCommand.ExecuteReaderAsync(RelationalCommandParameterObject parameterObject, CancellationToken cancellationToken)
   at Microsoft.EntityFrameworkCore.Storage.RelationalCommand.ExecuteReaderAsync(RelationalCommandParameterObject parameterObject, CancellationToken cancellationToken)
   at Microsoft.EntityFrameworkCore.Update.ReaderModificationCommandBatch.ExecuteAsync(IRelationalConnection connection, CancellationToken cancellationToken)
  Exception data:
    Severity: ERROR
    SqlState: 23505
    MessageText: duplicate key value violates unique constraint "IX_Bills_ServiceRecordID"
    Detail: Detail redacted as it may contain sensitive data. Specify 'Include Error Detail' in the connection string to include this information.
    SchemaName: public
    TableName: Bills
    ConstraintName: IX_Bills_ServiceRecordID
    File: nbtinsert.c
    Line: 670
    Routine: _bt_check_unique
   --- End of inner exception stack trace ---
   at Microsoft.EntityFrameworkCore.Update.ReaderModificationCommandBatch.ExecuteAsync(IRelationalConnection connection, CancellationToken cancellationToken)
   at Microsoft.EntityFrameworkCore.Update.Internal.BatchExecutor.ExecuteAsync(IEnumerable`1 commandBatches, IRelationalConnection connection, CancellationToken cancellationToken)
   at Microsoft.EntityFrameworkCore.Update.Internal.BatchExecutor.ExecuteAsync(IEnumerable`1 commandBatches, IRelationalConnection connection, CancellationToken cancellationToken)
   at Microsoft.EntityFrameworkCore.Update.Internal.BatchExecutor.ExecuteAsync(IEnumerable`1 commandBatches, IRelationalConnection connection, CancellationToken cancellationToken)
   at Microsoft.EntityFrameworkCore.Storage.RelationalDatabase.SaveChangesAsync(IList`1 entries, CancellationToken cancellationToken)
   at Microsoft.EntityFrameworkCore.ChangeTracking.Internal.StateManager.SaveChangesAsync(IList`1 entriesToSave, CancellationToken cancellationToken)
   at Microsoft.EntityFrameworkCore.ChangeTracking.Internal.StateManager.SaveChangesAsync(StateManager stateManager, Boolean acceptAllChangesOnSuccess, CancellationToken cancellationToken)
   at Npgsql.EntityFrameworkCore.PostgreSQL.Storage.Internal.NpgsqlExecutionStrategy.ExecuteAsync[TState,TResult](TState state, Func`4 operation, Func`4 verifySucceeded, CancellationToken cancellationToken)
   at Microsoft.EntityFrameworkCore.DbContext.SaveChangesAsync(Boolean acceptAllChangesOnSuccess, CancellationToken cancellationToken)
   at Microsoft.EntityFrameworkCore.DbContext.SaveChangesAsync(Boolean acceptAllChangesOnSuccess, CancellationToken cancellationToken)
   at VSM.Repositories.Repository`2.Add(T item) in /Users/presidio/Desktop/Genspark/MiniProject/VehicleServiceManagement/Repositories/Repository.cs:line 20
   at VSM.Services.BillService.Add(BillAddDto dto) in /Users/presidio/Desktop/Genspark/MiniProject/VehicleServiceManagement/Services/BillService.cs:line 58
   at VSM.Controllers.BillController.Add(BillAddDto dto) in /Users/presidio/Desktop/Genspark/MiniProject/VehicleServiceManagement/Controllers/BillController.cs:line 30

2025-06-28 18:29:37Z [ERROR] Error Adding bill
Microsoft.EntityFrameworkCore.DbUpdateException: An error occurred while saving the entity changes. See the inner exception for details.
 ---> Npgsql.PostgresException (0x80004005): 23505: duplicate key value violates unique constraint "IX_Bills_ServiceRecordID"

DETAIL: Detail redacted as it may contain sensitive data. Specify 'Include Error Detail' in the connection string to include this information.
   at Npgsql.Internal.NpgsqlConnector.ReadMessageLong(Boolean async, DataRowLoadingMode dataRowLoadingMode, Boolean readingNotifications, Boolean isReadingPrependedMessage)
   at System.Runtime.CompilerServices.PoolingAsyncValueTaskMethodBuilder`1.StateMachineBox`1.System.Threading.Tasks.Sources.IValueTaskSource<TResult>.GetResult(Int16 token)
   at Npgsql.NpgsqlDataReader.NextResult(Boolean async, Boolean isConsuming, CancellationToken cancellationToken)
   at Npgsql.NpgsqlDataReader.NextResult(Boolean async, Boolean isConsuming, CancellationToken cancellationToken)
   at Npgsql.NpgsqlCommand.ExecuteReader(Boolean async, CommandBehavior behavior, CancellationToken cancellationToken)
   at Npgsql.NpgsqlCommand.ExecuteReader(Boolean async, CommandBehavior behavior, CancellationToken cancellationToken)
   at Npgsql.NpgsqlCommand.ExecuteDbDataReaderAsync(CommandBehavior behavior, CancellationToken cancellationToken)
   at Microsoft.EntityFrameworkCore.Storage.RelationalCommand.ExecuteReaderAsync(RelationalCommandParameterObject parameterObject, CancellationToken cancellationToken)
   at Microsoft.EntityFrameworkCore.Storage.RelationalCommand.ExecuteReaderAsync(RelationalCommandParameterObject parameterObject, CancellationToken cancellationToken)
   at Microsoft.EntityFrameworkCore.Update.ReaderModificationCommandBatch.ExecuteAsync(IRelationalConnection connection, CancellationToken cancellationToken)
  Exception data:
    Severity: ERROR
    SqlState: 23505
    MessageText: duplicate key value violates unique constraint "IX_Bills_ServiceRecordID"
    Detail: Detail redacted as it may contain sensitive data. Specify 'Include Error Detail' in the connection string to include this information.
    SchemaName: public
    TableName: Bills
    ConstraintName: IX_Bills_ServiceRecordID
    File: nbtinsert.c
    Line: 670
    Routine: _bt_check_unique
   --- End of inner exception stack trace ---
   at Microsoft.EntityFrameworkCore.Update.ReaderModificationCommandBatch.ExecuteAsync(IRelationalConnection connection, CancellationToken cancellationToken)
   at Microsoft.EntityFrameworkCore.Update.Internal.BatchExecutor.ExecuteAsync(IEnumerable`1 commandBatches, IRelationalConnection connection, CancellationToken cancellationToken)
   at Microsoft.EntityFrameworkCore.Update.Internal.BatchExecutor.ExecuteAsync(IEnumerable`1 commandBatches, IRelationalConnection connection, CancellationToken cancellationToken)
   at Microsoft.EntityFrameworkCore.Update.Internal.BatchExecutor.ExecuteAsync(IEnumerable`1 commandBatches, IRelationalConnection connection, CancellationToken cancellationToken)
   at Microsoft.EntityFrameworkCore.Storage.RelationalDatabase.SaveChangesAsync(IList`1 entries, CancellationToken cancellationToken)
   at Microsoft.EntityFrameworkCore.ChangeTracking.Internal.StateManager.SaveChangesAsync(IList`1 entriesToSave, CancellationToken cancellationToken)
   at Microsoft.EntityFrameworkCore.ChangeTracking.Internal.StateManager.SaveChangesAsync(StateManager stateManager, Boolean acceptAllChangesOnSuccess, CancellationToken cancellationToken)
   at Npgsql.EntityFrameworkCore.PostgreSQL.Storage.Internal.NpgsqlExecutionStrategy.ExecuteAsync[TState,TResult](TState state, Func`4 operation, Func`4 verifySucceeded, CancellationToken cancellationToken)
   at Microsoft.EntityFrameworkCore.DbContext.SaveChangesAsync(Boolean acceptAllChangesOnSuccess, CancellationToken cancellationToken)
   at Microsoft.EntityFrameworkCore.DbContext.SaveChangesAsync(Boolean acceptAllChangesOnSuccess, CancellationToken cancellationToken)
   at VSM.Repositories.Repository`2.Add(T item) in /Users/presidio/Desktop/Genspark/MiniProject/VehicleServiceManagement/Repositories/Repository.cs:line 20
   at VSM.Services.BillService.Add(BillAddDto dto) in /Users/presidio/Desktop/Genspark/MiniProject/VehicleServiceManagement/Services/BillService.cs:line 58
   at VSM.Controllers.BillController.Add(BillAddDto dto) in /Users/presidio/Desktop/Genspark/MiniProject/VehicleServiceManagement/Controllers/BillController.cs:line 30

2025-06-28 18:30:57Z [ERROR] Error Adding bill
Microsoft.EntityFrameworkCore.DbUpdateException: An error occurred while saving the entity changes. See the inner exception for details.
 ---> Npgsql.PostgresException (0x80004005): 23505: duplicate key value violates unique constraint "IX_Bills_ServiceRecordID"

DETAIL: Detail redacted as it may contain sensitive data. Specify 'Include Error Detail' in the connection string to include this information.
   at Npgsql.Internal.NpgsqlConnector.ReadMessageLong(Boolean async, DataRowLoadingMode dataRowLoadingMode, Boolean readingNotifications, Boolean isReadingPrependedMessage)
   at System.Runtime.CompilerServices.PoolingAsyncValueTaskMethodBuilder`1.StateMachineBox`1.System.Threading.Tasks.Sources.IValueTaskSource<TResult>.GetResult(Int16 token)
   at Npgsql.NpgsqlDataReader.NextResult(Boolean async, Boolean isConsuming, CancellationToken cancellationToken)
   at Npgsql.NpgsqlDataReader.NextResult(Boolean async, Boolean isConsuming, CancellationToken cancellationToken)
   at Npgsql.NpgsqlCommand.ExecuteReader(Boolean async, CommandBehavior behavior, CancellationToken cancellationToken)
   at Npgsql.NpgsqlCommand.ExecuteReader(Boolean async, CommandBehavior behavior, CancellationToken cancellationToken)
   at Npgsql.NpgsqlCommand.ExecuteDbDataReaderAsync(CommandBehavior behavior, CancellationToken cancellationToken)
   at Microsoft.EntityFrameworkCore.Storage.RelationalCommand.ExecuteReaderAsync(RelationalCommandParameterObject parameterObject, CancellationToken cancellationToken)
   at Microsoft.EntityFrameworkCore.Storage.RelationalCommand.ExecuteReaderAsync(RelationalCommandParameterObject parameterObject, CancellationToken cancellationToken)
   at Microsoft.EntityFrameworkCore.Update.ReaderModificationCommandBatch.ExecuteAsync(IRelationalConnection connection, CancellationToken cancellationToken)
  Exception data:
    Severity: ERROR
    SqlState: 23505
    MessageText: duplicate key value violates unique constraint "IX_Bills_ServiceRecordID"
    Detail: Detail redacted as it may contain sensitive data. Specify 'Include Error Detail' in the connection string to include this information.
    SchemaName: public
    TableName: Bills
    ConstraintName: IX_Bills_ServiceRecordID
    File: nbtinsert.c
    Line: 670
    Routine: _bt_check_unique
   --- End of inner exception stack trace ---
   at Microsoft.EntityFrameworkCore.Update.ReaderModificationCommandBatch.ExecuteAsync(IRelationalConnection connection, CancellationToken cancellationToken)
   at Microsoft.EntityFrameworkCore.Update.Internal.BatchExecutor.ExecuteAsync(IEnumerable`1 commandBatches, IRelationalConnection connection, CancellationToken cancellationToken)
   at Microsoft.EntityFrameworkCore.Update.Internal.BatchExecutor.ExecuteAsync(IEnumerable`1 commandBatches, IRelationalConnection connection, CancellationToken cancellationToken)
   at Microsoft.EntityFrameworkCore.Update.Internal.BatchExecutor.ExecuteAsync(IEnumerable`1 commandBatches, IRelationalConnection connection, CancellationToken cancellationToken)
   at Microsoft.EntityFrameworkCore.Storage.RelationalDatabase.SaveChangesAsync(IList`1 entries, CancellationToken cancellationToken)
   at Microsoft.EntityFrameworkCore.ChangeTracking.Internal.StateManager.SaveChangesAsync(IList`1 entriesToSave, CancellationToken cancellationToken)
   at Microsoft.EntityFrameworkCore.ChangeTracking.Internal.StateManager.SaveChangesAsync(StateManager stateManager, Boolean acceptAllChangesOnSuccess, CancellationToken cancellationToken)
   at Npgsql.EntityFrameworkCore.PostgreSQL.Storage.Internal.NpgsqlExecutionStrategy.ExecuteAsync[TState,TResult](TState state, Func`4 operation, Func`4 verifySucceeded, CancellationToken cancellationToken)
   at Microsoft.EntityFrameworkCore.DbContext.SaveChangesAsync(Boolean acceptAllChangesOnSuccess, CancellationToken cancellationToken)
   at Microsoft.EntityFrameworkCore.DbContext.SaveChangesAsync(Boolean acceptAllChangesOnSuccess, CancellationToken cancellationToken)
   at VSM.Repositories.Repository`2.Add(T item) in /Users/presidio/Desktop/Genspark/MiniProject/VehicleServiceManagement/Repositories/Repository.cs:line 20
   at VSM.Services.BillService.Add(BillAddDto dto) in /Users/presidio/Desktop/Genspark/MiniProject/VehicleServiceManagement/Services/BillService.cs:line 58
   at VSM.Controllers.BillController.Add(BillAddDto dto) in /Users/presidio/Desktop/Genspark/MiniProject/VehicleServiceManagement/Controllers/BillController.cs:line 30

2025-06-28 18:50:10Z [ERROR] Error Creating Booking
System.Exception: Customer already has a booking for this slot.
   at VSM.Services.BookingService.CreateBooking(BookingAddDto dto) in /Users/presidio/Desktop/Genspark/MiniProject/VehicleServiceManagement/Services/BookingService.cs:line 66
   at VSM.Controllers.BookingController.CreateBooking(BookingAddDto dto) in /Users/presidio/Desktop/Genspark/MiniProject/VehicleServiceManagement/Controllers/Bookingcontroller.cs:line 30

2025-06-28 18:50:13Z [ERROR] Error Creating Booking
System.Exception: Customer already has a booking for this slot.
   at VSM.Services.BookingService.CreateBooking(BookingAddDto dto) in /Users/presidio/Desktop/Genspark/MiniProject/VehicleServiceManagement/Services/BookingService.cs:line 66
   at VSM.Controllers.BookingController.CreateBooking(BookingAddDto dto) in /Users/presidio/Desktop/Genspark/MiniProject/VehicleServiceManagement/Controllers/Bookingcontroller.cs:line 30

2025-06-28 18:57:06Z [ERROR] Error Creating Booking
System.Exception: Customer already has a booking for this slot.
   at VSM.Services.BookingService.CreateBooking(BookingAddDto dto) in /Users/presidio/Desktop/Genspark/MiniProject/VehicleServiceManagement/Services/BookingService.cs:line 66
   at VSM.Controllers.BookingController.CreateBooking(BookingAddDto dto) in /Users/presidio/Desktop/Genspark/MiniProject/VehicleServiceManagement/Controllers/Bookingcontroller.cs:line 30

2025-06-28 19:04:17Z [ERROR] Error Getting All Bookings
System.Exception: No Bookings Found
   at VSM.Services.BookingService.GetAll() in /Users/presidio/Desktop/Genspark/MiniProject/VehicleServiceManagement/Services/BookingService.cs:line 124
   at VSM.Controllers.BookingController.GetAll() in /Users/presidio/Desktop/Genspark/MiniProject/VehicleServiceManagement/Controllers/Bookingcontroller.cs:line 76

t/VehicleServiceManagement/Controllers/CustomerController.cs:line 63

2025-06-28 19:04:21Z [ERROR] Error Getting All Customers
System.Exception: No customers found
   at VSM.Services.CustomerService.GetAll() in /Users/presidio/Desktop/Genspark/MiniProject/VehicleServiceManagement/Services/CustomerService.cs:line 104
   at VSM.Controllers.CustomerController.GetAll() in /Users/presidio/Desktop/Genspark/MiniProject/VehicleServiceManagement/Controllers/CustomerController.cs:line 93

2025-06-28 19:04:21Z [ERROR] Error Getting All Mechanics
System.Exception: GetAll: No mechanics found.
   at VSM.Services.MechanicServices.GetAll() in /Users/presidio/Desktop/Genspark/MiniProject/VehicleServiceManagement/Services/MechanicServices.cs:line 128
   at VSM.Controllers.MechanicController.GetAll() in /Users/presidio/Desktop/Genspark/MiniProject/VehicleServiceManagement/Controllers/MechanicController.cs:line 91

2025-06-28 19:04:23Z [ERROR] Error Downlodaing bill
2025-06-28 19:04:29Z [ERROR] Error Getting Customer By Email
System.Exception: Customer with email 'admin@gmail.com' not found
   at VSM.Services.CustomerService.GetByEmail(String email) in /Users/presidio/Desktop/Genspark/MiniProject/VehicleServiceManagement/Services/CustomerService.cs:line 86
   at VSM.Controllers.CustomerController.GetByEmail(String email) in /Users/presidio/Desktop/Genspark/MiniProject/VehicleServiceManagement/Controllers/CustomerController.cs:line 63

2025-06-28 19:04:33Z [ERROR] Error Getting All Customers
System.Exception: No customers found
   at VSM.Services.CustomerService.GetAll() in /Users/presidio/Desktop/Genspark/MiniProject/VehicleServiceManagement/Services/CustomerService.cs:line 104
   at VSM.Controllers.CustomerController.GetAll() in /Users/presidio/Desktop/Genspark/MiniProject/VehicleServiceManagement/Controllers/CustomerController.cs:line 93

2025-06-28 19:04:33Z [ERROR] Error Getting All Mechanics
System.Exception: GetAll: No mechanics found.
   at VSM.Services.MechanicServices.GetAll() in /Users/presidio/Desktop/Genspark/MiniProject/VehicleServiceManagement/Services/MechanicServices.cs:line 128
   at VSM.Controllers.MechanicController.GetAll() in /Users/presidio/Desktop/Genspark/MiniProject/VehicleServiceManagement/Controllers/MechanicController.cs:line 91

2025-06-28 19:04:35Z [ERROR] Error Getting Customer By Email
System.Exception: Customer with email 'admin@gmail.com' not found
   at VSM.Services.CustomerService.GetByEmail(String email) in /Users/presidio/Desktop/Genspark/MiniProject/VehicleServiceManagement/Services/CustomerService.cs:line 86
   at VSM.Controllers.CustomerController.GetByEmail(String email) in /Users/presidio/Desktop/Genspark/MiniProject/VehicleServiceManagement/Controllers/CustomerController.cs:line 63

2025-06-28 19:04:36Z [ERROR] Error Downlodaing bill
2025-06-28 19:06:16Z [ERROR] Error Registering Customer
System.Exception: Phone number already registered
   at VSM.Services.CustomerService.AddCustomer(CustomerAddDto dto) in /Users/presidio/Desktop/Genspark/MiniProject/VehicleServiceManagement/Services/CustomerService.cs:line 60
   at VSM.Controllers.CustomerController.RegisterCustomer(CustomerAddDto dto) in /Users/presidio/Desktop/Genspark/MiniProject/VehicleServiceManagement/Controllers/CustomerController.cs:line 30

2025-06-28 19:06:53Z [ERROR] Error Registering Customer
System.Exception: User already exists
   at VSM.Services.CustomerService.AddCustomer(CustomerAddDto dto) in /Users/presidio/Desktop/Genspark/MiniProject/VehicleServiceManagement/Services/CustomerService.cs:line 60
   at VSM.Controllers.CustomerController.RegisterCustomer(CustomerAddDto dto) in /Users/presidio/Desktop/Genspark/MiniProject/VehicleServiceManagement/Controllers/CustomerController.cs:line 30

2025-06-28 19:10:54Z [ERROR] Error Getting All Bookings
System.Exception: No Bookings Found
   at VSM.Services.BookingService.GetAll() in /Users/presidio/Desktop/Genspark/MiniProject/VehicleServiceManagement/Services/BookingService.cs:line 124
   at VSM.Controllers.BookingController.GetAll() in /Users/presidio/Desktop/Genspark/MiniProject/VehicleServiceManagement/Controllers/Bookingcontroller.cs:line 76

2025-06-28 19:10:54Z [ERROR] Error Getting All Bookings
System.Exception: No Bookings Found
   at VSM.Services.BookingService.GetAll() in /Users/presidio/Desktop/Genspark/MiniProject/VehicleServiceManagement/Services/BookingService.cs:line 124
   at VSM.Controllers.BookingController.GetAll() in /Users/presidio/Desktop/Genspark/MiniProject/VehicleServiceManagement/Controllers/Bookingcontroller.cs:line 76

2025-06-28 19:11:45Z [ERROR] Error Getting All Bookings
System.Exception: No Bookings Found
   at VSM.Services.BookingService.GetAll() in /Users/presidio/Desktop/Genspark/MiniProject/VehicleServiceManagement/Services/BookingService.cs:line 124
   at VSM.Controllers.BookingController.GetAll() in /Users/presidio/Desktop/Genspark/MiniProject/VehicleServiceManagement/Controllers/Bookingcontroller.cs:line 76

2025-06-28 19:11:47Z [ERROR] Error Getting All Bookings
System.Exception: No Bookings Found
   at VSM.Services.BookingService.GetAll() in /Users/presidio/Desktop/Genspark/MiniProject/VehicleServiceManagement/Services/BookingService.cs:line 124
   at VSM.Controllers.BookingController.GetAll() in /Users/presidio/Desktop/Genspark/MiniProject/VehicleServiceManagement/Controllers/Bookingcontroller.cs:line 76

2025-06-28 19:11:48Z [ERROR] Error Getting All Bookings
System.Exception: No Bookings Found
   at VSM.Services.BookingService.GetAll() in /Users/presidio/Desktop/Genspark/MiniProject/VehicleServiceManagement/Services/BookingService.cs:line 124
   at VSM.Controllers.BookingController.GetAll() in /Users/presidio/Desktop/Genspark/MiniProject/VehicleServiceManagement/Controllers/Bookingcontroller.cs:line 76

2025-06-28 19:11:48Z [ERROR] Error Getting Customer By Email
System.Exception: Customer with email 'Mano@gmail.com' not found
   at VSM.Services.CustomerService.GetByEmail(String email) in /Users/presidio/Desktop/Genspark/MiniProject/VehicleServiceManagement/Services/CustomerService.cs:line 86
   at VSM.Controllers.CustomerController.GetByEmail(String email) in /Users/presidio/Desktop/Genspark/MiniProject/VehicleServiceManagement/Controllers/CustomerController.cs:line 63

2025-06-28 19:11:48Z [ERROR] Error Getting All ServiceRecords
System.Exception: No service records found
   at VSM.Services.ServiceRecordService.GetAll(Int32 page, Int32 pageSize, String search) in /Users/presidio/Desktop/Genspark/MiniProject/VehicleServiceManagement/Services/ServiceRecordService.cs:line 74
   at VSM.Controllers.ServiceRecordController.GetAll(Int32 page, Int32 pageSize, String search) in /Users/presidio/Desktop/Genspark/MiniProject/VehicleServiceManagement/Controllers/ServiceRecordController.cs:line 77

2025-06-28 19:26:51Z [ERROR] Error Getting All Bookings
System.Exception: No Bookings Found
   at VSM.Services.BookingService.GetAll() in /Users/presidio/Desktop/Genspark/MiniProject/VehicleServiceManagement/Services/BookingService.cs:line 124
   at VSM.Controllers.BookingController.GetAll() in /Users/presidio/Desktop/Genspark/MiniProject/VehicleServiceManagement/Controllers/Bookingcontroller.cs:line 76

2025-06-28 19:27:06Z [ERROR] Error Getting All Bookings
System.Exception: No Bookings Found
   at VSM.Services.BookingService.GetAll() in /Users/presidio/Desktop/Genspark/MiniProject/VehicleServiceManagement/Services/BookingService.cs:line 124
   at VSM.Controllers.BookingController.GetAll() in /Users/presidio/Desktop/Genspark/MiniProject/VehicleServiceManagement/Controllers/Bookingcontroller.cs:line 76

2025-06-28 19:27:25Z [ERROR] Error Getting All Bookings
System.Exception: No Bookings Found
   at VSM.Services.BookingService.GetAll() in /Users/presidio/Desktop/Genspark/MiniProject/VehicleServiceManagement/Services/BookingService.cs:line 124
   at VSM.Controllers.BookingController.GetAll() in /Users/presidio/Desktop/Genspark/MiniProject/VehicleServiceManagement/Controllers/Bookingcontroller.cs:line 76

2025-06-28 19:27:28Z [ERROR] Error Getting All Mechanics
System.Exception: GetAll: No mechanics found.
   at VSM.Services.MechanicServices.GetAll() in /Users/presidio/Desktop/Genspark/MiniProject/VehicleServiceManagement/Services/MechanicServices.cs:line 128
   at VSM.Controllers.MechanicController.GetAll() in /Users/presidio/Desktop/Genspark/MiniProject/VehicleServiceManagement/Controllers/MechanicController.cs:line 91

2025-06-28 19:30:05Z [ERROR] Error Getting All Bookings
System.Exception: No Bookings Found
   at VSM.Services.BookingService.GetAll() in /Users/presidio/Desktop/Genspark/MiniProject/VehicleServiceManagement/Services/BookingService.cs:line 124
   at VSM.Controllers.BookingController.GetAll() in /Users/presidio/Desktop/Genspark/MiniProject/VehicleServiceManagement/Controllers/Bookingcontroller.cs:line 76

2025-06-28 19:30:18Z [ERROR] Error Getting All Bookings
System.Exception: No Bookings Found
   at VSM.Services.BookingService.GetAll() in /Users/presidio/Desktop/Genspark/MiniProject/VehicleServiceManagement/Services/BookingService.cs:line 124
   at VSM.Controllers.BookingController.GetAll() in /Users/presidio/Desktop/Genspark/MiniProject/VehicleServiceManagement/Controllers/Bookingcontroller.cs:line 76

2025-06-28 19:31:20Z [ERROR] Error Getting All Bookings
System.Exception: No Bookings Found
   at VSM.Services.BookingService.GetAll() in /Users/presidio/Desktop/Genspark/MiniProject/VehicleServiceManagement/Services/BookingService.cs:line 124
   at VSM.Controllers.BookingController.GetAll() in /Users/presidio/Desktop/Genspark/MiniProject/VehicleServiceManagement/Controllers/Bookingcontroller.cs:line 76

2025-06-28 19:31:49Z [ERROR] Error Getting All Bookings
System.Exception: No Bookings Found
   at VSM.Services.BookingService.GetAll() in /Users/presidio/Desktop/Genspark/MiniProject/VehicleServiceManagement/Services/BookingService.cs:line 124
   at VSM.Controllers.BookingController.GetAll() in /Users/presidio/Desktop/Genspark/MiniProject/VehicleServiceManagement/Controllers/Bookingcontroller.cs:line 76

2025-06-28 19:31:56Z [ERROR] Error Getting All Bookings
System.Exception: No Bookings Found
   at VSM.Services.BookingService.GetAll() in /Users/presidio/Desktop/Genspark/MiniProject/VehicleServiceManagement/Services/BookingService.cs:line 124
   at VSM.Controllers.BookingController.GetAll() in /Users/presidio/Desktop/Genspark/MiniProject/VehicleServiceManagement/Controllers/Bookingcontroller.cs:line 76

2025-06-28 19:32:05Z [ERROR] Error Getting All Bookings
System.Exception: No Bookings Found
   at VSM.Services.BookingService.GetAll() in /Users/presidio/Desktop/Genspark/MiniProject/VehicleServiceManagement/Services/BookingService.cs:line 124
   at VSM.Controllers.BookingController.GetAll() in /Users/presidio/Desktop/Genspark/MiniProject/VehicleServiceManagement/Controllers/Bookingcontroller.cs:line 76

2025-06-28 19:32:36Z [ERROR] Error Getting All Bookings
System.Exception: No Bookings Found
   at VSM.Services.BookingService.GetAll() in /Users/presidio/Desktop/Genspark/MiniProject/VehicleServiceManagement/Services/BookingService.cs:line 124
   at VSM.Controllers.BookingController.GetAll() in /Users/presidio/Desktop/Genspark/MiniProject/VehicleServiceManagement/Controllers/Bookingcontroller.cs:line 76

2025-06-28 19:32:40Z [ERROR] Error Getting All Bookings
System.Exception: No Bookings Found
   at VSM.Services.BookingService.GetAll() in /Users/presidio/Desktop/Genspark/MiniProject/VehicleServiceManagement/Services/BookingService.cs:line 124
   at VSM.Controllers.BookingController.GetAll() in /Users/presidio/Desktop/Genspark/MiniProject/VehicleServiceManagement/Controllers/Bookingcontroller.cs:line 76

2025-06-28 19:51:14Z [ERROR] Error Getting All Bookings
System.Exception: No Bookings Found
   at VSM.Services.BookingService.GetAll() in /Users/presidio/Desktop/Genspark/MiniProject/VehicleServiceManagement/Services/BookingService.cs:line 124
   at VSM.Controllers.BookingController.GetAll() in /Users/presidio/Desktop/Genspark/MiniProject/VehicleServiceManagement/Controllers/Bookingcontroller.cs:line 76

2025-06-28 19:51:21Z [ERROR] Error Getting All Bookings
System.Exception: No Bookings Found
   at VSM.Services.BookingService.GetAll() in /Users/presidio/Desktop/Genspark/MiniProject/VehicleServiceManagement/Services/BookingService.cs:line 124
   at VSM.Controllers.BookingController.GetAll() in /Users/presidio/Desktop/Genspark/MiniProject/VehicleServiceManagement/Controllers/Bookingcontroller.cs:line 76

2025-06-28 19:51:32Z [ERROR] Error Getting All Bookings
System.Exception: No Bookings Found
   at VSM.Services.BookingService.GetAll() in /Users/presidio/Desktop/Genspark/MiniProject/VehicleServiceManagement/Services/BookingService.cs:line 124
   at VSM.Controllers.BookingController.GetAll() in /Users/presidio/Desktop/Genspark/MiniProject/VehicleServiceManagement/Controllers/Bookingcontroller.cs:line 76

2025-06-28 19:51:39Z [ERROR] Error Getting All Bookings
System.Exception: No Bookings Found
   at VSM.Services.BookingService.GetAll() in /Users/presidio/Desktop/Genspark/MiniProject/VehicleServiceManagement/Services/BookingService.cs:line 124
   at VSM.Controllers.BookingController.GetAll() in /Users/presidio/Desktop/Genspark/MiniProject/VehicleServiceManagement/Controllers/Bookingcontroller.cs:line 76

2025-06-28 20:01:58Z [ERROR] Error Getting All ServiceRecords
System.Exception: No service records found
   at VSM.Services.ServiceRecordService.GetAll(Int32 page, Int32 pageSize, String search) in /Users/presidio/Desktop/Genspark/MiniProject/VehicleServiceManagement/Services/ServiceRecordService.cs:line 74
   at VSM.Controllers.ServiceRecordController.GetAll(Int32 page, Int32 pageSize, String search) in /Users/presidio/Desktop/Genspark/MiniProject/VehicleServiceManagement/Controllers/ServiceRecordController.cs:line 77

2025-06-28 20:02:04Z [ERROR] Error Getting All ServiceRecords
System.Exception: No service records found
   at VSM.Services.ServiceRecordService.GetAll(Int32 page, Int32 pageSize, String search) in /Users/presidio/Desktop/Genspark/MiniProject/VehicleServiceManagement/Services/ServiceRecordService.cs:line 74
   at VSM.Controllers.ServiceRecordController.GetAll(Int32 page, Int32 pageSize, String search) in /Users/presidio/Desktop/Genspark/MiniProject/VehicleServiceManagement/Controllers/ServiceRecordController.cs:line 77

2025-06-28 20:02:48Z [ERROR] Error Getting All ServiceRecords
System.Exception: No service records found
   at VSM.Services.ServiceRecordService.GetAll(Int32 page, Int32 pageSize, String search) in /Users/presidio/Desktop/Genspark/MiniProject/VehicleServiceManagement/Services/ServiceRecordService.cs:line 74
   at VSM.Controllers.ServiceRecordController.GetAll(Int32 page, Int32 pageSize, String search) in /Users/presidio/Desktop/Genspark/MiniProject/VehicleServiceManagement/Controllers/ServiceRecordController.cs:line 77

2025-06-28 20:02:55Z [ERROR] Error Getting All ServiceRecords
System.Exception: No service records found
   at VSM.Services.ServiceRecordService.GetAll(Int32 page, Int32 pageSize, String search) in /Users/presidio/Desktop/Genspark/MiniProject/VehicleServiceManagement/Services/ServiceRecordService.cs:line 74
   at VSM.Controllers.ServiceRecordController.GetAll(Int32 page, Int32 pageSize, String search) in /Users/presidio/Desktop/Genspark/MiniProject/VehicleServiceManagement/Controllers/ServiceRecordController.cs:line 77

2025-06-28 20:03:05Z [ERROR] Error Getting All ServiceRecords
System.Exception: No service records found
   at VSM.Services.ServiceRecordService.GetAll(Int32 page, Int32 pageSize, String search) in /Users/presidio/Desktop/Genspark/MiniProject/VehicleServiceManagement/Services/ServiceRecordService.cs:line 74
   at VSM.Controllers.ServiceRecordController.GetAll(Int32 page, Int32 pageSize, String search) in /Users/presidio/Desktop/Genspark/MiniProject/VehicleServiceManagement/Controllers/ServiceRecordController.cs:line 77

2025-06-28 20:04:28Z [ERROR] Error Getting All ServiceRecords
System.Exception: No service records found
   at VSM.Services.ServiceRecordService.GetAll(Int32 page, Int32 pageSize, String search) in /Users/presidio/Desktop/Genspark/MiniProject/VehicleServiceManagement/Services/ServiceRecordService.cs:line 74
   at VSM.Controllers.ServiceRecordController.GetAll(Int32 page, Int32 pageSize, String search) in /Users/presidio/Desktop/Genspark/MiniProject/VehicleServiceManagement/Controllers/ServiceRecordController.cs:line 77

2025-06-28 20:04:41Z [ERROR] Error Getting All ServiceRecords
System.Exception: No service records found
   at VSM.Services.ServiceRecordService.GetAll(Int32 page, Int32 pageSize, String search) in /Users/presidio/Desktop/Genspark/MiniProject/VehicleServiceManagement/Services/ServiceRecordService.cs:line 74
   at VSM.Controllers.ServiceRecordController.GetAll(Int32 page, Int32 pageSize, String search) in /Users/presidio/Desktop/Genspark/MiniProject/VehicleServiceManagement/Controllers/ServiceRecordController.cs:line 77

2025-06-28 20:06:20Z [ERROR] Error Getting All ServiceRecords
System.Exception: No service records found
   at VSM.Services.ServiceRecordService.GetAll(Int32 page, Int32 pageSize, String search) in /Users/presidio/Desktop/Genspark/MiniProject/VehicleServiceManagement/Services/ServiceRecordService.cs:line 74
   at VSM.Controllers.ServiceRecordController.GetAll(Int32 page, Int32 pageSize, String search) in /Users/presidio/Desktop/Genspark/MiniProject/VehicleServiceManagement/Controllers/ServiceRecordController.cs:line 77

2025-06-28 20:06:23Z [ERROR] Error Getting All ServiceRecords
System.Exception: No service records found
   at VSM.Services.ServiceRecordService.GetAll(Int32 page, Int32 pageSize, String search) in /Users/presidio/Desktop/Genspark/MiniProject/VehicleServiceManagement/Services/ServiceRecordService.cs:line 74
   at VSM.Controllers.ServiceRecordController.GetAll(Int32 page, Int32 pageSize, String search) in /Users/presidio/Desktop/Genspark/MiniProject/VehicleServiceManagement/Controllers/ServiceRecordController.cs:line 77

2025-06-28 20:07:09Z [ERROR] Error Adding ServiceRecord
System.Exception: Service already created for this booking
   at VSM.Services.ServiceRecordService.Add(ServiceRecordAddDto dto) in /Users/presidio/Desktop/Genspark/MiniProject/VehicleServiceManagement/Services/ServiceRecordService.cs:line 48
   at VSM.Controllers.ServiceRecordController.Add(ServiceRecordAddDto dto) in /Users/presidio/Desktop/Genspark/MiniProject/VehicleServiceManagement/Controllers/ServiceRecordController.cs:line 28

2025-06-28 20:07:44Z [ERROR] Error Adding bill
System.NullReferenceException: Object reference not set to an instance of an object.
   at VSM.Misc.Mappers.BillMapper.MapToDisplayDto(Bill bill) in /Users/presidio/Desktop/Genspark/MiniProject/VehicleServiceManagement/Misc/Mappers/BillMapper.cs:line 12
   at VSM.Services.BillService.Add(BillAddDto dto) in /Users/presidio/Desktop/Genspark/MiniProject/VehicleServiceManagement/Services/BillService.cs:line 61
   at VSM.Controllers.BillController.Add(BillAddDto dto) in /Users/presidio/Desktop/Genspark/MiniProject/VehicleServiceManagement/Controllers/BillController.cs:line 30

2025-06-28 20:11:35Z [ERROR] Error Adding bill
Microsoft.EntityFrameworkCore.DbUpdateException: An error occurred while saving the entity changes. See the inner exception for details.
 ---> Npgsql.PostgresException (0x80004005): 23505: duplicate key value violates unique constraint "IX_Bills_ServiceRecordID"

DETAIL: Detail redacted as it may contain sensitive data. Specify 'Include Error Detail' in the connection string to include this information.
   at Npgsql.Internal.NpgsqlConnector.ReadMessageLong(Boolean async, DataRowLoadingMode dataRowLoadingMode, Boolean readingNotifications, Boolean isReadingPrependedMessage)
   at System.Runtime.CompilerServices.PoolingAsyncValueTaskMethodBuilder`1.StateMachineBox`1.System.Threading.Tasks.Sources.IValueTaskSource<TResult>.GetResult(Int16 token)
   at Npgsql.NpgsqlDataReader.NextResult(Boolean async, Boolean isConsuming, CancellationToken cancellationToken)
   at Npgsql.NpgsqlDataReader.NextResult(Boolean async, Boolean isConsuming, CancellationToken cancellationToken)
   at Npgsql.NpgsqlCommand.ExecuteReader(Boolean async, CommandBehavior behavior, CancellationToken cancellationToken)
   at Npgsql.NpgsqlCommand.ExecuteReader(Boolean async, CommandBehavior behavior, CancellationToken cancellationToken)
   at Npgsql.NpgsqlCommand.ExecuteDbDataReaderAsync(CommandBehavior behavior, CancellationToken cancellationToken)
   at Microsoft.EntityFrameworkCore.Storage.RelationalCommand.ExecuteReaderAsync(RelationalCommandParameterObject parameterObject, CancellationToken cancellationToken)
   at Microsoft.EntityFrameworkCore.Storage.RelationalCommand.ExecuteReaderAsync(RelationalCommandParameterObject parameterObject, CancellationToken cancellationToken)
   at Microsoft.EntityFrameworkCore.Update.ReaderModificationCommandBatch.ExecuteAsync(IRelationalConnection connection, CancellationToken cancellationToken)
  Exception data:
    Severity: ERROR
    SqlState: 23505
    MessageText: duplicate key value violates unique constraint "IX_Bills_ServiceRecordID"
    Detail: Detail redacted as it may contain sensitive data. Specify 'Include Error Detail' in the connection string to include this information.
    SchemaName: public
    TableName: Bills
    ConstraintName: IX_Bills_ServiceRecordID
    File: nbtinsert.c
    Line: 670
    Routine: _bt_check_unique
   --- End of inner exception stack trace ---
   at Microsoft.EntityFrameworkCore.Update.ReaderModificationCommandBatch.ExecuteAsync(IRelationalConnection connection, CancellationToken cancellationToken)
   at Microsoft.EntityFrameworkCore.Update.Internal.BatchExecutor.ExecuteAsync(IEnumerable`1 commandBatches, IRelationalConnection connection, CancellationToken cancellationToken)
   at Microsoft.EntityFrameworkCore.Update.Internal.BatchExecutor.ExecuteAsync(IEnumerable`1 commandBatches, IRelationalConnection connection, CancellationToken cancellationToken)
   at Microsoft.EntityFrameworkCore.Update.Internal.BatchExecutor.ExecuteAsync(IEnumerable`1 commandBatches, IRelationalConnection connection, CancellationToken cancellationToken)
   at Microsoft.EntityFrameworkCore.Storage.RelationalDatabase.SaveChangesAsync(IList`1 entries, CancellationToken cancellationToken)
   at Microsoft.EntityFrameworkCore.ChangeTracking.Internal.StateManager.SaveChangesAsync(IList`1 entriesToSave, CancellationToken cancellationToken)
   at Microsoft.EntityFrameworkCore.ChangeTracking.Internal.StateManager.SaveChangesAsync(StateManager stateManager, Boolean acceptAllChangesOnSuccess, CancellationToken cancellationToken)
   at Npgsql.EntityFrameworkCore.PostgreSQL.Storage.Internal.NpgsqlExecutionStrategy.ExecuteAsync[TState,TResult](TState state, Func`4 operation, Func`4 verifySucceeded, CancellationToken cancellationToken)
   at Microsoft.EntityFrameworkCore.DbContext.SaveChangesAsync(Boolean acceptAllChangesOnSuccess, CancellationToken cancellationToken)
   at Microsoft.EntityFrameworkCore.DbContext.SaveChangesAsync(Boolean acceptAllChangesOnSuccess, CancellationToken cancellationToken)
   at VSM.Repositories.Repository`2.Add(T item) in /Users/presidio/Desktop/Genspark/MiniProject/VehicleServiceManagement/Repositories/Repository.cs:line 20
   at VSM.Services.BillService.Add(BillAddDto dto) in /Users/presidio/Desktop/Genspark/MiniProject/VehicleServiceManagement/Services/BillService.cs:line 58
   at VSM.Controllers.BillController.Add(BillAddDto dto) in /Users/presidio/Desktop/Genspark/MiniProject/VehicleServiceManagement/Controllers/BillController.cs:line 30

2025-06-28 20:11:56Z [ERROR] Error Adding bill
Microsoft.EntityFrameworkCore.DbUpdateException: An error occurred while saving the entity changes. See the inner exception for details.
 ---> Npgsql.PostgresException (0x80004005): 23505: duplicate key value violates unique constraint "IX_Bills_ServiceRecordID"

DETAIL: Detail redacted as it may contain sensitive data. Specify 'Include Error Detail' in the connection string to include this information.
   at Npgsql.Internal.NpgsqlConnector.ReadMessageLong(Boolean async, DataRowLoadingMode dataRowLoadingMode, Boolean readingNotifications, Boolean isReadingPrependedMessage)
   at System.Runtime.CompilerServices.PoolingAsyncValueTaskMethodBuilder`1.StateMachineBox`1.System.Threading.Tasks.Sources.IValueTaskSource<TResult>.GetResult(Int16 token)
   at Npgsql.NpgsqlDataReader.NextResult(Boolean async, Boolean isConsuming, CancellationToken cancellationToken)
   at Npgsql.NpgsqlDataReader.NextResult(Boolean async, Boolean isConsuming, CancellationToken cancellationToken)
   at Npgsql.NpgsqlCommand.ExecuteReader(Boolean async, CommandBehavior behavior, CancellationToken cancellationToken)
   at Npgsql.NpgsqlCommand.ExecuteReader(Boolean async, CommandBehavior behavior, CancellationToken cancellationToken)
   at Npgsql.NpgsqlCommand.ExecuteDbDataReaderAsync(CommandBehavior behavior, CancellationToken cancellationToken)
   at Microsoft.EntityFrameworkCore.Storage.RelationalCommand.ExecuteReaderAsync(RelationalCommandParameterObject parameterObject, CancellationToken cancellationToken)
   at Microsoft.EntityFrameworkCore.Storage.RelationalCommand.ExecuteReaderAsync(RelationalCommandParameterObject parameterObject, CancellationToken cancellationToken)
   at Microsoft.EntityFrameworkCore.Update.ReaderModificationCommandBatch.ExecuteAsync(IRelationalConnection connection, CancellationToken cancellationToken)
  Exception data:
    Severity: ERROR
    SqlState: 23505
    MessageText: duplicate key value violates unique constraint "IX_Bills_ServiceRecordID"
    Detail: Detail redacted as it may contain sensitive data. Specify 'Include Error Detail' in the connection string to include this information.
    SchemaName: public
    TableName: Bills
    ConstraintName: IX_Bills_ServiceRecordID
    File: nbtinsert.c
    Line: 670
    Routine: _bt_check_unique
   --- End of inner exception stack trace ---
   at Microsoft.EntityFrameworkCore.Update.ReaderModificationCommandBatch.ExecuteAsync(IRelationalConnection connection, CancellationToken cancellationToken)
   at Microsoft.EntityFrameworkCore.Update.Internal.BatchExecutor.ExecuteAsync(IEnumerable`1 commandBatches, IRelationalConnection connection, CancellationToken cancellationToken)
   at Microsoft.EntityFrameworkCore.Update.Internal.BatchExecutor.ExecuteAsync(IEnumerable`1 commandBatches, IRelationalConnection connection, CancellationToken cancellationToken)
   at Microsoft.EntityFrameworkCore.Update.Internal.BatchExecutor.ExecuteAsync(IEnumerable`1 commandBatches, IRelationalConnection connection, CancellationToken cancellationToken)
   at Microsoft.EntityFrameworkCore.Storage.RelationalDatabase.SaveChangesAsync(IList`1 entries, CancellationToken cancellationToken)
   at Microsoft.EntityFrameworkCore.ChangeTracking.Internal.StateManager.SaveChangesAsync(IList`1 entriesToSave, CancellationToken cancellationToken)
   at Microsoft.EntityFrameworkCore.ChangeTracking.Internal.StateManager.SaveChangesAsync(StateManager stateManager, Boolean acceptAllChangesOnSuccess, CancellationToken cancellationToken)
   at Npgsql.EntityFrameworkCore.PostgreSQL.Storage.Internal.NpgsqlExecutionStrategy.ExecuteAsync[TState,TResult](TState state, Func`4 operation, Func`4 verifySucceeded, CancellationToken cancellationToken)
   at Microsoft.EntityFrameworkCore.DbContext.SaveChangesAsync(Boolean acceptAllChangesOnSuccess, CancellationToken cancellationToken)
   at Microsoft.EntityFrameworkCore.DbContext.SaveChangesAsync(Boolean acceptAllChangesOnSuccess, CancellationToken cancellationToken)
   at VSM.Repositories.Repository`2.Add(T item) in /Users/presidio/Desktop/Genspark/MiniProject/VehicleServiceManagement/Repositories/Repository.cs:line 20
   at VSM.Services.BillService.Add(BillAddDto dto) in /Users/presidio/Desktop/Genspark/MiniProject/VehicleServiceManagement/Services/BillService.cs:line 58
   at VSM.Controllers.BillController.Add(BillAddDto dto) in /Users/presidio/Desktop/Genspark/MiniProject/VehicleServiceManagement/Controllers/BillController.cs:line 30

2025-06-28 20:11:58Z [ERROR] Error Adding bill
Microsoft.EntityFrameworkCore.DbUpdateException: An error occurred while saving the entity changes. See the inner exception for details.
 ---> Npgsql.PostgresException (0x80004005): 23505: duplicate key value violates unique constraint "IX_Bills_ServiceRecordID"

DETAIL: Detail redacted as it may contain sensitive data. Specify 'Include Error Detail' in the connection string to include this information.
   at Npgsql.Internal.NpgsqlConnector.ReadMessageLong(Boolean async, DataRowLoadingMode dataRowLoadingMode, Boolean readingNotifications, Boolean isReadingPrependedMessage)
   at System.Runtime.CompilerServices.PoolingAsyncValueTaskMethodBuilder`1.StateMachineBox`1.System.Threading.Tasks.Sources.IValueTaskSource<TResult>.GetResult(Int16 token)
   at Npgsql.NpgsqlDataReader.NextResult(Boolean async, Boolean isConsuming, CancellationToken cancellationToken)
   at Npgsql.NpgsqlDataReader.NextResult(Boolean async, Boolean isConsuming, CancellationToken cancellationToken)
   at Npgsql.NpgsqlCommand.ExecuteReader(Boolean async, CommandBehavior behavior, CancellationToken cancellationToken)
   at Npgsql.NpgsqlCommand.ExecuteReader(Boolean async, CommandBehavior behavior, CancellationToken cancellationToken)
   at Npgsql.NpgsqlCommand.ExecuteDbDataReaderAsync(CommandBehavior behavior, CancellationToken cancellationToken)
   at Microsoft.EntityFrameworkCore.Storage.RelationalCommand.ExecuteReaderAsync(RelationalCommandParameterObject parameterObject, CancellationToken cancellationToken)
   at Microsoft.EntityFrameworkCore.Storage.RelationalCommand.ExecuteReaderAsync(RelationalCommandParameterObject parameterObject, CancellationToken cancellationToken)
   at Microsoft.EntityFrameworkCore.Update.ReaderModificationCommandBatch.ExecuteAsync(IRelationalConnection connection, CancellationToken cancellationToken)
  Exception data:
    Severity: ERROR
    SqlState: 23505
    MessageText: duplicate key value violates unique constraint "IX_Bills_ServiceRecordID"
    Detail: Detail redacted as it may contain sensitive data. Specify 'Include Error Detail' in the connection string to include this information.
    SchemaName: public
    TableName: Bills
    ConstraintName: IX_Bills_ServiceRecordID
    File: nbtinsert.c
    Line: 670
    Routine: _bt_check_unique
   --- End of inner exception stack trace ---
   at Microsoft.EntityFrameworkCore.Update.ReaderModificationCommandBatch.ExecuteAsync(IRelationalConnection connection, CancellationToken cancellationToken)
   at Microsoft.EntityFrameworkCore.Update.Internal.BatchExecutor.ExecuteAsync(IEnumerable`1 commandBatches, IRelationalConnection connection, CancellationToken cancellationToken)
   at Microsoft.EntityFrameworkCore.Update.Internal.BatchExecutor.ExecuteAsync(IEnumerable`1 commandBatches, IRelationalConnection connection, CancellationToken cancellationToken)
   at Microsoft.EntityFrameworkCore.Update.Internal.BatchExecutor.ExecuteAsync(IEnumerable`1 commandBatches, IRelationalConnection connection, CancellationToken cancellationToken)
   at Microsoft.EntityFrameworkCore.Storage.RelationalDatabase.SaveChangesAsync(IList`1 entries, CancellationToken cancellationToken)
   at Microsoft.EntityFrameworkCore.ChangeTracking.Internal.StateManager.SaveChangesAsync(IList`1 entriesToSave, CancellationToken cancellationToken)
   at Microsoft.EntityFrameworkCore.ChangeTracking.Internal.StateManager.SaveChangesAsync(StateManager stateManager, Boolean acceptAllChangesOnSuccess, CancellationToken cancellationToken)
   at Npgsql.EntityFrameworkCore.PostgreSQL.Storage.Internal.NpgsqlExecutionStrategy.ExecuteAsync[TState,TResult](TState state, Func`4 operation, Func`4 verifySucceeded, CancellationToken cancellationToken)
   at Microsoft.EntityFrameworkCore.DbContext.SaveChangesAsync(Boolean acceptAllChangesOnSuccess, CancellationToken cancellationToken)
   at Microsoft.EntityFrameworkCore.DbContext.SaveChangesAsync(Boolean acceptAllChangesOnSuccess, CancellationToken cancellationToken)
   at VSM.Repositories.Repository`2.Add(T item) in /Users/presidio/Desktop/Genspark/MiniProject/VehicleServiceManagement/Repositories/Repository.cs:line 20
   at VSM.Services.BillService.Add(BillAddDto dto) in /Users/presidio/Desktop/Genspark/MiniProject/VehicleServiceManagement/Services/BillService.cs:line 58
   at VSM.Controllers.BillController.Add(BillAddDto dto) in /Users/presidio/Desktop/Genspark/MiniProject/VehicleServiceManagement/Controllers/BillController.cs:line 30

2025-06-28 22:35:05Z [ERROR] Error Adding ServiceRecord
System.Exception: Service already created for this booking
   at VSM.Services.ServiceRecordService.Add(ServiceRecordAddDto dto) in /Users/presidio/Desktop/Genspark/MiniProject/VehicleServiceManagement/Services/ServiceRecordService.cs:line 48
   at VSM.Controllers.ServiceRecordController.Add(ServiceRecordAddDto dto) in /Users/presidio/Desktop/Genspark/MiniProject/VehicleServiceManagement/Controllers/ServiceRecordController.cs:line 28

2025-06-29 00:01:32Z [ERROR] Error Adding bill
Microsoft.EntityFrameworkCore.DbUpdateException: An error occurred while saving the entity changes. See the inner exception for details.
 ---> Npgsql.PostgresException (0x80004005): 23505: duplicate key value violates unique constraint "IX_Bills_ServiceRecordID"

DETAIL: Detail redacted as it may contain sensitive data. Specify 'Include Error Detail' in the connection string to include this information.
   at Npgsql.Internal.NpgsqlConnector.ReadMessageLong(Boolean async, DataRowLoadingMode dataRowLoadingMode, Boolean readingNotifications, Boolean isReadingPrependedMessage)
   at System.Runtime.CompilerServices.PoolingAsyncValueTaskMethodBuilder`1.StateMachineBox`1.System.Threading.Tasks.Sources.IValueTaskSource<TResult>.GetResult(Int16 token)
   at Npgsql.NpgsqlDataReader.NextResult(Boolean async, Boolean isConsuming, CancellationToken cancellationToken)
   at Npgsql.NpgsqlDataReader.NextResult(Boolean async, Boolean isConsuming, CancellationToken cancellationToken)
   at Npgsql.NpgsqlCommand.ExecuteReader(Boolean async, CommandBehavior behavior, CancellationToken cancellationToken)
   at Npgsql.NpgsqlCommand.ExecuteReader(Boolean async, CommandBehavior behavior, CancellationToken cancellationToken)
   at Npgsql.NpgsqlCommand.ExecuteDbDataReaderAsync(CommandBehavior behavior, CancellationToken cancellationToken)
   at Microsoft.EntityFrameworkCore.Storage.RelationalCommand.ExecuteReaderAsync(RelationalCommandParameterObject parameterObject, CancellationToken cancellationToken)
   at Microsoft.EntityFrameworkCore.Storage.RelationalCommand.ExecuteReaderAsync(RelationalCommandParameterObject parameterObject, CancellationToken cancellationToken)
   at Microsoft.EntityFrameworkCore.Update.ReaderModificationCommandBatch.ExecuteAsync(IRelationalConnection connection, CancellationToken cancellationToken)
  Exception data:
    Severity: ERROR
    SqlState: 23505
    MessageText: duplicate key value violates unique constraint "IX_Bills_ServiceRecordID"
    Detail: Detail redacted as it may contain sensitive data. Specify 'Include Error Detail' in the connection string to include this information.
    SchemaName: public
    TableName: Bills
    ConstraintName: IX_Bills_ServiceRecordID
    File: nbtinsert.c
    Line: 670
    Routine: _bt_check_unique
   --- End of inner exception stack trace ---
   at Microsoft.EntityFrameworkCore.Update.ReaderModificationCommandBatch.ExecuteAsync(IRelationalConnection connection, CancellationToken cancellationToken)
   at Microsoft.EntityFrameworkCore.Update.Internal.BatchExecutor.ExecuteAsync(IEnumerable`1 commandBatches, IRelationalConnection connection, CancellationToken cancellationToken)
   at Microsoft.EntityFrameworkCore.Update.Internal.BatchExecutor.ExecuteAsync(IEnumerable`1 commandBatches, IRelationalConnection connection, CancellationToken cancellationToken)
   at Microsoft.EntityFrameworkCore.Update.Internal.BatchExecutor.ExecuteAsync(IEnumerable`1 commandBatches, IRelationalConnection connection, CancellationToken cancellationToken)
   at Microsoft.EntityFrameworkCore.Storage.RelationalDatabase.SaveChangesAsync(IList`1 entries, CancellationToken cancellationToken)
   at Microsoft.EntityFrameworkCore.ChangeTracking.Internal.StateManager.SaveChangesAsync(IList`1 entriesToSave, CancellationToken cancellationToken)
   at Microsoft.EntityFrameworkCore.ChangeTracking.Internal.StateManager.SaveChangesAsync(StateManager stateManager, Boolean acceptAllChangesOnSuccess, CancellationToken cancellationToken)
   at Npgsql.EntityFrameworkCore.PostgreSQL.Storage.Internal.NpgsqlExecutionStrategy.ExecuteAsync[TState,TResult](TState state, Func`4 operation, Func`4 verifySucceeded, CancellationToken cancellationToken)
   at Microsoft.EntityFrameworkCore.DbContext.SaveChangesAsync(Boolean acceptAllChangesOnSuccess, CancellationToken cancellationToken)
   at Microsoft.EntityFrameworkCore.DbContext.SaveChangesAsync(Boolean acceptAllChangesOnSuccess, CancellationToken cancellationToken)
   at VSM.Repositories.Repository`2.Add(T item) in /Users/presidio/Desktop/Genspark/MiniProject/VehicleServiceManagement/Repositories/Repository.cs:line 20
   at VSM.Services.BillService.Add(BillAddDto dto) in /Users/presidio/Desktop/Genspark/MiniProject/VehicleServiceManagement/Services/BillService.cs:line 58
   at VSM.Controllers.BillController.Add(BillAddDto dto) in /Users/presidio/Desktop/Genspark/MiniProject/VehicleServiceManagement/Controllers/BillController.cs:line 30

2025-06-29 00:01:34Z [ERROR] Error Adding bill
Microsoft.EntityFrameworkCore.DbUpdateException: An error occurred while saving the entity changes. See the inner exception for details.
 ---> Npgsql.PostgresException (0x80004005): 23505: duplicate key value violates unique constraint "IX_Bills_ServiceRecordID"

DETAIL: Detail redacted as it may contain sensitive data. Specify 'Include Error Detail' in the connection string to include this information.
   at Npgsql.Internal.NpgsqlConnector.ReadMessageLong(Boolean async, DataRowLoadingMode dataRowLoadingMode, Boolean readingNotifications, Boolean isReadingPrependedMessage)
   at System.Runtime.CompilerServices.PoolingAsyncValueTaskMethodBuilder`1.StateMachineBox`1.System.Threading.Tasks.Sources.IValueTaskSource<TResult>.GetResult(Int16 token)
   at Npgsql.NpgsqlDataReader.NextResult(Boolean async, Boolean isConsuming, CancellationToken cancellationToken)
   at Npgsql.NpgsqlDataReader.NextResult(Boolean async, Boolean isConsuming, CancellationToken cancellationToken)
   at Npgsql.NpgsqlCommand.ExecuteReader(Boolean async, CommandBehavior behavior, CancellationToken cancellationToken)
   at Npgsql.NpgsqlCommand.ExecuteReader(Boolean async, CommandBehavior behavior, CancellationToken cancellationToken)
   at Npgsql.NpgsqlCommand.ExecuteDbDataReaderAsync(CommandBehavior behavior, CancellationToken cancellationToken)
   at Microsoft.EntityFrameworkCore.Storage.RelationalCommand.ExecuteReaderAsync(RelationalCommandParameterObject parameterObject, CancellationToken cancellationToken)
   at Microsoft.EntityFrameworkCore.Storage.RelationalCommand.ExecuteReaderAsync(RelationalCommandParameterObject parameterObject, CancellationToken cancellationToken)
   at Microsoft.EntityFrameworkCore.Update.ReaderModificationCommandBatch.ExecuteAsync(IRelationalConnection connection, CancellationToken cancellationToken)
  Exception data:
    Severity: ERROR
    SqlState: 23505
    MessageText: duplicate key value violates unique constraint "IX_Bills_ServiceRecordID"
    Detail: Detail redacted as it may contain sensitive data. Specify 'Include Error Detail' in the connection string to include this information.
    SchemaName: public
    TableName: Bills
    ConstraintName: IX_Bills_ServiceRecordID
    File: nbtinsert.c
    Line: 670
    Routine: _bt_check_unique
   --- End of inner exception stack trace ---
   at Microsoft.EntityFrameworkCore.Update.ReaderModificationCommandBatch.ExecuteAsync(IRelationalConnection connection, CancellationToken cancellationToken)
   at Microsoft.EntityFrameworkCore.Update.Internal.BatchExecutor.ExecuteAsync(IEnumerable`1 commandBatches, IRelationalConnection connection, CancellationToken cancellationToken)
   at Microsoft.EntityFrameworkCore.Update.Internal.BatchExecutor.ExecuteAsync(IEnumerable`1 commandBatches, IRelationalConnection connection, CancellationToken cancellationToken)
   at Microsoft.EntityFrameworkCore.Update.Internal.BatchExecutor.ExecuteAsync(IEnumerable`1 commandBatches, IRelationalConnection connection, CancellationToken cancellationToken)
   at Microsoft.EntityFrameworkCore.Storage.RelationalDatabase.SaveChangesAsync(IList`1 entries, CancellationToken cancellationToken)
   at Microsoft.EntityFrameworkCore.ChangeTracking.Internal.StateManager.SaveChangesAsync(IList`1 entriesToSave, CancellationToken cancellationToken)
   at Microsoft.EntityFrameworkCore.ChangeTracking.Internal.StateManager.SaveChangesAsync(StateManager stateManager, Boolean acceptAllChangesOnSuccess, CancellationToken cancellationToken)
   at Npgsql.EntityFrameworkCore.PostgreSQL.Storage.Internal.NpgsqlExecutionStrategy.ExecuteAsync[TState,TResult](TState state, Func`4 operation, Func`4 verifySucceeded, CancellationToken cancellationToken)
   at Microsoft.EntityFrameworkCore.DbContext.SaveChangesAsync(Boolean acceptAllChangesOnSuccess, CancellationToken cancellationToken)
   at Microsoft.EntityFrameworkCore.DbContext.SaveChangesAsync(Boolean acceptAllChangesOnSuccess, CancellationToken cancellationToken)
   at VSM.Repositories.Repository`2.Add(T item) in /Users/presidio/Desktop/Genspark/MiniProject/VehicleServiceManagement/Repositories/Repository.cs:line 20
   at VSM.Services.BillService.Add(BillAddDto dto) in /Users/presidio/Desktop/Genspark/MiniProject/VehicleServiceManagement/Services/BillService.cs:line 58
   at VSM.Controllers.BillController.Add(BillAddDto dto) in /Users/presidio/Desktop/Genspark/MiniProject/VehicleServiceManagement/Controllers/BillController.cs:line 30

2025-06-29 00:02:31Z [ERROR] Error Adding bill
Microsoft.EntityFrameworkCore.DbUpdateException: An error occurred while saving the entity changes. See the inner exception for details.
 ---> Npgsql.PostgresException (0x80004005): 23505: duplicate key value violates unique constraint "IX_Bills_ServiceRecordID"

DETAIL: Detail redacted as it may contain sensitive data. Specify 'Include Error Detail' in the connection string to include this information.
   at Npgsql.Internal.NpgsqlConnector.ReadMessageLong(Boolean async, DataRowLoadingMode dataRowLoadingMode, Boolean readingNotifications, Boolean isReadingPrependedMessage)
   at System.Runtime.CompilerServices.PoolingAsyncValueTaskMethodBuilder`1.StateMachineBox`1.System.Threading.Tasks.Sources.IValueTaskSource<TResult>.GetResult(Int16 token)
   at Npgsql.NpgsqlDataReader.NextResult(Boolean async, Boolean isConsuming, CancellationToken cancellationToken)
   at Npgsql.NpgsqlDataReader.NextResult(Boolean async, Boolean isConsuming, CancellationToken cancellationToken)
   at Npgsql.NpgsqlCommand.ExecuteReader(Boolean async, CommandBehavior behavior, CancellationToken cancellationToken)
   at Npgsql.NpgsqlCommand.ExecuteReader(Boolean async, CommandBehavior behavior, CancellationToken cancellationToken)
   at Npgsql.NpgsqlCommand.ExecuteDbDataReaderAsync(CommandBehavior behavior, CancellationToken cancellationToken)
   at Microsoft.EntityFrameworkCore.Storage.RelationalCommand.ExecuteReaderAsync(RelationalCommandParameterObject parameterObject, CancellationToken cancellationToken)
   at Microsoft.EntityFrameworkCore.Storage.RelationalCommand.ExecuteReaderAsync(RelationalCommandParameterObject parameterObject, CancellationToken cancellationToken)
   at Microsoft.EntityFrameworkCore.Update.ReaderModificationCommandBatch.ExecuteAsync(IRelationalConnection connection, CancellationToken cancellationToken)
  Exception data:
    Severity: ERROR
    SqlState: 23505
    MessageText: duplicate key value violates unique constraint "IX_Bills_ServiceRecordID"
    Detail: Detail redacted as it may contain sensitive data. Specify 'Include Error Detail' in the connection string to include this information.
    SchemaName: public
    TableName: Bills
    ConstraintName: IX_Bills_ServiceRecordID
    File: nbtinsert.c
    Line: 670
    Routine: _bt_check_unique
   --- End of inner exception stack trace ---
   at Microsoft.EntityFrameworkCore.Update.ReaderModificationCommandBatch.ExecuteAsync(IRelationalConnection connection, CancellationToken cancellationToken)
   at Microsoft.EntityFrameworkCore.Update.Internal.BatchExecutor.ExecuteAsync(IEnumerable`1 commandBatches, IRelationalConnection connection, CancellationToken cancellationToken)
   at Microsoft.EntityFrameworkCore.Update.Internal.BatchExecutor.ExecuteAsync(IEnumerable`1 commandBatches, IRelationalConnection connection, CancellationToken cancellationToken)
   at Microsoft.EntityFrameworkCore.Update.Internal.BatchExecutor.ExecuteAsync(IEnumerable`1 commandBatches, IRelationalConnection connection, CancellationToken cancellationToken)
   at Microsoft.EntityFrameworkCore.Storage.RelationalDatabase.SaveChangesAsync(IList`1 entries, CancellationToken cancellationToken)
   at Microsoft.EntityFrameworkCore.ChangeTracking.Internal.StateManager.SaveChangesAsync(IList`1 entriesToSave, CancellationToken cancellationToken)
   at Microsoft.EntityFrameworkCore.ChangeTracking.Internal.StateManager.SaveChangesAsync(StateManager stateManager, Boolean acceptAllChangesOnSuccess, CancellationToken cancellationToken)
   at Npgsql.EntityFrameworkCore.PostgreSQL.Storage.Internal.NpgsqlExecutionStrategy.ExecuteAsync[TState,TResult](TState state, Func`4 operation, Func`4 verifySucceeded, CancellationToken cancellationToken)
   at Microsoft.EntityFrameworkCore.DbContext.SaveChangesAsync(Boolean acceptAllChangesOnSuccess, CancellationToken cancellationToken)
   at Microsoft.EntityFrameworkCore.DbContext.SaveChangesAsync(Boolean acceptAllChangesOnSuccess, CancellationToken cancellationToken)
   at VSM.Repositories.Repository`2.Add(T item) in /Users/presidio/Desktop/Genspark/MiniProject/VehicleServiceManagement/Repositories/Repository.cs:line 20
   at VSM.Services.BillService.Add(BillAddDto dto) in /Users/presidio/Desktop/Genspark/MiniProject/VehicleServiceManagement/Services/BillService.cs:line 58
   at VSM.Controllers.BillController.Add(BillAddDto dto) in /Users/presidio/Desktop/Genspark/MiniProject/VehicleServiceManagement/Controllers/BillController.cs:line 30

2025-06-29 00:04:53Z [ERROR] Error Downlodaing bill
2025-06-29 18:37:19Z [ERROR] Error Getting All Bookings
System.InvalidOperationException: The property 'Bill.Customer' could not be mapped because it is of type 'object', which is not a supported primitive type or a valid entity type. Either explicitly map this property, or ignore it using the '[NotMapped]' attribute or by using 'EntityTypeBuilder.Ignore' in 'OnModelCreating'.
   at Microsoft.EntityFrameworkCore.Infrastructure.ModelValidator.<ValidatePropertyMapping>g__Validate|7_0(IConventionTypeBase typeBase, <>c__DisplayClass7_0&)
   at Microsoft.EntityFrameworkCore.Infrastructure.ModelValidator.ValidatePropertyMapping(IModel model, IDiagnosticsLogger`1 logger)
   at Microsoft.EntityFrameworkCore.Infrastructure.ModelValidator.Validate(IModel model, IDiagnosticsLogger`1 logger)
   at Microsoft.EntityFrameworkCore.Infrastructure.RelationalModelValidator.Validate(IModel model, IDiagnosticsLogger`1 logger)
   at Npgsql.EntityFrameworkCore.PostgreSQL.Infrastructure.Internal.NpgsqlModelValidator.Validate(IModel model, IDiagnosticsLogger`1 logger)
   at Microsoft.EntityFrameworkCore.Infrastructure.ModelRuntimeInitializer.Initialize(IModel model, Boolean designTime, IDiagnosticsLogger`1 validationLogger)
   at Microsoft.EntityFrameworkCore.Infrastructure.ModelSource.CreateModel(DbContext context, ModelCreationDependencies modelCreationDependencies, Boolean designTime)
   at Microsoft.EntityFrameworkCore.Infrastructure.ModelSource.GetModel(DbContext context, ModelCreationDependencies modelCreationDependencies, Boolean designTime)
   at Microsoft.EntityFrameworkCore.Internal.DbContextServices.CreateModel(Boolean designTime)
   at Microsoft.EntityFrameworkCore.Internal.DbContextServices.get_Model()
   at Microsoft.EntityFrameworkCore.Infrastructure.EntityFrameworkServicesBuilder.<>c.<TryAddCoreServices>b__8_4(IServiceProvider p)
   at Microsoft.Extensions.DependencyInjection.ServiceLookup.CallSiteRuntimeResolver.VisitFactory(FactoryCallSite factoryCallSite, RuntimeResolverContext context)
   at Microsoft.Extensions.DependencyInjection.ServiceLookup.CallSiteRuntimeResolver.VisitCache(ServiceCallSite callSite, RuntimeResolverContext context, ServiceProviderEngineScope serviceProviderEngine, RuntimeResolverLock lockType)
   at Microsoft.Extensions.DependencyInjection.ServiceLookup.CallSiteRuntimeResolver.VisitScopeCache(ServiceCallSite callSite, RuntimeResolverContext context)
   at Microsoft.Extensions.DependencyInjection.ServiceLookup.CallSiteVisitor`2.VisitCallSite(ServiceCallSite callSite, TArgument argument)
   at Microsoft.Extensions.DependencyInjection.ServiceLookup.CallSiteRuntimeResolver.VisitConstructor(ConstructorCallSite constructorCallSite, RuntimeResolverContext context)
   at Microsoft.Extensions.DependencyInjection.ServiceLookup.CallSiteRuntimeResolver.VisitCache(ServiceCallSite callSite, RuntimeResolverContext context, ServiceProviderEngineScope serviceProviderEngine, RuntimeResolverLock lockType)
   at Microsoft.Extensions.DependencyInjection.ServiceLookup.CallSiteRuntimeResolver.VisitScopeCache(ServiceCallSite callSite, RuntimeResolverContext context)
   at Microsoft.Extensions.DependencyInjection.ServiceLookup.CallSiteVisitor`2.VisitCallSite(ServiceCallSite callSite, TArgument argument)
   at Microsoft.Extensions.DependencyInjection.ServiceLookup.CallSiteRuntimeResolver.VisitConstructor(ConstructorCallSite constructorCallSite, RuntimeResolverContext context)
   at Microsoft.Extensions.DependencyInjection.ServiceLookup.CallSiteRuntimeResolver.VisitCache(ServiceCallSite callSite, RuntimeResolverContext context, ServiceProviderEngineScope serviceProviderEngine, RuntimeResolverLock lockType)
   at Microsoft.Extensions.DependencyInjection.ServiceLookup.CallSiteRuntimeResolver.VisitScopeCache(ServiceCallSite callSite, RuntimeResolverContext context)
   at Microsoft.Extensions.DependencyInjection.ServiceLookup.CallSiteVisitor`2.VisitCallSite(ServiceCallSite callSite, TArgument argument)
   at Microsoft.Extensions.DependencyInjection.ServiceLookup.CallSiteRuntimeResolver.VisitConstructor(ConstructorCallSite constructorCallSite, RuntimeResolverContext context)
   at Microsoft.Extensions.DependencyInjection.ServiceLookup.CallSiteRuntimeResolver.VisitCache(ServiceCallSite callSite, RuntimeResolverContext context, ServiceProviderEngineScope serviceProviderEngine, RuntimeResolverLock lockType)
   at Microsoft.Extensions.DependencyInjection.ServiceLookup.CallSiteRuntimeResolver.VisitScopeCache(ServiceCallSite callSite, RuntimeResolverContext context)
   at Microsoft.Extensions.DependencyInjection.ServiceLookup.CallSiteVisitor`2.VisitCallSite(ServiceCallSite callSite, TArgument argument)
   at Microsoft.Extensions.DependencyInjection.ServiceLookup.CallSiteRuntimeResolver.VisitConstructor(ConstructorCallSite constructorCallSite, RuntimeResolverContext context)
   at Microsoft.Extensions.DependencyInjection.ServiceLookup.CallSiteRuntimeResolver.VisitCache(ServiceCallSite callSite, RuntimeResolverContext context, ServiceProviderEngineScope serviceProviderEngine, RuntimeResolverLock lockType)
   at Microsoft.Extensions.DependencyInjection.ServiceLookup.CallSiteRuntimeResolver.VisitScopeCache(ServiceCallSite callSite, RuntimeResolverContext context)
   at Microsoft.Extensions.DependencyInjection.ServiceLookup.CallSiteVisitor`2.VisitCallSite(ServiceCallSite callSite, TArgument argument)
   at Microsoft.Extensions.DependencyInjection.ServiceLookup.CallSiteRuntimeResolver.VisitConstructor(ConstructorCallSite constructorCallSite, RuntimeResolverContext context)
   at Microsoft.Extensions.DependencyInjection.ServiceLookup.CallSiteRuntimeResolver.VisitCache(ServiceCallSite callSite, RuntimeResolverContext context, ServiceProviderEngineScope serviceProviderEngine, RuntimeResolverLock lockType)
   at Microsoft.Extensions.DependencyInjection.ServiceLookup.CallSiteRuntimeResolver.VisitScopeCache(ServiceCallSite callSite, RuntimeResolverContext context)
   at Microsoft.Extensions.DependencyInjection.ServiceLookup.CallSiteVisitor`2.VisitCallSite(ServiceCallSite callSite, TArgument argument)
   at Microsoft.Extensions.DependencyInjection.ServiceLookup.CallSiteRuntimeResolver.Resolve(ServiceCallSite callSite, ServiceProviderEngineScope scope)
   at Microsoft.Extensions.DependencyInjection.ServiceLookup.DynamicServiceProviderEngine.<>c__DisplayClass2_0.<RealizeService>b__0(ServiceProviderEngineScope scope)
   at Microsoft.Extensions.DependencyInjection.ServiceProvider.GetService(ServiceIdentifier serviceIdentifier, ServiceProviderEngineScope serviceProviderEngineScope)
   at Microsoft.Extensions.DependencyInjection.ServiceLookup.ServiceProviderEngineScope.GetService(Type serviceType)
   at Microsoft.Extensions.DependencyInjection.ServiceProviderServiceExtensions.GetRequiredService(IServiceProvider provider, Type serviceType)
   at Microsoft.Extensions.DependencyInjection.ServiceProviderServiceExtensions.GetRequiredService[T](IServiceProvider provider)
   at Microsoft.EntityFrameworkCore.DbContext.get_DbContextDependencies()
   at Microsoft.EntityFrameworkCore.DbContext.get_ContextServices()
   at Microsoft.EntityFrameworkCore.DbContext.get_Model()
   at Microsoft.EntityFrameworkCore.Internal.InternalDbSet`1.get_EntityType()
   at Microsoft.EntityFrameworkCore.Internal.InternalDbSet`1.CheckState()
   at Microsoft.EntityFrameworkCore.Internal.InternalDbSet`1.get_EntityQueryable()
   at Microsoft.EntityFrameworkCore.Internal.InternalDbSet`1.System.Linq.IQueryable.get_Provider()
   at Microsoft.EntityFrameworkCore.EntityFrameworkQueryableExtensions.Include[TEntity,TProperty](IQueryable`1 source, Expression`1 navigationPropertyPath)
   at VSM.Repositories.BookingRepository.GetAll(Int32 pageNumber, Int32 pageSize, String search) in /Users/presidio/Desktop/Genspark/MiniProject/VehicleServiceManagement/Repositories/BookingRepository.cs:line 22
   at VSM.Services.BookingService.GetAll() in /Users/presidio/Desktop/Genspark/MiniProject/VehicleServiceManagement/Services/BookingService.cs:line 122
   at VSM.Controllers.BookingController.GetAll() in /Users/presidio/Desktop/Genspark/MiniProject/VehicleServiceManagement/Controllers/Bookingcontroller.cs:line 76

2025-06-29 18:37:19Z [ERROR] Error Getting All Bookings
System.InvalidOperationException: The property 'Bill.Customer' could not be mapped because it is of type 'object', which is not a supported primitive type or a valid entity type. Either explicitly map this property, or ignore it using the '[NotMapped]' attribute or by using 'EntityTypeBuilder.Ignore' in 'OnModelCreating'.
   at Microsoft.EntityFrameworkCore.Infrastructure.ModelValidator.<ValidatePropertyMapping>g__Validate|7_0(IConventionTypeBase typeBase, <>c__DisplayClass7_0&)
   at Microsoft.EntityFrameworkCore.Infrastructure.ModelValidator.ValidatePropertyMapping(IModel model, IDiagnosticsLogger`1 logger)
   at Microsoft.EntityFrameworkCore.Infrastructure.ModelValidator.Validate(IModel model, IDiagnosticsLogger`1 logger)
   at Microsoft.EntityFrameworkCore.Infrastructure.RelationalModelValidator.Validate(IModel model, IDiagnosticsLogger`1 logger)
   at Npgsql.EntityFrameworkCore.PostgreSQL.Infrastructure.Internal.NpgsqlModelValidator.Validate(IModel model, IDiagnosticsLogger`1 logger)
   at Microsoft.EntityFrameworkCore.Infrastructure.ModelRuntimeInitializer.Initialize(IModel model, Boolean designTime, IDiagnosticsLogger`1 validationLogger)
   at Microsoft.EntityFrameworkCore.Infrastructure.ModelSource.CreateModel(DbContext context, ModelCreationDependencies modelCreationDependencies, Boolean designTime)
   at Microsoft.EntityFrameworkCore.Infrastructure.ModelSource.GetModel(DbContext context, ModelCreationDependencies modelCreationDependencies, Boolean designTime)
   at Microsoft.EntityFrameworkCore.Internal.DbContextServices.CreateModel(Boolean designTime)
   at Microsoft.EntityFrameworkCore.Internal.DbContextServices.get_Model()
   at Microsoft.EntityFrameworkCore.Infrastructure.EntityFrameworkServicesBuilder.<>c.<TryAddCoreServices>b__8_4(IServiceProvider p)
   at Microsoft.Extensions.DependencyInjection.ServiceLookup.CallSiteRuntimeResolver.VisitFactory(FactoryCallSite factoryCallSite, RuntimeResolverContext context)
   at Microsoft.Extensions.DependencyInjection.ServiceLookup.CallSiteRuntimeResolver.VisitCache(ServiceCallSite callSite, RuntimeResolverContext context, ServiceProviderEngineScope serviceProviderEngine, RuntimeResolverLock lockType)
   at Microsoft.Extensions.DependencyInjection.ServiceLookup.CallSiteRuntimeResolver.VisitScopeCache(ServiceCallSite callSite, RuntimeResolverContext context)
   at Microsoft.Extensions.DependencyInjection.ServiceLookup.CallSiteVisitor`2.VisitCallSite(ServiceCallSite callSite, TArgument argument)
   at Microsoft.Extensions.DependencyInjection.ServiceLookup.CallSiteRuntimeResolver.VisitConstructor(ConstructorCallSite constructorCallSite, RuntimeResolverContext context)
   at Microsoft.Extensions.DependencyInjection.ServiceLookup.CallSiteRuntimeResolver.VisitCache(ServiceCallSite callSite, RuntimeResolverContext context, ServiceProviderEngineScope serviceProviderEngine, RuntimeResolverLock lockType)
   at Microsoft.Extensions.DependencyInjection.ServiceLookup.CallSiteRuntimeResolver.VisitScopeCache(ServiceCallSite callSite, RuntimeResolverContext context)
   at Microsoft.Extensions.DependencyInjection.ServiceLookup.CallSiteVisitor`2.VisitCallSite(ServiceCallSite callSite, TArgument argument)
   at Microsoft.Extensions.DependencyInjection.ServiceLookup.CallSiteRuntimeResolver.VisitConstructor(ConstructorCallSite constructorCallSite, RuntimeResolverContext context)
   at Microsoft.Extensions.DependencyInjection.ServiceLookup.CallSiteRuntimeResolver.VisitCache(ServiceCallSite callSite, RuntimeResolverContext context, ServiceProviderEngineScope serviceProviderEngine, RuntimeResolverLock lockType)
   at Microsoft.Extensions.DependencyInjection.ServiceLookup.CallSiteRuntimeResolver.VisitScopeCache(ServiceCallSite callSite, RuntimeResolverContext context)
   at Microsoft.Extensions.DependencyInjection.ServiceLookup.CallSiteVisitor`2.VisitCallSite(ServiceCallSite callSite, TArgument argument)
   at Microsoft.Extensions.DependencyInjection.ServiceLookup.CallSiteRuntimeResolver.VisitConstructor(ConstructorCallSite constructorCallSite, RuntimeResolverContext context)
   at Microsoft.Extensions.DependencyInjection.ServiceLookup.CallSiteRuntimeResolver.VisitCache(ServiceCallSite callSite, RuntimeResolverContext context, ServiceProviderEngineScope serviceProviderEngine, RuntimeResolverLock lockType)
   at Microsoft.Extensions.DependencyInjection.ServiceLookup.CallSiteRuntimeResolver.VisitScopeCache(ServiceCallSite callSite, RuntimeResolverContext context)
   at Microsoft.Extensions.DependencyInjection.ServiceLookup.CallSiteVisitor`2.VisitCallSite(ServiceCallSite callSite, TArgument argument)
   at Microsoft.Extensions.DependencyInjection.ServiceLookup.CallSiteRuntimeResolver.VisitConstructor(ConstructorCallSite constructorCallSite, RuntimeResolverContext context)
   at Microsoft.Extensions.DependencyInjection.ServiceLookup.CallSiteRuntimeResolver.VisitCache(ServiceCallSite callSite, RuntimeResolverContext context, ServiceProviderEngineScope serviceProviderEngine, RuntimeResolverLock lockType)
   at Microsoft.Extensions.DependencyInjection.ServiceLookup.CallSiteRuntimeResolver.VisitScopeCache(ServiceCallSite callSite, RuntimeResolverContext context)
   at Microsoft.Extensions.DependencyInjection.ServiceLookup.CallSiteVisitor`2.VisitCallSite(ServiceCallSite callSite, TArgument argument)
   at Microsoft.Extensions.DependencyInjection.ServiceLookup.CallSiteRuntimeResolver.VisitConstructor(ConstructorCallSite constructorCallSite, RuntimeResolverContext context)
   at Microsoft.Extensions.DependencyInjection.ServiceLookup.CallSiteRuntimeResolver.VisitCache(ServiceCallSite callSite, RuntimeResolverContext context, ServiceProviderEngineScope serviceProviderEngine, RuntimeResolverLock lockType)
   at Microsoft.Extensions.DependencyInjection.ServiceLookup.CallSiteRuntimeResolver.VisitScopeCache(ServiceCallSite callSite, RuntimeResolverContext context)
   at Microsoft.Extensions.DependencyInjection.ServiceLookup.CallSiteVisitor`2.VisitCallSite(ServiceCallSite callSite, TArgument argument)
   at Microsoft.Extensions.DependencyInjection.ServiceLookup.CallSiteRuntimeResolver.Resolve(ServiceCallSite callSite, ServiceProviderEngineScope scope)
   at Microsoft.Extensions.DependencyInjection.ServiceLookup.DynamicServiceProviderEngine.<>c__DisplayClass2_0.<RealizeService>b__0(ServiceProviderEngineScope scope)
   at Microsoft.Extensions.DependencyInjection.ServiceProvider.GetService(ServiceIdentifier serviceIdentifier, ServiceProviderEngineScope serviceProviderEngineScope)
   at Microsoft.Extensions.DependencyInjection.ServiceLookup.ServiceProviderEngineScope.GetService(Type serviceType)
   at Microsoft.Extensions.DependencyInjection.ServiceProviderServiceExtensions.GetRequiredService(IServiceProvider provider, Type serviceType)
   at Microsoft.Extensions.DependencyInjection.ServiceProviderServiceExtensions.GetRequiredService[T](IServiceProvider provider)
   at Microsoft.EntityFrameworkCore.DbContext.get_DbContextDependencies()
   at Microsoft.EntityFrameworkCore.DbContext.get_ContextServices()
   at Microsoft.EntityFrameworkCore.DbContext.get_Model()
   at Microsoft.EntityFrameworkCore.Internal.InternalDbSet`1.get_EntityType()
   at Microsoft.EntityFrameworkCore.Internal.InternalDbSet`1.CheckState()
   at Microsoft.EntityFrameworkCore.Internal.InternalDbSet`1.get_EntityQueryable()
   at Microsoft.EntityFrameworkCore.Internal.InternalDbSet`1.System.Linq.IQueryable.get_Provider()
   at Microsoft.EntityFrameworkCore.EntityFrameworkQueryableExtensions.Include[TEntity,TProperty](IQueryable`1 source, Expression`1 navigationPropertyPath)
   at VSM.Repositories.BookingRepository.GetAll(Int32 pageNumber, Int32 pageSize, String search) in /Users/presidio/Desktop/Genspark/MiniProject/VehicleServiceManagement/Repositories/BookingRepository.cs:line 22
   at VSM.Services.BookingService.GetAll() in /Users/presidio/Desktop/Genspark/MiniProject/VehicleServiceManagement/Services/BookingService.cs:line 122
   at VSM.Controllers.BookingController.GetAll() in /Users/presidio/Desktop/Genspark/MiniProject/VehicleServiceManagement/Controllers/Bookingcontroller.cs:line 76

2025-06-29 18:37:26Z [ERROR] Error Getting Customer By Email
System.InvalidOperationException: The property 'Bill.Customer' could not be mapped because it is of type 'object', which is not a supported primitive type or a valid entity type. Either explicitly map this property, or ignore it using the '[NotMapped]' attribute or by using 'EntityTypeBuilder.Ignore' in 'OnModelCreating'.
   at Microsoft.EntityFrameworkCore.Infrastructure.ModelValidator.<ValidatePropertyMapping>g__Validate|7_0(IConventionTypeBase typeBase, <>c__DisplayClass7_0&)
   at Microsoft.EntityFrameworkCore.Infrastructure.ModelValidator.ValidatePropertyMapping(IModel model, IDiagnosticsLogger`1 logger)
   at Microsoft.EntityFrameworkCore.Infrastructure.ModelValidator.Validate(IModel model, IDiagnosticsLogger`1 logger)
   at Microsoft.EntityFrameworkCore.Infrastructure.RelationalModelValidator.Validate(IModel model, IDiagnosticsLogger`1 logger)
   at Npgsql.EntityFrameworkCore.PostgreSQL.Infrastructure.Internal.NpgsqlModelValidator.Validate(IModel model, IDiagnosticsLogger`1 logger)
   at Microsoft.EntityFrameworkCore.Infrastructure.ModelRuntimeInitializer.Initialize(IModel model, Boolean designTime, IDiagnosticsLogger`1 validationLogger)
   at Microsoft.EntityFrameworkCore.Infrastructure.ModelSource.CreateModel(DbContext context, ModelCreationDependencies modelCreationDependencies, Boolean designTime)
   at Microsoft.EntityFrameworkCore.Infrastructure.ModelSource.GetModel(DbContext context, ModelCreationDependencies modelCreationDependencies, Boolean designTime)
   at Microsoft.EntityFrameworkCore.Internal.DbContextServices.CreateModel(Boolean designTime)
   at Microsoft.EntityFrameworkCore.Internal.DbContextServices.get_Model()
   at Microsoft.EntityFrameworkCore.Infrastructure.EntityFrameworkServicesBuilder.<>c.<TryAddCoreServices>b__8_4(IServiceProvider p)
   at Microsoft.Extensions.DependencyInjection.ServiceLookup.CallSiteVisitor`2.VisitCallSiteMain(ServiceCallSite callSite, TArgument argument)
   at Microsoft.Extensions.DependencyInjection.ServiceLookup.CallSiteRuntimeResolver.VisitCache(ServiceCallSite callSite, RuntimeResolverContext context, ServiceProviderEngineScope serviceProviderEngine, RuntimeResolverLock lockType)
   at Microsoft.Extensions.DependencyInjection.ServiceLookup.CallSiteVisitor`2.VisitCallSite(ServiceCallSite callSite, TArgument argument)
   at Microsoft.Extensions.DependencyInjection.ServiceLookup.CallSiteVisitor`2.VisitCallSiteMain(ServiceCallSite callSite, TArgument argument)
   at Microsoft.Extensions.DependencyInjection.ServiceLookup.CallSiteRuntimeResolver.VisitCache(ServiceCallSite callSite, RuntimeResolverContext context, ServiceProviderEngineScope serviceProviderEngine, RuntimeResolverLock lockType)
   at Microsoft.Extensions.DependencyInjection.ServiceLookup.CallSiteVisitor`2.VisitCallSite(ServiceCallSite callSite, TArgument argument)
   at Microsoft.Extensions.DependencyInjection.ServiceLookup.CallSiteVisitor`2.VisitCallSiteMain(ServiceCallSite callSite, TArgument argument)
   at Microsoft.Extensions.DependencyInjection.ServiceLookup.CallSiteRuntimeResolver.VisitCache(ServiceCallSite callSite, RuntimeResolverContext context, ServiceProviderEngineScope serviceProviderEngine, RuntimeResolverLock lockType)
   at Microsoft.Extensions.DependencyInjection.ServiceLookup.CallSiteVisitor`2.VisitCallSite(ServiceCallSite callSite, TArgument argument)
   at Microsoft.Extensions.DependencyInjection.ServiceLookup.CallSiteVisitor`2.VisitCallSiteMain(ServiceCallSite callSite, TArgument argument)
   at Microsoft.Extensions.DependencyInjection.ServiceLookup.CallSiteRuntimeResolver.VisitCache(ServiceCallSite callSite, RuntimeResolverContext context, ServiceProviderEngineScope serviceProviderEngine, RuntimeResolverLock lockType)
   at Microsoft.Extensions.DependencyInjection.ServiceLookup.CallSiteVisitor`2.VisitCallSite(ServiceCallSite callSite, TArgument argument)
   at Microsoft.Extensions.DependencyInjection.ServiceLookup.CallSiteVisitor`2.VisitCallSiteMain(ServiceCallSite callSite, TArgument argument)
   at Microsoft.Extensions.DependencyInjection.ServiceLookup.CallSiteRuntimeResolver.VisitCache(ServiceCallSite callSite, RuntimeResolverContext context, ServiceProviderEngineScope serviceProviderEngine, RuntimeResolverLock lockType)
   at Microsoft.Extensions.DependencyInjection.ServiceLookup.CallSiteVisitor`2.VisitCallSite(ServiceCallSite callSite, TArgument argument)
   at Microsoft.Extensions.DependencyInjection.ServiceLookup.CallSiteVisitor`2.VisitCallSiteMain(ServiceCallSite callSite, TArgument argument)
   at Microsoft.Extensions.DependencyInjection.ServiceLookup.CallSiteRuntimeResolver.VisitCache(ServiceCallSite callSite, RuntimeResolverContext context, ServiceProviderEngineScope serviceProviderEngine, RuntimeResolverLock lockType)
   at Microsoft.Extensions.DependencyInjection.ServiceLookup.CallSiteVisitor`2.VisitCallSite(ServiceCallSite callSite, TArgument argument)
   at Microsoft.Extensions.DependencyInjection.ServiceLookup.CallSiteRuntimeResolver.Resolve(ServiceCallSite callSite, ServiceProviderEngineScope scope)
   at Microsoft.Extensions.DependencyInjection.ServiceLookup.DynamicServiceProviderEngine.<>c__DisplayClass2_0.<RealizeService>b__0(ServiceProviderEngineScope scope)
   at Microsoft.Extensions.DependencyInjection.ServiceLookup.ServiceProviderEngineScope.GetService(Type serviceType)
   at Microsoft.Extensions.DependencyInjection.ServiceProviderServiceExtensions.GetRequiredService(IServiceProvider provider, Type serviceType)
   at Microsoft.Extensions.DependencyInjection.ServiceProviderServiceExtensions.GetRequiredService[T](IServiceProvider provider)
   at Microsoft.EntityFrameworkCore.DbContext.get_DbContextDependencies()
   at Microsoft.EntityFrameworkCore.DbContext.get_ContextServices()
   at Microsoft.EntityFrameworkCore.DbContext.get_Model()
   at Microsoft.EntityFrameworkCore.Internal.InternalDbSet`1.get_EntityType()
   at Microsoft.EntityFrameworkCore.Internal.InternalDbSet`1.CheckState()
   at Microsoft.EntityFrameworkCore.Internal.InternalDbSet`1.get_EntityQueryable()
   at Microsoft.EntityFrameworkCore.Internal.InternalDbSet`1.System.Collections.Generic.IAsyncEnumerable<TEntity>.GetAsyncEnumerator(CancellationToken cancellationToken)
   at System.Runtime.CompilerServices.ConfiguredCancelableAsyncEnumerable`1.GetAsyncEnumerator()
   at Microsoft.EntityFrameworkCore.EntityFrameworkQueryableExtensions.ToListAsync[TSource](IQueryable`1 source, CancellationToken cancellationToken)
   at VSM.Repositories.CustomerRepository.GetAll(Int32 pageNumber, Int32 pageSize, String search) in /Users/presidio/Desktop/Genspark/MiniProject/VehicleServiceManagement/Repositories/CustomerRepository.cs:line 22
   at VSM.Services.CustomerService.GetByEmail(String email) in /Users/presidio/Desktop/Genspark/MiniProject/VehicleServiceManagement/Services/CustomerService.cs:line 84
   at VSM.Controllers.CustomerController.GetByEmail(String email) in /Users/presidio/Desktop/Genspark/MiniProject/VehicleServiceManagement/Controllers/CustomerController.cs:line 63

2025-06-29 18:37:26Z [ERROR] Error Getting Available Slots
System.InvalidOperationException: The property 'Bill.Customer' could not be mapped because it is of type 'object', which is not a supported primitive type or a valid entity type. Either explicitly map this property, or ignore it using the '[NotMapped]' attribute or by using 'EntityTypeBuilder.Ignore' in 'OnModelCreating'.
   at Microsoft.EntityFrameworkCore.Infrastructure.ModelValidator.<ValidatePropertyMapping>g__Validate|7_0(IConventionTypeBase typeBase, <>c__DisplayClass7_0&)
   at Microsoft.EntityFrameworkCore.Infrastructure.ModelValidator.ValidatePropertyMapping(IModel model, IDiagnosticsLogger`1 logger)
   at Microsoft.EntityFrameworkCore.Infrastructure.ModelValidator.Validate(IModel model, IDiagnosticsLogger`1 logger)
   at Microsoft.EntityFrameworkCore.Infrastructure.RelationalModelValidator.Validate(IModel model, IDiagnosticsLogger`1 logger)
   at Npgsql.EntityFrameworkCore.PostgreSQL.Infrastructure.Internal.NpgsqlModelValidator.Validate(IModel model, IDiagnosticsLogger`1 logger)
   at Microsoft.EntityFrameworkCore.Infrastructure.ModelRuntimeInitializer.Initialize(IModel model, Boolean designTime, IDiagnosticsLogger`1 validationLogger)
   at Microsoft.EntityFrameworkCore.Infrastructure.ModelSource.CreateModel(DbContext context, ModelCreationDependencies modelCreationDependencies, Boolean designTime)
   at Microsoft.EntityFrameworkCore.Infrastructure.ModelSource.GetModel(DbContext context, ModelCreationDependencies modelCreationDependencies, Boolean designTime)
   at Microsoft.EntityFrameworkCore.Internal.DbContextServices.CreateModel(Boolean designTime)
   at Microsoft.EntityFrameworkCore.Internal.DbContextServices.get_Model()
   at Microsoft.EntityFrameworkCore.Infrastructure.EntityFrameworkServicesBuilder.<>c.<TryAddCoreServices>b__8_4(IServiceProvider p)
   at Microsoft.Extensions.DependencyInjection.ServiceLookup.CallSiteVisitor`2.VisitCallSiteMain(ServiceCallSite callSite, TArgument argument)
   at Microsoft.Extensions.DependencyInjection.ServiceLookup.CallSiteRuntimeResolver.VisitCache(ServiceCallSite callSite, RuntimeResolverContext context, ServiceProviderEngineScope serviceProviderEngine, RuntimeResolverLock lockType)
   at Microsoft.Extensions.DependencyInjection.ServiceLookup.CallSiteVisitor`2.VisitCallSite(ServiceCallSite callSite, TArgument argument)
   at Microsoft.Extensions.DependencyInjection.ServiceLookup.CallSiteVisitor`2.VisitCallSiteMain(ServiceCallSite callSite, TArgument argument)
   at Microsoft.Extensions.DependencyInjection.ServiceLookup.CallSiteRuntimeResolver.VisitCache(ServiceCallSite callSite, RuntimeResolverContext context, ServiceProviderEngineScope serviceProviderEngine, RuntimeResolverLock lockType)
   at Microsoft.Extensions.DependencyInjection.ServiceLookup.CallSiteVisitor`2.VisitCallSite(ServiceCallSite callSite, TArgument argument)
   at Microsoft.Extensions.DependencyInjection.ServiceLookup.CallSiteVisitor`2.VisitCallSiteMain(ServiceCallSite callSite, TArgument argument)
   at Microsoft.Extensions.DependencyInjection.ServiceLookup.CallSiteRuntimeResolver.VisitCache(ServiceCallSite callSite, RuntimeResolverContext context, ServiceProviderEngineScope serviceProviderEngine, RuntimeResolverLock lockType)
   at Microsoft.Extensions.DependencyInjection.ServiceLookup.CallSiteVisitor`2.VisitCallSite(ServiceCallSite callSite, TArgument argument)
   at Microsoft.Extensions.DependencyInjection.ServiceLookup.CallSiteVisitor`2.VisitCallSiteMain(ServiceCallSite callSite, TArgument argument)
   at Microsoft.Extensions.DependencyInjection.ServiceLookup.CallSiteRuntimeResolver.VisitCache(ServiceCallSite callSite, RuntimeResolverContext context, ServiceProviderEngineScope serviceProviderEngine, RuntimeResolverLock lockType)
   at Microsoft.Extensions.DependencyInjection.ServiceLookup.CallSiteVisitor`2.VisitCallSite(ServiceCallSite callSite, TArgument argument)
   at Microsoft.Extensions.DependencyInjection.ServiceLookup.CallSiteVisitor`2.VisitCallSiteMain(ServiceCallSite callSite, TArgument argument)
   at Microsoft.Extensions.DependencyInjection.ServiceLookup.CallSiteRuntimeResolver.VisitCache(ServiceCallSite callSite, RuntimeResolverContext context, ServiceProviderEngineScope serviceProviderEngine, RuntimeResolverLock lockType)
   at Microsoft.Extensions.DependencyInjection.ServiceLookup.CallSiteVisitor`2.VisitCallSite(ServiceCallSite callSite, TArgument argument)
   at Microsoft.Extensions.DependencyInjection.ServiceLookup.CallSiteVisitor`2.VisitCallSiteMain(ServiceCallSite callSite, TArgument argument)
   at Microsoft.Extensions.DependencyInjection.ServiceLookup.CallSiteRuntimeResolver.VisitCache(ServiceCallSite callSite, RuntimeResolverContext context, ServiceProviderEngineScope serviceProviderEngine, RuntimeResolverLock lockType)
   at Microsoft.Extensions.DependencyInjection.ServiceLookup.CallSiteVisitor`2.VisitCallSite(ServiceCallSite callSite, TArgument argument)
   at Microsoft.Extensions.DependencyInjection.ServiceLookup.CallSiteRuntimeResolver.Resolve(ServiceCallSite callSite, ServiceProviderEngineScope scope)
   at Microsoft.Extensions.DependencyInjection.ServiceLookup.DynamicServiceProviderEngine.<>c__DisplayClass2_0.<RealizeService>b__0(ServiceProviderEngineScope scope)
   at Microsoft.Extensions.DependencyInjection.ServiceLookup.ServiceProviderEngineScope.GetService(Type serviceType)
   at Microsoft.Extensions.DependencyInjection.ServiceProviderServiceExtensions.GetRequiredService(IServiceProvider provider, Type serviceType)
   at Microsoft.Extensions.DependencyInjection.ServiceProviderServiceExtensions.GetRequiredService[T](IServiceProvider provider)
   at Microsoft.EntityFrameworkCore.DbContext.get_DbContextDependencies()
   at Microsoft.EntityFrameworkCore.DbContext.get_ContextServices()
   at Microsoft.EntityFrameworkCore.DbContext.get_Model()
   at Microsoft.EntityFrameworkCore.Internal.InternalDbSet`1.get_EntityType()
   at Microsoft.EntityFrameworkCore.Internal.InternalDbSet`1.CheckState()
   at Microsoft.EntityFrameworkCore.Internal.InternalDbSet`1.get_EntityQueryable()
   at Microsoft.EntityFrameworkCore.Internal.InternalDbSet`1.System.Linq.IQueryable.get_Provider()
   at Microsoft.EntityFrameworkCore.EntityFrameworkQueryableExtensions.Include[TEntity,TProperty](IQueryable`1 source, Expression`1 navigationPropertyPath)
   at VSM.Repositories.BookingRepository.GetAll(Int32 pageNumber, Int32 pageSize, String search) in /Users/presidio/Desktop/Genspark/MiniProject/VehicleServiceManagement/Repositories/BookingRepository.cs:line 22
   at VSM.Services.BookingService.DisplaySlots() in /Users/presidio/Desktop/Genspark/MiniProject/VehicleServiceManagement/Services/BookingService.cs:line 87
   at VSM.Controllers.BookingController.GetAvailableSlots() in /Users/presidio/Desktop/Genspark/MiniProject/VehicleServiceManagement/Controllers/Bookingcontroller.cs:line 46

2025-06-29 18:37:30Z [ERROR] Error Downlodaing bill
2025-06-29 18:37:53Z [ERROR] Error Getting All Bookings
System.InvalidOperationException: The property 'Bill.Customer' could not be mapped because it is of type 'object', which is not a supported primitive type or a valid entity type. Either explicitly map this property, or ignore it using the '[NotMapped]' attribute or by using 'EntityTypeBuilder.Ignore' in 'OnModelCreating'.
   at Microsoft.EntityFrameworkCore.Infrastructure.ModelValidator.<ValidatePropertyMapping>g__Validate|7_0(IConventionTypeBase typeBase, <>c__DisplayClass7_0&)
   at Microsoft.EntityFrameworkCore.Infrastructure.ModelValidator.ValidatePropertyMapping(IModel model, IDiagnosticsLogger`1 logger)
   at Microsoft.EntityFrameworkCore.Infrastructure.ModelValidator.Validate(IModel model, IDiagnosticsLogger`1 logger)
   at Microsoft.EntityFrameworkCore.Infrastructure.RelationalModelValidator.Validate(IModel model, IDiagnosticsLogger`1 logger)
   at Npgsql.EntityFrameworkCore.PostgreSQL.Infrastructure.Internal.NpgsqlModelValidator.Validate(IModel model, IDiagnosticsLogger`1 logger)
   at Microsoft.EntityFrameworkCore.Infrastructure.ModelRuntimeInitializer.Initialize(IModel model, Boolean designTime, IDiagnosticsLogger`1 validationLogger)
   at Microsoft.EntityFrameworkCore.Infrastructure.ModelSource.CreateModel(DbContext context, ModelCreationDependencies modelCreationDependencies, Boolean designTime)
   at Microsoft.EntityFrameworkCore.Infrastructure.ModelSource.GetModel(DbContext context, ModelCreationDependencies modelCreationDependencies, Boolean designTime)
   at Microsoft.EntityFrameworkCore.Internal.DbContextServices.CreateModel(Boolean designTime)
   at Microsoft.EntityFrameworkCore.Internal.DbContextServices.get_Model()
   at Microsoft.EntityFrameworkCore.Infrastructure.EntityFrameworkServicesBuilder.<>c.<TryAddCoreServices>b__8_4(IServiceProvider p)
   at Microsoft.Extensions.DependencyInjection.ServiceLookup.CallSiteVisitor`2.VisitCallSiteMain(ServiceCallSite callSite, TArgument argument)
   at Microsoft.Extensions.DependencyInjection.ServiceLookup.CallSiteRuntimeResolver.VisitCache(ServiceCallSite callSite, RuntimeResolverContext context, ServiceProviderEngineScope serviceProviderEngine, RuntimeResolverLock lockType)
   at Microsoft.Extensions.DependencyInjection.ServiceLookup.CallSiteVisitor`2.VisitCallSite(ServiceCallSite callSite, TArgument argument)
   at Microsoft.Extensions.DependencyInjection.ServiceLookup.CallSiteVisitor`2.VisitCallSiteMain(ServiceCallSite callSite, TArgument argument)
   at Microsoft.Extensions.DependencyInjection.ServiceLookup.CallSiteRuntimeResolver.VisitCache(ServiceCallSite callSite, RuntimeResolverContext context, ServiceProviderEngineScope serviceProviderEngine, RuntimeResolverLock lockType)
   at Microsoft.Extensions.DependencyInjection.ServiceLookup.CallSiteVisitor`2.VisitCallSite(ServiceCallSite callSite, TArgument argument)
   at Microsoft.Extensions.DependencyInjection.ServiceLookup.CallSiteVisitor`2.VisitCallSiteMain(ServiceCallSite callSite, TArgument argument)
   at Microsoft.Extensions.DependencyInjection.ServiceLookup.CallSiteRuntimeResolver.VisitCache(ServiceCallSite callSite, RuntimeResolverContext context, ServiceProviderEngineScope serviceProviderEngine, RuntimeResolverLock lockType)
   at Microsoft.Extensions.DependencyInjection.ServiceLookup.CallSiteVisitor`2.VisitCallSite(ServiceCallSite callSite, TArgument argument)
   at Microsoft.Extensions.DependencyInjection.ServiceLookup.CallSiteVisitor`2.VisitCallSiteMain(ServiceCallSite callSite, TArgument argument)
   at Microsoft.Extensions.DependencyInjection.ServiceLookup.CallSiteRuntimeResolver.VisitCache(ServiceCallSite callSite, RuntimeResolverContext context, ServiceProviderEngineScope serviceProviderEngine, RuntimeResolverLock lockType)
   at Microsoft.Extensions.DependencyInjection.ServiceLookup.CallSiteVisitor`2.VisitCallSite(ServiceCallSite callSite, TArgument argument)
   at Microsoft.Extensions.DependencyInjection.ServiceLookup.CallSiteVisitor`2.VisitCallSiteMain(ServiceCallSite callSite, TArgument argument)
   at Microsoft.Extensions.DependencyInjection.ServiceLookup.CallSiteRuntimeResolver.VisitCache(ServiceCallSite callSite, RuntimeResolverContext context, ServiceProviderEngineScope serviceProviderEngine, RuntimeResolverLock lockType)
   at Microsoft.Extensions.DependencyInjection.ServiceLookup.CallSiteVisitor`2.VisitCallSite(ServiceCallSite callSite, TArgument argument)
   at Microsoft.Extensions.DependencyInjection.ServiceLookup.CallSiteVisitor`2.VisitCallSiteMain(ServiceCallSite callSite, TArgument argument)
   at Microsoft.Extensions.DependencyInjection.ServiceLookup.CallSiteRuntimeResolver.VisitCache(ServiceCallSite callSite, RuntimeResolverContext context, ServiceProviderEngineScope serviceProviderEngine, RuntimeResolverLock lockType)
   at Microsoft.Extensions.DependencyInjection.ServiceLookup.CallSiteVisitor`2.VisitCallSite(ServiceCallSite callSite, TArgument argument)
   at Microsoft.Extensions.DependencyInjection.ServiceLookup.CallSiteRuntimeResolver.Resolve(ServiceCallSite callSite, ServiceProviderEngineScope scope)
   at Microsoft.Extensions.DependencyInjection.ServiceLookup.DynamicServiceProviderEngine.<>c__DisplayClass2_0.<RealizeService>b__0(ServiceProviderEngineScope scope)
   at Microsoft.Extensions.DependencyInjection.ServiceProviderServiceExtensions.GetRequiredService(IServiceProvider provider, Type serviceType)
   at Microsoft.Extensions.DependencyInjection.ServiceProviderServiceExtensions.GetRequiredService[T](IServiceProvider provider)
   at Microsoft.EntityFrameworkCore.DbContext.get_DbContextDependencies()
   at Microsoft.EntityFrameworkCore.DbContext.get_ContextServices()
   at Microsoft.EntityFrameworkCore.DbContext.get_Model()
   at Microsoft.EntityFrameworkCore.Internal.InternalDbSet`1.get_EntityType()
   at Microsoft.EntityFrameworkCore.Internal.InternalDbSet`1.CheckState()
   at Microsoft.EntityFrameworkCore.Internal.InternalDbSet`1.get_EntityQueryable()
   at Microsoft.EntityFrameworkCore.Internal.InternalDbSet`1.System.Linq.IQueryable.get_Provider()
   at Microsoft.EntityFrameworkCore.EntityFrameworkQueryableExtensions.Include[TEntity,TProperty](IQueryable`1 source, Expression`1 navigationPropertyPath)
   at VSM.Repositories.BookingRepository.GetAll(Int32 pageNumber, Int32 pageSize, String search) in /Users/presidio/Desktop/Genspark/MiniProject/VehicleServiceManagement/Repositories/BookingRepository.cs:line 22
   at VSM.Services.BookingService.GetAll() in /Users/presidio/Desktop/Genspark/MiniProject/VehicleServiceManagement/Services/BookingService.cs:line 122
   at VSM.Controllers.BookingController.GetAll() in /Users/presidio/Desktop/Genspark/MiniProject/VehicleServiceManagement/Controllers/Bookingcontroller.cs:line 76

2025-06-29 18:37:55Z [ERROR] Error Downlodaing bill
2025-06-29 18:38:26Z [ERROR] Error Getting All Customers
System.InvalidOperationException: The property 'Bill.Customer' could not be mapped because it is of type 'object', which is not a supported primitive type or a valid entity type. Either explicitly map this property, or ignore it using the '[NotMapped]' attribute or by using 'EntityTypeBuilder.Ignore' in 'OnModelCreating'.
   at Microsoft.EntityFrameworkCore.Infrastructure.ModelValidator.<ValidatePropertyMapping>g__Validate|7_0(IConventionTypeBase typeBase, <>c__DisplayClass7_0&)
   at Microsoft.EntityFrameworkCore.Infrastructure.ModelValidator.ValidatePropertyMapping(IModel model, IDiagnosticsLogger`1 logger)
   at Microsoft.EntityFrameworkCore.Infrastructure.ModelValidator.Validate(IModel model, IDiagnosticsLogger`1 logger)
   at Microsoft.EntityFrameworkCore.Infrastructure.RelationalModelValidator.Validate(IModel model, IDiagnosticsLogger`1 logger)
   at Npgsql.EntityFrameworkCore.PostgreSQL.Infrastructure.Internal.NpgsqlModelValidator.Validate(IModel model, IDiagnosticsLogger`1 logger)
   at Microsoft.EntityFrameworkCore.Infrastructure.ModelRuntimeInitializer.Initialize(IModel model, Boolean designTime, IDiagnosticsLogger`1 validationLogger)
   at Microsoft.EntityFrameworkCore.Infrastructure.ModelSource.CreateModel(DbContext context, ModelCreationDependencies modelCreationDependencies, Boolean designTime)
   at Microsoft.EntityFrameworkCore.Infrastructure.ModelSource.GetModel(DbContext context, ModelCreationDependencies modelCreationDependencies, Boolean designTime)
   at Microsoft.EntityFrameworkCore.Internal.DbContextServices.CreateModel(Boolean designTime)
   at Microsoft.EntityFrameworkCore.Internal.DbContextServices.get_Model()
   at Microsoft.EntityFrameworkCore.Infrastructure.EntityFrameworkServicesBuilder.<>c.<TryAddCoreServices>b__8_4(IServiceProvider p)
   at Microsoft.Extensions.DependencyInjection.ServiceLookup.CallSiteVisitor`2.VisitCallSiteMain(ServiceCallSite callSite, TArgument argument)
   at Microsoft.Extensions.DependencyInjection.ServiceLookup.CallSiteRuntimeResolver.VisitCache(ServiceCallSite callSite, RuntimeResolverContext context, ServiceProviderEngineScope serviceProviderEngine, RuntimeResolverLock lockType)
   at Microsoft.Extensions.DependencyInjection.ServiceLookup.CallSiteVisitor`2.VisitCallSite(ServiceCallSite callSite, TArgument argument)
   at Microsoft.Extensions.DependencyInjection.ServiceLookup.CallSiteVisitor`2.VisitCallSiteMain(ServiceCallSite callSite, TArgument argument)
   at Microsoft.Extensions.DependencyInjection.ServiceLookup.CallSiteRuntimeResolver.VisitCache(ServiceCallSite callSite, RuntimeResolverContext context, ServiceProviderEngineScope serviceProviderEngine, RuntimeResolverLock lockType)
   at Microsoft.Extensions.DependencyInjection.ServiceLookup.CallSiteVisitor`2.VisitCallSite(ServiceCallSite callSite, TArgument argument)
   at Microsoft.Extensions.DependencyInjection.ServiceLookup.CallSiteVisitor`2.VisitCallSiteMain(ServiceCallSite callSite, TArgument argument)
   at Microsoft.Extensions.DependencyInjection.ServiceLookup.CallSiteRuntimeResolver.VisitCache(ServiceCallSite callSite, RuntimeResolverContext context, ServiceProviderEngineScope serviceProviderEngine, RuntimeResolverLock lockType)
   at Microsoft.Extensions.DependencyInjection.ServiceLookup.CallSiteVisitor`2.VisitCallSite(ServiceCallSite callSite, TArgument argument)
   at Microsoft.Extensions.DependencyInjection.ServiceLookup.CallSiteVisitor`2.VisitCallSiteMain(ServiceCallSite callSite, TArgument argument)
   at Microsoft.Extensions.DependencyInjection.ServiceLookup.CallSiteRuntimeResolver.VisitCache(ServiceCallSite callSite, RuntimeResolverContext context, ServiceProviderEngineScope serviceProviderEngine, RuntimeResolverLock lockType)
   at Microsoft.Extensions.DependencyInjection.ServiceLookup.CallSiteVisitor`2.VisitCallSite(ServiceCallSite callSite, TArgument argument)
   at Microsoft.Extensions.DependencyInjection.ServiceLookup.CallSiteVisitor`2.VisitCallSiteMain(ServiceCallSite callSite, TArgument argument)
   at Microsoft.Extensions.DependencyInjection.ServiceLookup.CallSiteRuntimeResolver.VisitCache(ServiceCallSite callSite, RuntimeResolverContext context, ServiceProviderEngineScope serviceProviderEngine, RuntimeResolverLock lockType)
   at Microsoft.Extensions.DependencyInjection.ServiceLookup.CallSiteVisitor`2.VisitCallSite(ServiceCallSite callSite, TArgument argument)
   at Microsoft.Extensions.DependencyInjection.ServiceLookup.CallSiteVisitor`2.VisitCallSiteMain(ServiceCallSite callSite, TArgument argument)
   at Microsoft.Extensions.DependencyInjection.ServiceLookup.CallSiteRuntimeResolver.VisitCache(ServiceCallSite callSite, RuntimeResolverContext context, ServiceProviderEngineScope serviceProviderEngine, RuntimeResolverLock lockType)
   at Microsoft.Extensions.DependencyInjection.ServiceLookup.CallSiteVisitor`2.VisitCallSite(ServiceCallSite callSite, TArgument argument)
   at Microsoft.Extensions.DependencyInjection.ServiceLookup.CallSiteRuntimeResolver.Resolve(ServiceCallSite callSite, ServiceProviderEngineScope scope)
   at Microsoft.Extensions.DependencyInjection.ServiceLookup.DynamicServiceProviderEngine.<>c__DisplayClass2_0.<RealizeService>b__0(ServiceProviderEngineScope scope)
   at Microsoft.Extensions.DependencyInjection.ServiceProviderServiceExtensions.GetRequiredService(IServiceProvider provider, Type serviceType)
   at Microsoft.Extensions.DependencyInjection.ServiceProviderServiceExtensions.GetRequiredService[T](IServiceProvider provider)
   at Microsoft.EntityFrameworkCore.DbContext.get_DbContextDependencies()
   at Microsoft.EntityFrameworkCore.DbContext.get_ContextServices()
   at Microsoft.EntityFrameworkCore.DbContext.get_Model()
   at Microsoft.EntityFrameworkCore.Internal.InternalDbSet`1.get_EntityType()
   at Microsoft.EntityFrameworkCore.Internal.InternalDbSet`1.CheckState()
   at Microsoft.EntityFrameworkCore.Internal.InternalDbSet`1.get_EntityQueryable()
   at Microsoft.EntityFrameworkCore.Internal.InternalDbSet`1.System.Collections.Generic.IAsyncEnumerable<TEntity>.GetAsyncEnumerator(CancellationToken cancellationToken)
   at System.Runtime.CompilerServices.ConfiguredCancelableAsyncEnumerable`1.GetAsyncEnumerator()
   at Microsoft.EntityFrameworkCore.EntityFrameworkQueryableExtensions.ToListAsync[TSource](IQueryable`1 source, CancellationToken cancellationToken)
   at VSM.Repositories.CustomerRepository.GetAll(Int32 pageNumber, Int32 pageSize, String search) in /Users/presidio/Desktop/Genspark/MiniProject/VehicleServiceManagement/Repositories/CustomerRepository.cs:line 22
   at VSM.Services.CustomerService.GetAll() in /Users/presidio/Desktop/Genspark/MiniProject/VehicleServiceManagement/Services/CustomerService.cs:line 102
   at VSM.Controllers.CustomerController.GetAll() in /Users/presidio/Desktop/Genspark/MiniProject/VehicleServiceManagement/Controllers/CustomerController.cs:line 93

2025-06-29 18:38:26Z [ERROR] Error Getting All Mechanics
System.InvalidOperationException: The property 'Bill.Customer' could not be mapped because it is of type 'object', which is not a supported primitive type or a valid entity type. Either explicitly map this property, or ignore it using the '[NotMapped]' attribute or by using 'EntityTypeBuilder.Ignore' in 'OnModelCreating'.
   at Microsoft.EntityFrameworkCore.Infrastructure.ModelValidator.<ValidatePropertyMapping>g__Validate|7_0(IConventionTypeBase typeBase, <>c__DisplayClass7_0&)
   at Microsoft.EntityFrameworkCore.Infrastructure.ModelValidator.ValidatePropertyMapping(IModel model, IDiagnosticsLogger`1 logger)
   at Microsoft.EntityFrameworkCore.Infrastructure.ModelValidator.Validate(IModel model, IDiagnosticsLogger`1 logger)
   at Microsoft.EntityFrameworkCore.Infrastructure.RelationalModelValidator.Validate(IModel model, IDiagnosticsLogger`1 logger)
   at Npgsql.EntityFrameworkCore.PostgreSQL.Infrastructure.Internal.NpgsqlModelValidator.Validate(IModel model, IDiagnosticsLogger`1 logger)
   at Microsoft.EntityFrameworkCore.Infrastructure.ModelRuntimeInitializer.Initialize(IModel model, Boolean designTime, IDiagnosticsLogger`1 validationLogger)
   at Microsoft.EntityFrameworkCore.Infrastructure.ModelSource.CreateModel(DbContext context, ModelCreationDependencies modelCreationDependencies, Boolean designTime)
   at Microsoft.EntityFrameworkCore.Infrastructure.ModelSource.GetModel(DbContext context, ModelCreationDependencies modelCreationDependencies, Boolean designTime)
   at Microsoft.EntityFrameworkCore.Internal.DbContextServices.CreateModel(Boolean designTime)
   at Microsoft.EntityFrameworkCore.Internal.DbContextServices.get_Model()
   at Microsoft.EntityFrameworkCore.Infrastructure.EntityFrameworkServicesBuilder.<>c.<TryAddCoreServices>b__8_4(IServiceProvider p)
   at Microsoft.Extensions.DependencyInjection.ServiceLookup.CallSiteVisitor`2.VisitCallSiteMain(ServiceCallSite callSite, TArgument argument)
   at Microsoft.Extensions.DependencyInjection.ServiceLookup.CallSiteRuntimeResolver.VisitCache(ServiceCallSite callSite, RuntimeResolverContext context, ServiceProviderEngineScope serviceProviderEngine, RuntimeResolverLock lockType)
   at Microsoft.Extensions.DependencyInjection.ServiceLookup.CallSiteVisitor`2.VisitCallSite(ServiceCallSite callSite, TArgument argument)
   at Microsoft.Extensions.DependencyInjection.ServiceLookup.CallSiteVisitor`2.VisitCallSiteMain(ServiceCallSite callSite, TArgument argument)
   at Microsoft.Extensions.DependencyInjection.ServiceLookup.CallSiteRuntimeResolver.VisitCache(ServiceCallSite callSite, RuntimeResolverContext context, ServiceProviderEngineScope serviceProviderEngine, RuntimeResolverLock lockType)
   at Microsoft.Extensions.DependencyInjection.ServiceLookup.CallSiteVisitor`2.VisitCallSite(ServiceCallSite callSite, TArgument argument)
   at Microsoft.Extensions.DependencyInjection.ServiceLookup.CallSiteVisitor`2.VisitCallSiteMain(ServiceCallSite callSite, TArgument argument)
   at Microsoft.Extensions.DependencyInjection.ServiceLookup.CallSiteRuntimeResolver.VisitCache(ServiceCallSite callSite, RuntimeResolverContext context, ServiceProviderEngineScope serviceProviderEngine, RuntimeResolverLock lockType)
   at Microsoft.Extensions.DependencyInjection.ServiceLookup.CallSiteVisitor`2.VisitCallSite(ServiceCallSite callSite, TArgument argument)
   at Microsoft.Extensions.DependencyInjection.ServiceLookup.CallSiteVisitor`2.VisitCallSiteMain(ServiceCallSite callSite, TArgument argument)
   at Microsoft.Extensions.DependencyInjection.ServiceLookup.CallSiteRuntimeResolver.VisitCache(ServiceCallSite callSite, RuntimeResolverContext context, ServiceProviderEngineScope serviceProviderEngine, RuntimeResolverLock lockType)
   at Microsoft.Extensions.DependencyInjection.ServiceLookup.CallSiteVisitor`2.VisitCallSite(ServiceCallSite callSite, TArgument argument)
   at Microsoft.Extensions.DependencyInjection.ServiceLookup.CallSiteVisitor`2.VisitCallSiteMain(ServiceCallSite callSite, TArgument argument)
   at Microsoft.Extensions.DependencyInjection.ServiceLookup.CallSiteRuntimeResolver.VisitCache(ServiceCallSite callSite, RuntimeResolverContext context, ServiceProviderEngineScope serviceProviderEngine, RuntimeResolverLock lockType)
   at Microsoft.Extensions.DependencyInjection.ServiceLookup.CallSiteVisitor`2.VisitCallSite(ServiceCallSite callSite, TArgument argument)
   at Microsoft.Extensions.DependencyInjection.ServiceLookup.CallSiteVisitor`2.VisitCallSiteMain(ServiceCallSite callSite, TArgument argument)
   at Microsoft.Extensions.DependencyInjection.ServiceLookup.CallSiteRuntimeResolver.VisitCache(ServiceCallSite callSite, RuntimeResolverContext context, ServiceProviderEngineScope serviceProviderEngine, RuntimeResolverLock lockType)
   at Microsoft.Extensions.DependencyInjection.ServiceLookup.CallSiteVisitor`2.VisitCallSite(ServiceCallSite callSite, TArgument argument)
   at Microsoft.Extensions.DependencyInjection.ServiceLookup.CallSiteRuntimeResolver.Resolve(ServiceCallSite callSite, ServiceProviderEngineScope scope)
   at Microsoft.Extensions.DependencyInjection.ServiceLookup.DynamicServiceProviderEngine.<>c__DisplayClass2_0.<RealizeService>b__0(ServiceProviderEngineScope scope)
   at Microsoft.Extensions.DependencyInjection.ServiceProviderServiceExtensions.GetRequiredService(IServiceProvider provider, Type serviceType)
   at Microsoft.Extensions.DependencyInjection.ServiceProviderServiceExtensions.GetRequiredService[T](IServiceProvider provider)
   at Microsoft.EntityFrameworkCore.DbContext.get_DbContextDependencies()
   at Microsoft.EntityFrameworkCore.DbContext.get_ContextServices()
   at Microsoft.EntityFrameworkCore.DbContext.get_Model()
   at Microsoft.EntityFrameworkCore.Internal.InternalDbSet`1.get_EntityType()
   at Microsoft.EntityFrameworkCore.Internal.InternalDbSet`1.CheckState()
   at Microsoft.EntityFrameworkCore.Internal.InternalDbSet`1.get_EntityQueryable()
   at Microsoft.EntityFrameworkCore.Internal.InternalDbSet`1.System.Collections.Generic.IAsyncEnumerable<TEntity>.GetAsyncEnumerator(CancellationToken cancellationToken)
   at System.Runtime.CompilerServices.ConfiguredCancelableAsyncEnumerable`1.GetAsyncEnumerator()
   at Microsoft.EntityFrameworkCore.EntityFrameworkQueryableExtensions.ToListAsync[TSource](IQueryable`1 source, CancellationToken cancellationToken)
   at VSM.Repositories.MechanicRepository.GetAll(Int32 pageNumber, Int32 pageSize, String search) in /Users/presidio/Desktop/Genspark/MiniProject/VehicleServiceManagement/Repositories/MechanicRepository.cs:line 22
   at VSM.Services.MechanicServices.GetAll() in /Users/presidio/Desktop/Genspark/MiniProject/VehicleServiceManagement/Services/MechanicServices.cs:line 123
   at VSM.Controllers.MechanicController.GetAll() in /Users/presidio/Desktop/Genspark/MiniProject/VehicleServiceManagement/Controllers/MechanicController.cs:line 91

2025-06-29 18:39:22Z [ERROR] Error Getting All Customers
System.InvalidOperationException: The property 'Bill.Customer' could not be mapped because it is of type 'object', which is not a supported primitive type or a valid entity type. Either explicitly map this property, or ignore it using the '[NotMapped]' attribute or by using 'EntityTypeBuilder.Ignore' in 'OnModelCreating'.
   at Microsoft.EntityFrameworkCore.Infrastructure.ModelValidator.<ValidatePropertyMapping>g__Validate|7_0(IConventionTypeBase typeBase, <>c__DisplayClass7_0&)
   at Microsoft.EntityFrameworkCore.Infrastructure.ModelValidator.ValidatePropertyMapping(IModel model, IDiagnosticsLogger`1 logger)
   at Microsoft.EntityFrameworkCore.Infrastructure.ModelValidator.Validate(IModel model, IDiagnosticsLogger`1 logger)
   at Microsoft.EntityFrameworkCore.Infrastructure.RelationalModelValidator.Validate(IModel model, IDiagnosticsLogger`1 logger)
   at Npgsql.EntityFrameworkCore.PostgreSQL.Infrastructure.Internal.NpgsqlModelValidator.Validate(IModel model, IDiagnosticsLogger`1 logger)
   at Microsoft.EntityFrameworkCore.Infrastructure.ModelRuntimeInitializer.Initialize(IModel model, Boolean designTime, IDiagnosticsLogger`1 validationLogger)
   at Microsoft.EntityFrameworkCore.Infrastructure.ModelSource.CreateModel(DbContext context, ModelCreationDependencies modelCreationDependencies, Boolean designTime)
   at Microsoft.EntityFrameworkCore.Infrastructure.ModelSource.GetModel(DbContext context, ModelCreationDependencies modelCreationDependencies, Boolean designTime)
   at Microsoft.EntityFrameworkCore.Internal.DbContextServices.CreateModel(Boolean designTime)
   at Microsoft.EntityFrameworkCore.Internal.DbContextServices.get_Model()
   at Microsoft.EntityFrameworkCore.Infrastructure.EntityFrameworkServicesBuilder.<>c.<TryAddCoreServices>b__8_4(IServiceProvider p)
   at Microsoft.Extensions.DependencyInjection.ServiceLookup.CallSiteVisitor`2.VisitCallSiteMain(ServiceCallSite callSite, TArgument argument)
   at Microsoft.Extensions.DependencyInjection.ServiceLookup.CallSiteRuntimeResolver.VisitCache(ServiceCallSite callSite, RuntimeResolverContext context, ServiceProviderEngineScope serviceProviderEngine, RuntimeResolverLock lockType)
   at Microsoft.Extensions.DependencyInjection.ServiceLookup.CallSiteRuntimeResolver.VisitScopeCache(ServiceCallSite callSite, RuntimeResolverContext context)
   at Microsoft.Extensions.DependencyInjection.ServiceLookup.CallSiteVisitor`2.VisitCallSite(ServiceCallSite callSite, TArgument argument)
   at Microsoft.Extensions.DependencyInjection.ServiceLookup.CallSiteRuntimeResolver.VisitConstructor(ConstructorCallSite constructorCallSite, RuntimeResolverContext context)
   at Microsoft.Extensions.DependencyInjection.ServiceLookup.CallSiteVisitor`2.VisitCallSiteMain(ServiceCallSite callSite, TArgument argument)
   at Microsoft.Extensions.DependencyInjection.ServiceLookup.CallSiteRuntimeResolver.VisitCache(ServiceCallSite callSite, RuntimeResolverContext context, ServiceProviderEngineScope serviceProviderEngine, RuntimeResolverLock lockType)
   at Microsoft.Extensions.DependencyInjection.ServiceLookup.CallSiteRuntimeResolver.VisitScopeCache(ServiceCallSite callSite, RuntimeResolverContext context)
   at Microsoft.Extensions.DependencyInjection.ServiceLookup.CallSiteVisitor`2.VisitCallSite(ServiceCallSite callSite, TArgument argument)
   at Microsoft.Extensions.DependencyInjection.ServiceLookup.CallSiteRuntimeResolver.VisitConstructor(ConstructorCallSite constructorCallSite, RuntimeResolverContext context)
   at Microsoft.Extensions.DependencyInjection.ServiceLookup.CallSiteVisitor`2.VisitCallSiteMain(ServiceCallSite callSite, TArgument argument)
   at Microsoft.Extensions.DependencyInjection.ServiceLookup.CallSiteRuntimeResolver.VisitCache(ServiceCallSite callSite, RuntimeResolverContext context, ServiceProviderEngineScope serviceProviderEngine, RuntimeResolverLock lockType)
   at Microsoft.Extensions.DependencyInjection.ServiceLookup.CallSiteRuntimeResolver.VisitScopeCache(ServiceCallSite callSite, RuntimeResolverContext context)
   at Microsoft.Extensions.DependencyInjection.ServiceLookup.CallSiteVisitor`2.VisitCallSite(ServiceCallSite callSite, TArgument argument)
   at Microsoft.Extensions.DependencyInjection.ServiceLookup.CallSiteRuntimeResolver.VisitConstructor(ConstructorCallSite constructorCallSite, RuntimeResolverContext context)
   at Microsoft.Extensions.DependencyInjection.ServiceLookup.CallSiteVisitor`2.VisitCallSiteMain(ServiceCallSite callSite, TArgument argument)
   at Microsoft.Extensions.DependencyInjection.ServiceLookup.CallSiteRuntimeResolver.VisitCache(ServiceCallSite callSite, RuntimeResolverContext context, ServiceProviderEngineScope serviceProviderEngine, RuntimeResolverLock lockType)
   at Microsoft.Extensions.DependencyInjection.ServiceLookup.CallSiteRuntimeResolver.VisitScopeCache(ServiceCallSite callSite, RuntimeResolverContext context)
   at Microsoft.Extensions.DependencyInjection.ServiceLookup.CallSiteVisitor`2.VisitCallSite(ServiceCallSite callSite, TArgument argument)
   at Microsoft.Extensions.DependencyInjection.ServiceLookup.CallSiteRuntimeResolver.VisitConstructor(ConstructorCallSite constructorCallSite, RuntimeResolverContext context)
   at Microsoft.Extensions.DependencyInjection.ServiceLookup.CallSiteVisitor`2.VisitCallSiteMain(ServiceCallSite callSite, TArgument argument)
   at Microsoft.Extensions.DependencyInjection.ServiceLookup.CallSiteRuntimeResolver.VisitCache(ServiceCallSite callSite, RuntimeResolverContext context, ServiceProviderEngineScope serviceProviderEngine, RuntimeResolverLock lockType)
   at Microsoft.Extensions.DependencyInjection.ServiceLookup.CallSiteRuntimeResolver.VisitScopeCache(ServiceCallSite callSite, RuntimeResolverContext context)
   at Microsoft.Extensions.DependencyInjection.ServiceLookup.CallSiteVisitor`2.VisitCallSite(ServiceCallSite callSite, TArgument argument)
   at Microsoft.Extensions.DependencyInjection.ServiceLookup.CallSiteRuntimeResolver.VisitConstructor(ConstructorCallSite constructorCallSite, RuntimeResolverContext context)
   at Microsoft.Extensions.DependencyInjection.ServiceLookup.CallSiteVisitor`2.VisitCallSiteMain(ServiceCallSite callSite, TArgument argument)
   at Microsoft.Extensions.DependencyInjection.ServiceLookup.CallSiteRuntimeResolver.VisitCache(ServiceCallSite callSite, RuntimeResolverContext context, ServiceProviderEngineScope serviceProviderEngine, RuntimeResolverLock lockType)
   at Microsoft.Extensions.DependencyInjection.ServiceLookup.CallSiteRuntimeResolver.VisitScopeCache(ServiceCallSite callSite, RuntimeResolverContext context)
   at Microsoft.Extensions.DependencyInjection.ServiceLookup.CallSiteVisitor`2.VisitCallSite(ServiceCallSite callSite, TArgument argument)
   at Microsoft.Extensions.DependencyInjection.ServiceLookup.CallSiteRuntimeResolver.Resolve(ServiceCallSite callSite, ServiceProviderEngineScope scope)
   at Microsoft.Extensions.DependencyInjection.ServiceLookup.DynamicServiceProviderEngine.<>c__DisplayClass2_0.<RealizeService>b__0(ServiceProviderEngineScope scope)
   at Microsoft.Extensions.DependencyInjection.ServiceProvider.GetService(ServiceIdentifier serviceIdentifier, ServiceProviderEngineScope serviceProviderEngineScope)
   at Microsoft.Extensions.DependencyInjection.ServiceLookup.ServiceProviderEngineScope.GetService(Type serviceType)
   at Microsoft.Extensions.DependencyInjection.ServiceProviderServiceExtensions.GetRequiredService(IServiceProvider provider, Type serviceType)
   at Microsoft.Extensions.DependencyInjection.ServiceProviderServiceExtensions.GetRequiredService[T](IServiceProvider provider)
   at Microsoft.EntityFrameworkCore.DbContext.get_DbContextDependencies()
   at Microsoft.EntityFrameworkCore.DbContext.get_ContextServices()
   at Microsoft.EntityFrameworkCore.DbContext.get_Model()
   at Microsoft.EntityFrameworkCore.Internal.InternalDbSet`1.get_EntityType()
   at Microsoft.EntityFrameworkCore.Internal.InternalDbSet`1.CheckState()
   at Microsoft.EntityFrameworkCore.Internal.InternalDbSet`1.get_EntityQueryable()
   at Microsoft.EntityFrameworkCore.Internal.InternalDbSet`1.System.Collections.Generic.IAsyncEnumerable<TEntity>.GetAsyncEnumerator(CancellationToken cancellationToken)
   at System.Runtime.CompilerServices.ConfiguredCancelableAsyncEnumerable`1.GetAsyncEnumerator()
   at Microsoft.EntityFrameworkCore.EntityFrameworkQueryableExtensions.ToListAsync[TSource](IQueryable`1 source, CancellationToken cancellationToken)
   at VSM.Repositories.CustomerRepository.GetAll(Int32 pageNumber, Int32 pageSize, String search) in /Users/presidio/Desktop/Genspark/MiniProject/VehicleServiceManagement/Repositories/CustomerRepository.cs:line 22
   at VSM.Services.CustomerService.GetAll() in /Users/presidio/Desktop/Genspark/MiniProject/VehicleServiceManagement/Services/CustomerService.cs:line 102
   at VSM.Controllers.CustomerController.GetAll() in /Users/presidio/Desktop/Genspark/MiniProject/VehicleServiceManagement/Controllers/CustomerController.cs:line 93

2025-06-29 18:39:22Z [ERROR] Error Getting All Bookings
System.InvalidOperationException: The property 'Bill.Customer' could not be mapped because it is of type 'object', which is not a supported primitive type or a valid entity type. Either explicitly map this property, or ignore it using the '[NotMapped]' attribute or by using 'EntityTypeBuilder.Ignore' in 'OnModelCreating'.
   at Microsoft.EntityFrameworkCore.Infrastructure.ModelValidator.<ValidatePropertyMapping>g__Validate|7_0(IConventionTypeBase typeBase, <>c__DisplayClass7_0&)
   at Microsoft.EntityFrameworkCore.Infrastructure.ModelValidator.ValidatePropertyMapping(IModel model, IDiagnosticsLogger`1 logger)
   at Microsoft.EntityFrameworkCore.Infrastructure.ModelValidator.Validate(IModel model, IDiagnosticsLogger`1 logger)
   at Microsoft.EntityFrameworkCore.Infrastructure.RelationalModelValidator.Validate(IModel model, IDiagnosticsLogger`1 logger)
   at Npgsql.EntityFrameworkCore.PostgreSQL.Infrastructure.Internal.NpgsqlModelValidator.Validate(IModel model, IDiagnosticsLogger`1 logger)
   at Microsoft.EntityFrameworkCore.Infrastructure.ModelRuntimeInitializer.Initialize(IModel model, Boolean designTime, IDiagnosticsLogger`1 validationLogger)
   at Microsoft.EntityFrameworkCore.Infrastructure.ModelSource.CreateModel(DbContext context, ModelCreationDependencies modelCreationDependencies, Boolean designTime)
   at Microsoft.EntityFrameworkCore.Infrastructure.ModelSource.GetModel(DbContext context, ModelCreationDependencies modelCreationDependencies, Boolean designTime)
   at Microsoft.EntityFrameworkCore.Internal.DbContextServices.CreateModel(Boolean designTime)
   at Microsoft.EntityFrameworkCore.Internal.DbContextServices.get_Model()
   at Microsoft.EntityFrameworkCore.Infrastructure.EntityFrameworkServicesBuilder.<>c.<TryAddCoreServices>b__8_4(IServiceProvider p)
   at Microsoft.Extensions.DependencyInjection.ServiceLookup.CallSiteVisitor`2.VisitCallSiteMain(ServiceCallSite callSite, TArgument argument)
   at Microsoft.Extensions.DependencyInjection.ServiceLookup.CallSiteRuntimeResolver.VisitCache(ServiceCallSite callSite, RuntimeResolverContext context, ServiceProviderEngineScope serviceProviderEngine, RuntimeResolverLock lockType)
   at Microsoft.Extensions.DependencyInjection.ServiceLookup.CallSiteRuntimeResolver.VisitScopeCache(ServiceCallSite callSite, RuntimeResolverContext context)
   at Microsoft.Extensions.DependencyInjection.ServiceLookup.CallSiteVisitor`2.VisitCallSite(ServiceCallSite callSite, TArgument argument)
   at Microsoft.Extensions.DependencyInjection.ServiceLookup.CallSiteRuntimeResolver.VisitConstructor(ConstructorCallSite constructorCallSite, RuntimeResolverContext context)
   at Microsoft.Extensions.DependencyInjection.ServiceLookup.CallSiteVisitor`2.VisitCallSiteMain(ServiceCallSite callSite, TArgument argument)
   at Microsoft.Extensions.DependencyInjection.ServiceLookup.CallSiteRuntimeResolver.VisitCache(ServiceCallSite callSite, RuntimeResolverContext context, ServiceProviderEngineScope serviceProviderEngine, RuntimeResolverLock lockType)
   at Microsoft.Extensions.DependencyInjection.ServiceLookup.CallSiteRuntimeResolver.VisitScopeCache(ServiceCallSite callSite, RuntimeResolverContext context)
   at Microsoft.Extensions.DependencyInjection.ServiceLookup.CallSiteVisitor`2.VisitCallSite(ServiceCallSite callSite, TArgument argument)
   at Microsoft.Extensions.DependencyInjection.ServiceLookup.CallSiteRuntimeResolver.VisitConstructor(ConstructorCallSite constructorCallSite, RuntimeResolverContext context)
   at Microsoft.Extensions.DependencyInjection.ServiceLookup.CallSiteVisitor`2.VisitCallSiteMain(ServiceCallSite callSite, TArgument argument)
   at Microsoft.Extensions.DependencyInjection.ServiceLookup.CallSiteRuntimeResolver.VisitCache(ServiceCallSite callSite, RuntimeResolverContext context, ServiceProviderEngineScope serviceProviderEngine, RuntimeResolverLock lockType)
   at Microsoft.Extensions.DependencyInjection.ServiceLookup.CallSiteRuntimeResolver.VisitScopeCache(ServiceCallSite callSite, RuntimeResolverContext context)
   at Microsoft.Extensions.DependencyInjection.ServiceLookup.CallSiteVisitor`2.VisitCallSite(ServiceCallSite callSite, TArgument argument)
   at Microsoft.Extensions.DependencyInjection.ServiceLookup.CallSiteRuntimeResolver.VisitConstructor(ConstructorCallSite constructorCallSite, RuntimeResolverContext context)
   at Microsoft.Extensions.DependencyInjection.ServiceLookup.CallSiteVisitor`2.VisitCallSiteMain(ServiceCallSite callSite, TArgument argument)
   at Microsoft.Extensions.DependencyInjection.ServiceLookup.CallSiteRuntimeResolver.VisitCache(ServiceCallSite callSite, RuntimeResolverContext context, ServiceProviderEngineScope serviceProviderEngine, RuntimeResolverLock lockType)
   at Microsoft.Extensions.DependencyInjection.ServiceLookup.CallSiteRuntimeResolver.VisitScopeCache(ServiceCallSite callSite, RuntimeResolverContext context)
   at Microsoft.Extensions.DependencyInjection.ServiceLookup.CallSiteVisitor`2.VisitCallSite(ServiceCallSite callSite, TArgument argument)
   at Microsoft.Extensions.DependencyInjection.ServiceLookup.CallSiteRuntimeResolver.VisitConstructor(ConstructorCallSite constructorCallSite, RuntimeResolverContext context)
   at Microsoft.Extensions.DependencyInjection.ServiceLookup.CallSiteVisitor`2.VisitCallSiteMain(ServiceCallSite callSite, TArgument argument)
   at Microsoft.Extensions.DependencyInjection.ServiceLookup.CallSiteRuntimeResolver.VisitCache(ServiceCallSite callSite, RuntimeResolverContext context, ServiceProviderEngineScope serviceProviderEngine, RuntimeResolverLock lockType)
   at Microsoft.Extensions.DependencyInjection.ServiceLookup.CallSiteRuntimeResolver.VisitScopeCache(ServiceCallSite callSite, RuntimeResolverContext context)
   at Microsoft.Extensions.DependencyInjection.ServiceLookup.CallSiteVisitor`2.VisitCallSite(ServiceCallSite callSite, TArgument argument)
   at Microsoft.Extensions.DependencyInjection.ServiceLookup.CallSiteRuntimeResolver.VisitConstructor(ConstructorCallSite constructorCallSite, RuntimeResolverContext context)
   at Microsoft.Extensions.DependencyInjection.ServiceLookup.CallSiteVisitor`2.VisitCallSiteMain(ServiceCallSite callSite, TArgument argument)
   at Microsoft.Extensions.DependencyInjection.ServiceLookup.CallSiteRuntimeResolver.VisitCache(ServiceCallSite callSite, RuntimeResolverContext context, ServiceProviderEngineScope serviceProviderEngine, RuntimeResolverLock lockType)
   at Microsoft.Extensions.DependencyInjection.ServiceLookup.CallSiteRuntimeResolver.VisitScopeCache(ServiceCallSite callSite, RuntimeResolverContext context)
   at Microsoft.Extensions.DependencyInjection.ServiceLookup.CallSiteVisitor`2.VisitCallSite(ServiceCallSite callSite, TArgument argument)
   at Microsoft.Extensions.DependencyInjection.ServiceLookup.CallSiteRuntimeResolver.Resolve(ServiceCallSite callSite, ServiceProviderEngineScope scope)
   at Microsoft.Extensions.DependencyInjection.ServiceLookup.DynamicServiceProviderEngine.<>c__DisplayClass2_0.<RealizeService>b__0(ServiceProviderEngineScope scope)
   at Microsoft.Extensions.DependencyInjection.ServiceProvider.GetService(ServiceIdentifier serviceIdentifier, ServiceProviderEngineScope serviceProviderEngineScope)
   at Microsoft.Extensions.DependencyInjection.ServiceLookup.ServiceProviderEngineScope.GetService(Type serviceType)
   at Microsoft.Extensions.DependencyInjection.ServiceProviderServiceExtensions.GetRequiredService(IServiceProvider provider, Type serviceType)
   at Microsoft.Extensions.DependencyInjection.ServiceProviderServiceExtensions.GetRequiredService[T](IServiceProvider provider)
   at Microsoft.EntityFrameworkCore.DbContext.get_DbContextDependencies()
   at Microsoft.EntityFrameworkCore.DbContext.get_ContextServices()
   at Microsoft.EntityFrameworkCore.DbContext.get_Model()
   at Microsoft.EntityFrameworkCore.Internal.InternalDbSet`1.get_EntityType()
   at Microsoft.EntityFrameworkCore.Internal.InternalDbSet`1.CheckState()
   at Microsoft.EntityFrameworkCore.Internal.InternalDbSet`1.get_EntityQueryable()
   at Microsoft.EntityFrameworkCore.Internal.InternalDbSet`1.System.Linq.IQueryable.get_Provider()
   at Microsoft.EntityFrameworkCore.EntityFrameworkQueryableExtensions.Include[TEntity,TProperty](IQueryable`1 source, Expression`1 navigationPropertyPath)
   at VSM.Repositories.BookingRepository.GetAll(Int32 pageNumber, Int32 pageSize, String search) in /Users/presidio/Desktop/Genspark/MiniProject/VehicleServiceManagement/Repositories/BookingRepository.cs:line 22
   at VSM.Services.BookingService.GetAll() in /Users/presidio/Desktop/Genspark/MiniProject/VehicleServiceManagement/Services/BookingService.cs:line 122
   at VSM.Controllers.BookingController.GetAll() in /Users/presidio/Desktop/Genspark/MiniProject/VehicleServiceManagement/Controllers/Bookingcontroller.cs:line 76

2025-06-29 18:39:22Z [ERROR] Error Getting All Mechanics
System.InvalidOperationException: The property 'Bill.Customer' could not be mapped because it is of type 'object', which is not a supported primitive type or a valid entity type. Either explicitly map this property, or ignore it using the '[NotMapped]' attribute or by using 'EntityTypeBuilder.Ignore' in 'OnModelCreating'.
   at Microsoft.EntityFrameworkCore.Infrastructure.ModelValidator.<ValidatePropertyMapping>g__Validate|7_0(IConventionTypeBase typeBase, <>c__DisplayClass7_0&)
   at Microsoft.EntityFrameworkCore.Infrastructure.ModelValidator.ValidatePropertyMapping(IModel model, IDiagnosticsLogger`1 logger)
   at Microsoft.EntityFrameworkCore.Infrastructure.ModelValidator.Validate(IModel model, IDiagnosticsLogger`1 logger)
   at Microsoft.EntityFrameworkCore.Infrastructure.RelationalModelValidator.Validate(IModel model, IDiagnosticsLogger`1 logger)
   at Npgsql.EntityFrameworkCore.PostgreSQL.Infrastructure.Internal.NpgsqlModelValidator.Validate(IModel model, IDiagnosticsLogger`1 logger)
   at Microsoft.EntityFrameworkCore.Infrastructure.ModelRuntimeInitializer.Initialize(IModel model, Boolean designTime, IDiagnosticsLogger`1 validationLogger)
   at Microsoft.EntityFrameworkCore.Infrastructure.ModelSource.CreateModel(DbContext context, ModelCreationDependencies modelCreationDependencies, Boolean designTime)
   at Microsoft.EntityFrameworkCore.Infrastructure.ModelSource.GetModel(DbContext context, ModelCreationDependencies modelCreationDependencies, Boolean designTime)
   at Microsoft.EntityFrameworkCore.Internal.DbContextServices.CreateModel(Boolean designTime)
   at Microsoft.EntityFrameworkCore.Internal.DbContextServices.get_Model()
   at Microsoft.EntityFrameworkCore.Infrastructure.EntityFrameworkServicesBuilder.<>c.<TryAddCoreServices>b__8_4(IServiceProvider p)
   at Microsoft.Extensions.DependencyInjection.ServiceLookup.CallSiteVisitor`2.VisitCallSiteMain(ServiceCallSite callSite, TArgument argument)
   at Microsoft.Extensions.DependencyInjection.ServiceLookup.CallSiteRuntimeResolver.VisitCache(ServiceCallSite callSite, RuntimeResolverContext context, ServiceProviderEngineScope serviceProviderEngine, RuntimeResolverLock lockType)
   at Microsoft.Extensions.DependencyInjection.ServiceLookup.CallSiteRuntimeResolver.VisitScopeCache(ServiceCallSite callSite, RuntimeResolverContext context)
   at Microsoft.Extensions.DependencyInjection.ServiceLookup.CallSiteVisitor`2.VisitCallSite(ServiceCallSite callSite, TArgument argument)
   at Microsoft.Extensions.DependencyInjection.ServiceLookup.CallSiteRuntimeResolver.VisitConstructor(ConstructorCallSite constructorCallSite, RuntimeResolverContext context)
   at Microsoft.Extensions.DependencyInjection.ServiceLookup.CallSiteVisitor`2.VisitCallSiteMain(ServiceCallSite callSite, TArgument argument)
   at Microsoft.Extensions.DependencyInjection.ServiceLookup.CallSiteRuntimeResolver.VisitCache(ServiceCallSite callSite, RuntimeResolverContext context, ServiceProviderEngineScope serviceProviderEngine, RuntimeResolverLock lockType)
   at Microsoft.Extensions.DependencyInjection.ServiceLookup.CallSiteRuntimeResolver.VisitScopeCache(ServiceCallSite callSite, RuntimeResolverContext context)
   at Microsoft.Extensions.DependencyInjection.ServiceLookup.CallSiteVisitor`2.VisitCallSite(ServiceCallSite callSite, TArgument argument)
   at Microsoft.Extensions.DependencyInjection.ServiceLookup.CallSiteRuntimeResolver.VisitConstructor(ConstructorCallSite constructorCallSite, RuntimeResolverContext context)
   at Microsoft.Extensions.DependencyInjection.ServiceLookup.CallSiteVisitor`2.VisitCallSiteMain(ServiceCallSite callSite, TArgument argument)
   at Microsoft.Extensions.DependencyInjection.ServiceLookup.CallSiteRuntimeResolver.VisitCache(ServiceCallSite callSite, RuntimeResolverContext context, ServiceProviderEngineScope serviceProviderEngine, RuntimeResolverLock lockType)
   at Microsoft.Extensions.DependencyInjection.ServiceLookup.CallSiteRuntimeResolver.VisitScopeCache(ServiceCallSite callSite, RuntimeResolverContext context)
   at Microsoft.Extensions.DependencyInjection.ServiceLookup.CallSiteVisitor`2.VisitCallSite(ServiceCallSite callSite, TArgument argument)
   at Microsoft.Extensions.DependencyInjection.ServiceLookup.CallSiteRuntimeResolver.VisitConstructor(ConstructorCallSite constructorCallSite, RuntimeResolverContext context)
   at Microsoft.Extensions.DependencyInjection.ServiceLookup.CallSiteVisitor`2.VisitCallSiteMain(ServiceCallSite callSite, TArgument argument)
   at Microsoft.Extensions.DependencyInjection.ServiceLookup.CallSiteRuntimeResolver.VisitCache(ServiceCallSite callSite, RuntimeResolverContext context, ServiceProviderEngineScope serviceProviderEngine, RuntimeResolverLock lockType)
   at Microsoft.Extensions.DependencyInjection.ServiceLookup.CallSiteRuntimeResolver.VisitScopeCache(ServiceCallSite callSite, RuntimeResolverContext context)
   at Microsoft.Extensions.DependencyInjection.ServiceLookup.CallSiteVisitor`2.VisitCallSite(ServiceCallSite callSite, TArgument argument)
   at Microsoft.Extensions.DependencyInjection.ServiceLookup.CallSiteRuntimeResolver.VisitConstructor(ConstructorCallSite constructorCallSite, RuntimeResolverContext context)
   at Microsoft.Extensions.DependencyInjection.ServiceLookup.CallSiteVisitor`2.VisitCallSiteMain(ServiceCallSite callSite, TArgument argument)
   at Microsoft.Extensions.DependencyInjection.ServiceLookup.CallSiteRuntimeResolver.VisitCache(ServiceCallSite callSite, RuntimeResolverContext context, ServiceProviderEngineScope serviceProviderEngine, RuntimeResolverLock lockType)
   at Microsoft.Extensions.DependencyInjection.ServiceLookup.CallSiteRuntimeResolver.VisitScopeCache(ServiceCallSite callSite, RuntimeResolverContext context)
   at Microsoft.Extensions.DependencyInjection.ServiceLookup.CallSiteVisitor`2.VisitCallSite(ServiceCallSite callSite, TArgument argument)
   at Microsoft.Extensions.DependencyInjection.ServiceLookup.CallSiteRuntimeResolver.VisitConstructor(ConstructorCallSite constructorCallSite, RuntimeResolverContext context)
   at Microsoft.Extensions.DependencyInjection.ServiceLookup.CallSiteVisitor`2.VisitCallSiteMain(ServiceCallSite callSite, TArgument argument)
   at Microsoft.Extensions.DependencyInjection.ServiceLookup.CallSiteRuntimeResolver.VisitCache(ServiceCallSite callSite, RuntimeResolverContext context, ServiceProviderEngineScope serviceProviderEngine, RuntimeResolverLock lockType)
   at Microsoft.Extensions.DependencyInjection.ServiceLookup.CallSiteRuntimeResolver.VisitScopeCache(ServiceCallSite callSite, RuntimeResolverContext context)
   at Microsoft.Extensions.DependencyInjection.ServiceLookup.CallSiteVisitor`2.VisitCallSite(ServiceCallSite callSite, TArgument argument)
   at Microsoft.Extensions.DependencyInjection.ServiceLookup.CallSiteRuntimeResolver.Resolve(ServiceCallSite callSite, ServiceProviderEngineScope scope)
   at Microsoft.Extensions.DependencyInjection.ServiceLookup.DynamicServiceProviderEngine.<>c__DisplayClass2_0.<RealizeService>b__0(ServiceProviderEngineScope scope)
   at Microsoft.Extensions.DependencyInjection.ServiceProvider.GetService(ServiceIdentifier serviceIdentifier, ServiceProviderEngineScope serviceProviderEngineScope)
   at Microsoft.Extensions.DependencyInjection.ServiceLookup.ServiceProviderEngineScope.GetService(Type serviceType)
   at Microsoft.Extensions.DependencyInjection.ServiceProviderServiceExtensions.GetRequiredService(IServiceProvider provider, Type serviceType)
   at Microsoft.Extensions.DependencyInjection.ServiceProviderServiceExtensions.GetRequiredService[T](IServiceProvider provider)
   at Microsoft.EntityFrameworkCore.DbContext.get_DbContextDependencies()
   at Microsoft.EntityFrameworkCore.DbContext.get_ContextServices()
   at Microsoft.EntityFrameworkCore.DbContext.get_Model()
   at Microsoft.EntityFrameworkCore.Internal.InternalDbSet`1.get_EntityType()
   at Microsoft.EntityFrameworkCore.Internal.InternalDbSet`1.CheckState()
   at Microsoft.EntityFrameworkCore.Internal.InternalDbSet`1.get_EntityQueryable()
   at Microsoft.EntityFrameworkCore.Internal.InternalDbSet`1.System.Collections.Generic.IAsyncEnumerable<TEntity>.GetAsyncEnumerator(CancellationToken cancellationToken)
   at System.Runtime.CompilerServices.ConfiguredCancelableAsyncEnumerable`1.GetAsyncEnumerator()
   at Microsoft.EntityFrameworkCore.EntityFrameworkQueryableExtensions.ToListAsync[TSource](IQueryable`1 source, CancellationToken cancellationToken)
   at VSM.Repositories.MechanicRepository.GetAll(Int32 pageNumber, Int32 pageSize, String search) in /Users/presidio/Desktop/Genspark/MiniProject/VehicleServiceManagement/Repositories/MechanicRepository.cs:line 22
   at VSM.Services.MechanicServices.GetAll() in /Users/presidio/Desktop/Genspark/MiniProject/VehicleServiceManagement/Services/MechanicServices.cs:line 123
   at VSM.Controllers.MechanicController.GetAll() in /Users/presidio/Desktop/Genspark/MiniProject/VehicleServiceManagement/Controllers/MechanicController.cs:line 91

2025-06-29 18:39:30Z [ERROR] Error Getting Available Slots
System.InvalidOperationException: The property 'Bill.Customer' could not be mapped because it is of type 'object', which is not a supported primitive type or a valid entity type. Either explicitly map this property, or ignore it using the '[NotMapped]' attribute or by using 'EntityTypeBuilder.Ignore' in 'OnModelCreating'.
   at Microsoft.EntityFrameworkCore.Infrastructure.ModelValidator.<ValidatePropertyMapping>g__Validate|7_0(IConventionTypeBase typeBase, <>c__DisplayClass7_0&)
   at Microsoft.EntityFrameworkCore.Infrastructure.ModelValidator.ValidatePropertyMapping(IModel model, IDiagnosticsLogger`1 logger)
   at Microsoft.EntityFrameworkCore.Infrastructure.ModelValidator.Validate(IModel model, IDiagnosticsLogger`1 logger)
   at Microsoft.EntityFrameworkCore.Infrastructure.RelationalModelValidator.Validate(IModel model, IDiagnosticsLogger`1 logger)
   at Npgsql.EntityFrameworkCore.PostgreSQL.Infrastructure.Internal.NpgsqlModelValidator.Validate(IModel model, IDiagnosticsLogger`1 logger)
   at Microsoft.EntityFrameworkCore.Infrastructure.ModelRuntimeInitializer.Initialize(IModel model, Boolean designTime, IDiagnosticsLogger`1 validationLogger)
   at Microsoft.EntityFrameworkCore.Infrastructure.ModelSource.CreateModel(DbContext context, ModelCreationDependencies modelCreationDependencies, Boolean designTime)
   at Microsoft.EntityFrameworkCore.Infrastructure.ModelSource.GetModel(DbContext context, ModelCreationDependencies modelCreationDependencies, Boolean designTime)
   at Microsoft.EntityFrameworkCore.Internal.DbContextServices.CreateModel(Boolean designTime)
   at Microsoft.EntityFrameworkCore.Internal.DbContextServices.get_Model()
   at Microsoft.EntityFrameworkCore.Infrastructure.EntityFrameworkServicesBuilder.<>c.<TryAddCoreServices>b__8_4(IServiceProvider p)
   at Microsoft.Extensions.DependencyInjection.ServiceLookup.CallSiteRuntimeResolver.VisitFactory(FactoryCallSite factoryCallSite, RuntimeResolverContext context)
   at Microsoft.Extensions.DependencyInjection.ServiceLookup.CallSiteRuntimeResolver.VisitCache(ServiceCallSite callSite, RuntimeResolverContext context, ServiceProviderEngineScope serviceProviderEngine, RuntimeResolverLock lockType)
   at Microsoft.Extensions.DependencyInjection.ServiceLookup.CallSiteRuntimeResolver.VisitScopeCache(ServiceCallSite callSite, RuntimeResolverContext context)
   at Microsoft.Extensions.DependencyInjection.ServiceLookup.CallSiteVisitor`2.VisitCallSite(ServiceCallSite callSite, TArgument argument)
   at Microsoft.Extensions.DependencyInjection.ServiceLookup.CallSiteRuntimeResolver.VisitConstructor(ConstructorCallSite constructorCallSite, RuntimeResolverContext context)
   at Microsoft.Extensions.DependencyInjection.ServiceLookup.CallSiteRuntimeResolver.VisitCache(ServiceCallSite callSite, RuntimeResolverContext context, ServiceProviderEngineScope serviceProviderEngine, RuntimeResolverLock lockType)
   at Microsoft.Extensions.DependencyInjection.ServiceLookup.CallSiteRuntimeResolver.VisitScopeCache(ServiceCallSite callSite, RuntimeResolverContext context)
   at Microsoft.Extensions.DependencyInjection.ServiceLookup.CallSiteVisitor`2.VisitCallSite(ServiceCallSite callSite, TArgument argument)
   at Microsoft.Extensions.DependencyInjection.ServiceLookup.CallSiteRuntimeResolver.VisitConstructor(ConstructorCallSite constructorCallSite, RuntimeResolverContext context)
   at Microsoft.Extensions.DependencyInjection.ServiceLookup.CallSiteRuntimeResolver.VisitCache(ServiceCallSite callSite, RuntimeResolverContext context, ServiceProviderEngineScope serviceProviderEngine, RuntimeResolverLock lockType)
   at Microsoft.Extensions.DependencyInjection.ServiceLookup.CallSiteRuntimeResolver.VisitScopeCache(ServiceCallSite callSite, RuntimeResolverContext context)
   at Microsoft.Extensions.DependencyInjection.ServiceLookup.CallSiteVisitor`2.VisitCallSite(ServiceCallSite callSite, TArgument argument)
   at Microsoft.Extensions.DependencyInjection.ServiceLookup.CallSiteRuntimeResolver.VisitConstructor(ConstructorCallSite constructorCallSite, RuntimeResolverContext context)
   at Microsoft.Extensions.DependencyInjection.ServiceLookup.CallSiteRuntimeResolver.VisitCache(ServiceCallSite callSite, RuntimeResolverContext context, ServiceProviderEngineScope serviceProviderEngine, RuntimeResolverLock lockType)
   at Microsoft.Extensions.DependencyInjection.ServiceLookup.CallSiteRuntimeResolver.VisitScopeCache(ServiceCallSite callSite, RuntimeResolverContext context)
   at Microsoft.Extensions.DependencyInjection.ServiceLookup.CallSiteVisitor`2.VisitCallSite(ServiceCallSite callSite, TArgument argument)
   at Microsoft.Extensions.DependencyInjection.ServiceLookup.CallSiteRuntimeResolver.VisitConstructor(ConstructorCallSite constructorCallSite, RuntimeResolverContext context)
   at Microsoft.Extensions.DependencyInjection.ServiceLookup.CallSiteRuntimeResolver.VisitCache(ServiceCallSite callSite, RuntimeResolverContext context, ServiceProviderEngineScope serviceProviderEngine, RuntimeResolverLock lockType)
   at Microsoft.Extensions.DependencyInjection.ServiceLookup.CallSiteRuntimeResolver.VisitScopeCache(ServiceCallSite callSite, RuntimeResolverContext context)
   at Microsoft.Extensions.DependencyInjection.ServiceLookup.CallSiteVisitor`2.VisitCallSite(ServiceCallSite callSite, TArgument argument)
   at Microsoft.Extensions.DependencyInjection.ServiceLookup.CallSiteRuntimeResolver.VisitConstructor(ConstructorCallSite constructorCallSite, RuntimeResolverContext context)
   at Microsoft.Extensions.DependencyInjection.ServiceLookup.CallSiteRuntimeResolver.VisitCache(ServiceCallSite callSite, RuntimeResolverContext context, ServiceProviderEngineScope serviceProviderEngine, RuntimeResolverLock lockType)
   at Microsoft.Extensions.DependencyInjection.ServiceLookup.CallSiteRuntimeResolver.VisitScopeCache(ServiceCallSite callSite, RuntimeResolverContext context)
   at Microsoft.Extensions.DependencyInjection.ServiceLookup.CallSiteVisitor`2.VisitCallSite(ServiceCallSite callSite, TArgument argument)
   at Microsoft.Extensions.DependencyInjection.ServiceLookup.CallSiteRuntimeResolver.Resolve(ServiceCallSite callSite, ServiceProviderEngineScope scope)
   at Microsoft.Extensions.DependencyInjection.ServiceLookup.DynamicServiceProviderEngine.<>c__DisplayClass2_0.<RealizeService>b__0(ServiceProviderEngineScope scope)
   at Microsoft.Extensions.DependencyInjection.ServiceProvider.GetService(ServiceIdentifier serviceIdentifier, ServiceProviderEngineScope serviceProviderEngineScope)
   at Microsoft.Extensions.DependencyInjection.ServiceLookup.ServiceProviderEngineScope.GetService(Type serviceType)
   at Microsoft.Extensions.DependencyInjection.ServiceProviderServiceExtensions.GetRequiredService(IServiceProvider provider, Type serviceType)
   at Microsoft.Extensions.DependencyInjection.ServiceProviderServiceExtensions.GetRequiredService[T](IServiceProvider provider)
   at Microsoft.EntityFrameworkCore.DbContext.get_DbContextDependencies()
   at Microsoft.EntityFrameworkCore.DbContext.get_ContextServices()
   at Microsoft.EntityFrameworkCore.DbContext.get_Model()
   at Microsoft.EntityFrameworkCore.Internal.InternalDbSet`1.get_EntityType()
   at Microsoft.EntityFrameworkCore.Internal.InternalDbSet`1.CheckState()
   at Microsoft.EntityFrameworkCore.Internal.InternalDbSet`1.get_EntityQueryable()
   at Microsoft.EntityFrameworkCore.Internal.InternalDbSet`1.System.Linq.IQueryable.get_Provider()
   at Microsoft.EntityFrameworkCore.EntityFrameworkQueryableExtensions.Include[TEntity,TProperty](IQueryable`1 source, Expression`1 navigationPropertyPath)
   at VSM.Repositories.BookingRepository.GetAll(Int32 pageNumber, Int32 pageSize, String search) in /Users/presidio/Desktop/Genspark/MiniProject/VehicleServiceManagement/Repositories/BookingRepository.cs:line 22
   at VSM.Services.BookingService.DisplaySlots() in /Users/presidio/Desktop/Genspark/MiniProject/VehicleServiceManagement/Services/BookingService.cs:line 87
   at VSM.Controllers.BookingController.GetAvailableSlots() in /Users/presidio/Desktop/Genspark/MiniProject/VehicleServiceManagement/Controllers/Bookingcontroller.cs:line 46

2025-06-29 18:39:30Z [ERROR] Error Getting Customer By Email
System.InvalidOperationException: The property 'Bill.Customer' could not be mapped because it is of type 'object', which is not a supported primitive type or a valid entity type. Either explicitly map this property, or ignore it using the '[NotMapped]' attribute or by using 'EntityTypeBuilder.Ignore' in 'OnModelCreating'.
   at Microsoft.EntityFrameworkCore.Infrastructure.ModelValidator.<ValidatePropertyMapping>g__Validate|7_0(IConventionTypeBase typeBase, <>c__DisplayClass7_0&)
   at Microsoft.EntityFrameworkCore.Infrastructure.ModelValidator.ValidatePropertyMapping(IModel model, IDiagnosticsLogger`1 logger)
   at Microsoft.EntityFrameworkCore.Infrastructure.ModelValidator.Validate(IModel model, IDiagnosticsLogger`1 logger)
   at Microsoft.EntityFrameworkCore.Infrastructure.RelationalModelValidator.Validate(IModel model, IDiagnosticsLogger`1 logger)
   at Npgsql.EntityFrameworkCore.PostgreSQL.Infrastructure.Internal.NpgsqlModelValidator.Validate(IModel model, IDiagnosticsLogger`1 logger)
   at Microsoft.EntityFrameworkCore.Infrastructure.ModelRuntimeInitializer.Initialize(IModel model, Boolean designTime, IDiagnosticsLogger`1 validationLogger)
   at Microsoft.EntityFrameworkCore.Infrastructure.ModelSource.CreateModel(DbContext context, ModelCreationDependencies modelCreationDependencies, Boolean designTime)
   at Microsoft.EntityFrameworkCore.Infrastructure.ModelSource.GetModel(DbContext context, ModelCreationDependencies modelCreationDependencies, Boolean designTime)
   at Microsoft.EntityFrameworkCore.Internal.DbContextServices.CreateModel(Boolean designTime)
   at Microsoft.EntityFrameworkCore.Internal.DbContextServices.get_Model()
   at Microsoft.EntityFrameworkCore.Infrastructure.EntityFrameworkServicesBuilder.<>c.<TryAddCoreServices>b__8_4(IServiceProvider p)
   at Microsoft.Extensions.DependencyInjection.ServiceLookup.CallSiteRuntimeResolver.VisitFactory(FactoryCallSite factoryCallSite, RuntimeResolverContext context)
   at Microsoft.Extensions.DependencyInjection.ServiceLookup.CallSiteRuntimeResolver.VisitCache(ServiceCallSite callSite, RuntimeResolverContext context, ServiceProviderEngineScope serviceProviderEngine, RuntimeResolverLock lockType)
   at Microsoft.Extensions.DependencyInjection.ServiceLookup.CallSiteRuntimeResolver.VisitScopeCache(ServiceCallSite callSite, RuntimeResolverContext context)
   at Microsoft.Extensions.DependencyInjection.ServiceLookup.CallSiteVisitor`2.VisitCallSite(ServiceCallSite callSite, TArgument argument)
   at Microsoft.Extensions.DependencyInjection.ServiceLookup.CallSiteRuntimeResolver.VisitConstructor(ConstructorCallSite constructorCallSite, RuntimeResolverContext context)
   at Microsoft.Extensions.DependencyInjection.ServiceLookup.CallSiteRuntimeResolver.VisitCache(ServiceCallSite callSite, RuntimeResolverContext context, ServiceProviderEngineScope serviceProviderEngine, RuntimeResolverLock lockType)
   at Microsoft.Extensions.DependencyInjection.ServiceLookup.CallSiteRuntimeResolver.VisitScopeCache(ServiceCallSite callSite, RuntimeResolverContext context)
   at Microsoft.Extensions.DependencyInjection.ServiceLookup.CallSiteVisitor`2.VisitCallSite(ServiceCallSite callSite, TArgument argument)
   at Microsoft.Extensions.DependencyInjection.ServiceLookup.CallSiteRuntimeResolver.VisitConstructor(ConstructorCallSite constructorCallSite, RuntimeResolverContext context)
   at Microsoft.Extensions.DependencyInjection.ServiceLookup.CallSiteRuntimeResolver.VisitCache(ServiceCallSite callSite, RuntimeResolverContext context, ServiceProviderEngineScope serviceProviderEngine, RuntimeResolverLock lockType)
   at Microsoft.Extensions.DependencyInjection.ServiceLookup.CallSiteRuntimeResolver.VisitScopeCache(ServiceCallSite callSite, RuntimeResolverContext context)
   at Microsoft.Extensions.DependencyInjection.ServiceLookup.CallSiteVisitor`2.VisitCallSite(ServiceCallSite callSite, TArgument argument)
   at Microsoft.Extensions.DependencyInjection.ServiceLookup.CallSiteRuntimeResolver.VisitConstructor(ConstructorCallSite constructorCallSite, RuntimeResolverContext context)
   at Microsoft.Extensions.DependencyInjection.ServiceLookup.CallSiteRuntimeResolver.VisitCache(ServiceCallSite callSite, RuntimeResolverContext context, ServiceProviderEngineScope serviceProviderEngine, RuntimeResolverLock lockType)
   at Microsoft.Extensions.DependencyInjection.ServiceLookup.CallSiteRuntimeResolver.VisitScopeCache(ServiceCallSite callSite, RuntimeResolverContext context)
   at Microsoft.Extensions.DependencyInjection.ServiceLookup.CallSiteVisitor`2.VisitCallSite(ServiceCallSite callSite, TArgument argument)
   at Microsoft.Extensions.DependencyInjection.ServiceLookup.CallSiteRuntimeResolver.VisitConstructor(ConstructorCallSite constructorCallSite, RuntimeResolverContext context)
   at Microsoft.Extensions.DependencyInjection.ServiceLookup.CallSiteRuntimeResolver.VisitCache(ServiceCallSite callSite, RuntimeResolverContext context, ServiceProviderEngineScope serviceProviderEngine, RuntimeResolverLock lockType)
   at Microsoft.Extensions.DependencyInjection.ServiceLookup.CallSiteRuntimeResolver.VisitScopeCache(ServiceCallSite callSite, RuntimeResolverContext context)
   at Microsoft.Extensions.DependencyInjection.ServiceLookup.CallSiteVisitor`2.VisitCallSite(ServiceCallSite callSite, TArgument argument)
   at Microsoft.Extensions.DependencyInjection.ServiceLookup.CallSiteRuntimeResolver.VisitConstructor(ConstructorCallSite constructorCallSite, RuntimeResolverContext context)
   at Microsoft.Extensions.DependencyInjection.ServiceLookup.CallSiteRuntimeResolver.VisitCache(ServiceCallSite callSite, RuntimeResolverContext context, ServiceProviderEngineScope serviceProviderEngine, RuntimeResolverLock lockType)
   at Microsoft.Extensions.DependencyInjection.ServiceLookup.CallSiteRuntimeResolver.VisitScopeCache(ServiceCallSite callSite, RuntimeResolverContext context)
   at Microsoft.Extensions.DependencyInjection.ServiceLookup.CallSiteVisitor`2.VisitCallSite(ServiceCallSite callSite, TArgument argument)
   at Microsoft.Extensions.DependencyInjection.ServiceLookup.CallSiteRuntimeResolver.Resolve(ServiceCallSite callSite, ServiceProviderEngineScope scope)
   at Microsoft.Extensions.DependencyInjection.ServiceLookup.DynamicServiceProviderEngine.<>c__DisplayClass2_0.<RealizeService>b__0(ServiceProviderEngineScope scope)
   at Microsoft.Extensions.DependencyInjection.ServiceProvider.GetService(ServiceIdentifier serviceIdentifier, ServiceProviderEngineScope serviceProviderEngineScope)
   at Microsoft.Extensions.DependencyInjection.ServiceLookup.ServiceProviderEngineScope.GetService(Type serviceType)
   at Microsoft.Extensions.DependencyInjection.ServiceProviderServiceExtensions.GetRequiredService(IServiceProvider provider, Type serviceType)
   at Microsoft.Extensions.DependencyInjection.ServiceProviderServiceExtensions.GetRequiredService[T](IServiceProvider provider)
   at Microsoft.EntityFrameworkCore.DbContext.get_DbContextDependencies()
   at Microsoft.EntityFrameworkCore.DbContext.get_ContextServices()
   at Microsoft.EntityFrameworkCore.DbContext.get_Model()
   at Microsoft.EntityFrameworkCore.Internal.InternalDbSet`1.get_EntityType()
   at Microsoft.EntityFrameworkCore.Internal.InternalDbSet`1.CheckState()
   at Microsoft.EntityFrameworkCore.Internal.InternalDbSet`1.get_EntityQueryable()
   at Microsoft.EntityFrameworkCore.Internal.InternalDbSet`1.System.Collections.Generic.IAsyncEnumerable<TEntity>.GetAsyncEnumerator(CancellationToken cancellationToken)
   at System.Runtime.CompilerServices.ConfiguredCancelableAsyncEnumerable`1.GetAsyncEnumerator()
   at Microsoft.EntityFrameworkCore.EntityFrameworkQueryableExtensions.ToListAsync[TSource](IQueryable`1 source, CancellationToken cancellationToken)
   at VSM.Repositories.CustomerRepository.GetAll(Int32 pageNumber, Int32 pageSize, String search) in /Users/presidio/Desktop/Genspark/MiniProject/VehicleServiceManagement/Repositories/CustomerRepository.cs:line 22
   at VSM.Services.CustomerService.GetByEmail(String email) in /Users/presidio/Desktop/Genspark/MiniProject/VehicleServiceManagement/Services/CustomerService.cs:line 84
   at VSM.Controllers.CustomerController.GetByEmail(String email) in /Users/presidio/Desktop/Genspark/MiniProject/VehicleServiceManagement/Controllers/CustomerController.cs:line 63

2025-06-29 18:39:33Z [ERROR] Error Downlodaing bill
2025-06-29 18:42:13Z [ERROR] Error Getting All Bookings
System.InvalidOperationException: The property 'Bill.Customer' could not be mapped because it is of type 'object', which is not a supported primitive type or a valid entity type. Either explicitly map this property, or ignore it using the '[NotMapped]' attribute or by using 'EntityTypeBuilder.Ignore' in 'OnModelCreating'.
   at Microsoft.EntityFrameworkCore.Infrastructure.ModelValidator.<ValidatePropertyMapping>g__Validate|7_0(IConventionTypeBase typeBase, <>c__DisplayClass7_0&)
   at Microsoft.EntityFrameworkCore.Infrastructure.ModelValidator.ValidatePropertyMapping(IModel model, IDiagnosticsLogger`1 logger)
   at Microsoft.EntityFrameworkCore.Infrastructure.ModelValidator.Validate(IModel model, IDiagnosticsLogger`1 logger)
   at Microsoft.EntityFrameworkCore.Infrastructure.RelationalModelValidator.Validate(IModel model, IDiagnosticsLogger`1 logger)
   at Npgsql.EntityFrameworkCore.PostgreSQL.Infrastructure.Internal.NpgsqlModelValidator.Validate(IModel model, IDiagnosticsLogger`1 logger)
   at Microsoft.EntityFrameworkCore.Infrastructure.ModelRuntimeInitializer.Initialize(IModel model, Boolean designTime, IDiagnosticsLogger`1 validationLogger)
   at Microsoft.EntityFrameworkCore.Infrastructure.ModelSource.CreateModel(DbContext context, ModelCreationDependencies modelCreationDependencies, Boolean designTime)
   at Microsoft.EntityFrameworkCore.Infrastructure.ModelSource.GetModel(DbContext context, ModelCreationDependencies modelCreationDependencies, Boolean designTime)
   at Microsoft.EntityFrameworkCore.Internal.DbContextServices.CreateModel(Boolean designTime)
   at Microsoft.EntityFrameworkCore.Internal.DbContextServices.get_Model()
   at Microsoft.EntityFrameworkCore.Infrastructure.EntityFrameworkServicesBuilder.<>c.<TryAddCoreServices>b__8_4(IServiceProvider p)
   at Microsoft.Extensions.DependencyInjection.ServiceLookup.CallSiteVisitor`2.VisitCallSiteMain(ServiceCallSite callSite, TArgument argument)
   at Microsoft.Extensions.DependencyInjection.ServiceLookup.CallSiteRuntimeResolver.VisitCache(ServiceCallSite callSite, RuntimeResolverContext context, ServiceProviderEngineScope serviceProviderEngine, RuntimeResolverLock lockType)
   at Microsoft.Extensions.DependencyInjection.ServiceLookup.CallSiteRuntimeResolver.VisitScopeCache(ServiceCallSite callSite, RuntimeResolverContext context)
   at Microsoft.Extensions.DependencyInjection.ServiceLookup.CallSiteVisitor`2.VisitCallSite(ServiceCallSite callSite, TArgument argument)
   at Microsoft.Extensions.DependencyInjection.ServiceLookup.CallSiteRuntimeResolver.VisitConstructor(ConstructorCallSite constructorCallSite, RuntimeResolverContext context)
   at Microsoft.Extensions.DependencyInjection.ServiceLookup.CallSiteVisitor`2.VisitCallSiteMain(ServiceCallSite callSite, TArgument argument)
   at Microsoft.Extensions.DependencyInjection.ServiceLookup.CallSiteRuntimeResolver.VisitCache(ServiceCallSite callSite, RuntimeResolverContext context, ServiceProviderEngineScope serviceProviderEngine, RuntimeResolverLock lockType)
   at Microsoft.Extensions.DependencyInjection.ServiceLookup.CallSiteRuntimeResolver.VisitScopeCache(ServiceCallSite callSite, RuntimeResolverContext context)
   at Microsoft.Extensions.DependencyInjection.ServiceLookup.CallSiteVisitor`2.VisitCallSite(ServiceCallSite callSite, TArgument argument)
   at Microsoft.Extensions.DependencyInjection.ServiceLookup.CallSiteRuntimeResolver.VisitConstructor(ConstructorCallSite constructorCallSite, RuntimeResolverContext context)
   at Microsoft.Extensions.DependencyInjection.ServiceLookup.CallSiteVisitor`2.VisitCallSiteMain(ServiceCallSite callSite, TArgument argument)
   at Microsoft.Extensions.DependencyInjection.ServiceLookup.CallSiteRuntimeResolver.VisitCache(ServiceCallSite callSite, RuntimeResolverContext context, ServiceProviderEngineScope serviceProviderEngine, RuntimeResolverLock lockType)
   at Microsoft.Extensions.DependencyInjection.ServiceLookup.CallSiteRuntimeResolver.VisitScopeCache(ServiceCallSite callSite, RuntimeResolverContext context)
   at Microsoft.Extensions.DependencyInjection.ServiceLookup.CallSiteVisitor`2.VisitCallSite(ServiceCallSite callSite, TArgument argument)
   at Microsoft.Extensions.DependencyInjection.ServiceLookup.CallSiteRuntimeResolver.VisitConstructor(ConstructorCallSite constructorCallSite, RuntimeResolverContext context)
   at Microsoft.Extensions.DependencyInjection.ServiceLookup.CallSiteVisitor`2.VisitCallSiteMain(ServiceCallSite callSite, TArgument argument)
   at Microsoft.Extensions.DependencyInjection.ServiceLookup.CallSiteRuntimeResolver.VisitCache(ServiceCallSite callSite, RuntimeResolverContext context, ServiceProviderEngineScope serviceProviderEngine, RuntimeResolverLock lockType)
   at Microsoft.Extensions.DependencyInjection.ServiceLookup.CallSiteRuntimeResolver.VisitScopeCache(ServiceCallSite callSite, RuntimeResolverContext context)
   at Microsoft.Extensions.DependencyInjection.ServiceLookup.CallSiteVisitor`2.VisitCallSite(ServiceCallSite callSite, TArgument argument)
   at Microsoft.Extensions.DependencyInjection.ServiceLookup.CallSiteRuntimeResolver.VisitConstructor(ConstructorCallSite constructorCallSite, RuntimeResolverContext context)
   at Microsoft.Extensions.DependencyInjection.ServiceLookup.CallSiteVisitor`2.VisitCallSiteMain(ServiceCallSite callSite, TArgument argument)
   at Microsoft.Extensions.DependencyInjection.ServiceLookup.CallSiteRuntimeResolver.VisitCache(ServiceCallSite callSite, RuntimeResolverContext context, ServiceProviderEngineScope serviceProviderEngine, RuntimeResolverLock lockType)
   at Microsoft.Extensions.DependencyInjection.ServiceLookup.CallSiteRuntimeResolver.VisitScopeCache(ServiceCallSite callSite, RuntimeResolverContext context)
   at Microsoft.Extensions.DependencyInjection.ServiceLookup.CallSiteVisitor`2.VisitCallSite(ServiceCallSite callSite, TArgument argument)
   at Microsoft.Extensions.DependencyInjection.ServiceLookup.CallSiteRuntimeResolver.VisitConstructor(ConstructorCallSite constructorCallSite, RuntimeResolverContext context)
   at Microsoft.Extensions.DependencyInjection.ServiceLookup.CallSiteVisitor`2.VisitCallSiteMain(ServiceCallSite callSite, TArgument argument)
   at Microsoft.Extensions.DependencyInjection.ServiceLookup.CallSiteRuntimeResolver.VisitCache(ServiceCallSite callSite, RuntimeResolverContext context, ServiceProviderEngineScope serviceProviderEngine, RuntimeResolverLock lockType)
   at Microsoft.Extensions.DependencyInjection.ServiceLookup.CallSiteRuntimeResolver.VisitScopeCache(ServiceCallSite callSite, RuntimeResolverContext context)
   at Microsoft.Extensions.DependencyInjection.ServiceLookup.CallSiteVisitor`2.VisitCallSite(ServiceCallSite callSite, TArgument argument)
   at Microsoft.Extensions.DependencyInjection.ServiceLookup.CallSiteRuntimeResolver.Resolve(ServiceCallSite callSite, ServiceProviderEngineScope scope)
   at Microsoft.Extensions.DependencyInjection.ServiceLookup.DynamicServiceProviderEngine.<>c__DisplayClass2_0.<RealizeService>b__0(ServiceProviderEngineScope scope)
   at Microsoft.Extensions.DependencyInjection.ServiceProvider.GetService(ServiceIdentifier serviceIdentifier, ServiceProviderEngineScope serviceProviderEngineScope)
   at Microsoft.Extensions.DependencyInjection.ServiceLookup.ServiceProviderEngineScope.GetService(Type serviceType)
   at Microsoft.Extensions.DependencyInjection.ServiceProviderServiceExtensions.GetRequiredService(IServiceProvider provider, Type serviceType)
   at Microsoft.Extensions.DependencyInjection.ServiceProviderServiceExtensions.GetRequiredService[T](IServiceProvider provider)
   at Microsoft.EntityFrameworkCore.DbContext.get_DbContextDependencies()
   at Microsoft.EntityFrameworkCore.DbContext.get_ContextServices()
   at Microsoft.EntityFrameworkCore.DbContext.get_Model()
   at Microsoft.EntityFrameworkCore.Internal.InternalDbSet`1.get_EntityType()
   at Microsoft.EntityFrameworkCore.Internal.InternalDbSet`1.CheckState()
   at Microsoft.EntityFrameworkCore.Internal.InternalDbSet`1.get_EntityQueryable()
   at Microsoft.EntityFrameworkCore.Internal.InternalDbSet`1.System.Linq.IQueryable.get_Provider()
   at Microsoft.EntityFrameworkCore.EntityFrameworkQueryableExtensions.Include[TEntity,TProperty](IQueryable`1 source, Expression`1 navigationPropertyPath)
   at VSM.Repositories.BookingRepository.GetAll(Int32 pageNumber, Int32 pageSize, String search) in /Users/presidio/Desktop/Genspark/MiniProject/VehicleServiceManagement/Repositories/BookingRepository.cs:line 22
   at VSM.Services.BookingService.GetAll() in /Users/presidio/Desktop/Genspark/MiniProject/VehicleServiceManagement/Services/BookingService.cs:line 122
   at VSM.Controllers.BookingController.GetAll() in /Users/presidio/Desktop/Genspark/MiniProject/VehicleServiceManagement/Controllers/Bookingcontroller.cs:line 76

2025-06-29 18:42:14Z [ERROR] Error Downlodaing bill
2025-06-29 18:42:24Z [ERROR] Error Getting Customer By Email
System.InvalidOperationException: The property 'Bill.Customer' could not be mapped because it is of type 'object', which is not a supported primitive type or a valid entity type. Either explicitly map this property, or ignore it using the '[NotMapped]' attribute or by using 'EntityTypeBuilder.Ignore' in 'OnModelCreating'.
   at Microsoft.EntityFrameworkCore.Infrastructure.ModelValidator.<ValidatePropertyMapping>g__Validate|7_0(IConventionTypeBase typeBase, <>c__DisplayClass7_0&)
   at Microsoft.EntityFrameworkCore.Infrastructure.ModelValidator.ValidatePropertyMapping(IModel model, IDiagnosticsLogger`1 logger)
   at Microsoft.EntityFrameworkCore.Infrastructure.ModelValidator.Validate(IModel model, IDiagnosticsLogger`1 logger)
   at Microsoft.EntityFrameworkCore.Infrastructure.RelationalModelValidator.Validate(IModel model, IDiagnosticsLogger`1 logger)
   at Npgsql.EntityFrameworkCore.PostgreSQL.Infrastructure.Internal.NpgsqlModelValidator.Validate(IModel model, IDiagnosticsLogger`1 logger)
   at Microsoft.EntityFrameworkCore.Infrastructure.ModelRuntimeInitializer.Initialize(IModel model, Boolean designTime, IDiagnosticsLogger`1 validationLogger)
   at Microsoft.EntityFrameworkCore.Infrastructure.ModelSource.CreateModel(DbContext context, ModelCreationDependencies modelCreationDependencies, Boolean designTime)
   at Microsoft.EntityFrameworkCore.Infrastructure.ModelSource.GetModel(DbContext context, ModelCreationDependencies modelCreationDependencies, Boolean designTime)
   at Microsoft.EntityFrameworkCore.Internal.DbContextServices.CreateModel(Boolean designTime)
   at Microsoft.EntityFrameworkCore.Internal.DbContextServices.get_Model()
   at Microsoft.EntityFrameworkCore.Infrastructure.EntityFrameworkServicesBuilder.<>c.<TryAddCoreServices>b__8_4(IServiceProvider p)
   at Microsoft.Extensions.DependencyInjection.ServiceLookup.CallSiteRuntimeResolver.VisitFactory(FactoryCallSite factoryCallSite, RuntimeResolverContext context)
   at Microsoft.Extensions.DependencyInjection.ServiceLookup.CallSiteRuntimeResolver.VisitCache(ServiceCallSite callSite, RuntimeResolverContext context, ServiceProviderEngineScope serviceProviderEngine, RuntimeResolverLock lockType)
   at Microsoft.Extensions.DependencyInjection.ServiceLookup.CallSiteRuntimeResolver.VisitScopeCache(ServiceCallSite callSite, RuntimeResolverContext context)
   at Microsoft.Extensions.DependencyInjection.ServiceLookup.CallSiteVisitor`2.VisitCallSite(ServiceCallSite callSite, TArgument argument)
   at Microsoft.Extensions.DependencyInjection.ServiceLookup.CallSiteRuntimeResolver.VisitConstructor(ConstructorCallSite constructorCallSite, RuntimeResolverContext context)
   at Microsoft.Extensions.DependencyInjection.ServiceLookup.CallSiteRuntimeResolver.VisitCache(ServiceCallSite callSite, RuntimeResolverContext context, ServiceProviderEngineScope serviceProviderEngine, RuntimeResolverLock lockType)
   at Microsoft.Extensions.DependencyInjection.ServiceLookup.CallSiteRuntimeResolver.VisitScopeCache(ServiceCallSite callSite, RuntimeResolverContext context)
   at Microsoft.Extensions.DependencyInjection.ServiceLookup.CallSiteVisitor`2.VisitCallSite(ServiceCallSite callSite, TArgument argument)
   at Microsoft.Extensions.DependencyInjection.ServiceLookup.CallSiteRuntimeResolver.VisitConstructor(ConstructorCallSite constructorCallSite, RuntimeResolverContext context)
   at Microsoft.Extensions.DependencyInjection.ServiceLookup.CallSiteRuntimeResolver.VisitCache(ServiceCallSite callSite, RuntimeResolverContext context, ServiceProviderEngineScope serviceProviderEngine, RuntimeResolverLock lockType)
   at Microsoft.Extensions.DependencyInjection.ServiceLookup.CallSiteRuntimeResolver.VisitScopeCache(ServiceCallSite callSite, RuntimeResolverContext context)
   at Microsoft.Extensions.DependencyInjection.ServiceLookup.CallSiteVisitor`2.VisitCallSite(ServiceCallSite callSite, TArgument argument)
   at Microsoft.Extensions.DependencyInjection.ServiceLookup.CallSiteRuntimeResolver.VisitConstructor(ConstructorCallSite constructorCallSite, RuntimeResolverContext context)
   at Microsoft.Extensions.DependencyInjection.ServiceLookup.CallSiteRuntimeResolver.VisitCache(ServiceCallSite callSite, RuntimeResolverContext context, ServiceProviderEngineScope serviceProviderEngine, RuntimeResolverLock lockType)
   at Microsoft.Extensions.DependencyInjection.ServiceLookup.CallSiteRuntimeResolver.VisitScopeCache(ServiceCallSite callSite, RuntimeResolverContext context)
   at Microsoft.Extensions.DependencyInjection.ServiceLookup.CallSiteVisitor`2.VisitCallSite(ServiceCallSite callSite, TArgument argument)
   at Microsoft.Extensions.DependencyInjection.ServiceLookup.CallSiteRuntimeResolver.VisitConstructor(ConstructorCallSite constructorCallSite, RuntimeResolverContext context)
   at Microsoft.Extensions.DependencyInjection.ServiceLookup.CallSiteRuntimeResolver.VisitCache(ServiceCallSite callSite, RuntimeResolverContext context, ServiceProviderEngineScope serviceProviderEngine, RuntimeResolverLock lockType)
   at Microsoft.Extensions.DependencyInjection.ServiceLookup.CallSiteRuntimeResolver.VisitScopeCache(ServiceCallSite callSite, RuntimeResolverContext context)
   at Microsoft.Extensions.DependencyInjection.ServiceLookup.CallSiteVisitor`2.VisitCallSite(ServiceCallSite callSite, TArgument argument)
   at Microsoft.Extensions.DependencyInjection.ServiceLookup.CallSiteRuntimeResolver.VisitConstructor(ConstructorCallSite constructorCallSite, RuntimeResolverContext context)
   at Microsoft.Extensions.DependencyInjection.ServiceLookup.CallSiteRuntimeResolver.VisitCache(ServiceCallSite callSite, RuntimeResolverContext context, ServiceProviderEngineScope serviceProviderEngine, RuntimeResolverLock lockType)
   at Microsoft.Extensions.DependencyInjection.ServiceLookup.CallSiteRuntimeResolver.VisitScopeCache(ServiceCallSite callSite, RuntimeResolverContext context)
   at Microsoft.Extensions.DependencyInjection.ServiceLookup.CallSiteVisitor`2.VisitCallSite(ServiceCallSite callSite, TArgument argument)
   at Microsoft.Extensions.DependencyInjection.ServiceLookup.CallSiteRuntimeResolver.Resolve(ServiceCallSite callSite, ServiceProviderEngineScope scope)
   at Microsoft.Extensions.DependencyInjection.ServiceLookup.DynamicServiceProviderEngine.<>c__DisplayClass2_0.<RealizeService>b__0(ServiceProviderEngineScope scope)
   at Microsoft.Extensions.DependencyInjection.ServiceProvider.GetService(ServiceIdentifier serviceIdentifier, ServiceProviderEngineScope serviceProviderEngineScope)
   at Microsoft.Extensions.DependencyInjection.ServiceLookup.ServiceProviderEngineScope.GetService(Type serviceType)
   at Microsoft.Extensions.DependencyInjection.ServiceProviderServiceExtensions.GetRequiredService(IServiceProvider provider, Type serviceType)
   at Microsoft.Extensions.DependencyInjection.ServiceProviderServiceExtensions.GetRequiredService[T](IServiceProvider provider)
   at Microsoft.EntityFrameworkCore.DbContext.get_DbContextDependencies()
   at Microsoft.EntityFrameworkCore.DbContext.get_ContextServices()
   at Microsoft.EntityFrameworkCore.DbContext.get_Model()
   at Microsoft.EntityFrameworkCore.Internal.InternalDbSet`1.get_EntityType()
   at Microsoft.EntityFrameworkCore.Internal.InternalDbSet`1.CheckState()
   at Microsoft.EntityFrameworkCore.Internal.InternalDbSet`1.get_EntityQueryable()
   at Microsoft.EntityFrameworkCore.Internal.InternalDbSet`1.System.Collections.Generic.IAsyncEnumerable<TEntity>.GetAsyncEnumerator(CancellationToken cancellationToken)
   at System.Runtime.CompilerServices.ConfiguredCancelableAsyncEnumerable`1.GetAsyncEnumerator()
   at Microsoft.EntityFrameworkCore.EntityFrameworkQueryableExtensions.ToListAsync[TSource](IQueryable`1 source, CancellationToken cancellationToken)
   at VSM.Repositories.CustomerRepository.GetAll(Int32 pageNumber, Int32 pageSize, String search) in /Users/presidio/Desktop/Genspark/MiniProject/VehicleServiceManagement/Repositories/CustomerRepository.cs:line 22
   at VSM.Services.CustomerService.GetByEmail(String email) in /Users/presidio/Desktop/Genspark/MiniProject/VehicleServiceManagement/Services/CustomerService.cs:line 84
   at VSM.Controllers.CustomerController.GetByEmail(String email) in /Users/presidio/Desktop/Genspark/MiniProject/VehicleServiceManagement/Controllers/CustomerController.cs:line 63

2025-06-29 18:42:24Z [ERROR] Error Getting Available Slots
System.InvalidOperationException: The property 'Bill.Customer' could not be mapped because it is of type 'object', which is not a supported primitive type or a valid entity type. Either explicitly map this property, or ignore it using the '[NotMapped]' attribute or by using 'EntityTypeBuilder.Ignore' in 'OnModelCreating'.
   at Microsoft.EntityFrameworkCore.Infrastructure.ModelValidator.<ValidatePropertyMapping>g__Validate|7_0(IConventionTypeBase typeBase, <>c__DisplayClass7_0&)
   at Microsoft.EntityFrameworkCore.Infrastructure.ModelValidator.ValidatePropertyMapping(IModel model, IDiagnosticsLogger`1 logger)
   at Microsoft.EntityFrameworkCore.Infrastructure.ModelValidator.Validate(IModel model, IDiagnosticsLogger`1 logger)
   at Microsoft.EntityFrameworkCore.Infrastructure.RelationalModelValidator.Validate(IModel model, IDiagnosticsLogger`1 logger)
   at Npgsql.EntityFrameworkCore.PostgreSQL.Infrastructure.Internal.NpgsqlModelValidator.Validate(IModel model, IDiagnosticsLogger`1 logger)
   at Microsoft.EntityFrameworkCore.Infrastructure.ModelRuntimeInitializer.Initialize(IModel model, Boolean designTime, IDiagnosticsLogger`1 validationLogger)
   at Microsoft.EntityFrameworkCore.Infrastructure.ModelSource.CreateModel(DbContext context, ModelCreationDependencies modelCreationDependencies, Boolean designTime)
   at Microsoft.EntityFrameworkCore.Infrastructure.ModelSource.GetModel(DbContext context, ModelCreationDependencies modelCreationDependencies, Boolean designTime)
   at Microsoft.EntityFrameworkCore.Internal.DbContextServices.CreateModel(Boolean designTime)
   at Microsoft.EntityFrameworkCore.Internal.DbContextServices.get_Model()
   at Microsoft.EntityFrameworkCore.Infrastructure.EntityFrameworkServicesBuilder.<>c.<TryAddCoreServices>b__8_4(IServiceProvider p)
   at Microsoft.Extensions.DependencyInjection.ServiceLookup.CallSiteRuntimeResolver.VisitFactory(FactoryCallSite factoryCallSite, RuntimeResolverContext context)
   at Microsoft.Extensions.DependencyInjection.ServiceLookup.CallSiteRuntimeResolver.VisitCache(ServiceCallSite callSite, RuntimeResolverContext context, ServiceProviderEngineScope serviceProviderEngine, RuntimeResolverLock lockType)
   at Microsoft.Extensions.DependencyInjection.ServiceLookup.CallSiteRuntimeResolver.VisitScopeCache(ServiceCallSite callSite, RuntimeResolverContext context)
   at Microsoft.Extensions.DependencyInjection.ServiceLookup.CallSiteVisitor`2.VisitCallSite(ServiceCallSite callSite, TArgument argument)
   at Microsoft.Extensions.DependencyInjection.ServiceLookup.CallSiteRuntimeResolver.VisitConstructor(ConstructorCallSite constructorCallSite, RuntimeResolverContext context)
   at Microsoft.Extensions.DependencyInjection.ServiceLookup.CallSiteRuntimeResolver.VisitCache(ServiceCallSite callSite, RuntimeResolverContext context, ServiceProviderEngineScope serviceProviderEngine, RuntimeResolverLock lockType)
   at Microsoft.Extensions.DependencyInjection.ServiceLookup.CallSiteRuntimeResolver.VisitScopeCache(ServiceCallSite callSite, RuntimeResolverContext context)
   at Microsoft.Extensions.DependencyInjection.ServiceLookup.CallSiteVisitor`2.VisitCallSite(ServiceCallSite callSite, TArgument argument)
   at Microsoft.Extensions.DependencyInjection.ServiceLookup.CallSiteRuntimeResolver.VisitConstructor(ConstructorCallSite constructorCallSite, RuntimeResolverContext context)
   at Microsoft.Extensions.DependencyInjection.ServiceLookup.CallSiteRuntimeResolver.VisitCache(ServiceCallSite callSite, RuntimeResolverContext context, ServiceProviderEngineScope serviceProviderEngine, RuntimeResolverLock lockType)
   at Microsoft.Extensions.DependencyInjection.ServiceLookup.CallSiteRuntimeResolver.VisitScopeCache(ServiceCallSite callSite, RuntimeResolverContext context)
   at Microsoft.Extensions.DependencyInjection.ServiceLookup.CallSiteVisitor`2.VisitCallSite(ServiceCallSite callSite, TArgument argument)
   at Microsoft.Extensions.DependencyInjection.ServiceLookup.CallSiteRuntimeResolver.VisitConstructor(ConstructorCallSite constructorCallSite, RuntimeResolverContext context)
   at Microsoft.Extensions.DependencyInjection.ServiceLookup.CallSiteRuntimeResolver.VisitCache(ServiceCallSite callSite, RuntimeResolverContext context, ServiceProviderEngineScope serviceProviderEngine, RuntimeResolverLock lockType)
   at Microsoft.Extensions.DependencyInjection.ServiceLookup.CallSiteRuntimeResolver.VisitScopeCache(ServiceCallSite callSite, RuntimeResolverContext context)
   at Microsoft.Extensions.DependencyInjection.ServiceLookup.CallSiteVisitor`2.VisitCallSite(ServiceCallSite callSite, TArgument argument)
   at Microsoft.Extensions.DependencyInjection.ServiceLookup.CallSiteRuntimeResolver.VisitConstructor(ConstructorCallSite constructorCallSite, RuntimeResolverContext context)
   at Microsoft.Extensions.DependencyInjection.ServiceLookup.CallSiteRuntimeResolver.VisitCache(ServiceCallSite callSite, RuntimeResolverContext context, ServiceProviderEngineScope serviceProviderEngine, RuntimeResolverLock lockType)
   at Microsoft.Extensions.DependencyInjection.ServiceLookup.CallSiteRuntimeResolver.VisitScopeCache(ServiceCallSite callSite, RuntimeResolverContext context)
   at Microsoft.Extensions.DependencyInjection.ServiceLookup.CallSiteVisitor`2.VisitCallSite(ServiceCallSite callSite, TArgument argument)
   at Microsoft.Extensions.DependencyInjection.ServiceLookup.CallSiteRuntimeResolver.VisitConstructor(ConstructorCallSite constructorCallSite, RuntimeResolverContext context)
   at Microsoft.Extensions.DependencyInjection.ServiceLookup.CallSiteRuntimeResolver.VisitCache(ServiceCallSite callSite, RuntimeResolverContext context, ServiceProviderEngineScope serviceProviderEngine, RuntimeResolverLock lockType)
   at Microsoft.Extensions.DependencyInjection.ServiceLookup.CallSiteRuntimeResolver.VisitScopeCache(ServiceCallSite callSite, RuntimeResolverContext context)
   at Microsoft.Extensions.DependencyInjection.ServiceLookup.CallSiteVisitor`2.VisitCallSite(ServiceCallSite callSite, TArgument argument)
   at Microsoft.Extensions.DependencyInjection.ServiceLookup.CallSiteRuntimeResolver.Resolve(ServiceCallSite callSite, ServiceProviderEngineScope scope)
   at Microsoft.Extensions.DependencyInjection.ServiceLookup.DynamicServiceProviderEngine.<>c__DisplayClass2_0.<RealizeService>b__0(ServiceProviderEngineScope scope)
   at Microsoft.Extensions.DependencyInjection.ServiceProvider.GetService(ServiceIdentifier serviceIdentifier, ServiceProviderEngineScope serviceProviderEngineScope)
   at Microsoft.Extensions.DependencyInjection.ServiceLookup.ServiceProviderEngineScope.GetService(Type serviceType)
   at Microsoft.Extensions.DependencyInjection.ServiceProviderServiceExtensions.GetRequiredService(IServiceProvider provider, Type serviceType)
   at Microsoft.Extensions.DependencyInjection.ServiceProviderServiceExtensions.GetRequiredService[T](IServiceProvider provider)
   at Microsoft.EntityFrameworkCore.DbContext.get_DbContextDependencies()
   at Microsoft.EntityFrameworkCore.DbContext.get_ContextServices()
   at Microsoft.EntityFrameworkCore.DbContext.get_Model()
   at Microsoft.EntityFrameworkCore.Internal.InternalDbSet`1.get_EntityType()
   at Microsoft.EntityFrameworkCore.Internal.InternalDbSet`1.CheckState()
   at Microsoft.EntityFrameworkCore.Internal.InternalDbSet`1.get_EntityQueryable()
   at Microsoft.EntityFrameworkCore.Internal.InternalDbSet`1.System.Linq.IQueryable.get_Provider()
   at Microsoft.EntityFrameworkCore.EntityFrameworkQueryableExtensions.Include[TEntity,TProperty](IQueryable`1 source, Expression`1 navigationPropertyPath)
   at VSM.Repositories.BookingRepository.GetAll(Int32 pageNumber, Int32 pageSize, String search) in /Users/presidio/Desktop/Genspark/MiniProject/VehicleServiceManagement/Repositories/BookingRepository.cs:line 22
   at VSM.Services.BookingService.DisplaySlots() in /Users/presidio/Desktop/Genspark/MiniProject/VehicleServiceManagement/Services/BookingService.cs:line 87
   at VSM.Controllers.BookingController.GetAvailableSlots() in /Users/presidio/Desktop/Genspark/MiniProject/VehicleServiceManagement/Controllers/Bookingcontroller.cs:line 46

2025-06-29 18:42:27Z [ERROR] Error Getting All Bookings
System.InvalidOperationException: The property 'Bill.Customer' could not be mapped because it is of type 'object', which is not a supported primitive type or a valid entity type. Either explicitly map this property, or ignore it using the '[NotMapped]' attribute or by using 'EntityTypeBuilder.Ignore' in 'OnModelCreating'.
   at Microsoft.EntityFrameworkCore.Infrastructure.ModelValidator.<ValidatePropertyMapping>g__Validate|7_0(IConventionTypeBase typeBase, <>c__DisplayClass7_0&)
   at Microsoft.EntityFrameworkCore.Infrastructure.ModelValidator.ValidatePropertyMapping(IModel model, IDiagnosticsLogger`1 logger)
   at Microsoft.EntityFrameworkCore.Infrastructure.ModelValidator.Validate(IModel model, IDiagnosticsLogger`1 logger)
   at Microsoft.EntityFrameworkCore.Infrastructure.RelationalModelValidator.Validate(IModel model, IDiagnosticsLogger`1 logger)
   at Npgsql.EntityFrameworkCore.PostgreSQL.Infrastructure.Internal.NpgsqlModelValidator.Validate(IModel model, IDiagnosticsLogger`1 logger)
   at Microsoft.EntityFrameworkCore.Infrastructure.ModelRuntimeInitializer.Initialize(IModel model, Boolean designTime, IDiagnosticsLogger`1 validationLogger)
   at Microsoft.EntityFrameworkCore.Infrastructure.ModelSource.CreateModel(DbContext context, ModelCreationDependencies modelCreationDependencies, Boolean designTime)
   at Microsoft.EntityFrameworkCore.Infrastructure.ModelSource.GetModel(DbContext context, ModelCreationDependencies modelCreationDependencies, Boolean designTime)
   at Microsoft.EntityFrameworkCore.Internal.DbContextServices.CreateModel(Boolean designTime)
   at Microsoft.EntityFrameworkCore.Internal.DbContextServices.get_Model()
   at Microsoft.EntityFrameworkCore.Infrastructure.EntityFrameworkServicesBuilder.<>c.<TryAddCoreServices>b__8_4(IServiceProvider p)
   at Microsoft.Extensions.DependencyInjection.ServiceLookup.CallSiteVisitor`2.VisitCallSiteMain(ServiceCallSite callSite, TArgument argument)
   at Microsoft.Extensions.DependencyInjection.ServiceLookup.CallSiteRuntimeResolver.VisitCache(ServiceCallSite callSite, RuntimeResolverContext context, ServiceProviderEngineScope serviceProviderEngine, RuntimeResolverLock lockType)
   at Microsoft.Extensions.DependencyInjection.ServiceLookup.CallSiteVisitor`2.VisitCallSite(ServiceCallSite callSite, TArgument argument)
   at Microsoft.Extensions.DependencyInjection.ServiceLookup.CallSiteVisitor`2.VisitCallSiteMain(ServiceCallSite callSite, TArgument argument)
   at Microsoft.Extensions.DependencyInjection.ServiceLookup.CallSiteRuntimeResolver.VisitCache(ServiceCallSite callSite, RuntimeResolverContext context, ServiceProviderEngineScope serviceProviderEngine, RuntimeResolverLock lockType)
   at Microsoft.Extensions.DependencyInjection.ServiceLookup.CallSiteVisitor`2.VisitCallSite(ServiceCallSite callSite, TArgument argument)
   at Microsoft.Extensions.DependencyInjection.ServiceLookup.CallSiteVisitor`2.VisitCallSiteMain(ServiceCallSite callSite, TArgument argument)
   at Microsoft.Extensions.DependencyInjection.ServiceLookup.CallSiteRuntimeResolver.VisitCache(ServiceCallSite callSite, RuntimeResolverContext context, ServiceProviderEngineScope serviceProviderEngine, RuntimeResolverLock lockType)
   at Microsoft.Extensions.DependencyInjection.ServiceLookup.CallSiteVisitor`2.VisitCallSite(ServiceCallSite callSite, TArgument argument)
   at Microsoft.Extensions.DependencyInjection.ServiceLookup.CallSiteVisitor`2.VisitCallSiteMain(ServiceCallSite callSite, TArgument argument)
   at Microsoft.Extensions.DependencyInjection.ServiceLookup.CallSiteRuntimeResolver.VisitCache(ServiceCallSite callSite, RuntimeResolverContext context, ServiceProviderEngineScope serviceProviderEngine, RuntimeResolverLock lockType)
   at Microsoft.Extensions.DependencyInjection.ServiceLookup.CallSiteVisitor`2.VisitCallSite(ServiceCallSite callSite, TArgument argument)
   at Microsoft.Extensions.DependencyInjection.ServiceLookup.CallSiteVisitor`2.VisitCallSiteMain(ServiceCallSite callSite, TArgument argument)
   at Microsoft.Extensions.DependencyInjection.ServiceLookup.CallSiteRuntimeResolver.VisitCache(ServiceCallSite callSite, RuntimeResolverContext context, ServiceProviderEngineScope serviceProviderEngine, RuntimeResolverLock lockType)
   at Microsoft.Extensions.DependencyInjection.ServiceLookup.CallSiteVisitor`2.VisitCallSite(ServiceCallSite callSite, TArgument argument)
   at Microsoft.Extensions.DependencyInjection.ServiceLookup.CallSiteVisitor`2.VisitCallSiteMain(ServiceCallSite callSite, TArgument argument)
   at Microsoft.Extensions.DependencyInjection.ServiceLookup.CallSiteRuntimeResolver.VisitCache(ServiceCallSite callSite, RuntimeResolverContext context, ServiceProviderEngineScope serviceProviderEngine, RuntimeResolverLock lockType)
   at Microsoft.Extensions.DependencyInjection.ServiceLookup.CallSiteVisitor`2.VisitCallSite(ServiceCallSite callSite, TArgument argument)
   at Microsoft.Extensions.DependencyInjection.ServiceLookup.CallSiteRuntimeResolver.Resolve(ServiceCallSite callSite, ServiceProviderEngineScope scope)
   at Microsoft.Extensions.DependencyInjection.ServiceLookup.DynamicServiceProviderEngine.<>c__DisplayClass2_0.<RealizeService>b__0(ServiceProviderEngineScope scope)
   at Microsoft.Extensions.DependencyInjection.ServiceProviderServiceExtensions.GetRequiredService(IServiceProvider provider, Type serviceType)
   at Microsoft.Extensions.DependencyInjection.ServiceProviderServiceExtensions.GetRequiredService[T](IServiceProvider provider)
   at Microsoft.EntityFrameworkCore.DbContext.get_DbContextDependencies()
   at Microsoft.EntityFrameworkCore.DbContext.get_ContextServices()
   at Microsoft.EntityFrameworkCore.DbContext.get_Model()
   at Microsoft.EntityFrameworkCore.Internal.InternalDbSet`1.get_EntityType()
   at Microsoft.EntityFrameworkCore.Internal.InternalDbSet`1.CheckState()
   at Microsoft.EntityFrameworkCore.Internal.InternalDbSet`1.get_EntityQueryable()
   at Microsoft.EntityFrameworkCore.Internal.InternalDbSet`1.System.Linq.IQueryable.get_Provider()
   at Microsoft.EntityFrameworkCore.EntityFrameworkQueryableExtensions.Include[TEntity,TProperty](IQueryable`1 source, Expression`1 navigationPropertyPath)
   at VSM.Repositories.BookingRepository.GetAll(Int32 pageNumber, Int32 pageSize, String search) in /Users/presidio/Desktop/Genspark/MiniProject/VehicleServiceManagement/Repositories/BookingRepository.cs:line 22
   at VSM.Services.BookingService.GetAll() in /Users/presidio/Desktop/Genspark/MiniProject/VehicleServiceManagement/Services/BookingService.cs:line 122
   at VSM.Controllers.BookingController.GetAll() in /Users/presidio/Desktop/Genspark/MiniProject/VehicleServiceManagement/Controllers/Bookingcontroller.cs:line 76

2025-06-29 18:42:27Z [ERROR] Error Getting Customer By Email
System.InvalidOperationException: The property 'Bill.Customer' could not be mapped because it is of type 'object', which is not a supported primitive type or a valid entity type. Either explicitly map this property, or ignore it using the '[NotMapped]' attribute or by using 'EntityTypeBuilder.Ignore' in 'OnModelCreating'.
   at Microsoft.EntityFrameworkCore.Infrastructure.ModelValidator.<ValidatePropertyMapping>g__Validate|7_0(IConventionTypeBase typeBase, <>c__DisplayClass7_0&)
   at Microsoft.EntityFrameworkCore.Infrastructure.ModelValidator.ValidatePropertyMapping(IModel model, IDiagnosticsLogger`1 logger)
   at Microsoft.EntityFrameworkCore.Infrastructure.ModelValidator.Validate(IModel model, IDiagnosticsLogger`1 logger)
   at Microsoft.EntityFrameworkCore.Infrastructure.RelationalModelValidator.Validate(IModel model, IDiagnosticsLogger`1 logger)
   at Npgsql.EntityFrameworkCore.PostgreSQL.Infrastructure.Internal.NpgsqlModelValidator.Validate(IModel model, IDiagnosticsLogger`1 logger)
   at Microsoft.EntityFrameworkCore.Infrastructure.ModelRuntimeInitializer.Initialize(IModel model, Boolean designTime, IDiagnosticsLogger`1 validationLogger)
   at Microsoft.EntityFrameworkCore.Infrastructure.ModelSource.CreateModel(DbContext context, ModelCreationDependencies modelCreationDependencies, Boolean designTime)
   at Microsoft.EntityFrameworkCore.Infrastructure.ModelSource.GetModel(DbContext context, ModelCreationDependencies modelCreationDependencies, Boolean designTime)
   at Microsoft.EntityFrameworkCore.Internal.DbContextServices.CreateModel(Boolean designTime)
   at Microsoft.EntityFrameworkCore.Internal.DbContextServices.get_Model()
   at Microsoft.EntityFrameworkCore.Infrastructure.EntityFrameworkServicesBuilder.<>c.<TryAddCoreServices>b__8_4(IServiceProvider p)
   at Microsoft.Extensions.DependencyInjection.ServiceLookup.CallSiteVisitor`2.VisitCallSiteMain(ServiceCallSite callSite, TArgument argument)
   at Microsoft.Extensions.DependencyInjection.ServiceLookup.CallSiteRuntimeResolver.VisitCache(ServiceCallSite callSite, RuntimeResolverContext context, ServiceProviderEngineScope serviceProviderEngine, RuntimeResolverLock lockType)
   at Microsoft.Extensions.DependencyInjection.ServiceLookup.CallSiteVisitor`2.VisitCallSite(ServiceCallSite callSite, TArgument argument)
   at Microsoft.Extensions.DependencyInjection.ServiceLookup.CallSiteVisitor`2.VisitCallSiteMain(ServiceCallSite callSite, TArgument argument)
   at Microsoft.Extensions.DependencyInjection.ServiceLookup.CallSiteRuntimeResolver.VisitCache(ServiceCallSite callSite, RuntimeResolverContext context, ServiceProviderEngineScope serviceProviderEngine, RuntimeResolverLock lockType)
   at Microsoft.Extensions.DependencyInjection.ServiceLookup.CallSiteVisitor`2.VisitCallSite(ServiceCallSite callSite, TArgument argument)
   at Microsoft.Extensions.DependencyInjection.ServiceLookup.CallSiteVisitor`2.VisitCallSiteMain(ServiceCallSite callSite, TArgument argument)
   at Microsoft.Extensions.DependencyInjection.ServiceLookup.CallSiteRuntimeResolver.VisitCache(ServiceCallSite callSite, RuntimeResolverContext context, ServiceProviderEngineScope serviceProviderEngine, RuntimeResolverLock lockType)
   at Microsoft.Extensions.DependencyInjection.ServiceLookup.CallSiteVisitor`2.VisitCallSite(ServiceCallSite callSite, TArgument argument)
   at Microsoft.Extensions.DependencyInjection.ServiceLookup.CallSiteVisitor`2.VisitCallSiteMain(ServiceCallSite callSite, TArgument argument)
   at Microsoft.Extensions.DependencyInjection.ServiceLookup.CallSiteRuntimeResolver.VisitCache(ServiceCallSite callSite, RuntimeResolverContext context, ServiceProviderEngineScope serviceProviderEngine, RuntimeResolverLock lockType)
   at Microsoft.Extensions.DependencyInjection.ServiceLookup.CallSiteVisitor`2.VisitCallSite(ServiceCallSite callSite, TArgument argument)
   at Microsoft.Extensions.DependencyInjection.ServiceLookup.CallSiteVisitor`2.VisitCallSiteMain(ServiceCallSite callSite, TArgument argument)
   at Microsoft.Extensions.DependencyInjection.ServiceLookup.CallSiteRuntimeResolver.VisitCache(ServiceCallSite callSite, RuntimeResolverContext context, ServiceProviderEngineScope serviceProviderEngine, RuntimeResolverLock lockType)
   at Microsoft.Extensions.DependencyInjection.ServiceLookup.CallSiteVisitor`2.VisitCallSite(ServiceCallSite callSite, TArgument argument)
   at Microsoft.Extensions.DependencyInjection.ServiceLookup.CallSiteVisitor`2.VisitCallSiteMain(ServiceCallSite callSite, TArgument argument)
   at Microsoft.Extensions.DependencyInjection.ServiceLookup.CallSiteRuntimeResolver.VisitCache(ServiceCallSite callSite, RuntimeResolverContext context, ServiceProviderEngineScope serviceProviderEngine, RuntimeResolverLock lockType)
   at Microsoft.Extensions.DependencyInjection.ServiceLookup.CallSiteVisitor`2.VisitCallSite(ServiceCallSite callSite, TArgument argument)
   at Microsoft.Extensions.DependencyInjection.ServiceLookup.CallSiteRuntimeResolver.Resolve(ServiceCallSite callSite, ServiceProviderEngineScope scope)
   at Microsoft.Extensions.DependencyInjection.ServiceLookup.DynamicServiceProviderEngine.<>c__DisplayClass2_0.<RealizeService>b__0(ServiceProviderEngineScope scope)
   at Microsoft.Extensions.DependencyInjection.ServiceProviderServiceExtensions.GetRequiredService(IServiceProvider provider, Type serviceType)
   at Microsoft.Extensions.DependencyInjection.ServiceProviderServiceExtensions.GetRequiredService[T](IServiceProvider provider)
   at Microsoft.EntityFrameworkCore.DbContext.get_DbContextDependencies()
   at Microsoft.EntityFrameworkCore.DbContext.get_ContextServices()
   at Microsoft.EntityFrameworkCore.DbContext.get_Model()
   at Microsoft.EntityFrameworkCore.Internal.InternalDbSet`1.get_EntityType()
   at Microsoft.EntityFrameworkCore.Internal.InternalDbSet`1.CheckState()
   at Microsoft.EntityFrameworkCore.Internal.InternalDbSet`1.get_EntityQueryable()
   at Microsoft.EntityFrameworkCore.Internal.InternalDbSet`1.System.Collections.Generic.IAsyncEnumerable<TEntity>.GetAsyncEnumerator(CancellationToken cancellationToken)
   at System.Runtime.CompilerServices.ConfiguredCancelableAsyncEnumerable`1.GetAsyncEnumerator()
   at Microsoft.EntityFrameworkCore.EntityFrameworkQueryableExtensions.ToListAsync[TSource](IQueryable`1 source, CancellationToken cancellationToken)
   at VSM.Repositories.CustomerRepository.GetAll(Int32 pageNumber, Int32 pageSize, String search) in /Users/presidio/Desktop/Genspark/MiniProject/VehicleServiceManagement/Repositories/CustomerRepository.cs:line 22
   at VSM.Services.CustomerService.GetByEmail(String email) in /Users/presidio/Desktop/Genspark/MiniProject/VehicleServiceManagement/Services/CustomerService.cs:line 84
   at VSM.Controllers.CustomerController.GetByEmail(String email) in /Users/presidio/Desktop/Genspark/MiniProject/VehicleServiceManagement/Controllers/CustomerController.cs:line 63

2025-06-29 18:42:27Z [ERROR] Error Getting Available Slots
System.InvalidOperationException: The property 'Bill.Customer' could not be mapped because it is of type 'object', which is not a supported primitive type or a valid entity type. Either explicitly map this property, or ignore it using the '[NotMapped]' attribute or by using 'EntityTypeBuilder.Ignore' in 'OnModelCreating'.
   at Microsoft.EntityFrameworkCore.Infrastructure.ModelValidator.<ValidatePropertyMapping>g__Validate|7_0(IConventionTypeBase typeBase, <>c__DisplayClass7_0&)
   at Microsoft.EntityFrameworkCore.Infrastructure.ModelValidator.ValidatePropertyMapping(IModel model, IDiagnosticsLogger`1 logger)
   at Microsoft.EntityFrameworkCore.Infrastructure.ModelValidator.Validate(IModel model, IDiagnosticsLogger`1 logger)
   at Microsoft.EntityFrameworkCore.Infrastructure.RelationalModelValidator.Validate(IModel model, IDiagnosticsLogger`1 logger)
   at Npgsql.EntityFrameworkCore.PostgreSQL.Infrastructure.Internal.NpgsqlModelValidator.Validate(IModel model, IDiagnosticsLogger`1 logger)
   at Microsoft.EntityFrameworkCore.Infrastructure.ModelRuntimeInitializer.Initialize(IModel model, Boolean designTime, IDiagnosticsLogger`1 validationLogger)
   at Microsoft.EntityFrameworkCore.Infrastructure.ModelSource.CreateModel(DbContext context, ModelCreationDependencies modelCreationDependencies, Boolean designTime)
   at Microsoft.EntityFrameworkCore.Infrastructure.ModelSource.GetModel(DbContext context, ModelCreationDependencies modelCreationDependencies, Boolean designTime)
   at Microsoft.EntityFrameworkCore.Internal.DbContextServices.CreateModel(Boolean designTime)
   at Microsoft.EntityFrameworkCore.Internal.DbContextServices.get_Model()
   at Microsoft.EntityFrameworkCore.Infrastructure.EntityFrameworkServicesBuilder.<>c.<TryAddCoreServices>b__8_4(IServiceProvider p)
   at Microsoft.Extensions.DependencyInjection.ServiceLookup.CallSiteVisitor`2.VisitCallSiteMain(ServiceCallSite callSite, TArgument argument)
   at Microsoft.Extensions.DependencyInjection.ServiceLookup.CallSiteRuntimeResolver.VisitCache(ServiceCallSite callSite, RuntimeResolverContext context, ServiceProviderEngineScope serviceProviderEngine, RuntimeResolverLock lockType)
   at Microsoft.Extensions.DependencyInjection.ServiceLookup.CallSiteVisitor`2.VisitCallSite(ServiceCallSite callSite, TArgument argument)
   at Microsoft.Extensions.DependencyInjection.ServiceLookup.CallSiteVisitor`2.VisitCallSiteMain(ServiceCallSite callSite, TArgument argument)
   at Microsoft.Extensions.DependencyInjection.ServiceLookup.CallSiteRuntimeResolver.VisitCache(ServiceCallSite callSite, RuntimeResolverContext context, ServiceProviderEngineScope serviceProviderEngine, RuntimeResolverLock lockType)
   at Microsoft.Extensions.DependencyInjection.ServiceLookup.CallSiteVisitor`2.VisitCallSite(ServiceCallSite callSite, TArgument argument)
   at Microsoft.Extensions.DependencyInjection.ServiceLookup.CallSiteVisitor`2.VisitCallSiteMain(ServiceCallSite callSite, TArgument argument)
   at Microsoft.Extensions.DependencyInjection.ServiceLookup.CallSiteRuntimeResolver.VisitCache(ServiceCallSite callSite, RuntimeResolverContext context, ServiceProviderEngineScope serviceProviderEngine, RuntimeResolverLock lockType)
   at Microsoft.Extensions.DependencyInjection.ServiceLookup.CallSiteVisitor`2.VisitCallSite(ServiceCallSite callSite, TArgument argument)
   at Microsoft.Extensions.DependencyInjection.ServiceLookup.CallSiteVisitor`2.VisitCallSiteMain(ServiceCallSite callSite, TArgument argument)
   at Microsoft.Extensions.DependencyInjection.ServiceLookup.CallSiteRuntimeResolver.VisitCache(ServiceCallSite callSite, RuntimeResolverContext context, ServiceProviderEngineScope serviceProviderEngine, RuntimeResolverLock lockType)
   at Microsoft.Extensions.DependencyInjection.ServiceLookup.CallSiteVisitor`2.VisitCallSite(ServiceCallSite callSite, TArgument argument)
   at Microsoft.Extensions.DependencyInjection.ServiceLookup.CallSiteVisitor`2.VisitCallSiteMain(ServiceCallSite callSite, TArgument argument)
   at Microsoft.Extensions.DependencyInjection.ServiceLookup.CallSiteRuntimeResolver.VisitCache(ServiceCallSite callSite, RuntimeResolverContext context, ServiceProviderEngineScope serviceProviderEngine, RuntimeResolverLock lockType)
   at Microsoft.Extensions.DependencyInjection.ServiceLookup.CallSiteVisitor`2.VisitCallSite(ServiceCallSite callSite, TArgument argument)
   at Microsoft.Extensions.DependencyInjection.ServiceLookup.CallSiteVisitor`2.VisitCallSiteMain(ServiceCallSite callSite, TArgument argument)
   at Microsoft.Extensions.DependencyInjection.ServiceLookup.CallSiteRuntimeResolver.VisitCache(ServiceCallSite callSite, RuntimeResolverContext context, ServiceProviderEngineScope serviceProviderEngine, RuntimeResolverLock lockType)
   at Microsoft.Extensions.DependencyInjection.ServiceLookup.CallSiteVisitor`2.VisitCallSite(ServiceCallSite callSite, TArgument argument)
   at Microsoft.Extensions.DependencyInjection.ServiceLookup.CallSiteRuntimeResolver.Resolve(ServiceCallSite callSite, ServiceProviderEngineScope scope)
   at Microsoft.Extensions.DependencyInjection.ServiceLookup.DynamicServiceProviderEngine.<>c__DisplayClass2_0.<RealizeService>b__0(ServiceProviderEngineScope scope)
   at Microsoft.Extensions.DependencyInjection.ServiceProviderServiceExtensions.GetRequiredService(IServiceProvider provider, Type serviceType)
   at Microsoft.Extensions.DependencyInjection.ServiceProviderServiceExtensions.GetRequiredService[T](IServiceProvider provider)
   at Microsoft.EntityFrameworkCore.DbContext.get_DbContextDependencies()
   at Microsoft.EntityFrameworkCore.DbContext.get_ContextServices()
   at Microsoft.EntityFrameworkCore.DbContext.get_Model()
   at Microsoft.EntityFrameworkCore.Internal.InternalDbSet`1.get_EntityType()
   at Microsoft.EntityFrameworkCore.Internal.InternalDbSet`1.CheckState()
   at Microsoft.EntityFrameworkCore.Internal.InternalDbSet`1.get_EntityQueryable()
   at Microsoft.EntityFrameworkCore.Internal.InternalDbSet`1.System.Linq.IQueryable.get_Provider()
   at Microsoft.EntityFrameworkCore.EntityFrameworkQueryableExtensions.Include[TEntity,TProperty](IQueryable`1 source, Expression`1 navigationPropertyPath)
   at VSM.Repositories.BookingRepository.GetAll(Int32 pageNumber, Int32 pageSize, String search) in /Users/presidio/Desktop/Genspark/MiniProject/VehicleServiceManagement/Repositories/BookingRepository.cs:line 22
   at VSM.Services.BookingService.DisplaySlots() in /Users/presidio/Desktop/Genspark/MiniProject/VehicleServiceManagement/Services/BookingService.cs:line 87
   at VSM.Controllers.BookingController.GetAvailableSlots() in /Users/presidio/Desktop/Genspark/MiniProject/VehicleServiceManagement/Controllers/Bookingcontroller.cs:line 46

2025-06-29 18:44:02Z [ERROR] Error Getting All Bookings
System.InvalidOperationException: The property 'Bill.Customer' could not be mapped because it is of type 'object', which is not a supported primitive type or a valid entity type. Either explicitly map this property, or ignore it using the '[NotMapped]' attribute or by using 'EntityTypeBuilder.Ignore' in 'OnModelCreating'.
   at Microsoft.EntityFrameworkCore.Infrastructure.ModelValidator.<ValidatePropertyMapping>g__Validate|7_0(IConventionTypeBase typeBase, <>c__DisplayClass7_0&)
   at Microsoft.EntityFrameworkCore.Infrastructure.ModelValidator.ValidatePropertyMapping(IModel model, IDiagnosticsLogger`1 logger)
   at Microsoft.EntityFrameworkCore.Infrastructure.ModelValidator.Validate(IModel model, IDiagnosticsLogger`1 logger)
   at Microsoft.EntityFrameworkCore.Infrastructure.RelationalModelValidator.Validate(IModel model, IDiagnosticsLogger`1 logger)
   at Npgsql.EntityFrameworkCore.PostgreSQL.Infrastructure.Internal.NpgsqlModelValidator.Validate(IModel model, IDiagnosticsLogger`1 logger)
   at Microsoft.EntityFrameworkCore.Infrastructure.ModelRuntimeInitializer.Initialize(IModel model, Boolean designTime, IDiagnosticsLogger`1 validationLogger)
   at Microsoft.EntityFrameworkCore.Infrastructure.ModelSource.CreateModel(DbContext context, ModelCreationDependencies modelCreationDependencies, Boolean designTime)
   at Microsoft.EntityFrameworkCore.Infrastructure.ModelSource.GetModel(DbContext context, ModelCreationDependencies modelCreationDependencies, Boolean designTime)
   at Microsoft.EntityFrameworkCore.Internal.DbContextServices.CreateModel(Boolean designTime)
   at Microsoft.EntityFrameworkCore.Internal.DbContextServices.get_Model()
   at Microsoft.EntityFrameworkCore.Infrastructure.EntityFrameworkServicesBuilder.<>c.<TryAddCoreServices>b__8_4(IServiceProvider p)
   at Microsoft.Extensions.DependencyInjection.ServiceLookup.CallSiteVisitor`2.VisitCallSiteMain(ServiceCallSite callSite, TArgument argument)
   at Microsoft.Extensions.DependencyInjection.ServiceLookup.CallSiteRuntimeResolver.VisitCache(ServiceCallSite callSite, RuntimeResolverContext context, ServiceProviderEngineScope serviceProviderEngine, RuntimeResolverLock lockType)
   at Microsoft.Extensions.DependencyInjection.ServiceLookup.CallSiteVisitor`2.VisitCallSite(ServiceCallSite callSite, TArgument argument)
   at Microsoft.Extensions.DependencyInjection.ServiceLookup.CallSiteVisitor`2.VisitCallSiteMain(ServiceCallSite callSite, TArgument argument)
   at Microsoft.Extensions.DependencyInjection.ServiceLookup.CallSiteRuntimeResolver.VisitCache(ServiceCallSite callSite, RuntimeResolverContext context, ServiceProviderEngineScope serviceProviderEngine, RuntimeResolverLock lockType)
   at Microsoft.Extensions.DependencyInjection.ServiceLookup.CallSiteVisitor`2.VisitCallSite(ServiceCallSite callSite, TArgument argument)
   at Microsoft.Extensions.DependencyInjection.ServiceLookup.CallSiteVisitor`2.VisitCallSiteMain(ServiceCallSite callSite, TArgument argument)
   at Microsoft.Extensions.DependencyInjection.ServiceLookup.CallSiteRuntimeResolver.VisitCache(ServiceCallSite callSite, RuntimeResolverContext context, ServiceProviderEngineScope serviceProviderEngine, RuntimeResolverLock lockType)
   at Microsoft.Extensions.DependencyInjection.ServiceLookup.CallSiteVisitor`2.VisitCallSite(ServiceCallSite callSite, TArgument argument)
   at Microsoft.Extensions.DependencyInjection.ServiceLookup.CallSiteVisitor`2.VisitCallSiteMain(ServiceCallSite callSite, TArgument argument)
   at Microsoft.Extensions.DependencyInjection.ServiceLookup.CallSiteRuntimeResolver.VisitCache(ServiceCallSite callSite, RuntimeResolverContext context, ServiceProviderEngineScope serviceProviderEngine, RuntimeResolverLock lockType)
   at Microsoft.Extensions.DependencyInjection.ServiceLookup.CallSiteVisitor`2.VisitCallSite(ServiceCallSite callSite, TArgument argument)
   at Microsoft.Extensions.DependencyInjection.ServiceLookup.CallSiteVisitor`2.VisitCallSiteMain(ServiceCallSite callSite, TArgument argument)
   at Microsoft.Extensions.DependencyInjection.ServiceLookup.CallSiteRuntimeResolver.VisitCache(ServiceCallSite callSite, RuntimeResolverContext context, ServiceProviderEngineScope serviceProviderEngine, RuntimeResolverLock lockType)
   at Microsoft.Extensions.DependencyInjection.ServiceLookup.CallSiteVisitor`2.VisitCallSite(ServiceCallSite callSite, TArgument argument)
   at Microsoft.Extensions.DependencyInjection.ServiceLookup.CallSiteVisitor`2.VisitCallSiteMain(ServiceCallSite callSite, TArgument argument)
   at Microsoft.Extensions.DependencyInjection.ServiceLookup.CallSiteRuntimeResolver.VisitCache(ServiceCallSite callSite, RuntimeResolverContext context, ServiceProviderEngineScope serviceProviderEngine, RuntimeResolverLock lockType)
   at Microsoft.Extensions.DependencyInjection.ServiceLookup.CallSiteVisitor`2.VisitCallSite(ServiceCallSite callSite, TArgument argument)
   at Microsoft.Extensions.DependencyInjection.ServiceLookup.CallSiteRuntimeResolver.Resolve(ServiceCallSite callSite, ServiceProviderEngineScope scope)
   at Microsoft.Extensions.DependencyInjection.ServiceLookup.DynamicServiceProviderEngine.<>c__DisplayClass2_0.<RealizeService>b__0(ServiceProviderEngineScope scope)
   at Microsoft.Extensions.DependencyInjection.ServiceProviderServiceExtensions.GetRequiredService(IServiceProvider provider, Type serviceType)
   at Microsoft.Extensions.DependencyInjection.ServiceProviderServiceExtensions.GetRequiredService[T](IServiceProvider provider)
   at Microsoft.EntityFrameworkCore.DbContext.get_DbContextDependencies()
   at Microsoft.EntityFrameworkCore.DbContext.get_ContextServices()
   at Microsoft.EntityFrameworkCore.DbContext.get_Model()
   at Microsoft.EntityFrameworkCore.Internal.InternalDbSet`1.get_EntityType()
   at Microsoft.EntityFrameworkCore.Internal.InternalDbSet`1.CheckState()
   at Microsoft.EntityFrameworkCore.Internal.InternalDbSet`1.get_EntityQueryable()
   at Microsoft.EntityFrameworkCore.Internal.InternalDbSet`1.System.Linq.IQueryable.get_Provider()
   at System.Linq.Queryable.Skip[TSource](IQueryable`1 source, Int32 count)
   at VSM.Repositories.ServiceCategoriesRepository.GetAll(Int32 pageNumber, Int32 pageSize, String search) in /Users/presidio/Desktop/Genspark/MiniProject/VehicleServiceManagement/Repositories/ServiceCategoryRepository.cs:line 22
   at VSM.Services.CategoryService.GetAllCategory() in /Users/presidio/Desktop/Genspark/MiniProject/VehicleServiceManagement/Services/CategoryService.cs:line 31
   at VSM.Controllers.CategoryController.GetAll() in /Users/presidio/Desktop/Genspark/MiniProject/VehicleServiceManagement/Controllers/CategoryController.cs:line 76

2025-06-29 18:44:04Z [ERROR] Error Getting All Vehicles
System.InvalidOperationException: The property 'Bill.Customer' could not be mapped because it is of type 'object', which is not a supported primitive type or a valid entity type. Either explicitly map this property, or ignore it using the '[NotMapped]' attribute or by using 'EntityTypeBuilder.Ignore' in 'OnModelCreating'.
   at Microsoft.EntityFrameworkCore.Infrastructure.ModelValidator.<ValidatePropertyMapping>g__Validate|7_0(IConventionTypeBase typeBase, <>c__DisplayClass7_0&)
   at Microsoft.EntityFrameworkCore.Infrastructure.ModelValidator.ValidatePropertyMapping(IModel model, IDiagnosticsLogger`1 logger)
   at Microsoft.EntityFrameworkCore.Infrastructure.ModelValidator.Validate(IModel model, IDiagnosticsLogger`1 logger)
   at Microsoft.EntityFrameworkCore.Infrastructure.RelationalModelValidator.Validate(IModel model, IDiagnosticsLogger`1 logger)
   at Npgsql.EntityFrameworkCore.PostgreSQL.Infrastructure.Internal.NpgsqlModelValidator.Validate(IModel model, IDiagnosticsLogger`1 logger)
   at Microsoft.EntityFrameworkCore.Infrastructure.ModelRuntimeInitializer.Initialize(IModel model, Boolean designTime, IDiagnosticsLogger`1 validationLogger)
   at Microsoft.EntityFrameworkCore.Infrastructure.ModelSource.CreateModel(DbContext context, ModelCreationDependencies modelCreationDependencies, Boolean designTime)
   at Microsoft.EntityFrameworkCore.Infrastructure.ModelSource.GetModel(DbContext context, ModelCreationDependencies modelCreationDependencies, Boolean designTime)
   at Microsoft.EntityFrameworkCore.Internal.DbContextServices.CreateModel(Boolean designTime)
   at Microsoft.EntityFrameworkCore.Internal.DbContextServices.get_Model()
   at Microsoft.EntityFrameworkCore.Infrastructure.EntityFrameworkServicesBuilder.<>c.<TryAddCoreServices>b__8_4(IServiceProvider p)
   at Microsoft.Extensions.DependencyInjection.ServiceLookup.CallSiteVisitor`2.VisitCallSiteMain(ServiceCallSite callSite, TArgument argument)
   at Microsoft.Extensions.DependencyInjection.ServiceLookup.CallSiteRuntimeResolver.VisitCache(ServiceCallSite callSite, RuntimeResolverContext context, ServiceProviderEngineScope serviceProviderEngine, RuntimeResolverLock lockType)
   at Microsoft.Extensions.DependencyInjection.ServiceLookup.CallSiteVisitor`2.VisitCallSite(ServiceCallSite callSite, TArgument argument)
   at Microsoft.Extensions.DependencyInjection.ServiceLookup.CallSiteVisitor`2.VisitCallSiteMain(ServiceCallSite callSite, TArgument argument)
   at Microsoft.Extensions.DependencyInjection.ServiceLookup.CallSiteRuntimeResolver.VisitCache(ServiceCallSite callSite, RuntimeResolverContext context, ServiceProviderEngineScope serviceProviderEngine, RuntimeResolverLock lockType)
   at Microsoft.Extensions.DependencyInjection.ServiceLookup.CallSiteVisitor`2.VisitCallSite(ServiceCallSite callSite, TArgument argument)
   at Microsoft.Extensions.DependencyInjection.ServiceLookup.CallSiteVisitor`2.VisitCallSiteMain(ServiceCallSite callSite, TArgument argument)
   at Microsoft.Extensions.DependencyInjection.ServiceLookup.CallSiteRuntimeResolver.VisitCache(ServiceCallSite callSite, RuntimeResolverContext context, ServiceProviderEngineScope serviceProviderEngine, RuntimeResolverLock lockType)
   at Microsoft.Extensions.DependencyInjection.ServiceLookup.CallSiteVisitor`2.VisitCallSite(ServiceCallSite callSite, TArgument argument)
   at Microsoft.Extensions.DependencyInjection.ServiceLookup.CallSiteVisitor`2.VisitCallSiteMain(ServiceCallSite callSite, TArgument argument)
   at Microsoft.Extensions.DependencyInjection.ServiceLookup.CallSiteRuntimeResolver.VisitCache(ServiceCallSite callSite, RuntimeResolverContext context, ServiceProviderEngineScope serviceProviderEngine, RuntimeResolverLock lockType)
   at Microsoft.Extensions.DependencyInjection.ServiceLookup.CallSiteVisitor`2.VisitCallSite(ServiceCallSite callSite, TArgument argument)
   at Microsoft.Extensions.DependencyInjection.ServiceLookup.CallSiteVisitor`2.VisitCallSiteMain(ServiceCallSite callSite, TArgument argument)
   at Microsoft.Extensions.DependencyInjection.ServiceLookup.CallSiteRuntimeResolver.VisitCache(ServiceCallSite callSite, RuntimeResolverContext context, ServiceProviderEngineScope serviceProviderEngine, RuntimeResolverLock lockType)
   at Microsoft.Extensions.DependencyInjection.ServiceLookup.CallSiteVisitor`2.VisitCallSite(ServiceCallSite callSite, TArgument argument)
   at Microsoft.Extensions.DependencyInjection.ServiceLookup.CallSiteVisitor`2.VisitCallSiteMain(ServiceCallSite callSite, TArgument argument)
   at Microsoft.Extensions.DependencyInjection.ServiceLookup.CallSiteRuntimeResolver.VisitCache(ServiceCallSite callSite, RuntimeResolverContext context, ServiceProviderEngineScope serviceProviderEngine, RuntimeResolverLock lockType)
   at Microsoft.Extensions.DependencyInjection.ServiceLookup.CallSiteVisitor`2.VisitCallSite(ServiceCallSite callSite, TArgument argument)
   at Microsoft.Extensions.DependencyInjection.ServiceLookup.CallSiteRuntimeResolver.Resolve(ServiceCallSite callSite, ServiceProviderEngineScope scope)
   at Microsoft.Extensions.DependencyInjection.ServiceLookup.DynamicServiceProviderEngine.<>c__DisplayClass2_0.<RealizeService>b__0(ServiceProviderEngineScope scope)
   at Microsoft.Extensions.DependencyInjection.ServiceProviderServiceExtensions.GetRequiredService(IServiceProvider provider, Type serviceType)
   at Microsoft.Extensions.DependencyInjection.ServiceProviderServiceExtensions.GetRequiredService[T](IServiceProvider provider)
   at Microsoft.EntityFrameworkCore.DbContext.get_DbContextDependencies()
   at Microsoft.EntityFrameworkCore.DbContext.get_ContextServices()
   at Microsoft.EntityFrameworkCore.DbContext.get_Model()
   at Microsoft.EntityFrameworkCore.Internal.InternalDbSet`1.get_EntityType()
   at Microsoft.EntityFrameworkCore.Internal.InternalDbSet`1.CheckState()
   at Microsoft.EntityFrameworkCore.Internal.InternalDbSet`1.get_EntityQueryable()
   at Microsoft.EntityFrameworkCore.Internal.InternalDbSet`1.System.Linq.IQueryable.get_Provider()
   at System.Linq.Queryable.Where[TSource](IQueryable`1 source, Expression`1 predicate)
   at VSM.Repositories.VehicleRepository.GetAll(Int32 pageNumber, Int32 pageSize, String search) in /Users/presidio/Desktop/Genspark/MiniProject/VehicleServiceManagement/Repositories/vehicleRepository.cs:line 31
   at VSM.Services.VehicleService.GetAll(Int32 page, Int32 pageSize, String search) in /Users/presidio/Desktop/Genspark/MiniProject/VehicleServiceManagement/Services/VehicleService.cs:line 70
   at VSM.Controllers.VehicleController.GetAll(Int32 page, Int32 pageSize, String search) in /Users/presidio/Desktop/Genspark/MiniProject/VehicleServiceManagement/Controllers/Vehiclecontroller.cs:line 76

2025-06-29 18:44:04Z [ERROR] Error Getting All ServiceRecords
System.InvalidOperationException: The property 'Bill.Customer' could not be mapped because it is of type 'object', which is not a supported primitive type or a valid entity type. Either explicitly map this property, or ignore it using the '[NotMapped]' attribute or by using 'EntityTypeBuilder.Ignore' in 'OnModelCreating'.
   at Microsoft.EntityFrameworkCore.Infrastructure.ModelValidator.<ValidatePropertyMapping>g__Validate|7_0(IConventionTypeBase typeBase, <>c__DisplayClass7_0&)
   at Microsoft.EntityFrameworkCore.Infrastructure.ModelValidator.ValidatePropertyMapping(IModel model, IDiagnosticsLogger`1 logger)
   at Microsoft.EntityFrameworkCore.Infrastructure.ModelValidator.Validate(IModel model, IDiagnosticsLogger`1 logger)
   at Microsoft.EntityFrameworkCore.Infrastructure.RelationalModelValidator.Validate(IModel model, IDiagnosticsLogger`1 logger)
   at Npgsql.EntityFrameworkCore.PostgreSQL.Infrastructure.Internal.NpgsqlModelValidator.Validate(IModel model, IDiagnosticsLogger`1 logger)
   at Microsoft.EntityFrameworkCore.Infrastructure.ModelRuntimeInitializer.Initialize(IModel model, Boolean designTime, IDiagnosticsLogger`1 validationLogger)
   at Microsoft.EntityFrameworkCore.Infrastructure.ModelSource.CreateModel(DbContext context, ModelCreationDependencies modelCreationDependencies, Boolean designTime)
   at Microsoft.EntityFrameworkCore.Infrastructure.ModelSource.GetModel(DbContext context, ModelCreationDependencies modelCreationDependencies, Boolean designTime)
   at Microsoft.EntityFrameworkCore.Internal.DbContextServices.CreateModel(Boolean designTime)
   at Microsoft.EntityFrameworkCore.Internal.DbContextServices.get_Model()
   at Microsoft.EntityFrameworkCore.Infrastructure.EntityFrameworkServicesBuilder.<>c.<TryAddCoreServices>b__8_4(IServiceProvider p)
   at Microsoft.Extensions.DependencyInjection.ServiceLookup.CallSiteVisitor`2.VisitCallSiteMain(ServiceCallSite callSite, TArgument argument)
   at Microsoft.Extensions.DependencyInjection.ServiceLookup.CallSiteRuntimeResolver.VisitCache(ServiceCallSite callSite, RuntimeResolverContext context, ServiceProviderEngineScope serviceProviderEngine, RuntimeResolverLock lockType)
   at Microsoft.Extensions.DependencyInjection.ServiceLookup.CallSiteVisitor`2.VisitCallSite(ServiceCallSite callSite, TArgument argument)
   at Microsoft.Extensions.DependencyInjection.ServiceLookup.CallSiteVisitor`2.VisitCallSiteMain(ServiceCallSite callSite, TArgument argument)
   at Microsoft.Extensions.DependencyInjection.ServiceLookup.CallSiteRuntimeResolver.VisitCache(ServiceCallSite callSite, RuntimeResolverContext context, ServiceProviderEngineScope serviceProviderEngine, RuntimeResolverLock lockType)
   at Microsoft.Extensions.DependencyInjection.ServiceLookup.CallSiteVisitor`2.VisitCallSite(ServiceCallSite callSite, TArgument argument)
   at Microsoft.Extensions.DependencyInjection.ServiceLookup.CallSiteVisitor`2.VisitCallSiteMain(ServiceCallSite callSite, TArgument argument)
   at Microsoft.Extensions.DependencyInjection.ServiceLookup.CallSiteRuntimeResolver.VisitCache(ServiceCallSite callSite, RuntimeResolverContext context, ServiceProviderEngineScope serviceProviderEngine, RuntimeResolverLock lockType)
   at Microsoft.Extensions.DependencyInjection.ServiceLookup.CallSiteVisitor`2.VisitCallSite(ServiceCallSite callSite, TArgument argument)
   at Microsoft.Extensions.DependencyInjection.ServiceLookup.CallSiteVisitor`2.VisitCallSiteMain(ServiceCallSite callSite, TArgument argument)
   at Microsoft.Extensions.DependencyInjection.ServiceLookup.CallSiteRuntimeResolver.VisitCache(ServiceCallSite callSite, RuntimeResolverContext context, ServiceProviderEngineScope serviceProviderEngine, RuntimeResolverLock lockType)
   at Microsoft.Extensions.DependencyInjection.ServiceLookup.CallSiteVisitor`2.VisitCallSite(ServiceCallSite callSite, TArgument argument)
   at Microsoft.Extensions.DependencyInjection.ServiceLookup.CallSiteVisitor`2.VisitCallSiteMain(ServiceCallSite callSite, TArgument argument)
   at Microsoft.Extensions.DependencyInjection.ServiceLookup.CallSiteRuntimeResolver.VisitCache(ServiceCallSite callSite, RuntimeResolverContext context, ServiceProviderEngineScope serviceProviderEngine, RuntimeResolverLock lockType)
   at Microsoft.Extensions.DependencyInjection.ServiceLookup.CallSiteVisitor`2.VisitCallSite(ServiceCallSite callSite, TArgument argument)
   at Microsoft.Extensions.DependencyInjection.ServiceLookup.CallSiteVisitor`2.VisitCallSiteMain(ServiceCallSite callSite, TArgument argument)
   at Microsoft.Extensions.DependencyInjection.ServiceLookup.CallSiteRuntimeResolver.VisitCache(ServiceCallSite callSite, RuntimeResolverContext context, ServiceProviderEngineScope serviceProviderEngine, RuntimeResolverLock lockType)
   at Microsoft.Extensions.DependencyInjection.ServiceLookup.CallSiteVisitor`2.VisitCallSite(ServiceCallSite callSite, TArgument argument)
   at Microsoft.Extensions.DependencyInjection.ServiceLookup.CallSiteRuntimeResolver.Resolve(ServiceCallSite callSite, ServiceProviderEngineScope scope)
   at Microsoft.Extensions.DependencyInjection.ServiceLookup.DynamicServiceProviderEngine.<>c__DisplayClass2_0.<RealizeService>b__0(ServiceProviderEngineScope scope)
   at Microsoft.Extensions.DependencyInjection.ServiceProviderServiceExtensions.GetRequiredService(IServiceProvider provider, Type serviceType)
   at Microsoft.Extensions.DependencyInjection.ServiceProviderServiceExtensions.GetRequiredService[T](IServiceProvider provider)
   at Microsoft.EntityFrameworkCore.DbContext.get_DbContextDependencies()
   at Microsoft.EntityFrameworkCore.DbContext.get_ContextServices()
   at Microsoft.EntityFrameworkCore.DbContext.get_Model()
   at Microsoft.EntityFrameworkCore.Internal.InternalDbSet`1.get_EntityType()
   at Microsoft.EntityFrameworkCore.Internal.InternalDbSet`1.CheckState()
   at Microsoft.EntityFrameworkCore.Internal.InternalDbSet`1.get_EntityQueryable()
   at Microsoft.EntityFrameworkCore.Internal.InternalDbSet`1.System.Linq.IQueryable.get_Provider()
   at Microsoft.EntityFrameworkCore.EntityFrameworkQueryableExtensions.Include[TEntity,TProperty](IQueryable`1 source, Expression`1 navigationPropertyPath)
   at VSM.Repositories.ServiceRecordRepository.GetAll(Int32 pageNumber, Int32 pageSize, String search) in /Users/presidio/Desktop/Genspark/MiniProject/VehicleServiceManagement/Repositories/ServiceRecordRepository.cs:line 25
   at VSM.Services.ServiceRecordService.GetAll(Int32 page, Int32 pageSize, String search) in /Users/presidio/Desktop/Genspark/MiniProject/VehicleServiceManagement/Services/ServiceRecordService.cs:line 73
   at VSM.Controllers.ServiceRecordController.GetAll(Int32 page, Int32 pageSize, String search) in /Users/presidio/Desktop/Genspark/MiniProject/VehicleServiceManagement/Controllers/ServiceRecordController.cs:line 77

2025-06-29 18:45:56Z [ERROR] Error Getting All Bookings
System.InvalidOperationException: The property 'Bill.Customer' could not be mapped because it is of type 'object', which is not a supported primitive type or a valid entity type. Either explicitly map this property, or ignore it using the '[NotMapped]' attribute or by using 'EntityTypeBuilder.Ignore' in 'OnModelCreating'.
   at Microsoft.EntityFrameworkCore.Infrastructure.ModelValidator.<ValidatePropertyMapping>g__Validate|7_0(IConventionTypeBase typeBase, <>c__DisplayClass7_0&)
   at Microsoft.EntityFrameworkCore.Infrastructure.ModelValidator.ValidatePropertyMapping(IModel model, IDiagnosticsLogger`1 logger)
   at Microsoft.EntityFrameworkCore.Infrastructure.ModelValidator.Validate(IModel model, IDiagnosticsLogger`1 logger)
   at Microsoft.EntityFrameworkCore.Infrastructure.RelationalModelValidator.Validate(IModel model, IDiagnosticsLogger`1 logger)
   at Npgsql.EntityFrameworkCore.PostgreSQL.Infrastructure.Internal.NpgsqlModelValidator.Validate(IModel model, IDiagnosticsLogger`1 logger)
   at Microsoft.EntityFrameworkCore.Infrastructure.ModelRuntimeInitializer.Initialize(IModel model, Boolean designTime, IDiagnosticsLogger`1 validationLogger)
   at Microsoft.EntityFrameworkCore.Infrastructure.ModelSource.CreateModel(DbContext context, ModelCreationDependencies modelCreationDependencies, Boolean designTime)
   at Microsoft.EntityFrameworkCore.Infrastructure.ModelSource.GetModel(DbContext context, ModelCreationDependencies modelCreationDependencies, Boolean designTime)
   at Microsoft.EntityFrameworkCore.Internal.DbContextServices.CreateModel(Boolean designTime)
   at Microsoft.EntityFrameworkCore.Internal.DbContextServices.get_Model()
   at Microsoft.EntityFrameworkCore.Infrastructure.EntityFrameworkServicesBuilder.<>c.<TryAddCoreServices>b__8_4(IServiceProvider p)
   at Microsoft.Extensions.DependencyInjection.ServiceLookup.CallSiteVisitor`2.VisitCallSiteMain(ServiceCallSite callSite, TArgument argument)
   at Microsoft.Extensions.DependencyInjection.ServiceLookup.CallSiteRuntimeResolver.VisitCache(ServiceCallSite callSite, RuntimeResolverContext context, ServiceProviderEngineScope serviceProviderEngine, RuntimeResolverLock lockType)
   at Microsoft.Extensions.DependencyInjection.ServiceLookup.CallSiteRuntimeResolver.VisitScopeCache(ServiceCallSite callSite, RuntimeResolverContext context)
   at Microsoft.Extensions.DependencyInjection.ServiceLookup.CallSiteVisitor`2.VisitCallSite(ServiceCallSite callSite, TArgument argument)
   at Microsoft.Extensions.DependencyInjection.ServiceLookup.CallSiteRuntimeResolver.VisitConstructor(ConstructorCallSite constructorCallSite, RuntimeResolverContext context)
   at Microsoft.Extensions.DependencyInjection.ServiceLookup.CallSiteVisitor`2.VisitCallSiteMain(ServiceCallSite callSite, TArgument argument)
   at Microsoft.Extensions.DependencyInjection.ServiceLookup.CallSiteRuntimeResolver.VisitCache(ServiceCallSite callSite, RuntimeResolverContext context, ServiceProviderEngineScope serviceProviderEngine, RuntimeResolverLock lockType)
   at Microsoft.Extensions.DependencyInjection.ServiceLookup.CallSiteRuntimeResolver.VisitScopeCache(ServiceCallSite callSite, RuntimeResolverContext context)
   at Microsoft.Extensions.DependencyInjection.ServiceLookup.CallSiteVisitor`2.VisitCallSite(ServiceCallSite callSite, TArgument argument)
   at Microsoft.Extensions.DependencyInjection.ServiceLookup.CallSiteRuntimeResolver.VisitConstructor(ConstructorCallSite constructorCallSite, RuntimeResolverContext context)
   at Microsoft.Extensions.DependencyInjection.ServiceLookup.CallSiteVisitor`2.VisitCallSiteMain(ServiceCallSite callSite, TArgument argument)
   at Microsoft.Extensions.DependencyInjection.ServiceLookup.CallSiteRuntimeResolver.VisitCache(ServiceCallSite callSite, RuntimeResolverContext context, ServiceProviderEngineScope serviceProviderEngine, RuntimeResolverLock lockType)
   at Microsoft.Extensions.DependencyInjection.ServiceLookup.CallSiteRuntimeResolver.VisitScopeCache(ServiceCallSite callSite, RuntimeResolverContext context)
   at Microsoft.Extensions.DependencyInjection.ServiceLookup.CallSiteVisitor`2.VisitCallSite(ServiceCallSite callSite, TArgument argument)
   at Microsoft.Extensions.DependencyInjection.ServiceLookup.CallSiteRuntimeResolver.VisitConstructor(ConstructorCallSite constructorCallSite, RuntimeResolverContext context)
   at Microsoft.Extensions.DependencyInjection.ServiceLookup.CallSiteVisitor`2.VisitCallSiteMain(ServiceCallSite callSite, TArgument argument)
   at Microsoft.Extensions.DependencyInjection.ServiceLookup.CallSiteRuntimeResolver.VisitCache(ServiceCallSite callSite, RuntimeResolverContext context, ServiceProviderEngineScope serviceProviderEngine, RuntimeResolverLock lockType)
   at Microsoft.Extensions.DependencyInjection.ServiceLookup.CallSiteRuntimeResolver.VisitScopeCache(ServiceCallSite callSite, RuntimeResolverContext context)
   at Microsoft.Extensions.DependencyInjection.ServiceLookup.CallSiteVisitor`2.VisitCallSite(ServiceCallSite callSite, TArgument argument)
   at Microsoft.Extensions.DependencyInjection.ServiceLookup.CallSiteRuntimeResolver.VisitConstructor(ConstructorCallSite constructorCallSite, RuntimeResolverContext context)
   at Microsoft.Extensions.DependencyInjection.ServiceLookup.CallSiteVisitor`2.VisitCallSiteMain(ServiceCallSite callSite, TArgument argument)
   at Microsoft.Extensions.DependencyInjection.ServiceLookup.CallSiteRuntimeResolver.VisitCache(ServiceCallSite callSite, RuntimeResolverContext context, ServiceProviderEngineScope serviceProviderEngine, RuntimeResolverLock lockType)
   at Microsoft.Extensions.DependencyInjection.ServiceLookup.CallSiteRuntimeResolver.VisitScopeCache(ServiceCallSite callSite, RuntimeResolverContext context)
   at Microsoft.Extensions.DependencyInjection.ServiceLookup.CallSiteVisitor`2.VisitCallSite(ServiceCallSite callSite, TArgument argument)
   at Microsoft.Extensions.DependencyInjection.ServiceLookup.CallSiteRuntimeResolver.VisitConstructor(ConstructorCallSite constructorCallSite, RuntimeResolverContext context)
   at Microsoft.Extensions.DependencyInjection.ServiceLookup.CallSiteVisitor`2.VisitCallSiteMain(ServiceCallSite callSite, TArgument argument)
   at Microsoft.Extensions.DependencyInjection.ServiceLookup.CallSiteRuntimeResolver.VisitCache(ServiceCallSite callSite, RuntimeResolverContext context, ServiceProviderEngineScope serviceProviderEngine, RuntimeResolverLock lockType)
   at Microsoft.Extensions.DependencyInjection.ServiceLookup.CallSiteRuntimeResolver.VisitScopeCache(ServiceCallSite callSite, RuntimeResolverContext context)
   at Microsoft.Extensions.DependencyInjection.ServiceLookup.CallSiteVisitor`2.VisitCallSite(ServiceCallSite callSite, TArgument argument)
   at Microsoft.Extensions.DependencyInjection.ServiceLookup.CallSiteRuntimeResolver.Resolve(ServiceCallSite callSite, ServiceProviderEngineScope scope)
   at Microsoft.Extensions.DependencyInjection.ServiceLookup.DynamicServiceProviderEngine.<>c__DisplayClass2_0.<RealizeService>b__0(ServiceProviderEngineScope scope)
   at Microsoft.Extensions.DependencyInjection.ServiceProvider.GetService(ServiceIdentifier serviceIdentifier, ServiceProviderEngineScope serviceProviderEngineScope)
   at Microsoft.Extensions.DependencyInjection.ServiceLookup.ServiceProviderEngineScope.GetService(Type serviceType)
   at Microsoft.Extensions.DependencyInjection.ServiceProviderServiceExtensions.GetRequiredService(IServiceProvider provider, Type serviceType)
   at Microsoft.Extensions.DependencyInjection.ServiceProviderServiceExtensions.GetRequiredService[T](IServiceProvider provider)
   at Microsoft.EntityFrameworkCore.DbContext.get_DbContextDependencies()
   at Microsoft.EntityFrameworkCore.DbContext.get_ContextServices()
   at Microsoft.EntityFrameworkCore.DbContext.get_Model()
   at Microsoft.EntityFrameworkCore.Internal.InternalDbSet`1.get_EntityType()
   at Microsoft.EntityFrameworkCore.Internal.InternalDbSet`1.CheckState()
   at Microsoft.EntityFrameworkCore.Internal.InternalDbSet`1.get_EntityQueryable()
   at Microsoft.EntityFrameworkCore.Internal.InternalDbSet`1.System.Linq.IQueryable.get_Provider()
   at Microsoft.EntityFrameworkCore.EntityFrameworkQueryableExtensions.Include[TEntity,TProperty](IQueryable`1 source, Expression`1 navigationPropertyPath)
   at VSM.Repositories.BookingRepository.GetAll(Int32 pageNumber, Int32 pageSize, String search) in /Users/presidio/Desktop/Genspark/MiniProject/VehicleServiceManagement/Repositories/BookingRepository.cs:line 22
   at VSM.Services.BookingService.GetAll() in /Users/presidio/Desktop/Genspark/MiniProject/VehicleServiceManagement/Services/BookingService.cs:line 122
   at VSM.Controllers.BookingController.GetAll() in /Users/presidio/Desktop/Genspark/MiniProject/VehicleServiceManagement/Controllers/Bookingcontroller.cs:line 76

2025-06-29 18:45:56Z [ERROR] Error Getting All Bookings
System.InvalidOperationException: The property 'Bill.Customer' could not be mapped because it is of type 'object', which is not a supported primitive type or a valid entity type. Either explicitly map this property, or ignore it using the '[NotMapped]' attribute or by using 'EntityTypeBuilder.Ignore' in 'OnModelCreating'.
   at Microsoft.EntityFrameworkCore.Infrastructure.ModelValidator.<ValidatePropertyMapping>g__Validate|7_0(IConventionTypeBase typeBase, <>c__DisplayClass7_0&)
   at Microsoft.EntityFrameworkCore.Infrastructure.ModelValidator.ValidatePropertyMapping(IModel model, IDiagnosticsLogger`1 logger)
   at Microsoft.EntityFrameworkCore.Infrastructure.ModelValidator.Validate(IModel model, IDiagnosticsLogger`1 logger)
   at Microsoft.EntityFrameworkCore.Infrastructure.RelationalModelValidator.Validate(IModel model, IDiagnosticsLogger`1 logger)
   at Npgsql.EntityFrameworkCore.PostgreSQL.Infrastructure.Internal.NpgsqlModelValidator.Validate(IModel model, IDiagnosticsLogger`1 logger)
   at Microsoft.EntityFrameworkCore.Infrastructure.ModelRuntimeInitializer.Initialize(IModel model, Boolean designTime, IDiagnosticsLogger`1 validationLogger)
   at Microsoft.EntityFrameworkCore.Infrastructure.ModelSource.CreateModel(DbContext context, ModelCreationDependencies modelCreationDependencies, Boolean designTime)
   at Microsoft.EntityFrameworkCore.Infrastructure.ModelSource.GetModel(DbContext context, ModelCreationDependencies modelCreationDependencies, Boolean designTime)
   at Microsoft.EntityFrameworkCore.Internal.DbContextServices.CreateModel(Boolean designTime)
   at Microsoft.EntityFrameworkCore.Internal.DbContextServices.get_Model()
   at Microsoft.EntityFrameworkCore.Infrastructure.EntityFrameworkServicesBuilder.<>c.<TryAddCoreServices>b__8_4(IServiceProvider p)
   at Microsoft.Extensions.DependencyInjection.ServiceLookup.CallSiteVisitor`2.VisitCallSiteMain(ServiceCallSite callSite, TArgument argument)
   at Microsoft.Extensions.DependencyInjection.ServiceLookup.CallSiteRuntimeResolver.VisitCache(ServiceCallSite callSite, RuntimeResolverContext context, ServiceProviderEngineScope serviceProviderEngine, RuntimeResolverLock lockType)
   at Microsoft.Extensions.DependencyInjection.ServiceLookup.CallSiteRuntimeResolver.VisitScopeCache(ServiceCallSite callSite, RuntimeResolverContext context)
   at Microsoft.Extensions.DependencyInjection.ServiceLookup.CallSiteVisitor`2.VisitCallSite(ServiceCallSite callSite, TArgument argument)
   at Microsoft.Extensions.DependencyInjection.ServiceLookup.CallSiteRuntimeResolver.VisitConstructor(ConstructorCallSite constructorCallSite, RuntimeResolverContext context)
   at Microsoft.Extensions.DependencyInjection.ServiceLookup.CallSiteVisitor`2.VisitCallSiteMain(ServiceCallSite callSite, TArgument argument)
   at Microsoft.Extensions.DependencyInjection.ServiceLookup.CallSiteRuntimeResolver.VisitCache(ServiceCallSite callSite, RuntimeResolverContext context, ServiceProviderEngineScope serviceProviderEngine, RuntimeResolverLock lockType)
   at Microsoft.Extensions.DependencyInjection.ServiceLookup.CallSiteRuntimeResolver.VisitScopeCache(ServiceCallSite callSite, RuntimeResolverContext context)
   at Microsoft.Extensions.DependencyInjection.ServiceLookup.CallSiteVisitor`2.VisitCallSite(ServiceCallSite callSite, TArgument argument)
   at Microsoft.Extensions.DependencyInjection.ServiceLookup.CallSiteRuntimeResolver.VisitConstructor(ConstructorCallSite constructorCallSite, RuntimeResolverContext context)
   at Microsoft.Extensions.DependencyInjection.ServiceLookup.CallSiteVisitor`2.VisitCallSiteMain(ServiceCallSite callSite, TArgument argument)
   at Microsoft.Extensions.DependencyInjection.ServiceLookup.CallSiteRuntimeResolver.VisitCache(ServiceCallSite callSite, RuntimeResolverContext context, ServiceProviderEngineScope serviceProviderEngine, RuntimeResolverLock lockType)
   at Microsoft.Extensions.DependencyInjection.ServiceLookup.CallSiteRuntimeResolver.VisitScopeCache(ServiceCallSite callSite, RuntimeResolverContext context)
   at Microsoft.Extensions.DependencyInjection.ServiceLookup.CallSiteVisitor`2.VisitCallSite(ServiceCallSite callSite, TArgument argument)
   at Microsoft.Extensions.DependencyInjection.ServiceLookup.CallSiteRuntimeResolver.VisitConstructor(ConstructorCallSite constructorCallSite, RuntimeResolverContext context)
   at Microsoft.Extensions.DependencyInjection.ServiceLookup.CallSiteVisitor`2.VisitCallSiteMain(ServiceCallSite callSite, TArgument argument)
   at Microsoft.Extensions.DependencyInjection.ServiceLookup.CallSiteRuntimeResolver.VisitCache(ServiceCallSite callSite, RuntimeResolverContext context, ServiceProviderEngineScope serviceProviderEngine, RuntimeResolverLock lockType)
   at Microsoft.Extensions.DependencyInjection.ServiceLookup.CallSiteRuntimeResolver.VisitScopeCache(ServiceCallSite callSite, RuntimeResolverContext context)
   at Microsoft.Extensions.DependencyInjection.ServiceLookup.CallSiteVisitor`2.VisitCallSite(ServiceCallSite callSite, TArgument argument)
   at Microsoft.Extensions.DependencyInjection.ServiceLookup.CallSiteRuntimeResolver.VisitConstructor(ConstructorCallSite constructorCallSite, RuntimeResolverContext context)
   at Microsoft.Extensions.DependencyInjection.ServiceLookup.CallSiteVisitor`2.VisitCallSiteMain(ServiceCallSite callSite, TArgument argument)
   at Microsoft.Extensions.DependencyInjection.ServiceLookup.CallSiteRuntimeResolver.VisitCache(ServiceCallSite callSite, RuntimeResolverContext context, ServiceProviderEngineScope serviceProviderEngine, RuntimeResolverLock lockType)
   at Microsoft.Extensions.DependencyInjection.ServiceLookup.CallSiteRuntimeResolver.VisitScopeCache(ServiceCallSite callSite, RuntimeResolverContext context)
   at Microsoft.Extensions.DependencyInjection.ServiceLookup.CallSiteVisitor`2.VisitCallSite(ServiceCallSite callSite, TArgument argument)
   at Microsoft.Extensions.DependencyInjection.ServiceLookup.CallSiteRuntimeResolver.VisitConstructor(ConstructorCallSite constructorCallSite, RuntimeResolverContext context)
   at Microsoft.Extensions.DependencyInjection.ServiceLookup.CallSiteVisitor`2.VisitCallSiteMain(ServiceCallSite callSite, TArgument argument)
   at Microsoft.Extensions.DependencyInjection.ServiceLookup.CallSiteRuntimeResolver.VisitCache(ServiceCallSite callSite, RuntimeResolverContext context, ServiceProviderEngineScope serviceProviderEngine, RuntimeResolverLock lockType)
   at Microsoft.Extensions.DependencyInjection.ServiceLookup.CallSiteRuntimeResolver.VisitScopeCache(ServiceCallSite callSite, RuntimeResolverContext context)
   at Microsoft.Extensions.DependencyInjection.ServiceLookup.CallSiteVisitor`2.VisitCallSite(ServiceCallSite callSite, TArgument argument)
   at Microsoft.Extensions.DependencyInjection.ServiceLookup.CallSiteRuntimeResolver.Resolve(ServiceCallSite callSite, ServiceProviderEngineScope scope)
   at Microsoft.Extensions.DependencyInjection.ServiceLookup.DynamicServiceProviderEngine.<>c__DisplayClass2_0.<RealizeService>b__0(ServiceProviderEngineScope scope)
   at Microsoft.Extensions.DependencyInjection.ServiceProvider.GetService(ServiceIdentifier serviceIdentifier, ServiceProviderEngineScope serviceProviderEngineScope)
   at Microsoft.Extensions.DependencyInjection.ServiceLookup.ServiceProviderEngineScope.GetService(Type serviceType)
   at Microsoft.Extensions.DependencyInjection.ServiceProviderServiceExtensions.GetRequiredService(IServiceProvider provider, Type serviceType)
   at Microsoft.Extensions.DependencyInjection.ServiceProviderServiceExtensions.GetRequiredService[T](IServiceProvider provider)
   at Microsoft.EntityFrameworkCore.DbContext.get_DbContextDependencies()
   at Microsoft.EntityFrameworkCore.DbContext.get_ContextServices()
   at Microsoft.EntityFrameworkCore.DbContext.get_Model()
   at Microsoft.EntityFrameworkCore.Internal.InternalDbSet`1.get_EntityType()
   at Microsoft.EntityFrameworkCore.Internal.InternalDbSet`1.CheckState()
   at Microsoft.EntityFrameworkCore.Internal.InternalDbSet`1.get_EntityQueryable()
   at Microsoft.EntityFrameworkCore.Internal.InternalDbSet`1.System.Linq.IQueryable.get_Provider()
   at System.Linq.Queryable.Skip[TSource](IQueryable`1 source, Int32 count)
   at VSM.Repositories.ServiceCategoriesRepository.GetAll(Int32 pageNumber, Int32 pageSize, String search) in /Users/presidio/Desktop/Genspark/MiniProject/VehicleServiceManagement/Repositories/ServiceCategoryRepository.cs:line 22
   at VSM.Services.CategoryService.GetAllCategory() in /Users/presidio/Desktop/Genspark/MiniProject/VehicleServiceManagement/Services/CategoryService.cs:line 31
   at VSM.Controllers.CategoryController.GetAll() in /Users/presidio/Desktop/Genspark/MiniProject/VehicleServiceManagement/Controllers/CategoryController.cs:line 76

2025-06-29 18:45:57Z [ERROR] Error Getting All Vehicles
System.InvalidOperationException: The property 'Bill.Customer' could not be mapped because it is of type 'object', which is not a supported primitive type or a valid entity type. Either explicitly map this property, or ignore it using the '[NotMapped]' attribute or by using 'EntityTypeBuilder.Ignore' in 'OnModelCreating'.
   at Microsoft.EntityFrameworkCore.Infrastructure.ModelValidator.<ValidatePropertyMapping>g__Validate|7_0(IConventionTypeBase typeBase, <>c__DisplayClass7_0&)
   at Microsoft.EntityFrameworkCore.Infrastructure.ModelValidator.ValidatePropertyMapping(IModel model, IDiagnosticsLogger`1 logger)
   at Microsoft.EntityFrameworkCore.Infrastructure.ModelValidator.Validate(IModel model, IDiagnosticsLogger`1 logger)
   at Microsoft.EntityFrameworkCore.Infrastructure.RelationalModelValidator.Validate(IModel model, IDiagnosticsLogger`1 logger)
   at Npgsql.EntityFrameworkCore.PostgreSQL.Infrastructure.Internal.NpgsqlModelValidator.Validate(IModel model, IDiagnosticsLogger`1 logger)
   at Microsoft.EntityFrameworkCore.Infrastructure.ModelRuntimeInitializer.Initialize(IModel model, Boolean designTime, IDiagnosticsLogger`1 validationLogger)
   at Microsoft.EntityFrameworkCore.Infrastructure.ModelSource.CreateModel(DbContext context, ModelCreationDependencies modelCreationDependencies, Boolean designTime)
   at Microsoft.EntityFrameworkCore.Infrastructure.ModelSource.GetModel(DbContext context, ModelCreationDependencies modelCreationDependencies, Boolean designTime)
   at Microsoft.EntityFrameworkCore.Internal.DbContextServices.CreateModel(Boolean designTime)
   at Microsoft.EntityFrameworkCore.Internal.DbContextServices.get_Model()
   at Microsoft.EntityFrameworkCore.Infrastructure.EntityFrameworkServicesBuilder.<>c.<TryAddCoreServices>b__8_4(IServiceProvider p)
   at Microsoft.Extensions.DependencyInjection.ServiceLookup.CallSiteRuntimeResolver.VisitFactory(FactoryCallSite factoryCallSite, RuntimeResolverContext context)
   at Microsoft.Extensions.DependencyInjection.ServiceLookup.CallSiteRuntimeResolver.VisitCache(ServiceCallSite callSite, RuntimeResolverContext context, ServiceProviderEngineScope serviceProviderEngine, RuntimeResolverLock lockType)
   at Microsoft.Extensions.DependencyInjection.ServiceLookup.CallSiteRuntimeResolver.VisitScopeCache(ServiceCallSite callSite, RuntimeResolverContext context)
   at Microsoft.Extensions.DependencyInjection.ServiceLookup.CallSiteVisitor`2.VisitCallSite(ServiceCallSite callSite, TArgument argument)
   at Microsoft.Extensions.DependencyInjection.ServiceLookup.CallSiteRuntimeResolver.VisitConstructor(ConstructorCallSite constructorCallSite, RuntimeResolverContext context)
   at Microsoft.Extensions.DependencyInjection.ServiceLookup.CallSiteRuntimeResolver.VisitCache(ServiceCallSite callSite, RuntimeResolverContext context, ServiceProviderEngineScope serviceProviderEngine, RuntimeResolverLock lockType)
   at Microsoft.Extensions.DependencyInjection.ServiceLookup.CallSiteRuntimeResolver.VisitScopeCache(ServiceCallSite callSite, RuntimeResolverContext context)
   at Microsoft.Extensions.DependencyInjection.ServiceLookup.CallSiteVisitor`2.VisitCallSite(ServiceCallSite callSite, TArgument argument)
   at Microsoft.Extensions.DependencyInjection.ServiceLookup.CallSiteRuntimeResolver.VisitConstructor(ConstructorCallSite constructorCallSite, RuntimeResolverContext context)
   at Microsoft.Extensions.DependencyInjection.ServiceLookup.CallSiteRuntimeResolver.VisitCache(ServiceCallSite callSite, RuntimeResolverContext context, ServiceProviderEngineScope serviceProviderEngine, RuntimeResolverLock lockType)
   at Microsoft.Extensions.DependencyInjection.ServiceLookup.CallSiteRuntimeResolver.VisitScopeCache(ServiceCallSite callSite, RuntimeResolverContext context)
   at Microsoft.Extensions.DependencyInjection.ServiceLookup.CallSiteVisitor`2.VisitCallSite(ServiceCallSite callSite, TArgument argument)
   at Microsoft.Extensions.DependencyInjection.ServiceLookup.CallSiteRuntimeResolver.VisitConstructor(ConstructorCallSite constructorCallSite, RuntimeResolverContext context)
   at Microsoft.Extensions.DependencyInjection.ServiceLookup.CallSiteRuntimeResolver.VisitCache(ServiceCallSite callSite, RuntimeResolverContext context, ServiceProviderEngineScope serviceProviderEngine, RuntimeResolverLock lockType)
   at Microsoft.Extensions.DependencyInjection.ServiceLookup.CallSiteRuntimeResolver.VisitScopeCache(ServiceCallSite callSite, RuntimeResolverContext context)
   at Microsoft.Extensions.DependencyInjection.ServiceLookup.CallSiteVisitor`2.VisitCallSite(ServiceCallSite callSite, TArgument argument)
   at Microsoft.Extensions.DependencyInjection.ServiceLookup.CallSiteRuntimeResolver.VisitConstructor(ConstructorCallSite constructorCallSite, RuntimeResolverContext context)
   at Microsoft.Extensions.DependencyInjection.ServiceLookup.CallSiteRuntimeResolver.VisitCache(ServiceCallSite callSite, RuntimeResolverContext context, ServiceProviderEngineScope serviceProviderEngine, RuntimeResolverLock lockType)
   at Microsoft.Extensions.DependencyInjection.ServiceLookup.CallSiteRuntimeResolver.VisitScopeCache(ServiceCallSite callSite, RuntimeResolverContext context)
   at Microsoft.Extensions.DependencyInjection.ServiceLookup.CallSiteVisitor`2.VisitCallSite(ServiceCallSite callSite, TArgument argument)
   at Microsoft.Extensions.DependencyInjection.ServiceLookup.CallSiteRuntimeResolver.VisitConstructor(ConstructorCallSite constructorCallSite, RuntimeResolverContext context)
   at Microsoft.Extensions.DependencyInjection.ServiceLookup.CallSiteRuntimeResolver.VisitCache(ServiceCallSite callSite, RuntimeResolverContext context, ServiceProviderEngineScope serviceProviderEngine, RuntimeResolverLock lockType)
   at Microsoft.Extensions.DependencyInjection.ServiceLookup.CallSiteRuntimeResolver.VisitScopeCache(ServiceCallSite callSite, RuntimeResolverContext context)
   at Microsoft.Extensions.DependencyInjection.ServiceLookup.CallSiteVisitor`2.VisitCallSite(ServiceCallSite callSite, TArgument argument)
   at Microsoft.Extensions.DependencyInjection.ServiceLookup.CallSiteRuntimeResolver.Resolve(ServiceCallSite callSite, ServiceProviderEngineScope scope)
   at Microsoft.Extensions.DependencyInjection.ServiceLookup.DynamicServiceProviderEngine.<>c__DisplayClass2_0.<RealizeService>b__0(ServiceProviderEngineScope scope)
   at Microsoft.Extensions.DependencyInjection.ServiceProvider.GetService(ServiceIdentifier serviceIdentifier, ServiceProviderEngineScope serviceProviderEngineScope)
   at Microsoft.Extensions.DependencyInjection.ServiceLookup.ServiceProviderEngineScope.GetService(Type serviceType)
   at Microsoft.Extensions.DependencyInjection.ServiceProviderServiceExtensions.GetRequiredService(IServiceProvider provider, Type serviceType)
   at Microsoft.Extensions.DependencyInjection.ServiceProviderServiceExtensions.GetRequiredService[T](IServiceProvider provider)
   at Microsoft.EntityFrameworkCore.DbContext.get_DbContextDependencies()
   at Microsoft.EntityFrameworkCore.DbContext.get_ContextServices()
   at Microsoft.EntityFrameworkCore.DbContext.get_Model()
   at Microsoft.EntityFrameworkCore.Internal.InternalDbSet`1.get_EntityType()
   at Microsoft.EntityFrameworkCore.Internal.InternalDbSet`1.CheckState()
   at Microsoft.EntityFrameworkCore.Internal.InternalDbSet`1.get_EntityQueryable()
   at Microsoft.EntityFrameworkCore.Internal.InternalDbSet`1.System.Linq.IQueryable.get_Provider()
   at System.Linq.Queryable.Where[TSource](IQueryable`1 source, Expression`1 predicate)
   at VSM.Repositories.VehicleRepository.GetAll(Int32 pageNumber, Int32 pageSize, String search) in /Users/presidio/Desktop/Genspark/MiniProject/VehicleServiceManagement/Repositories/vehicleRepository.cs:line 31
   at VSM.Services.VehicleService.GetAll(Int32 page, Int32 pageSize, String search) in /Users/presidio/Desktop/Genspark/MiniProject/VehicleServiceManagement/Services/VehicleService.cs:line 70
   at VSM.Controllers.VehicleController.GetAll(Int32 page, Int32 pageSize, String search) in /Users/presidio/Desktop/Genspark/MiniProject/VehicleServiceManagement/Controllers/Vehiclecontroller.cs:line 76

2025-06-29 18:45:57Z [ERROR] Error Getting All ServiceRecords
System.InvalidOperationException: The property 'Bill.Customer' could not be mapped because it is of type 'object', which is not a supported primitive type or a valid entity type. Either explicitly map this property, or ignore it using the '[NotMapped]' attribute or by using 'EntityTypeBuilder.Ignore' in 'OnModelCreating'.
   at Microsoft.EntityFrameworkCore.Infrastructure.ModelValidator.<ValidatePropertyMapping>g__Validate|7_0(IConventionTypeBase typeBase, <>c__DisplayClass7_0&)
   at Microsoft.EntityFrameworkCore.Infrastructure.ModelValidator.ValidatePropertyMapping(IModel model, IDiagnosticsLogger`1 logger)
   at Microsoft.EntityFrameworkCore.Infrastructure.ModelValidator.Validate(IModel model, IDiagnosticsLogger`1 logger)
   at Microsoft.EntityFrameworkCore.Infrastructure.RelationalModelValidator.Validate(IModel model, IDiagnosticsLogger`1 logger)
   at Npgsql.EntityFrameworkCore.PostgreSQL.Infrastructure.Internal.NpgsqlModelValidator.Validate(IModel model, IDiagnosticsLogger`1 logger)
   at Microsoft.EntityFrameworkCore.Infrastructure.ModelRuntimeInitializer.Initialize(IModel model, Boolean designTime, IDiagnosticsLogger`1 validationLogger)
   at Microsoft.EntityFrameworkCore.Infrastructure.ModelSource.CreateModel(DbContext context, ModelCreationDependencies modelCreationDependencies, Boolean designTime)
   at Microsoft.EntityFrameworkCore.Infrastructure.ModelSource.GetModel(DbContext context, ModelCreationDependencies modelCreationDependencies, Boolean designTime)
   at Microsoft.EntityFrameworkCore.Internal.DbContextServices.CreateModel(Boolean designTime)
   at Microsoft.EntityFrameworkCore.Internal.DbContextServices.get_Model()
   at Microsoft.EntityFrameworkCore.Infrastructure.EntityFrameworkServicesBuilder.<>c.<TryAddCoreServices>b__8_4(IServiceProvider p)
   at Microsoft.Extensions.DependencyInjection.ServiceLookup.CallSiteRuntimeResolver.VisitFactory(FactoryCallSite factoryCallSite, RuntimeResolverContext context)
   at Microsoft.Extensions.DependencyInjection.ServiceLookup.CallSiteRuntimeResolver.VisitCache(ServiceCallSite callSite, RuntimeResolverContext context, ServiceProviderEngineScope serviceProviderEngine, RuntimeResolverLock lockType)
   at Microsoft.Extensions.DependencyInjection.ServiceLookup.CallSiteRuntimeResolver.VisitScopeCache(ServiceCallSite callSite, RuntimeResolverContext context)
   at Microsoft.Extensions.DependencyInjection.ServiceLookup.CallSiteVisitor`2.VisitCallSite(ServiceCallSite callSite, TArgument argument)
   at Microsoft.Extensions.DependencyInjection.ServiceLookup.CallSiteRuntimeResolver.VisitConstructor(ConstructorCallSite constructorCallSite, RuntimeResolverContext context)
   at Microsoft.Extensions.DependencyInjection.ServiceLookup.CallSiteRuntimeResolver.VisitCache(ServiceCallSite callSite, RuntimeResolverContext context, ServiceProviderEngineScope serviceProviderEngine, RuntimeResolverLock lockType)
   at Microsoft.Extensions.DependencyInjection.ServiceLookup.CallSiteRuntimeResolver.VisitScopeCache(ServiceCallSite callSite, RuntimeResolverContext context)
   at Microsoft.Extensions.DependencyInjection.ServiceLookup.CallSiteVisitor`2.VisitCallSite(ServiceCallSite callSite, TArgument argument)
   at Microsoft.Extensions.DependencyInjection.ServiceLookup.CallSiteRuntimeResolver.VisitConstructor(ConstructorCallSite constructorCallSite, RuntimeResolverContext context)
   at Microsoft.Extensions.DependencyInjection.ServiceLookup.CallSiteRuntimeResolver.VisitCache(ServiceCallSite callSite, RuntimeResolverContext context, ServiceProviderEngineScope serviceProviderEngine, RuntimeResolverLock lockType)
   at Microsoft.Extensions.DependencyInjection.ServiceLookup.CallSiteRuntimeResolver.VisitScopeCache(ServiceCallSite callSite, RuntimeResolverContext context)
   at Microsoft.Extensions.DependencyInjection.ServiceLookup.CallSiteVisitor`2.VisitCallSite(ServiceCallSite callSite, TArgument argument)
   at Microsoft.Extensions.DependencyInjection.ServiceLookup.CallSiteRuntimeResolver.VisitConstructor(ConstructorCallSite constructorCallSite, RuntimeResolverContext context)
   at Microsoft.Extensions.DependencyInjection.ServiceLookup.CallSiteRuntimeResolver.VisitCache(ServiceCallSite callSite, RuntimeResolverContext context, ServiceProviderEngineScope serviceProviderEngine, RuntimeResolverLock lockType)
   at Microsoft.Extensions.DependencyInjection.ServiceLookup.CallSiteRuntimeResolver.VisitScopeCache(ServiceCallSite callSite, RuntimeResolverContext context)
   at Microsoft.Extensions.DependencyInjection.ServiceLookup.CallSiteVisitor`2.VisitCallSite(ServiceCallSite callSite, TArgument argument)
   at Microsoft.Extensions.DependencyInjection.ServiceLookup.CallSiteRuntimeResolver.VisitConstructor(ConstructorCallSite constructorCallSite, RuntimeResolverContext context)
   at Microsoft.Extensions.DependencyInjection.ServiceLookup.CallSiteRuntimeResolver.VisitCache(ServiceCallSite callSite, RuntimeResolverContext context, ServiceProviderEngineScope serviceProviderEngine, RuntimeResolverLock lockType)
   at Microsoft.Extensions.DependencyInjection.ServiceLookup.CallSiteRuntimeResolver.VisitScopeCache(ServiceCallSite callSite, RuntimeResolverContext context)
   at Microsoft.Extensions.DependencyInjection.ServiceLookup.CallSiteVisitor`2.VisitCallSite(ServiceCallSite callSite, TArgument argument)
   at Microsoft.Extensions.DependencyInjection.ServiceLookup.CallSiteRuntimeResolver.VisitConstructor(ConstructorCallSite constructorCallSite, RuntimeResolverContext context)
   at Microsoft.Extensions.DependencyInjection.ServiceLookup.CallSiteRuntimeResolver.VisitCache(ServiceCallSite callSite, RuntimeResolverContext context, ServiceProviderEngineScope serviceProviderEngine, RuntimeResolverLock lockType)
   at Microsoft.Extensions.DependencyInjection.ServiceLookup.CallSiteRuntimeResolver.VisitScopeCache(ServiceCallSite callSite, RuntimeResolverContext context)
   at Microsoft.Extensions.DependencyInjection.ServiceLookup.CallSiteVisitor`2.VisitCallSite(ServiceCallSite callSite, TArgument argument)
   at Microsoft.Extensions.DependencyInjection.ServiceLookup.CallSiteRuntimeResolver.Resolve(ServiceCallSite callSite, ServiceProviderEngineScope scope)
   at Microsoft.Extensions.DependencyInjection.ServiceLookup.DynamicServiceProviderEngine.<>c__DisplayClass2_0.<RealizeService>b__0(ServiceProviderEngineScope scope)
   at Microsoft.Extensions.DependencyInjection.ServiceProvider.GetService(ServiceIdentifier serviceIdentifier, ServiceProviderEngineScope serviceProviderEngineScope)
   at Microsoft.Extensions.DependencyInjection.ServiceLookup.ServiceProviderEngineScope.GetService(Type serviceType)
   at Microsoft.Extensions.DependencyInjection.ServiceProviderServiceExtensions.GetRequiredService(IServiceProvider provider, Type serviceType)
   at Microsoft.Extensions.DependencyInjection.ServiceProviderServiceExtensions.GetRequiredService[T](IServiceProvider provider)
   at Microsoft.EntityFrameworkCore.DbContext.get_DbContextDependencies()
   at Microsoft.EntityFrameworkCore.DbContext.get_ContextServices()
   at Microsoft.EntityFrameworkCore.DbContext.get_Model()
   at Microsoft.EntityFrameworkCore.Internal.InternalDbSet`1.get_EntityType()
   at Microsoft.EntityFrameworkCore.Internal.InternalDbSet`1.CheckState()
   at Microsoft.EntityFrameworkCore.Internal.InternalDbSet`1.get_EntityQueryable()
   at Microsoft.EntityFrameworkCore.Internal.InternalDbSet`1.System.Linq.IQueryable.get_Provider()
   at Microsoft.EntityFrameworkCore.EntityFrameworkQueryableExtensions.Include[TEntity,TProperty](IQueryable`1 source, Expression`1 navigationPropertyPath)
   at VSM.Repositories.ServiceRecordRepository.GetAll(Int32 pageNumber, Int32 pageSize, String search) in /Users/presidio/Desktop/Genspark/MiniProject/VehicleServiceManagement/Repositories/ServiceRecordRepository.cs:line 25
   at VSM.Services.ServiceRecordService.GetAll(Int32 page, Int32 pageSize, String search) in /Users/presidio/Desktop/Genspark/MiniProject/VehicleServiceManagement/Services/ServiceRecordService.cs:line 73
   at VSM.Controllers.ServiceRecordController.GetAll(Int32 page, Int32 pageSize, String search) in /Users/presidio/Desktop/Genspark/MiniProject/VehicleServiceManagement/Controllers/ServiceRecordController.cs:line 77

2025-06-29 18:46:13Z [ERROR] Error Getting Available Slots
System.InvalidOperationException: The property 'Bill.Customer' could not be mapped because it is of type 'object', which is not a supported primitive type or a valid entity type. Either explicitly map this property, or ignore it using the '[NotMapped]' attribute or by using 'EntityTypeBuilder.Ignore' in 'OnModelCreating'.
   at Microsoft.EntityFrameworkCore.Infrastructure.ModelValidator.<ValidatePropertyMapping>g__Validate|7_0(IConventionTypeBase typeBase, <>c__DisplayClass7_0&)
   at Microsoft.EntityFrameworkCore.Infrastructure.ModelValidator.ValidatePropertyMapping(IModel model, IDiagnosticsLogger`1 logger)
   at Microsoft.EntityFrameworkCore.Infrastructure.ModelValidator.Validate(IModel model, IDiagnosticsLogger`1 logger)
   at Microsoft.EntityFrameworkCore.Infrastructure.RelationalModelValidator.Validate(IModel model, IDiagnosticsLogger`1 logger)
   at Npgsql.EntityFrameworkCore.PostgreSQL.Infrastructure.Internal.NpgsqlModelValidator.Validate(IModel model, IDiagnosticsLogger`1 logger)
   at Microsoft.EntityFrameworkCore.Infrastructure.ModelRuntimeInitializer.Initialize(IModel model, Boolean designTime, IDiagnosticsLogger`1 validationLogger)
   at Microsoft.EntityFrameworkCore.Infrastructure.ModelSource.CreateModel(DbContext context, ModelCreationDependencies modelCreationDependencies, Boolean designTime)
   at Microsoft.EntityFrameworkCore.Infrastructure.ModelSource.GetModel(DbContext context, ModelCreationDependencies modelCreationDependencies, Boolean designTime)
   at Microsoft.EntityFrameworkCore.Internal.DbContextServices.CreateModel(Boolean designTime)
   at Microsoft.EntityFrameworkCore.Internal.DbContextServices.get_Model()
   at Microsoft.EntityFrameworkCore.Infrastructure.EntityFrameworkServicesBuilder.<>c.<TryAddCoreServices>b__8_4(IServiceProvider p)
   at Microsoft.Extensions.DependencyInjection.ServiceLookup.CallSiteVisitor`2.VisitCallSiteMain(ServiceCallSite callSite, TArgument argument)
   at Microsoft.Extensions.DependencyInjection.ServiceLookup.CallSiteRuntimeResolver.VisitCache(ServiceCallSite callSite, RuntimeResolverContext context, ServiceProviderEngineScope serviceProviderEngine, RuntimeResolverLock lockType)
   at Microsoft.Extensions.DependencyInjection.ServiceLookup.CallSiteVisitor`2.VisitCallSite(ServiceCallSite callSite, TArgument argument)
   at Microsoft.Extensions.DependencyInjection.ServiceLookup.CallSiteVisitor`2.VisitCallSiteMain(ServiceCallSite callSite, TArgument argument)
   at Microsoft.Extensions.DependencyInjection.ServiceLookup.CallSiteRuntimeResolver.VisitCache(ServiceCallSite callSite, RuntimeResolverContext context, ServiceProviderEngineScope serviceProviderEngine, RuntimeResolverLock lockType)
   at Microsoft.Extensions.DependencyInjection.ServiceLookup.CallSiteVisitor`2.VisitCallSite(ServiceCallSite callSite, TArgument argument)
   at Microsoft.Extensions.DependencyInjection.ServiceLookup.CallSiteVisitor`2.VisitCallSiteMain(ServiceCallSite callSite, TArgument argument)
   at Microsoft.Extensions.DependencyInjection.ServiceLookup.CallSiteRuntimeResolver.VisitCache(ServiceCallSite callSite, RuntimeResolverContext context, ServiceProviderEngineScope serviceProviderEngine, RuntimeResolverLock lockType)
   at Microsoft.Extensions.DependencyInjection.ServiceLookup.CallSiteVisitor`2.VisitCallSite(ServiceCallSite callSite, TArgument argument)
   at Microsoft.Extensions.DependencyInjection.ServiceLookup.CallSiteVisitor`2.VisitCallSiteMain(ServiceCallSite callSite, TArgument argument)
   at Microsoft.Extensions.DependencyInjection.ServiceLookup.CallSiteRuntimeResolver.VisitCache(ServiceCallSite callSite, RuntimeResolverContext context, ServiceProviderEngineScope serviceProviderEngine, RuntimeResolverLock lockType)
   at Microsoft.Extensions.DependencyInjection.ServiceLookup.CallSiteVisitor`2.VisitCallSite(ServiceCallSite callSite, TArgument argument)
   at Microsoft.Extensions.DependencyInjection.ServiceLookup.CallSiteVisitor`2.VisitCallSiteMain(ServiceCallSite callSite, TArgument argument)
   at Microsoft.Extensions.DependencyInjection.ServiceLookup.CallSiteRuntimeResolver.VisitCache(ServiceCallSite callSite, RuntimeResolverContext context, ServiceProviderEngineScope serviceProviderEngine, RuntimeResolverLock lockType)
   at Microsoft.Extensions.DependencyInjection.ServiceLookup.CallSiteVisitor`2.VisitCallSite(ServiceCallSite callSite, TArgument argument)
   at Microsoft.Extensions.DependencyInjection.ServiceLookup.CallSiteVisitor`2.VisitCallSiteMain(ServiceCallSite callSite, TArgument argument)
   at Microsoft.Extensions.DependencyInjection.ServiceLookup.CallSiteRuntimeResolver.VisitCache(ServiceCallSite callSite, RuntimeResolverContext context, ServiceProviderEngineScope serviceProviderEngine, RuntimeResolverLock lockType)
   at Microsoft.Extensions.DependencyInjection.ServiceLookup.CallSiteVisitor`2.VisitCallSite(ServiceCallSite callSite, TArgument argument)
   at Microsoft.Extensions.DependencyInjection.ServiceLookup.CallSiteRuntimeResolver.Resolve(ServiceCallSite callSite, ServiceProviderEngineScope scope)
   at Microsoft.Extensions.DependencyInjection.ServiceLookup.DynamicServiceProviderEngine.<>c__DisplayClass2_0.<RealizeService>b__0(ServiceProviderEngineScope scope)
   at Microsoft.Extensions.DependencyInjection.ServiceProvider.GetService(ServiceIdentifier serviceIdentifier, ServiceProviderEngineScope serviceProviderEngineScope)
   at Microsoft.Extensions.DependencyInjection.ServiceLookup.ServiceProviderEngineScope.GetService(Type serviceType)
   at Microsoft.Extensions.DependencyInjection.ServiceProviderServiceExtensions.GetRequiredService(IServiceProvider provider, Type serviceType)
   at Microsoft.Extensions.DependencyInjection.ServiceProviderServiceExtensions.GetRequiredService[T](IServiceProvider provider)
   at Microsoft.EntityFrameworkCore.DbContext.get_DbContextDependencies()
   at Microsoft.EntityFrameworkCore.DbContext.get_ContextServices()
   at Microsoft.EntityFrameworkCore.DbContext.get_Model()
   at Microsoft.EntityFrameworkCore.Internal.InternalDbSet`1.get_EntityType()
   at Microsoft.EntityFrameworkCore.Internal.InternalDbSet`1.CheckState()
   at Microsoft.EntityFrameworkCore.Internal.InternalDbSet`1.get_EntityQueryable()
   at Microsoft.EntityFrameworkCore.Internal.InternalDbSet`1.System.Linq.IQueryable.get_Provider()
   at Microsoft.EntityFrameworkCore.EntityFrameworkQueryableExtensions.Include[TEntity,TProperty](IQueryable`1 source, Expression`1 navigationPropertyPath)
   at VSM.Repositories.BookingRepository.GetAll(Int32 pageNumber, Int32 pageSize, String search) in /Users/presidio/Desktop/Genspark/MiniProject/VehicleServiceManagement/Repositories/BookingRepository.cs:line 22
   at VSM.Services.BookingService.DisplaySlots() in /Users/presidio/Desktop/Genspark/MiniProject/VehicleServiceManagement/Services/BookingService.cs:line 87
   at VSM.Controllers.BookingController.GetAvailableSlots() in /Users/presidio/Desktop/Genspark/MiniProject/VehicleServiceManagement/Controllers/Bookingcontroller.cs:line 46

2025-06-29 18:46:13Z [ERROR] Error Getting Customer By Email
System.InvalidOperationException: The property 'Bill.Customer' could not be mapped because it is of type 'object', which is not a supported primitive type or a valid entity type. Either explicitly map this property, or ignore it using the '[NotMapped]' attribute or by using 'EntityTypeBuilder.Ignore' in 'OnModelCreating'.
   at Microsoft.EntityFrameworkCore.Infrastructure.ModelValidator.<ValidatePropertyMapping>g__Validate|7_0(IConventionTypeBase typeBase, <>c__DisplayClass7_0&)
   at Microsoft.EntityFrameworkCore.Infrastructure.ModelValidator.ValidatePropertyMapping(IModel model, IDiagnosticsLogger`1 logger)
   at Microsoft.EntityFrameworkCore.Infrastructure.ModelValidator.Validate(IModel model, IDiagnosticsLogger`1 logger)
   at Microsoft.EntityFrameworkCore.Infrastructure.RelationalModelValidator.Validate(IModel model, IDiagnosticsLogger`1 logger)
   at Npgsql.EntityFrameworkCore.PostgreSQL.Infrastructure.Internal.NpgsqlModelValidator.Validate(IModel model, IDiagnosticsLogger`1 logger)
   at Microsoft.EntityFrameworkCore.Infrastructure.ModelRuntimeInitializer.Initialize(IModel model, Boolean designTime, IDiagnosticsLogger`1 validationLogger)
   at Microsoft.EntityFrameworkCore.Infrastructure.ModelSource.CreateModel(DbContext context, ModelCreationDependencies modelCreationDependencies, Boolean designTime)
   at Microsoft.EntityFrameworkCore.Infrastructure.ModelSource.GetModel(DbContext context, ModelCreationDependencies modelCreationDependencies, Boolean designTime)
   at Microsoft.EntityFrameworkCore.Internal.DbContextServices.CreateModel(Boolean designTime)
   at Microsoft.EntityFrameworkCore.Internal.DbContextServices.get_Model()
   at Microsoft.EntityFrameworkCore.Infrastructure.EntityFrameworkServicesBuilder.<>c.<TryAddCoreServices>b__8_4(IServiceProvider p)
   at Microsoft.Extensions.DependencyInjection.ServiceLookup.CallSiteVisitor`2.VisitCallSiteMain(ServiceCallSite callSite, TArgument argument)
   at Microsoft.Extensions.DependencyInjection.ServiceLookup.CallSiteRuntimeResolver.VisitCache(ServiceCallSite callSite, RuntimeResolverContext context, ServiceProviderEngineScope serviceProviderEngine, RuntimeResolverLock lockType)
   at Microsoft.Extensions.DependencyInjection.ServiceLookup.CallSiteVisitor`2.VisitCallSite(ServiceCallSite callSite, TArgument argument)
   at Microsoft.Extensions.DependencyInjection.ServiceLookup.CallSiteVisitor`2.VisitCallSiteMain(ServiceCallSite callSite, TArgument argument)
   at Microsoft.Extensions.DependencyInjection.ServiceLookup.CallSiteRuntimeResolver.VisitCache(ServiceCallSite callSite, RuntimeResolverContext context, ServiceProviderEngineScope serviceProviderEngine, RuntimeResolverLock lockType)
   at Microsoft.Extensions.DependencyInjection.ServiceLookup.CallSiteVisitor`2.VisitCallSite(ServiceCallSite callSite, TArgument argument)
   at Microsoft.Extensions.DependencyInjection.ServiceLookup.CallSiteVisitor`2.VisitCallSiteMain(ServiceCallSite callSite, TArgument argument)
   at Microsoft.Extensions.DependencyInjection.ServiceLookup.CallSiteRuntimeResolver.VisitCache(ServiceCallSite callSite, RuntimeResolverContext context, ServiceProviderEngineScope serviceProviderEngine, RuntimeResolverLock lockType)
   at Microsoft.Extensions.DependencyInjection.ServiceLookup.CallSiteVisitor`2.VisitCallSite(ServiceCallSite callSite, TArgument argument)
   at Microsoft.Extensions.DependencyInjection.ServiceLookup.CallSiteVisitor`2.VisitCallSiteMain(ServiceCallSite callSite, TArgument argument)
   at Microsoft.Extensions.DependencyInjection.ServiceLookup.CallSiteRuntimeResolver.VisitCache(ServiceCallSite callSite, RuntimeResolverContext context, ServiceProviderEngineScope serviceProviderEngine, RuntimeResolverLock lockType)
   at Microsoft.Extensions.DependencyInjection.ServiceLookup.CallSiteVisitor`2.VisitCallSite(ServiceCallSite callSite, TArgument argument)
   at Microsoft.Extensions.DependencyInjection.ServiceLookup.CallSiteVisitor`2.VisitCallSiteMain(ServiceCallSite callSite, TArgument argument)
   at Microsoft.Extensions.DependencyInjection.ServiceLookup.CallSiteRuntimeResolver.VisitCache(ServiceCallSite callSite, RuntimeResolverContext context, ServiceProviderEngineScope serviceProviderEngine, RuntimeResolverLock lockType)
   at Microsoft.Extensions.DependencyInjection.ServiceLookup.CallSiteVisitor`2.VisitCallSite(ServiceCallSite callSite, TArgument argument)
   at Microsoft.Extensions.DependencyInjection.ServiceLookup.CallSiteVisitor`2.VisitCallSiteMain(ServiceCallSite callSite, TArgument argument)
   at Microsoft.Extensions.DependencyInjection.ServiceLookup.CallSiteRuntimeResolver.VisitCache(ServiceCallSite callSite, RuntimeResolverContext context, ServiceProviderEngineScope serviceProviderEngine, RuntimeResolverLock lockType)
   at Microsoft.Extensions.DependencyInjection.ServiceLookup.CallSiteVisitor`2.VisitCallSite(ServiceCallSite callSite, TArgument argument)
   at Microsoft.Extensions.DependencyInjection.ServiceLookup.CallSiteRuntimeResolver.Resolve(ServiceCallSite callSite, ServiceProviderEngineScope scope)
   at Microsoft.Extensions.DependencyInjection.ServiceLookup.DynamicServiceProviderEngine.<>c__DisplayClass2_0.<RealizeService>b__0(ServiceProviderEngineScope scope)
   at Microsoft.Extensions.DependencyInjection.ServiceProvider.GetService(ServiceIdentifier serviceIdentifier, ServiceProviderEngineScope serviceProviderEngineScope)
   at Microsoft.Extensions.DependencyInjection.ServiceLookup.ServiceProviderEngineScope.GetService(Type serviceType)
   at Microsoft.Extensions.DependencyInjection.ServiceProviderServiceExtensions.GetRequiredService(IServiceProvider provider, Type serviceType)
   at Microsoft.Extensions.DependencyInjection.ServiceProviderServiceExtensions.GetRequiredService[T](IServiceProvider provider)
   at Microsoft.EntityFrameworkCore.DbContext.get_DbContextDependencies()
   at Microsoft.EntityFrameworkCore.DbContext.get_ContextServices()
   at Microsoft.EntityFrameworkCore.DbContext.get_Model()
   at Microsoft.EntityFrameworkCore.Internal.InternalDbSet`1.get_EntityType()
   at Microsoft.EntityFrameworkCore.Internal.InternalDbSet`1.CheckState()
   at Microsoft.EntityFrameworkCore.Internal.InternalDbSet`1.get_EntityQueryable()
   at Microsoft.EntityFrameworkCore.Internal.InternalDbSet`1.System.Collections.Generic.IAsyncEnumerable<TEntity>.GetAsyncEnumerator(CancellationToken cancellationToken)
   at System.Runtime.CompilerServices.ConfiguredCancelableAsyncEnumerable`1.GetAsyncEnumerator()
   at Microsoft.EntityFrameworkCore.EntityFrameworkQueryableExtensions.ToListAsync[TSource](IQueryable`1 source, CancellationToken cancellationToken)
   at VSM.Repositories.CustomerRepository.GetAll(Int32 pageNumber, Int32 pageSize, String search) in /Users/presidio/Desktop/Genspark/MiniProject/VehicleServiceManagement/Repositories/CustomerRepository.cs:line 22
   at VSM.Services.CustomerService.GetByEmail(String email) in /Users/presidio/Desktop/Genspark/MiniProject/VehicleServiceManagement/Services/CustomerService.cs:line 84
   at VSM.Controllers.CustomerController.GetByEmail(String email) in /Users/presidio/Desktop/Genspark/MiniProject/VehicleServiceManagement/Controllers/CustomerController.cs:line 63

2025-06-29 18:46:17Z [ERROR] Error Getting All Bookings
System.InvalidOperationException: The property 'Bill.Customer' could not be mapped because it is of type 'object', which is not a supported primitive type or a valid entity type. Either explicitly map this property, or ignore it using the '[NotMapped]' attribute or by using 'EntityTypeBuilder.Ignore' in 'OnModelCreating'.
   at Microsoft.EntityFrameworkCore.Infrastructure.ModelValidator.<ValidatePropertyMapping>g__Validate|7_0(IConventionTypeBase typeBase, <>c__DisplayClass7_0&)
   at Microsoft.EntityFrameworkCore.Infrastructure.ModelValidator.ValidatePropertyMapping(IModel model, IDiagnosticsLogger`1 logger)
   at Microsoft.EntityFrameworkCore.Infrastructure.ModelValidator.Validate(IModel model, IDiagnosticsLogger`1 logger)
   at Microsoft.EntityFrameworkCore.Infrastructure.RelationalModelValidator.Validate(IModel model, IDiagnosticsLogger`1 logger)
   at Npgsql.EntityFrameworkCore.PostgreSQL.Infrastructure.Internal.NpgsqlModelValidator.Validate(IModel model, IDiagnosticsLogger`1 logger)
   at Microsoft.EntityFrameworkCore.Infrastructure.ModelRuntimeInitializer.Initialize(IModel model, Boolean designTime, IDiagnosticsLogger`1 validationLogger)
   at Microsoft.EntityFrameworkCore.Infrastructure.ModelSource.CreateModel(DbContext context, ModelCreationDependencies modelCreationDependencies, Boolean designTime)
   at Microsoft.EntityFrameworkCore.Infrastructure.ModelSource.GetModel(DbContext context, ModelCreationDependencies modelCreationDependencies, Boolean designTime)
   at Microsoft.EntityFrameworkCore.Internal.DbContextServices.CreateModel(Boolean designTime)
   at Microsoft.EntityFrameworkCore.Internal.DbContextServices.get_Model()
   at Microsoft.EntityFrameworkCore.Infrastructure.EntityFrameworkServicesBuilder.<>c.<TryAddCoreServices>b__8_4(IServiceProvider p)
   at Microsoft.Extensions.DependencyInjection.ServiceLookup.CallSiteVisitor`2.VisitCallSiteMain(ServiceCallSite callSite, TArgument argument)
   at Microsoft.Extensions.DependencyInjection.ServiceLookup.CallSiteRuntimeResolver.VisitCache(ServiceCallSite callSite, RuntimeResolverContext context, ServiceProviderEngineScope serviceProviderEngine, RuntimeResolverLock lockType)
   at Microsoft.Extensions.DependencyInjection.ServiceLookup.CallSiteVisitor`2.VisitCallSite(ServiceCallSite callSite, TArgument argument)
   at Microsoft.Extensions.DependencyInjection.ServiceLookup.CallSiteVisitor`2.VisitCallSiteMain(ServiceCallSite callSite, TArgument argument)
   at Microsoft.Extensions.DependencyInjection.ServiceLookup.CallSiteRuntimeResolver.VisitCache(ServiceCallSite callSite, RuntimeResolverContext context, ServiceProviderEngineScope serviceProviderEngine, RuntimeResolverLock lockType)
   at Microsoft.Extensions.DependencyInjection.ServiceLookup.CallSiteVisitor`2.VisitCallSite(ServiceCallSite callSite, TArgument argument)
   at Microsoft.Extensions.DependencyInjection.ServiceLookup.CallSiteVisitor`2.VisitCallSiteMain(ServiceCallSite callSite, TArgument argument)
   at Microsoft.Extensions.DependencyInjection.ServiceLookup.CallSiteRuntimeResolver.VisitCache(ServiceCallSite callSite, RuntimeResolverContext context, ServiceProviderEngineScope serviceProviderEngine, RuntimeResolverLock lockType)
   at Microsoft.Extensions.DependencyInjection.ServiceLookup.CallSiteVisitor`2.VisitCallSite(ServiceCallSite callSite, TArgument argument)
   at Microsoft.Extensions.DependencyInjection.ServiceLookup.CallSiteVisitor`2.VisitCallSiteMain(ServiceCallSite callSite, TArgument argument)
   at Microsoft.Extensions.DependencyInjection.ServiceLookup.CallSiteRuntimeResolver.VisitCache(ServiceCallSite callSite, RuntimeResolverContext context, ServiceProviderEngineScope serviceProviderEngine, RuntimeResolverLock lockType)
   at Microsoft.Extensions.DependencyInjection.ServiceLookup.CallSiteVisitor`2.VisitCallSite(ServiceCallSite callSite, TArgument argument)
   at Microsoft.Extensions.DependencyInjection.ServiceLookup.CallSiteVisitor`2.VisitCallSiteMain(ServiceCallSite callSite, TArgument argument)
   at Microsoft.Extensions.DependencyInjection.ServiceLookup.CallSiteRuntimeResolver.VisitCache(ServiceCallSite callSite, RuntimeResolverContext context, ServiceProviderEngineScope serviceProviderEngine, RuntimeResolverLock lockType)
   at Microsoft.Extensions.DependencyInjection.ServiceLookup.CallSiteVisitor`2.VisitCallSite(ServiceCallSite callSite, TArgument argument)
   at Microsoft.Extensions.DependencyInjection.ServiceLookup.CallSiteVisitor`2.VisitCallSiteMain(ServiceCallSite callSite, TArgument argument)
   at Microsoft.Extensions.DependencyInjection.ServiceLookup.CallSiteRuntimeResolver.VisitCache(ServiceCallSite callSite, RuntimeResolverContext context, ServiceProviderEngineScope serviceProviderEngine, RuntimeResolverLock lockType)
   at Microsoft.Extensions.DependencyInjection.ServiceLookup.CallSiteVisitor`2.VisitCallSite(ServiceCallSite callSite, TArgument argument)
   at Microsoft.Extensions.DependencyInjection.ServiceLookup.CallSiteRuntimeResolver.Resolve(ServiceCallSite callSite, ServiceProviderEngineScope scope)
   at Microsoft.Extensions.DependencyInjection.ServiceLookup.DynamicServiceProviderEngine.<>c__DisplayClass2_0.<RealizeService>b__0(ServiceProviderEngineScope scope)
   at Microsoft.Extensions.DependencyInjection.ServiceProviderServiceExtensions.GetRequiredService(IServiceProvider provider, Type serviceType)
   at Microsoft.Extensions.DependencyInjection.ServiceProviderServiceExtensions.GetRequiredService[T](IServiceProvider provider)
   at Microsoft.EntityFrameworkCore.DbContext.get_DbContextDependencies()
   at Microsoft.EntityFrameworkCore.DbContext.get_ContextServices()
   at Microsoft.EntityFrameworkCore.DbContext.get_Model()
   at Microsoft.EntityFrameworkCore.Internal.InternalDbSet`1.get_EntityType()
   at Microsoft.EntityFrameworkCore.Internal.InternalDbSet`1.CheckState()
   at Microsoft.EntityFrameworkCore.Internal.InternalDbSet`1.get_EntityQueryable()
   at Microsoft.EntityFrameworkCore.Internal.InternalDbSet`1.System.Linq.IQueryable.get_Provider()
   at Microsoft.EntityFrameworkCore.EntityFrameworkQueryableExtensions.Include[TEntity,TProperty](IQueryable`1 source, Expression`1 navigationPropertyPath)
   at VSM.Repositories.BookingRepository.GetAll(Int32 pageNumber, Int32 pageSize, String search) in /Users/presidio/Desktop/Genspark/MiniProject/VehicleServiceManagement/Repositories/BookingRepository.cs:line 22
   at VSM.Services.BookingService.GetAll() in /Users/presidio/Desktop/Genspark/MiniProject/VehicleServiceManagement/Services/BookingService.cs:line 122
   at VSM.Controllers.BookingController.GetAll() in /Users/presidio/Desktop/Genspark/MiniProject/VehicleServiceManagement/Controllers/Bookingcontroller.cs:line 76

2025-06-29 18:46:17Z [ERROR] Error Getting Customer By Email
System.InvalidOperationException: The property 'Bill.Customer' could not be mapped because it is of type 'object', which is not a supported primitive type or a valid entity type. Either explicitly map this property, or ignore it using the '[NotMapped]' attribute or by using 'EntityTypeBuilder.Ignore' in 'OnModelCreating'.
   at Microsoft.EntityFrameworkCore.Infrastructure.ModelValidator.<ValidatePropertyMapping>g__Validate|7_0(IConventionTypeBase typeBase, <>c__DisplayClass7_0&)
   at Microsoft.EntityFrameworkCore.Infrastructure.ModelValidator.ValidatePropertyMapping(IModel model, IDiagnosticsLogger`1 logger)
   at Microsoft.EntityFrameworkCore.Infrastructure.ModelValidator.Validate(IModel model, IDiagnosticsLogger`1 logger)
   at Microsoft.EntityFrameworkCore.Infrastructure.RelationalModelValidator.Validate(IModel model, IDiagnosticsLogger`1 logger)
   at Npgsql.EntityFrameworkCore.PostgreSQL.Infrastructure.Internal.NpgsqlModelValidator.Validate(IModel model, IDiagnosticsLogger`1 logger)
   at Microsoft.EntityFrameworkCore.Infrastructure.ModelRuntimeInitializer.Initialize(IModel model, Boolean designTime, IDiagnosticsLogger`1 validationLogger)
   at Microsoft.EntityFrameworkCore.Infrastructure.ModelSource.CreateModel(DbContext context, ModelCreationDependencies modelCreationDependencies, Boolean designTime)
   at Microsoft.EntityFrameworkCore.Infrastructure.ModelSource.GetModel(DbContext context, ModelCreationDependencies modelCreationDependencies, Boolean designTime)
   at Microsoft.EntityFrameworkCore.Internal.DbContextServices.CreateModel(Boolean designTime)
   at Microsoft.EntityFrameworkCore.Internal.DbContextServices.get_Model()
   at Microsoft.EntityFrameworkCore.Infrastructure.EntityFrameworkServicesBuilder.<>c.<TryAddCoreServices>b__8_4(IServiceProvider p)
   at Microsoft.Extensions.DependencyInjection.ServiceLookup.CallSiteVisitor`2.VisitCallSiteMain(ServiceCallSite callSite, TArgument argument)
   at Microsoft.Extensions.DependencyInjection.ServiceLookup.CallSiteRuntimeResolver.VisitCache(ServiceCallSite callSite, RuntimeResolverContext context, ServiceProviderEngineScope serviceProviderEngine, RuntimeResolverLock lockType)
   at Microsoft.Extensions.DependencyInjection.ServiceLookup.CallSiteVisitor`2.VisitCallSite(ServiceCallSite callSite, TArgument argument)
   at Microsoft.Extensions.DependencyInjection.ServiceLookup.CallSiteVisitor`2.VisitCallSiteMain(ServiceCallSite callSite, TArgument argument)
   at Microsoft.Extensions.DependencyInjection.ServiceLookup.CallSiteRuntimeResolver.VisitCache(ServiceCallSite callSite, RuntimeResolverContext context, ServiceProviderEngineScope serviceProviderEngine, RuntimeResolverLock lockType)
   at Microsoft.Extensions.DependencyInjection.ServiceLookup.CallSiteVisitor`2.VisitCallSite(ServiceCallSite callSite, TArgument argument)
   at Microsoft.Extensions.DependencyInjection.ServiceLookup.CallSiteVisitor`2.VisitCallSiteMain(ServiceCallSite callSite, TArgument argument)
   at Microsoft.Extensions.DependencyInjection.ServiceLookup.CallSiteRuntimeResolver.VisitCache(ServiceCallSite callSite, RuntimeResolverContext context, ServiceProviderEngineScope serviceProviderEngine, RuntimeResolverLock lockType)
   at Microsoft.Extensions.DependencyInjection.ServiceLookup.CallSiteVisitor`2.VisitCallSite(ServiceCallSite callSite, TArgument argument)
   at Microsoft.Extensions.DependencyInjection.ServiceLookup.CallSiteVisitor`2.VisitCallSiteMain(ServiceCallSite callSite, TArgument argument)
   at Microsoft.Extensions.DependencyInjection.ServiceLookup.CallSiteRuntimeResolver.VisitCache(ServiceCallSite callSite, RuntimeResolverContext context, ServiceProviderEngineScope serviceProviderEngine, RuntimeResolverLock lockType)
   at Microsoft.Extensions.DependencyInjection.ServiceLookup.CallSiteVisitor`2.VisitCallSite(ServiceCallSite callSite, TArgument argument)
   at Microsoft.Extensions.DependencyInjection.ServiceLookup.CallSiteVisitor`2.VisitCallSiteMain(ServiceCallSite callSite, TArgument argument)
   at Microsoft.Extensions.DependencyInjection.ServiceLookup.CallSiteRuntimeResolver.VisitCache(ServiceCallSite callSite, RuntimeResolverContext context, ServiceProviderEngineScope serviceProviderEngine, RuntimeResolverLock lockType)
   at Microsoft.Extensions.DependencyInjection.ServiceLookup.CallSiteVisitor`2.VisitCallSite(ServiceCallSite callSite, TArgument argument)
   at Microsoft.Extensions.DependencyInjection.ServiceLookup.CallSiteVisitor`2.VisitCallSiteMain(ServiceCallSite callSite, TArgument argument)
   at Microsoft.Extensions.DependencyInjection.ServiceLookup.CallSiteRuntimeResolver.VisitCache(ServiceCallSite callSite, RuntimeResolverContext context, ServiceProviderEngineScope serviceProviderEngine, RuntimeResolverLock lockType)
   at Microsoft.Extensions.DependencyInjection.ServiceLookup.CallSiteVisitor`2.VisitCallSite(ServiceCallSite callSite, TArgument argument)
   at Microsoft.Extensions.DependencyInjection.ServiceLookup.CallSiteRuntimeResolver.Resolve(ServiceCallSite callSite, ServiceProviderEngineScope scope)
   at Microsoft.Extensions.DependencyInjection.ServiceLookup.DynamicServiceProviderEngine.<>c__DisplayClass2_0.<RealizeService>b__0(ServiceProviderEngineScope scope)
   at Microsoft.Extensions.DependencyInjection.ServiceProviderServiceExtensions.GetRequiredService(IServiceProvider provider, Type serviceType)
   at Microsoft.Extensions.DependencyInjection.ServiceProviderServiceExtensions.GetRequiredService[T](IServiceProvider provider)
   at Microsoft.EntityFrameworkCore.DbContext.get_DbContextDependencies()
   at Microsoft.EntityFrameworkCore.DbContext.get_ContextServices()
   at Microsoft.EntityFrameworkCore.DbContext.get_Model()
   at Microsoft.EntityFrameworkCore.Internal.InternalDbSet`1.get_EntityType()
   at Microsoft.EntityFrameworkCore.Internal.InternalDbSet`1.CheckState()
   at Microsoft.EntityFrameworkCore.Internal.InternalDbSet`1.get_EntityQueryable()
   at Microsoft.EntityFrameworkCore.Internal.InternalDbSet`1.System.Collections.Generic.IAsyncEnumerable<TEntity>.GetAsyncEnumerator(CancellationToken cancellationToken)
   at System.Runtime.CompilerServices.ConfiguredCancelableAsyncEnumerable`1.GetAsyncEnumerator()
   at Microsoft.EntityFrameworkCore.EntityFrameworkQueryableExtensions.ToListAsync[TSource](IQueryable`1 source, CancellationToken cancellationToken)
   at VSM.Repositories.CustomerRepository.GetAll(Int32 pageNumber, Int32 pageSize, String search) in /Users/presidio/Desktop/Genspark/MiniProject/VehicleServiceManagement/Repositories/CustomerRepository.cs:line 22
   at VSM.Services.CustomerService.GetByEmail(String email) in /Users/presidio/Desktop/Genspark/MiniProject/VehicleServiceManagement/Services/CustomerService.cs:line 84
   at VSM.Controllers.CustomerController.GetByEmail(String email) in /Users/presidio/Desktop/Genspark/MiniProject/VehicleServiceManagement/Controllers/CustomerController.cs:line 63

2025-06-29 18:46:17Z [ERROR] Error Getting Available Slots
System.InvalidOperationException: The property 'Bill.Customer' could not be mapped because it is of type 'object', which is not a supported primitive type or a valid entity type. Either explicitly map this property, or ignore it using the '[NotMapped]' attribute or by using 'EntityTypeBuilder.Ignore' in 'OnModelCreating'.
   at Microsoft.EntityFrameworkCore.Infrastructure.ModelValidator.<ValidatePropertyMapping>g__Validate|7_0(IConventionTypeBase typeBase, <>c__DisplayClass7_0&)
   at Microsoft.EntityFrameworkCore.Infrastructure.ModelValidator.ValidatePropertyMapping(IModel model, IDiagnosticsLogger`1 logger)
   at Microsoft.EntityFrameworkCore.Infrastructure.ModelValidator.Validate(IModel model, IDiagnosticsLogger`1 logger)
   at Microsoft.EntityFrameworkCore.Infrastructure.RelationalModelValidator.Validate(IModel model, IDiagnosticsLogger`1 logger)
   at Npgsql.EntityFrameworkCore.PostgreSQL.Infrastructure.Internal.NpgsqlModelValidator.Validate(IModel model, IDiagnosticsLogger`1 logger)
   at Microsoft.EntityFrameworkCore.Infrastructure.ModelRuntimeInitializer.Initialize(IModel model, Boolean designTime, IDiagnosticsLogger`1 validationLogger)
   at Microsoft.EntityFrameworkCore.Infrastructure.ModelSource.CreateModel(DbContext context, ModelCreationDependencies modelCreationDependencies, Boolean designTime)
   at Microsoft.EntityFrameworkCore.Infrastructure.ModelSource.GetModel(DbContext context, ModelCreationDependencies modelCreationDependencies, Boolean designTime)
   at Microsoft.EntityFrameworkCore.Internal.DbContextServices.CreateModel(Boolean designTime)
   at Microsoft.EntityFrameworkCore.Internal.DbContextServices.get_Model()
   at Microsoft.EntityFrameworkCore.Infrastructure.EntityFrameworkServicesBuilder.<>c.<TryAddCoreServices>b__8_4(IServiceProvider p)
   at Microsoft.Extensions.DependencyInjection.ServiceLookup.CallSiteVisitor`2.VisitCallSiteMain(ServiceCallSite callSite, TArgument argument)
   at Microsoft.Extensions.DependencyInjection.ServiceLookup.CallSiteRuntimeResolver.VisitCache(ServiceCallSite callSite, RuntimeResolverContext context, ServiceProviderEngineScope serviceProviderEngine, RuntimeResolverLock lockType)
   at Microsoft.Extensions.DependencyInjection.ServiceLookup.CallSiteVisitor`2.VisitCallSite(ServiceCallSite callSite, TArgument argument)
   at Microsoft.Extensions.DependencyInjection.ServiceLookup.CallSiteVisitor`2.VisitCallSiteMain(ServiceCallSite callSite, TArgument argument)
   at Microsoft.Extensions.DependencyInjection.ServiceLookup.CallSiteRuntimeResolver.VisitCache(ServiceCallSite callSite, RuntimeResolverContext context, ServiceProviderEngineScope serviceProviderEngine, RuntimeResolverLock lockType)
   at Microsoft.Extensions.DependencyInjection.ServiceLookup.CallSiteVisitor`2.VisitCallSite(ServiceCallSite callSite, TArgument argument)
   at Microsoft.Extensions.DependencyInjection.ServiceLookup.CallSiteVisitor`2.VisitCallSiteMain(ServiceCallSite callSite, TArgument argument)
   at Microsoft.Extensions.DependencyInjection.ServiceLookup.CallSiteRuntimeResolver.VisitCache(ServiceCallSite callSite, RuntimeResolverContext context, ServiceProviderEngineScope serviceProviderEngine, RuntimeResolverLock lockType)
   at Microsoft.Extensions.DependencyInjection.ServiceLookup.CallSiteVisitor`2.VisitCallSite(ServiceCallSite callSite, TArgument argument)
   at Microsoft.Extensions.DependencyInjection.ServiceLookup.CallSiteVisitor`2.VisitCallSiteMain(ServiceCallSite callSite, TArgument argument)
   at Microsoft.Extensions.DependencyInjection.ServiceLookup.CallSiteRuntimeResolver.VisitCache(ServiceCallSite callSite, RuntimeResolverContext context, ServiceProviderEngineScope serviceProviderEngine, RuntimeResolverLock lockType)
   at Microsoft.Extensions.DependencyInjection.ServiceLookup.CallSiteVisitor`2.VisitCallSite(ServiceCallSite callSite, TArgument argument)
   at Microsoft.Extensions.DependencyInjection.ServiceLookup.CallSiteVisitor`2.VisitCallSiteMain(ServiceCallSite callSite, TArgument argument)
   at Microsoft.Extensions.DependencyInjection.ServiceLookup.CallSiteRuntimeResolver.VisitCache(ServiceCallSite callSite, RuntimeResolverContext context, ServiceProviderEngineScope serviceProviderEngine, RuntimeResolverLock lockType)
   at Microsoft.Extensions.DependencyInjection.ServiceLookup.CallSiteVisitor`2.VisitCallSite(ServiceCallSite callSite, TArgument argument)
   at Microsoft.Extensions.DependencyInjection.ServiceLookup.CallSiteVisitor`2.VisitCallSiteMain(ServiceCallSite callSite, TArgument argument)
   at Microsoft.Extensions.DependencyInjection.ServiceLookup.CallSiteRuntimeResolver.VisitCache(ServiceCallSite callSite, RuntimeResolverContext context, ServiceProviderEngineScope serviceProviderEngine, RuntimeResolverLock lockType)
   at Microsoft.Extensions.DependencyInjection.ServiceLookup.CallSiteVisitor`2.VisitCallSite(ServiceCallSite callSite, TArgument argument)
   at Microsoft.Extensions.DependencyInjection.ServiceLookup.CallSiteRuntimeResolver.Resolve(ServiceCallSite callSite, ServiceProviderEngineScope scope)
   at Microsoft.Extensions.DependencyInjection.ServiceLookup.DynamicServiceProviderEngine.<>c__DisplayClass2_0.<RealizeService>b__0(ServiceProviderEngineScope scope)
   at Microsoft.Extensions.DependencyInjection.ServiceProviderServiceExtensions.GetRequiredService(IServiceProvider provider, Type serviceType)
   at Microsoft.Extensions.DependencyInjection.ServiceProviderServiceExtensions.GetRequiredService[T](IServiceProvider provider)
   at Microsoft.EntityFrameworkCore.DbContext.get_DbContextDependencies()
   at Microsoft.EntityFrameworkCore.DbContext.get_ContextServices()
   at Microsoft.EntityFrameworkCore.DbContext.get_Model()
   at Microsoft.EntityFrameworkCore.Internal.InternalDbSet`1.get_EntityType()
   at Microsoft.EntityFrameworkCore.Internal.InternalDbSet`1.CheckState()
   at Microsoft.EntityFrameworkCore.Internal.InternalDbSet`1.get_EntityQueryable()
   at Microsoft.EntityFrameworkCore.Internal.InternalDbSet`1.System.Linq.IQueryable.get_Provider()
   at Microsoft.EntityFrameworkCore.EntityFrameworkQueryableExtensions.Include[TEntity,TProperty](IQueryable`1 source, Expression`1 navigationPropertyPath)
   at VSM.Repositories.BookingRepository.GetAll(Int32 pageNumber, Int32 pageSize, String search) in /Users/presidio/Desktop/Genspark/MiniProject/VehicleServiceManagement/Repositories/BookingRepository.cs:line 22
   at VSM.Services.BookingService.DisplaySlots() in /Users/presidio/Desktop/Genspark/MiniProject/VehicleServiceManagement/Services/BookingService.cs:line 87
   at VSM.Controllers.BookingController.GetAvailableSlots() in /Users/presidio/Desktop/Genspark/MiniProject/VehicleServiceManagement/Controllers/Bookingcontroller.cs:line 46

2025-06-29 18:49:46Z [ERROR] Error Getting All Bookings
System.InvalidOperationException: The property 'Bill.Customer' could not be mapped because it is of type 'object', which is not a supported primitive type or a valid entity type. Either explicitly map this property, or ignore it using the '[NotMapped]' attribute or by using 'EntityTypeBuilder.Ignore' in 'OnModelCreating'.
   at Microsoft.EntityFrameworkCore.Infrastructure.ModelValidator.<ValidatePropertyMapping>g__Validate|7_0(IConventionTypeBase typeBase, <>c__DisplayClass7_0&)
   at Microsoft.EntityFrameworkCore.Infrastructure.ModelValidator.ValidatePropertyMapping(IModel model, IDiagnosticsLogger`1 logger)
   at Microsoft.EntityFrameworkCore.Infrastructure.ModelValidator.Validate(IModel model, IDiagnosticsLogger`1 logger)
   at Microsoft.EntityFrameworkCore.Infrastructure.RelationalModelValidator.Validate(IModel model, IDiagnosticsLogger`1 logger)
   at Npgsql.EntityFrameworkCore.PostgreSQL.Infrastructure.Internal.NpgsqlModelValidator.Validate(IModel model, IDiagnosticsLogger`1 logger)
   at Microsoft.EntityFrameworkCore.Infrastructure.ModelRuntimeInitializer.Initialize(IModel model, Boolean designTime, IDiagnosticsLogger`1 validationLogger)
   at Microsoft.EntityFrameworkCore.Infrastructure.ModelSource.CreateModel(DbContext context, ModelCreationDependencies modelCreationDependencies, Boolean designTime)
   at Microsoft.EntityFrameworkCore.Infrastructure.ModelSource.GetModel(DbContext context, ModelCreationDependencies modelCreationDependencies, Boolean designTime)
   at Microsoft.EntityFrameworkCore.Internal.DbContextServices.CreateModel(Boolean designTime)
   at Microsoft.EntityFrameworkCore.Internal.DbContextServices.get_Model()
   at Microsoft.EntityFrameworkCore.Infrastructure.EntityFrameworkServicesBuilder.<>c.<TryAddCoreServices>b__8_4(IServiceProvider p)
   at Microsoft.Extensions.DependencyInjection.ServiceLookup.CallSiteVisitor`2.VisitCallSiteMain(ServiceCallSite callSite, TArgument argument)
   at Microsoft.Extensions.DependencyInjection.ServiceLookup.CallSiteRuntimeResolver.VisitCache(ServiceCallSite callSite, RuntimeResolverContext context, ServiceProviderEngineScope serviceProviderEngine, RuntimeResolverLock lockType)
   at Microsoft.Extensions.DependencyInjection.ServiceLookup.CallSiteVisitor`2.VisitCallSite(ServiceCallSite callSite, TArgument argument)
   at Microsoft.Extensions.DependencyInjection.ServiceLookup.CallSiteVisitor`2.VisitCallSiteMain(ServiceCallSite callSite, TArgument argument)
   at Microsoft.Extensions.DependencyInjection.ServiceLookup.CallSiteRuntimeResolver.VisitCache(ServiceCallSite callSite, RuntimeResolverContext context, ServiceProviderEngineScope serviceProviderEngine, RuntimeResolverLock lockType)
   at Microsoft.Extensions.DependencyInjection.ServiceLookup.CallSiteVisitor`2.VisitCallSite(ServiceCallSite callSite, TArgument argument)
   at Microsoft.Extensions.DependencyInjection.ServiceLookup.CallSiteVisitor`2.VisitCallSiteMain(ServiceCallSite callSite, TArgument argument)
   at Microsoft.Extensions.DependencyInjection.ServiceLookup.CallSiteRuntimeResolver.VisitCache(ServiceCallSite callSite, RuntimeResolverContext context, ServiceProviderEngineScope serviceProviderEngine, RuntimeResolverLock lockType)
   at Microsoft.Extensions.DependencyInjection.ServiceLookup.CallSiteVisitor`2.VisitCallSite(ServiceCallSite callSite, TArgument argument)
   at Microsoft.Extensions.DependencyInjection.ServiceLookup.CallSiteVisitor`2.VisitCallSiteMain(ServiceCallSite callSite, TArgument argument)
   at Microsoft.Extensions.DependencyInjection.ServiceLookup.CallSiteRuntimeResolver.VisitCache(ServiceCallSite callSite, RuntimeResolverContext context, ServiceProviderEngineScope serviceProviderEngine, RuntimeResolverLock lockType)
   at Microsoft.Extensions.DependencyInjection.ServiceLookup.CallSiteVisitor`2.VisitCallSite(ServiceCallSite callSite, TArgument argument)
   at Microsoft.Extensions.DependencyInjection.ServiceLookup.CallSiteVisitor`2.VisitCallSiteMain(ServiceCallSite callSite, TArgument argument)
   at Microsoft.Extensions.DependencyInjection.ServiceLookup.CallSiteRuntimeResolver.VisitCache(ServiceCallSite callSite, RuntimeResolverContext context, ServiceProviderEngineScope serviceProviderEngine, RuntimeResolverLock lockType)
   at Microsoft.Extensions.DependencyInjection.ServiceLookup.CallSiteVisitor`2.VisitCallSite(ServiceCallSite callSite, TArgument argument)
   at Microsoft.Extensions.DependencyInjection.ServiceLookup.CallSiteVisitor`2.VisitCallSiteMain(ServiceCallSite callSite, TArgument argument)
   at Microsoft.Extensions.DependencyInjection.ServiceLookup.CallSiteRuntimeResolver.VisitCache(ServiceCallSite callSite, RuntimeResolverContext context, ServiceProviderEngineScope serviceProviderEngine, RuntimeResolverLock lockType)
   at Microsoft.Extensions.DependencyInjection.ServiceLookup.CallSiteVisitor`2.VisitCallSite(ServiceCallSite callSite, TArgument argument)
   at Microsoft.Extensions.DependencyInjection.ServiceLookup.CallSiteRuntimeResolver.Resolve(ServiceCallSite callSite, ServiceProviderEngineScope scope)
   at Microsoft.Extensions.DependencyInjection.ServiceLookup.DynamicServiceProviderEngine.<>c__DisplayClass2_0.<RealizeService>b__0(ServiceProviderEngineScope scope)
   at Microsoft.Extensions.DependencyInjection.ServiceProviderServiceExtensions.GetRequiredService(IServiceProvider provider, Type serviceType)
   at Microsoft.Extensions.DependencyInjection.ServiceProviderServiceExtensions.GetRequiredService[T](IServiceProvider provider)
   at Microsoft.EntityFrameworkCore.DbContext.get_DbContextDependencies()
   at Microsoft.EntityFrameworkCore.DbContext.get_ContextServices()
   at Microsoft.EntityFrameworkCore.DbContext.get_Model()
   at Microsoft.EntityFrameworkCore.Internal.InternalDbSet`1.get_EntityType()
   at Microsoft.EntityFrameworkCore.Internal.InternalDbSet`1.CheckState()
   at Microsoft.EntityFrameworkCore.Internal.InternalDbSet`1.get_EntityQueryable()
   at Microsoft.EntityFrameworkCore.Internal.InternalDbSet`1.System.Linq.IQueryable.get_Provider()
   at Microsoft.EntityFrameworkCore.EntityFrameworkQueryableExtensions.Include[TEntity,TProperty](IQueryable`1 source, Expression`1 navigationPropertyPath)
   at VSM.Repositories.BookingRepository.GetAll(Int32 pageNumber, Int32 pageSize, String search) in /Users/presidio/Desktop/Genspark/MiniProject/VehicleServiceManagement/Repositories/BookingRepository.cs:line 22
   at VSM.Services.BookingService.GetAll() in /Users/presidio/Desktop/Genspark/MiniProject/VehicleServiceManagement/Services/BookingService.cs:line 122
   at VSM.Controllers.BookingController.GetAll() in /Users/presidio/Desktop/Genspark/MiniProject/VehicleServiceManagement/Controllers/Bookingcontroller.cs:line 76

2025-06-29 18:49:47Z [ERROR] Error Getting Available Slots
System.InvalidOperationException: The property 'Bill.Customer' could not be mapped because it is of type 'object', which is not a supported primitive type or a valid entity type. Either explicitly map this property, or ignore it using the '[NotMapped]' attribute or by using 'EntityTypeBuilder.Ignore' in 'OnModelCreating'.
   at Microsoft.EntityFrameworkCore.Infrastructure.ModelValidator.<ValidatePropertyMapping>g__Validate|7_0(IConventionTypeBase typeBase, <>c__DisplayClass7_0&)
   at Microsoft.EntityFrameworkCore.Infrastructure.ModelValidator.ValidatePropertyMapping(IModel model, IDiagnosticsLogger`1 logger)
   at Microsoft.EntityFrameworkCore.Infrastructure.ModelValidator.Validate(IModel model, IDiagnosticsLogger`1 logger)
   at Microsoft.EntityFrameworkCore.Infrastructure.RelationalModelValidator.Validate(IModel model, IDiagnosticsLogger`1 logger)
   at Npgsql.EntityFrameworkCore.PostgreSQL.Infrastructure.Internal.NpgsqlModelValidator.Validate(IModel model, IDiagnosticsLogger`1 logger)
   at Microsoft.EntityFrameworkCore.Infrastructure.ModelRuntimeInitializer.Initialize(IModel model, Boolean designTime, IDiagnosticsLogger`1 validationLogger)
   at Microsoft.EntityFrameworkCore.Infrastructure.ModelSource.CreateModel(DbContext context, ModelCreationDependencies modelCreationDependencies, Boolean designTime)
   at Microsoft.EntityFrameworkCore.Infrastructure.ModelSource.GetModel(DbContext context, ModelCreationDependencies modelCreationDependencies, Boolean designTime)
   at Microsoft.EntityFrameworkCore.Internal.DbContextServices.CreateModel(Boolean designTime)
   at Microsoft.EntityFrameworkCore.Internal.DbContextServices.get_Model()
   at Microsoft.EntityFrameworkCore.Infrastructure.EntityFrameworkServicesBuilder.<>c.<TryAddCoreServices>b__8_4(IServiceProvider p)
   at Microsoft.Extensions.DependencyInjection.ServiceLookup.CallSiteVisitor`2.VisitCallSiteMain(ServiceCallSite callSite, TArgument argument)
   at Microsoft.Extensions.DependencyInjection.ServiceLookup.CallSiteRuntimeResolver.VisitCache(ServiceCallSite callSite, RuntimeResolverContext context, ServiceProviderEngineScope serviceProviderEngine, RuntimeResolverLock lockType)
   at Microsoft.Extensions.DependencyInjection.ServiceLookup.CallSiteVisitor`2.VisitCallSite(ServiceCallSite callSite, TArgument argument)
   at Microsoft.Extensions.DependencyInjection.ServiceLookup.CallSiteVisitor`2.VisitCallSiteMain(ServiceCallSite callSite, TArgument argument)
   at Microsoft.Extensions.DependencyInjection.ServiceLookup.CallSiteRuntimeResolver.VisitCache(ServiceCallSite callSite, RuntimeResolverContext context, ServiceProviderEngineScope serviceProviderEngine, RuntimeResolverLock lockType)
   at Microsoft.Extensions.DependencyInjection.ServiceLookup.CallSiteVisitor`2.VisitCallSite(ServiceCallSite callSite, TArgument argument)
   at Microsoft.Extensions.DependencyInjection.ServiceLookup.CallSiteVisitor`2.VisitCallSiteMain(ServiceCallSite callSite, TArgument argument)
   at Microsoft.Extensions.DependencyInjection.ServiceLookup.CallSiteRuntimeResolver.VisitCache(ServiceCallSite callSite, RuntimeResolverContext context, ServiceProviderEngineScope serviceProviderEngine, RuntimeResolverLock lockType)
   at Microsoft.Extensions.DependencyInjection.ServiceLookup.CallSiteVisitor`2.VisitCallSite(ServiceCallSite callSite, TArgument argument)
   at Microsoft.Extensions.DependencyInjection.ServiceLookup.CallSiteVisitor`2.VisitCallSiteMain(ServiceCallSite callSite, TArgument argument)
   at Microsoft.Extensions.DependencyInjection.ServiceLookup.CallSiteRuntimeResolver.VisitCache(ServiceCallSite callSite, RuntimeResolverContext context, ServiceProviderEngineScope serviceProviderEngine, RuntimeResolverLock lockType)
   at Microsoft.Extensions.DependencyInjection.ServiceLookup.CallSiteVisitor`2.VisitCallSite(ServiceCallSite callSite, TArgument argument)
   at Microsoft.Extensions.DependencyInjection.ServiceLookup.CallSiteVisitor`2.VisitCallSiteMain(ServiceCallSite callSite, TArgument argument)
   at Microsoft.Extensions.DependencyInjection.ServiceLookup.CallSiteRuntimeResolver.VisitCache(ServiceCallSite callSite, RuntimeResolverContext context, ServiceProviderEngineScope serviceProviderEngine, RuntimeResolverLock lockType)
   at Microsoft.Extensions.DependencyInjection.ServiceLookup.CallSiteVisitor`2.VisitCallSite(ServiceCallSite callSite, TArgument argument)
   at Microsoft.Extensions.DependencyInjection.ServiceLookup.CallSiteVisitor`2.VisitCallSiteMain(ServiceCallSite callSite, TArgument argument)
   at Microsoft.Extensions.DependencyInjection.ServiceLookup.CallSiteRuntimeResolver.VisitCache(ServiceCallSite callSite, RuntimeResolverContext context, ServiceProviderEngineScope serviceProviderEngine, RuntimeResolverLock lockType)
   at Microsoft.Extensions.DependencyInjection.ServiceLookup.CallSiteVisitor`2.VisitCallSite(ServiceCallSite callSite, TArgument argument)
   at Microsoft.Extensions.DependencyInjection.ServiceLookup.CallSiteRuntimeResolver.Resolve(ServiceCallSite callSite, ServiceProviderEngineScope scope)
   at Microsoft.Extensions.DependencyInjection.ServiceLookup.DynamicServiceProviderEngine.<>c__DisplayClass2_0.<RealizeService>b__0(ServiceProviderEngineScope scope)
   at Microsoft.Extensions.DependencyInjection.ServiceProviderServiceExtensions.GetRequiredService(IServiceProvider provider, Type serviceType)
   at Microsoft.Extensions.DependencyInjection.ServiceProviderServiceExtensions.GetRequiredService[T](IServiceProvider provider)
   at Microsoft.EntityFrameworkCore.DbContext.get_DbContextDependencies()
   at Microsoft.EntityFrameworkCore.DbContext.get_ContextServices()
   at Microsoft.EntityFrameworkCore.DbContext.get_Model()
   at Microsoft.EntityFrameworkCore.Internal.InternalDbSet`1.get_EntityType()
   at Microsoft.EntityFrameworkCore.Internal.InternalDbSet`1.CheckState()
   at Microsoft.EntityFrameworkCore.Internal.InternalDbSet`1.get_EntityQueryable()
   at Microsoft.EntityFrameworkCore.Internal.InternalDbSet`1.System.Linq.IQueryable.get_Provider()
   at Microsoft.EntityFrameworkCore.EntityFrameworkQueryableExtensions.Include[TEntity,TProperty](IQueryable`1 source, Expression`1 navigationPropertyPath)
   at VSM.Repositories.BookingRepository.GetAll(Int32 pageNumber, Int32 pageSize, String search) in /Users/presidio/Desktop/Genspark/MiniProject/VehicleServiceManagement/Repositories/BookingRepository.cs:line 22
   at VSM.Services.BookingService.DisplaySlots() in /Users/presidio/Desktop/Genspark/MiniProject/VehicleServiceManagement/Services/BookingService.cs:line 87
   at VSM.Controllers.BookingController.GetAvailableSlots() in /Users/presidio/Desktop/Genspark/MiniProject/VehicleServiceManagement/Controllers/Bookingcontroller.cs:line 46

2025-06-29 18:49:47Z [ERROR] Error Getting Customer By Email
System.InvalidOperationException: The property 'Bill.Customer' could not be mapped because it is of type 'object', which is not a supported primitive type or a valid entity type. Either explicitly map this property, or ignore it using the '[NotMapped]' attribute or by using 'EntityTypeBuilder.Ignore' in 'OnModelCreating'.
   at Microsoft.EntityFrameworkCore.Infrastructure.ModelValidator.<ValidatePropertyMapping>g__Validate|7_0(IConventionTypeBase typeBase, <>c__DisplayClass7_0&)
   at Microsoft.EntityFrameworkCore.Infrastructure.ModelValidator.ValidatePropertyMapping(IModel model, IDiagnosticsLogger`1 logger)
   at Microsoft.EntityFrameworkCore.Infrastructure.ModelValidator.Validate(IModel model, IDiagnosticsLogger`1 logger)
   at Microsoft.EntityFrameworkCore.Infrastructure.RelationalModelValidator.Validate(IModel model, IDiagnosticsLogger`1 logger)
   at Npgsql.EntityFrameworkCore.PostgreSQL.Infrastructure.Internal.NpgsqlModelValidator.Validate(IModel model, IDiagnosticsLogger`1 logger)
   at Microsoft.EntityFrameworkCore.Infrastructure.ModelRuntimeInitializer.Initialize(IModel model, Boolean designTime, IDiagnosticsLogger`1 validationLogger)
   at Microsoft.EntityFrameworkCore.Infrastructure.ModelSource.CreateModel(DbContext context, ModelCreationDependencies modelCreationDependencies, Boolean designTime)
   at Microsoft.EntityFrameworkCore.Infrastructure.ModelSource.GetModel(DbContext context, ModelCreationDependencies modelCreationDependencies, Boolean designTime)
   at Microsoft.EntityFrameworkCore.Internal.DbContextServices.CreateModel(Boolean designTime)
   at Microsoft.EntityFrameworkCore.Internal.DbContextServices.get_Model()
   at Microsoft.EntityFrameworkCore.Infrastructure.EntityFrameworkServicesBuilder.<>c.<TryAddCoreServices>b__8_4(IServiceProvider p)
   at Microsoft.Extensions.DependencyInjection.ServiceLookup.CallSiteVisitor`2.VisitCallSiteMain(ServiceCallSite callSite, TArgument argument)
   at Microsoft.Extensions.DependencyInjection.ServiceLookup.CallSiteRuntimeResolver.VisitCache(ServiceCallSite callSite, RuntimeResolverContext context, ServiceProviderEngineScope serviceProviderEngine, RuntimeResolverLock lockType)
   at Microsoft.Extensions.DependencyInjection.ServiceLookup.CallSiteVisitor`2.VisitCallSite(ServiceCallSite callSite, TArgument argument)
   at Microsoft.Extensions.DependencyInjection.ServiceLookup.CallSiteVisitor`2.VisitCallSiteMain(ServiceCallSite callSite, TArgument argument)
   at Microsoft.Extensions.DependencyInjection.ServiceLookup.CallSiteRuntimeResolver.VisitCache(ServiceCallSite callSite, RuntimeResolverContext context, ServiceProviderEngineScope serviceProviderEngine, RuntimeResolverLock lockType)
   at Microsoft.Extensions.DependencyInjection.ServiceLookup.CallSiteVisitor`2.VisitCallSite(ServiceCallSite callSite, TArgument argument)
   at Microsoft.Extensions.DependencyInjection.ServiceLookup.CallSiteVisitor`2.VisitCallSiteMain(ServiceCallSite callSite, TArgument argument)
   at Microsoft.Extensions.DependencyInjection.ServiceLookup.CallSiteRuntimeResolver.VisitCache(ServiceCallSite callSite, RuntimeResolverContext context, ServiceProviderEngineScope serviceProviderEngine, RuntimeResolverLock lockType)
   at Microsoft.Extensions.DependencyInjection.ServiceLookup.CallSiteVisitor`2.VisitCallSite(ServiceCallSite callSite, TArgument argument)
   at Microsoft.Extensions.DependencyInjection.ServiceLookup.CallSiteVisitor`2.VisitCallSiteMain(ServiceCallSite callSite, TArgument argument)
   at Microsoft.Extensions.DependencyInjection.ServiceLookup.CallSiteRuntimeResolver.VisitCache(ServiceCallSite callSite, RuntimeResolverContext context, ServiceProviderEngineScope serviceProviderEngine, RuntimeResolverLock lockType)
   at Microsoft.Extensions.DependencyInjection.ServiceLookup.CallSiteVisitor`2.VisitCallSite(ServiceCallSite callSite, TArgument argument)
   at Microsoft.Extensions.DependencyInjection.ServiceLookup.CallSiteVisitor`2.VisitCallSiteMain(ServiceCallSite callSite, TArgument argument)
   at Microsoft.Extensions.DependencyInjection.ServiceLookup.CallSiteRuntimeResolver.VisitCache(ServiceCallSite callSite, RuntimeResolverContext context, ServiceProviderEngineScope serviceProviderEngine, RuntimeResolverLock lockType)
   at Microsoft.Extensions.DependencyInjection.ServiceLookup.CallSiteVisitor`2.VisitCallSite(ServiceCallSite callSite, TArgument argument)
   at Microsoft.Extensions.DependencyInjection.ServiceLookup.CallSiteVisitor`2.VisitCallSiteMain(ServiceCallSite callSite, TArgument argument)
   at Microsoft.Extensions.DependencyInjection.ServiceLookup.CallSiteRuntimeResolver.VisitCache(ServiceCallSite callSite, RuntimeResolverContext context, ServiceProviderEngineScope serviceProviderEngine, RuntimeResolverLock lockType)
   at Microsoft.Extensions.DependencyInjection.ServiceLookup.CallSiteVisitor`2.VisitCallSite(ServiceCallSite callSite, TArgument argument)
   at Microsoft.Extensions.DependencyInjection.ServiceLookup.CallSiteRuntimeResolver.Resolve(ServiceCallSite callSite, ServiceProviderEngineScope scope)
   at Microsoft.Extensions.DependencyInjection.ServiceLookup.DynamicServiceProviderEngine.<>c__DisplayClass2_0.<RealizeService>b__0(ServiceProviderEngineScope scope)
   at Microsoft.Extensions.DependencyInjection.ServiceProviderServiceExtensions.GetRequiredService(IServiceProvider provider, Type serviceType)
   at Microsoft.Extensions.DependencyInjection.ServiceProviderServiceExtensions.GetRequiredService[T](IServiceProvider provider)
   at Microsoft.EntityFrameworkCore.DbContext.get_DbContextDependencies()
   at Microsoft.EntityFrameworkCore.DbContext.get_ContextServices()
   at Microsoft.EntityFrameworkCore.DbContext.get_Model()
   at Microsoft.EntityFrameworkCore.Internal.InternalDbSet`1.get_EntityType()
   at Microsoft.EntityFrameworkCore.Internal.InternalDbSet`1.CheckState()
   at Microsoft.EntityFrameworkCore.Internal.InternalDbSet`1.get_EntityQueryable()
   at Microsoft.EntityFrameworkCore.Internal.InternalDbSet`1.System.Collections.Generic.IAsyncEnumerable<TEntity>.GetAsyncEnumerator(CancellationToken cancellationToken)
   at System.Runtime.CompilerServices.ConfiguredCancelableAsyncEnumerable`1.GetAsyncEnumerator()
   at Microsoft.EntityFrameworkCore.EntityFrameworkQueryableExtensions.ToListAsync[TSource](IQueryable`1 source, CancellationToken cancellationToken)
   at VSM.Repositories.CustomerRepository.GetAll(Int32 pageNumber, Int32 pageSize, String search) in /Users/presidio/Desktop/Genspark/MiniProject/VehicleServiceManagement/Repositories/CustomerRepository.cs:line 22
   at VSM.Services.CustomerService.GetByEmail(String email) in /Users/presidio/Desktop/Genspark/MiniProject/VehicleServiceManagement/Services/CustomerService.cs:line 84
   at VSM.Controllers.CustomerController.GetByEmail(String email) in /Users/presidio/Desktop/Genspark/MiniProject/VehicleServiceManagement/Controllers/CustomerController.cs:line 63

2025-06-29 18:50:34Z [ERROR] Error Getting Available Slots
System.InvalidOperationException: The property 'Bill.Customer' could not be mapped because it is of type 'object', which is not a supported primitive type or a valid entity type. Either explicitly map this property, or ignore it using the '[NotMapped]' attribute or by using 'EntityTypeBuilder.Ignore' in 'OnModelCreating'.
   at Microsoft.EntityFrameworkCore.Infrastructure.ModelValidator.<ValidatePropertyMapping>g__Validate|7_0(IConventionTypeBase typeBase, <>c__DisplayClass7_0&)
   at Microsoft.EntityFrameworkCore.Infrastructure.ModelValidator.ValidatePropertyMapping(IModel model, IDiagnosticsLogger`1 logger)
   at Microsoft.EntityFrameworkCore.Infrastructure.ModelValidator.Validate(IModel model, IDiagnosticsLogger`1 logger)
   at Microsoft.EntityFrameworkCore.Infrastructure.RelationalModelValidator.Validate(IModel model, IDiagnosticsLogger`1 logger)
   at Npgsql.EntityFrameworkCore.PostgreSQL.Infrastructure.Internal.NpgsqlModelValidator.Validate(IModel model, IDiagnosticsLogger`1 logger)
   at Microsoft.EntityFrameworkCore.Infrastructure.ModelRuntimeInitializer.Initialize(IModel model, Boolean designTime, IDiagnosticsLogger`1 validationLogger)
   at Microsoft.EntityFrameworkCore.Infrastructure.ModelSource.CreateModel(DbContext context, ModelCreationDependencies modelCreationDependencies, Boolean designTime)
   at Microsoft.EntityFrameworkCore.Infrastructure.ModelSource.GetModel(DbContext context, ModelCreationDependencies modelCreationDependencies, Boolean designTime)
   at Microsoft.EntityFrameworkCore.Internal.DbContextServices.CreateModel(Boolean designTime)
   at Microsoft.EntityFrameworkCore.Internal.DbContextServices.get_Model()
   at Microsoft.EntityFrameworkCore.Infrastructure.EntityFrameworkServicesBuilder.<>c.<TryAddCoreServices>b__8_4(IServiceProvider p)
   at Microsoft.Extensions.DependencyInjection.ServiceLookup.CallSiteVisitor`2.VisitCallSiteMain(ServiceCallSite callSite, TArgument argument)
   at Microsoft.Extensions.DependencyInjection.ServiceLookup.CallSiteRuntimeResolver.VisitCache(ServiceCallSite callSite, RuntimeResolverContext context, ServiceProviderEngineScope serviceProviderEngine, RuntimeResolverLock lockType)
   at Microsoft.Extensions.DependencyInjection.ServiceLookup.CallSiteVisitor`2.VisitCallSite(ServiceCallSite callSite, TArgument argument)
   at Microsoft.Extensions.DependencyInjection.ServiceLookup.CallSiteVisitor`2.VisitCallSiteMain(ServiceCallSite callSite, TArgument argument)
   at Microsoft.Extensions.DependencyInjection.ServiceLookup.CallSiteRuntimeResolver.VisitCache(ServiceCallSite callSite, RuntimeResolverContext context, ServiceProviderEngineScope serviceProviderEngine, RuntimeResolverLock lockType)
   at Microsoft.Extensions.DependencyInjection.ServiceLookup.CallSiteVisitor`2.VisitCallSite(ServiceCallSite callSite, TArgument argument)
   at Microsoft.Extensions.DependencyInjection.ServiceLookup.CallSiteVisitor`2.VisitCallSiteMain(ServiceCallSite callSite, TArgument argument)
   at Microsoft.Extensions.DependencyInjection.ServiceLookup.CallSiteRuntimeResolver.VisitCache(ServiceCallSite callSite, RuntimeResolverContext context, ServiceProviderEngineScope serviceProviderEngine, RuntimeResolverLock lockType)
   at Microsoft.Extensions.DependencyInjection.ServiceLookup.CallSiteVisitor`2.VisitCallSite(ServiceCallSite callSite, TArgument argument)
   at Microsoft.Extensions.DependencyInjection.ServiceLookup.CallSiteVisitor`2.VisitCallSiteMain(ServiceCallSite callSite, TArgument argument)
   at Microsoft.Extensions.DependencyInjection.ServiceLookup.CallSiteRuntimeResolver.VisitCache(ServiceCallSite callSite, RuntimeResolverContext context, ServiceProviderEngineScope serviceProviderEngine, RuntimeResolverLock lockType)
   at Microsoft.Extensions.DependencyInjection.ServiceLookup.CallSiteVisitor`2.VisitCallSite(ServiceCallSite callSite, TArgument argument)
   at Microsoft.Extensions.DependencyInjection.ServiceLookup.CallSiteVisitor`2.VisitCallSiteMain(ServiceCallSite callSite, TArgument argument)
   at Microsoft.Extensions.DependencyInjection.ServiceLookup.CallSiteRuntimeResolver.VisitCache(ServiceCallSite callSite, RuntimeResolverContext context, ServiceProviderEngineScope serviceProviderEngine, RuntimeResolverLock lockType)
   at Microsoft.Extensions.DependencyInjection.ServiceLookup.CallSiteVisitor`2.VisitCallSite(ServiceCallSite callSite, TArgument argument)
   at Microsoft.Extensions.DependencyInjection.ServiceLookup.CallSiteVisitor`2.VisitCallSiteMain(ServiceCallSite callSite, TArgument argument)
   at Microsoft.Extensions.DependencyInjection.ServiceLookup.CallSiteRuntimeResolver.VisitCache(ServiceCallSite callSite, RuntimeResolverContext context, ServiceProviderEngineScope serviceProviderEngine, RuntimeResolverLock lockType)
   at Microsoft.Extensions.DependencyInjection.ServiceLookup.CallSiteVisitor`2.VisitCallSite(ServiceCallSite callSite, TArgument argument)
   at Microsoft.Extensions.DependencyInjection.ServiceLookup.CallSiteRuntimeResolver.Resolve(ServiceCallSite callSite, ServiceProviderEngineScope scope)
   at Microsoft.Extensions.DependencyInjection.ServiceLookup.DynamicServiceProviderEngine.<>c__DisplayClass2_0.<RealizeService>b__0(ServiceProviderEngineScope scope)
   at Microsoft.Extensions.DependencyInjection.ServiceProviderServiceExtensions.GetRequiredService(IServiceProvider provider, Type serviceType)
   at Microsoft.Extensions.DependencyInjection.ServiceProviderServiceExtensions.GetRequiredService[T](IServiceProvider provider)
   at Microsoft.EntityFrameworkCore.DbContext.get_DbContextDependencies()
   at Microsoft.EntityFrameworkCore.DbContext.get_ContextServices()
   at Microsoft.EntityFrameworkCore.DbContext.get_Model()
   at Microsoft.EntityFrameworkCore.Internal.InternalDbSet`1.get_EntityType()
   at Microsoft.EntityFrameworkCore.Internal.InternalDbSet`1.CheckState()
   at Microsoft.EntityFrameworkCore.Internal.InternalDbSet`1.get_EntityQueryable()
   at Microsoft.EntityFrameworkCore.Internal.InternalDbSet`1.System.Linq.IQueryable.get_Provider()
   at Microsoft.EntityFrameworkCore.EntityFrameworkQueryableExtensions.Include[TEntity,TProperty](IQueryable`1 source, Expression`1 navigationPropertyPath)
   at VSM.Repositories.BookingRepository.GetAll(Int32 pageNumber, Int32 pageSize, String search) in /Users/presidio/Desktop/Genspark/MiniProject/VehicleServiceManagement/Repositories/BookingRepository.cs:line 22
   at VSM.Services.BookingService.DisplaySlots() in /Users/presidio/Desktop/Genspark/MiniProject/VehicleServiceManagement/Services/BookingService.cs:line 87
   at VSM.Controllers.BookingController.GetAvailableSlots() in /Users/presidio/Desktop/Genspark/MiniProject/VehicleServiceManagement/Controllers/Bookingcontroller.cs:line 46

2025-06-29 18:50:34Z [ERROR] Error Getting All Bookings
System.InvalidOperationException: The property 'Bill.Customer' could not be mapped because it is of type 'object', which is not a supported primitive type or a valid entity type. Either explicitly map this property, or ignore it using the '[NotMapped]' attribute or by using 'EntityTypeBuilder.Ignore' in 'OnModelCreating'.
   at Microsoft.EntityFrameworkCore.Infrastructure.ModelValidator.<ValidatePropertyMapping>g__Validate|7_0(IConventionTypeBase typeBase, <>c__DisplayClass7_0&)
   at Microsoft.EntityFrameworkCore.Infrastructure.ModelValidator.ValidatePropertyMapping(IModel model, IDiagnosticsLogger`1 logger)
   at Microsoft.EntityFrameworkCore.Infrastructure.ModelValidator.Validate(IModel model, IDiagnosticsLogger`1 logger)
   at Microsoft.EntityFrameworkCore.Infrastructure.RelationalModelValidator.Validate(IModel model, IDiagnosticsLogger`1 logger)
   at Npgsql.EntityFrameworkCore.PostgreSQL.Infrastructure.Internal.NpgsqlModelValidator.Validate(IModel model, IDiagnosticsLogger`1 logger)
   at Microsoft.EntityFrameworkCore.Infrastructure.ModelRuntimeInitializer.Initialize(IModel model, Boolean designTime, IDiagnosticsLogger`1 validationLogger)
   at Microsoft.EntityFrameworkCore.Infrastructure.ModelSource.CreateModel(DbContext context, ModelCreationDependencies modelCreationDependencies, Boolean designTime)
   at Microsoft.EntityFrameworkCore.Infrastructure.ModelSource.GetModel(DbContext context, ModelCreationDependencies modelCreationDependencies, Boolean designTime)
   at Microsoft.EntityFrameworkCore.Internal.DbContextServices.CreateModel(Boolean designTime)
   at Microsoft.EntityFrameworkCore.Internal.DbContextServices.get_Model()
   at Microsoft.EntityFrameworkCore.Infrastructure.EntityFrameworkServicesBuilder.<>c.<TryAddCoreServices>b__8_4(IServiceProvider p)
   at Microsoft.Extensions.DependencyInjection.ServiceLookup.CallSiteVisitor`2.VisitCallSiteMain(ServiceCallSite callSite, TArgument argument)
   at Microsoft.Extensions.DependencyInjection.ServiceLookup.CallSiteRuntimeResolver.VisitCache(ServiceCallSite callSite, RuntimeResolverContext context, ServiceProviderEngineScope serviceProviderEngine, RuntimeResolverLock lockType)
   at Microsoft.Extensions.DependencyInjection.ServiceLookup.CallSiteVisitor`2.VisitCallSite(ServiceCallSite callSite, TArgument argument)
   at Microsoft.Extensions.DependencyInjection.ServiceLookup.CallSiteVisitor`2.VisitCallSiteMain(ServiceCallSite callSite, TArgument argument)
   at Microsoft.Extensions.DependencyInjection.ServiceLookup.CallSiteRuntimeResolver.VisitCache(ServiceCallSite callSite, RuntimeResolverContext context, ServiceProviderEngineScope serviceProviderEngine, RuntimeResolverLock lockType)
   at Microsoft.Extensions.DependencyInjection.ServiceLookup.CallSiteVisitor`2.VisitCallSite(ServiceCallSite callSite, TArgument argument)
   at Microsoft.Extensions.DependencyInjection.ServiceLookup.CallSiteVisitor`2.VisitCallSiteMain(ServiceCallSite callSite, TArgument argument)
   at Microsoft.Extensions.DependencyInjection.ServiceLookup.CallSiteRuntimeResolver.VisitCache(ServiceCallSite callSite, RuntimeResolverContext context, ServiceProviderEngineScope serviceProviderEngine, RuntimeResolverLock lockType)
   at Microsoft.Extensions.DependencyInjection.ServiceLookup.CallSiteVisitor`2.VisitCallSite(ServiceCallSite callSite, TArgument argument)
   at Microsoft.Extensions.DependencyInjection.ServiceLookup.CallSiteVisitor`2.VisitCallSiteMain(ServiceCallSite callSite, TArgument argument)
   at Microsoft.Extensions.DependencyInjection.ServiceLookup.CallSiteRuntimeResolver.VisitCache(ServiceCallSite callSite, RuntimeResolverContext context, ServiceProviderEngineScope serviceProviderEngine, RuntimeResolverLock lockType)
   at Microsoft.Extensions.DependencyInjection.ServiceLookup.CallSiteVisitor`2.VisitCallSite(ServiceCallSite callSite, TArgument argument)
   at Microsoft.Extensions.DependencyInjection.ServiceLookup.CallSiteVisitor`2.VisitCallSiteMain(ServiceCallSite callSite, TArgument argument)
   at Microsoft.Extensions.DependencyInjection.ServiceLookup.CallSiteRuntimeResolver.VisitCache(ServiceCallSite callSite, RuntimeResolverContext context, ServiceProviderEngineScope serviceProviderEngine, RuntimeResolverLock lockType)
   at Microsoft.Extensions.DependencyInjection.ServiceLookup.CallSiteVisitor`2.VisitCallSite(ServiceCallSite callSite, TArgument argument)
   at Microsoft.Extensions.DependencyInjection.ServiceLookup.CallSiteVisitor`2.VisitCallSiteMain(ServiceCallSite callSite, TArgument argument)
   at Microsoft.Extensions.DependencyInjection.ServiceLookup.CallSiteRuntimeResolver.VisitCache(ServiceCallSite callSite, RuntimeResolverContext context, ServiceProviderEngineScope serviceProviderEngine, RuntimeResolverLock lockType)
   at Microsoft.Extensions.DependencyInjection.ServiceLookup.CallSiteVisitor`2.VisitCallSite(ServiceCallSite callSite, TArgument argument)
   at Microsoft.Extensions.DependencyInjection.ServiceLookup.CallSiteRuntimeResolver.Resolve(ServiceCallSite callSite, ServiceProviderEngineScope scope)
   at Microsoft.Extensions.DependencyInjection.ServiceLookup.DynamicServiceProviderEngine.<>c__DisplayClass2_0.<RealizeService>b__0(ServiceProviderEngineScope scope)
   at Microsoft.Extensions.DependencyInjection.ServiceProviderServiceExtensions.GetRequiredService(IServiceProvider provider, Type serviceType)
   at Microsoft.Extensions.DependencyInjection.ServiceProviderServiceExtensions.GetRequiredService[T](IServiceProvider provider)
   at Microsoft.EntityFrameworkCore.DbContext.get_DbContextDependencies()
   at Microsoft.EntityFrameworkCore.DbContext.get_ContextServices()
   at Microsoft.EntityFrameworkCore.DbContext.get_Model()
   at Microsoft.EntityFrameworkCore.Internal.InternalDbSet`1.get_EntityType()
   at Microsoft.EntityFrameworkCore.Internal.InternalDbSet`1.CheckState()
   at Microsoft.EntityFrameworkCore.Internal.InternalDbSet`1.get_EntityQueryable()
   at Microsoft.EntityFrameworkCore.Internal.InternalDbSet`1.System.Linq.IQueryable.get_Provider()
   at Microsoft.EntityFrameworkCore.EntityFrameworkQueryableExtensions.Include[TEntity,TProperty](IQueryable`1 source, Expression`1 navigationPropertyPath)
   at VSM.Repositories.BookingRepository.GetAll(Int32 pageNumber, Int32 pageSize, String search) in /Users/presidio/Desktop/Genspark/MiniProject/VehicleServiceManagement/Repositories/BookingRepository.cs:line 22
   at VSM.Services.BookingService.GetAll() in /Users/presidio/Desktop/Genspark/MiniProject/VehicleServiceManagement/Services/BookingService.cs:line 122
   at VSM.Controllers.BookingController.GetAll() in /Users/presidio/Desktop/Genspark/MiniProject/VehicleServiceManagement/Controllers/Bookingcontroller.cs:line 76

2025-06-29 18:50:34Z [ERROR] Error Getting Customer By Email
System.InvalidOperationException: The property 'Bill.Customer' could not be mapped because it is of type 'object', which is not a supported primitive type or a valid entity type. Either explicitly map this property, or ignore it using the '[NotMapped]' attribute or by using 'EntityTypeBuilder.Ignore' in 'OnModelCreating'.
   at Microsoft.EntityFrameworkCore.Infrastructure.ModelValidator.<ValidatePropertyMapping>g__Validate|7_0(IConventionTypeBase typeBase, <>c__DisplayClass7_0&)
   at Microsoft.EntityFrameworkCore.Infrastructure.ModelValidator.ValidatePropertyMapping(IModel model, IDiagnosticsLogger`1 logger)
   at Microsoft.EntityFrameworkCore.Infrastructure.ModelValidator.Validate(IModel model, IDiagnosticsLogger`1 logger)
   at Microsoft.EntityFrameworkCore.Infrastructure.RelationalModelValidator.Validate(IModel model, IDiagnosticsLogger`1 logger)
   at Npgsql.EntityFrameworkCore.PostgreSQL.Infrastructure.Internal.NpgsqlModelValidator.Validate(IModel model, IDiagnosticsLogger`1 logger)
   at Microsoft.EntityFrameworkCore.Infrastructure.ModelRuntimeInitializer.Initialize(IModel model, Boolean designTime, IDiagnosticsLogger`1 validationLogger)
   at Microsoft.EntityFrameworkCore.Infrastructure.ModelSource.CreateModel(DbContext context, ModelCreationDependencies modelCreationDependencies, Boolean designTime)
   at Microsoft.EntityFrameworkCore.Infrastructure.ModelSource.GetModel(DbContext context, ModelCreationDependencies modelCreationDependencies, Boolean designTime)
   at Microsoft.EntityFrameworkCore.Internal.DbContextServices.CreateModel(Boolean designTime)
   at Microsoft.EntityFrameworkCore.Internal.DbContextServices.get_Model()
   at Microsoft.EntityFrameworkCore.Infrastructure.EntityFrameworkServicesBuilder.<>c.<TryAddCoreServices>b__8_4(IServiceProvider p)
   at Microsoft.Extensions.DependencyInjection.ServiceLookup.CallSiteVisitor`2.VisitCallSiteMain(ServiceCallSite callSite, TArgument argument)
   at Microsoft.Extensions.DependencyInjection.ServiceLookup.CallSiteRuntimeResolver.VisitCache(ServiceCallSite callSite, RuntimeResolverContext context, ServiceProviderEngineScope serviceProviderEngine, RuntimeResolverLock lockType)
   at Microsoft.Extensions.DependencyInjection.ServiceLookup.CallSiteVisitor`2.VisitCallSite(ServiceCallSite callSite, TArgument argument)
   at Microsoft.Extensions.DependencyInjection.ServiceLookup.CallSiteVisitor`2.VisitCallSiteMain(ServiceCallSite callSite, TArgument argument)
   at Microsoft.Extensions.DependencyInjection.ServiceLookup.CallSiteRuntimeResolver.VisitCache(ServiceCallSite callSite, RuntimeResolverContext context, ServiceProviderEngineScope serviceProviderEngine, RuntimeResolverLock lockType)
   at Microsoft.Extensions.DependencyInjection.ServiceLookup.CallSiteVisitor`2.VisitCallSite(ServiceCallSite callSite, TArgument argument)
   at Microsoft.Extensions.DependencyInjection.ServiceLookup.CallSiteVisitor`2.VisitCallSiteMain(ServiceCallSite callSite, TArgument argument)
   at Microsoft.Extensions.DependencyInjection.ServiceLookup.CallSiteRuntimeResolver.VisitCache(ServiceCallSite callSite, RuntimeResolverContext context, ServiceProviderEngineScope serviceProviderEngine, RuntimeResolverLock lockType)
   at Microsoft.Extensions.DependencyInjection.ServiceLookup.CallSiteVisitor`2.VisitCallSite(ServiceCallSite callSite, TArgument argument)
   at Microsoft.Extensions.DependencyInjection.ServiceLookup.CallSiteVisitor`2.VisitCallSiteMain(ServiceCallSite callSite, TArgument argument)
   at Microsoft.Extensions.DependencyInjection.ServiceLookup.CallSiteRuntimeResolver.VisitCache(ServiceCallSite callSite, RuntimeResolverContext context, ServiceProviderEngineScope serviceProviderEngine, RuntimeResolverLock lockType)
   at Microsoft.Extensions.DependencyInjection.ServiceLookup.CallSiteVisitor`2.VisitCallSite(ServiceCallSite callSite, TArgument argument)
   at Microsoft.Extensions.DependencyInjection.ServiceLookup.CallSiteVisitor`2.VisitCallSiteMain(ServiceCallSite callSite, TArgument argument)
   at Microsoft.Extensions.DependencyInjection.ServiceLookup.CallSiteRuntimeResolver.VisitCache(ServiceCallSite callSite, RuntimeResolverContext context, ServiceProviderEngineScope serviceProviderEngine, RuntimeResolverLock lockType)
   at Microsoft.Extensions.DependencyInjection.ServiceLookup.CallSiteVisitor`2.VisitCallSite(ServiceCallSite callSite, TArgument argument)
   at Microsoft.Extensions.DependencyInjection.ServiceLookup.CallSiteVisitor`2.VisitCallSiteMain(ServiceCallSite callSite, TArgument argument)
   at Microsoft.Extensions.DependencyInjection.ServiceLookup.CallSiteRuntimeResolver.VisitCache(ServiceCallSite callSite, RuntimeResolverContext context, ServiceProviderEngineScope serviceProviderEngine, RuntimeResolverLock lockType)
   at Microsoft.Extensions.DependencyInjection.ServiceLookup.CallSiteVisitor`2.VisitCallSite(ServiceCallSite callSite, TArgument argument)
   at Microsoft.Extensions.DependencyInjection.ServiceLookup.CallSiteRuntimeResolver.Resolve(ServiceCallSite callSite, ServiceProviderEngineScope scope)
   at Microsoft.Extensions.DependencyInjection.ServiceLookup.DynamicServiceProviderEngine.<>c__DisplayClass2_0.<RealizeService>b__0(ServiceProviderEngineScope scope)
   at Microsoft.Extensions.DependencyInjection.ServiceProviderServiceExtensions.GetRequiredService(IServiceProvider provider, Type serviceType)
   at Microsoft.Extensions.DependencyInjection.ServiceProviderServiceExtensions.GetRequiredService[T](IServiceProvider provider)
   at Microsoft.EntityFrameworkCore.DbContext.get_DbContextDependencies()
   at Microsoft.EntityFrameworkCore.DbContext.get_ContextServices()
   at Microsoft.EntityFrameworkCore.DbContext.get_Model()
   at Microsoft.EntityFrameworkCore.Internal.InternalDbSet`1.get_EntityType()
   at Microsoft.EntityFrameworkCore.Internal.InternalDbSet`1.CheckState()
   at Microsoft.EntityFrameworkCore.Internal.InternalDbSet`1.get_EntityQueryable()
   at Microsoft.EntityFrameworkCore.Internal.InternalDbSet`1.System.Collections.Generic.IAsyncEnumerable<TEntity>.GetAsyncEnumerator(CancellationToken cancellationToken)
   at System.Runtime.CompilerServices.ConfiguredCancelableAsyncEnumerable`1.GetAsyncEnumerator()
   at Microsoft.EntityFrameworkCore.EntityFrameworkQueryableExtensions.ToListAsync[TSource](IQueryable`1 source, CancellationToken cancellationToken)
   at VSM.Repositories.CustomerRepository.GetAll(Int32 pageNumber, Int32 pageSize, String search) in /Users/presidio/Desktop/Genspark/MiniProject/VehicleServiceManagement/Repositories/CustomerRepository.cs:line 22
   at VSM.Services.CustomerService.GetByEmail(String email) in /Users/presidio/Desktop/Genspark/MiniProject/VehicleServiceManagement/Services/CustomerService.cs:line 84
   at VSM.Controllers.CustomerController.GetByEmail(String email) in /Users/presidio/Desktop/Genspark/MiniProject/VehicleServiceManagement/Controllers/CustomerController.cs:line 63

2025-06-30 19:50:07Z [ERROR] Error Creating Booking
System.Exception: Customer already has a booking for this slot.
   at VSM.Services.BookingService.CreateBooking(BookingAddDto dto) in /Users/presidio/Desktop/Genspark/MiniProject/VehicleServiceManagement/Services/BookingService.cs:line 66
   at VSM.Controllers.BookingController.CreateBooking(BookingAddDto dto) in /Users/presidio/Desktop/Genspark/MiniProject/VehicleServiceManagement/Controllers/Bookingcontroller.cs:line 30

2025-06-30 19:51:04Z [ERROR] Error Adding ServiceRecord
System.Exception: Mechanic Not Found
   at VSM.Repositories.MechanicRepository.Get(Guid key) in /Users/presidio/Desktop/Genspark/MiniProject/VehicleServiceManagement/Repositories/MechanicRepository.cs:line 15
   at VSM.Services.ServiceRecordService.Add(ServiceRecordAddDto dto) in /Users/presidio/Desktop/Genspark/MiniProject/VehicleServiceManagement/Services/ServiceRecordService.cs:line 36
   at VSM.Controllers.ServiceRecordController.Add(ServiceRecordAddDto dto) in /Users/presidio/Desktop/Genspark/MiniProject/VehicleServiceManagement/Controllers/ServiceRecordController.cs:line 28

2025-06-30 20:08:35Z [ERROR] Error Creating Booking
System.Exception: Customer already has a booking for this slot.
   at VSM.Services.BookingService.CreateBooking(BookingAddDto dto) in /Users/presidio/Desktop/Genspark/MiniProject/VehicleServiceManagement/Services/BookingService.cs:line 66
   at VSM.Controllers.BookingController.CreateBooking(BookingAddDto dto) in /Users/presidio/Desktop/Genspark/MiniProject/VehicleServiceManagement/Controllers/Bookingcontroller.cs:line 30

2025-06-30 20:08:39Z [ERROR] Error Creating Booking
System.Exception: Customer already has a booking for this slot.
   at VSM.Services.BookingService.CreateBooking(BookingAddDto dto) in /Users/presidio/Desktop/Genspark/MiniProject/VehicleServiceManagement/Services/BookingService.cs:line 66
   at VSM.Controllers.BookingController.CreateBooking(BookingAddDto dto) in /Users/presidio/Desktop/Genspark/MiniProject/VehicleServiceManagement/Controllers/Bookingcontroller.cs:line 30

2025-06-30 20:08:44Z [ERROR] Error Creating Booking
System.Exception: Customer already has a booking for this slot.
   at VSM.Services.BookingService.CreateBooking(BookingAddDto dto) in /Users/presidio/Desktop/Genspark/MiniProject/VehicleServiceManagement/Services/BookingService.cs:line 66
   at VSM.Controllers.BookingController.CreateBooking(BookingAddDto dto) in /Users/presidio/Desktop/Genspark/MiniProject/VehicleServiceManagement/Controllers/Bookingcontroller.cs:line 30

2025-06-30 21:24:52Z [ERROR] Error Updating Customer
System.Exception: Phone number already registered
   at VSM.Services.CustomerService.UpdateCustomer(String email, CustomerUpdateDto dto) in /Users/presidio/Desktop/Genspark/MiniProject/VehicleServiceManagement/Services/CustomerService.cs:line 123
   at VSM.Controllers.CustomerController.UpdateCustomer(String email, CustomerUpdateDto dto) in /Users/presidio/Desktop/Genspark/MiniProject/VehicleServiceManagement/Controllers/CustomerController.cs:line 108

2025-06-30 21:25:07Z [ERROR] Error Updating Customer
System.Exception: Phone number already registered
   at VSM.Services.CustomerService.UpdateCustomer(String email, CustomerUpdateDto dto) in /Users/presidio/Desktop/Genspark/MiniProject/VehicleServiceManagement/Services/CustomerService.cs:line 123
   at VSM.Controllers.CustomerController.UpdateCustomer(String email, CustomerUpdateDto dto) in /Users/presidio/Desktop/Genspark/MiniProject/VehicleServiceManagement/Controllers/CustomerController.cs:line 108

2025-06-30 21:30:20Z [ERROR] Error Updating Customer
System.Exception: Phone number already registered
   at VSM.Services.CustomerService.UpdateCustomer(String email, CustomerUpdateDto dto) in /Users/presidio/Desktop/Genspark/MiniProject/VehicleServiceManagement/Services/CustomerService.cs:line 123
   at VSM.Controllers.CustomerController.UpdateCustomer(String email, CustomerUpdateDto dto) in /Users/presidio/Desktop/Genspark/MiniProject/VehicleServiceManagement/Controllers/CustomerController.cs:line 108

2025-06-30 21:30:23Z [ERROR] Error Updating Customer
System.Exception: Phone number already registered
   at VSM.Services.CustomerService.UpdateCustomer(String email, CustomerUpdateDto dto) in /Users/presidio/Desktop/Genspark/MiniProject/VehicleServiceManagement/Services/CustomerService.cs:line 123
   at VSM.Controllers.CustomerController.UpdateCustomer(String email, CustomerUpdateDto dto) in /Users/presidio/Desktop/Genspark/MiniProject/VehicleServiceManagement/Controllers/CustomerController.cs:line 108

2025-06-30 21:30:56Z [ERROR] Error Updating Customer
System.Exception: Phone number already registered
   at VSM.Services.CustomerService.UpdateCustomer(String email, CustomerUpdateDto dto) in /Users/presidio/Desktop/Genspark/MiniProject/VehicleServiceManagement/Services/CustomerService.cs:line 123
   at VSM.Controllers.CustomerController.UpdateCustomer(String email, CustomerUpdateDto dto) in /Users/presidio/Desktop/Genspark/MiniProject/VehicleServiceManagement/Controllers/CustomerController.cs:line 108

2025-06-30 22:11:23Z [ERROR] Error Updating Customer
System.Exception: Phone number already registered
   at VSM.Services.CustomerService.UpdateCustomer(String email, CustomerUpdateDto dto) in /Users/presidio/Desktop/Genspark/MiniProject/VehicleServiceManagement/Services/CustomerService.cs:line 123
   at VSM.Controllers.CustomerController.UpdateCustomer(String email, CustomerUpdateDto dto) in /Users/presidio/Desktop/Genspark/MiniProject/VehicleServiceManagement/Controllers/CustomerController.cs:line 108

2025-06-30 22:11:36Z [ERROR] Error Updating Customer
System.Exception: Phone number already registered
   at VSM.Services.CustomerService.UpdateCustomer(String email, CustomerUpdateDto dto) in /Users/presidio/Desktop/Genspark/MiniProject/VehicleServiceManagement/Services/CustomerService.cs:line 123
   at VSM.Controllers.CustomerController.UpdateCustomer(String email, CustomerUpdateDto dto) in /Users/presidio/Desktop/Genspark/MiniProject/VehicleServiceManagement/Controllers/CustomerController.cs:line 108

2025-07-01 11:41:17Z [ERROR] Error Downlodaing bill
2025-07-01 18:22:53Z [ERROR] Error Updating Customer
System.Exception: Phone number already registered
   at VSM.Services.CustomerService.UpdateCustomer(String email, CustomerUpdateDto dto) in /Users/presidio/Desktop/Genspark/MiniProject/VehicleServiceManagement/Services/CustomerService.cs:line 123
   at VSM.Controllers.CustomerController.UpdateCustomer(String email, CustomerUpdateDto dto) in /Users/presidio/Desktop/Genspark/MiniProject/VehicleServiceManagement/Controllers/CustomerController.cs:line 108

2025-07-01 18:23:03Z [ERROR] Error Updating Customer
System.Exception: Phone number already registered
   at VSM.Services.CustomerService.UpdateCustomer(String email, CustomerUpdateDto dto) in /Users/presidio/Desktop/Genspark/MiniProject/VehicleServiceManagement/Services/CustomerService.cs:line 123
   at VSM.Controllers.CustomerController.UpdateCustomer(String email, CustomerUpdateDto dto) in /Users/presidio/Desktop/Genspark/MiniProject/VehicleServiceManagement/Controllers/CustomerController.cs:line 108

2025-07-01 18:23:09Z [ERROR] Error Updating Customer
System.Exception: Phone number already registered
   at VSM.Services.CustomerService.UpdateCustomer(String email, CustomerUpdateDto dto) in /Users/presidio/Desktop/Genspark/MiniProject/VehicleServiceManagement/Services/CustomerService.cs:line 123
   at VSM.Controllers.CustomerController.UpdateCustomer(String email, CustomerUpdateDto dto) in /Users/presidio/Desktop/Genspark/MiniProject/VehicleServiceManagement/Controllers/CustomerController.cs:line 108

2025-07-01 22:46:22Z [ERROR] Error Updating ServiceRecord Status
System.Exception: Item Not Found
   at VSM.Repositories.ServiceRecordRepository.Get(Guid key) in /Users/presidio/Desktop/Genspark/MiniProject/VehicleServiceManagement/Repositories/ServiceRecordRepository.cs:line 19
   at VSM.Services.ServiceRecordService.UpdateStatus(ServiceRecordStatusUpdateDto dto) in /Users/presidio/Desktop/Genspark/MiniProject/VehicleServiceManagement/Services/ServiceRecordService.cs:line 57
   at VSM.Controllers.ServiceRecordController.UpdateStatus(ServiceRecordStatusUpdateDto dto) in /Users/presidio/Desktop/Genspark/MiniProject/VehicleServiceManagement/Controllers/ServiceRecordController.cs:line 44

2025-07-01 22:48:59Z [ERROR] Error Updating ServiceRecord Status
System.Exception: Item Not Found
   at VSM.Repositories.ServiceRecordRepository.Get(Guid key) in /Users/presidio/Desktop/Genspark/MiniProject/VehicleServiceManagement/Repositories/ServiceRecordRepository.cs:line 19
   at VSM.Services.ServiceRecordService.UpdateStatus(ServiceRecordStatusUpdateDto dto) in /Users/presidio/Desktop/Genspark/MiniProject/VehicleServiceManagement/Services/ServiceRecordService.cs:line 57
   at VSM.Controllers.ServiceRecordController.UpdateStatus(ServiceRecordStatusUpdateDto dto) in /Users/presidio/Desktop/Genspark/MiniProject/VehicleServiceManagement/Controllers/ServiceRecordController.cs:line 44

2025-07-01 22:51:08Z [ERROR] Error Updating ServiceRecord Status
System.Exception: Item Not Found
   at VSM.Repositories.ServiceRecordRepository.Get(Guid key) in /Users/presidio/Desktop/Genspark/MiniProject/VehicleServiceManagement/Repositories/ServiceRecordRepository.cs:line 19
   at VSM.Services.ServiceRecordService.UpdateStatus(ServiceRecordStatusUpdateDto dto) in /Users/presidio/Desktop/Genspark/MiniProject/VehicleServiceManagement/Services/ServiceRecordService.cs:line 57
   at VSM.Controllers.ServiceRecordController.UpdateStatus(ServiceRecordStatusUpdateDto dto) in /Users/presidio/Desktop/Genspark/MiniProject/VehicleServiceManagement/Controllers/ServiceRecordController.cs:line 44

2025-07-01 22:54:26Z [ERROR] Error Adding bill
Microsoft.EntityFrameworkCore.DbUpdateException: An error occurred while saving the entity changes. See the inner exception for details.
 ---> Npgsql.PostgresException (0x80004005): 23505: duplicate key value violates unique constraint "IX_Bills_ServiceRecordID"

DETAIL: Detail redacted as it may contain sensitive data. Specify 'Include Error Detail' in the connection string to include this information.
   at Npgsql.Internal.NpgsqlConnector.ReadMessageLong(Boolean async, DataRowLoadingMode dataRowLoadingMode, Boolean readingNotifications, Boolean isReadingPrependedMessage)
   at System.Runtime.CompilerServices.PoolingAsyncValueTaskMethodBuilder`1.StateMachineBox`1.System.Threading.Tasks.Sources.IValueTaskSource<TResult>.GetResult(Int16 token)
   at Npgsql.NpgsqlDataReader.NextResult(Boolean async, Boolean isConsuming, CancellationToken cancellationToken)
   at Npgsql.NpgsqlDataReader.NextResult(Boolean async, Boolean isConsuming, CancellationToken cancellationToken)
   at Npgsql.NpgsqlCommand.ExecuteReader(Boolean async, CommandBehavior behavior, CancellationToken cancellationToken)
   at Npgsql.NpgsqlCommand.ExecuteReader(Boolean async, CommandBehavior behavior, CancellationToken cancellationToken)
   at Npgsql.NpgsqlCommand.ExecuteDbDataReaderAsync(CommandBehavior behavior, CancellationToken cancellationToken)
   at Microsoft.EntityFrameworkCore.Storage.RelationalCommand.ExecuteReaderAsync(RelationalCommandParameterObject parameterObject, CancellationToken cancellationToken)
   at Microsoft.EntityFrameworkCore.Storage.RelationalCommand.ExecuteReaderAsync(RelationalCommandParameterObject parameterObject, CancellationToken cancellationToken)
   at Microsoft.EntityFrameworkCore.Update.ReaderModificationCommandBatch.ExecuteAsync(IRelationalConnection connection, CancellationToken cancellationToken)
  Exception data:
    Severity: ERROR
    SqlState: 23505
    MessageText: duplicate key value violates unique constraint "IX_Bills_ServiceRecordID"
    Detail: Detail redacted as it may contain sensitive data. Specify 'Include Error Detail' in the connection string to include this information.
    SchemaName: public
    TableName: Bills
    ConstraintName: IX_Bills_ServiceRecordID
    File: nbtinsert.c
    Line: 670
    Routine: _bt_check_unique
   --- End of inner exception stack trace ---
   at Microsoft.EntityFrameworkCore.Update.ReaderModificationCommandBatch.ExecuteAsync(IRelationalConnection connection, CancellationToken cancellationToken)
   at Microsoft.EntityFrameworkCore.Update.Internal.BatchExecutor.ExecuteAsync(IEnumerable`1 commandBatches, IRelationalConnection connection, CancellationToken cancellationToken)
   at Microsoft.EntityFrameworkCore.Update.Internal.BatchExecutor.ExecuteAsync(IEnumerable`1 commandBatches, IRelationalConnection connection, CancellationToken cancellationToken)
   at Microsoft.EntityFrameworkCore.Update.Internal.BatchExecutor.ExecuteAsync(IEnumerable`1 commandBatches, IRelationalConnection connection, CancellationToken cancellationToken)
   at Microsoft.EntityFrameworkCore.Storage.RelationalDatabase.SaveChangesAsync(IList`1 entries, CancellationToken cancellationToken)
   at Microsoft.EntityFrameworkCore.ChangeTracking.Internal.StateManager.SaveChangesAsync(IList`1 entriesToSave, CancellationToken cancellationToken)
   at Microsoft.EntityFrameworkCore.ChangeTracking.Internal.StateManager.SaveChangesAsync(StateManager stateManager, Boolean acceptAllChangesOnSuccess, CancellationToken cancellationToken)
   at Npgsql.EntityFrameworkCore.PostgreSQL.Storage.Internal.NpgsqlExecutionStrategy.ExecuteAsync[TState,TResult](TState state, Func`4 operation, Func`4 verifySucceeded, CancellationToken cancellationToken)
   at Microsoft.EntityFrameworkCore.DbContext.SaveChangesAsync(Boolean acceptAllChangesOnSuccess, CancellationToken cancellationToken)
   at Microsoft.EntityFrameworkCore.DbContext.SaveChangesAsync(Boolean acceptAllChangesOnSuccess, CancellationToken cancellationToken)
   at VSM.Repositories.Repository`2.Add(T item) in /Users/presidio/Desktop/Genspark/MiniProject/VehicleServiceManagement/Repositories/Repository.cs:line 20
   at VSM.Services.BillService.Add(BillAddDto dto) in /Users/presidio/Desktop/Genspark/MiniProject/VehicleServiceManagement/Services/BillService.cs:line 58
   at VSM.Controllers.BillController.Add(BillAddDto dto) in /Users/presidio/Desktop/Genspark/MiniProject/VehicleServiceManagement/Controllers/BillController.cs:line 31

2025-07-01 22:54:44Z [ERROR] Error Adding bill
Microsoft.EntityFrameworkCore.DbUpdateException: An error occurred while saving the entity changes. See the inner exception for details.
 ---> Npgsql.PostgresException (0x80004005): 23505: duplicate key value violates unique constraint "IX_Bills_ServiceRecordID"

DETAIL: Detail redacted as it may contain sensitive data. Specify 'Include Error Detail' in the connection string to include this information.
   at Npgsql.Internal.NpgsqlConnector.ReadMessageLong(Boolean async, DataRowLoadingMode dataRowLoadingMode, Boolean readingNotifications, Boolean isReadingPrependedMessage)
   at System.Runtime.CompilerServices.PoolingAsyncValueTaskMethodBuilder`1.StateMachineBox`1.System.Threading.Tasks.Sources.IValueTaskSource<TResult>.GetResult(Int16 token)
   at Npgsql.NpgsqlDataReader.NextResult(Boolean async, Boolean isConsuming, CancellationToken cancellationToken)
   at Npgsql.NpgsqlDataReader.NextResult(Boolean async, Boolean isConsuming, CancellationToken cancellationToken)
   at Npgsql.NpgsqlCommand.ExecuteReader(Boolean async, CommandBehavior behavior, CancellationToken cancellationToken)
   at Npgsql.NpgsqlCommand.ExecuteReader(Boolean async, CommandBehavior behavior, CancellationToken cancellationToken)
   at Npgsql.NpgsqlCommand.ExecuteDbDataReaderAsync(CommandBehavior behavior, CancellationToken cancellationToken)
   at Microsoft.EntityFrameworkCore.Storage.RelationalCommand.ExecuteReaderAsync(RelationalCommandParameterObject parameterObject, CancellationToken cancellationToken)
   at Microsoft.EntityFrameworkCore.Storage.RelationalCommand.ExecuteReaderAsync(RelationalCommandParameterObject parameterObject, CancellationToken cancellationToken)
   at Microsoft.EntityFrameworkCore.Update.ReaderModificationCommandBatch.ExecuteAsync(IRelationalConnection connection, CancellationToken cancellationToken)
  Exception data:
    Severity: ERROR
    SqlState: 23505
    MessageText: duplicate key value violates unique constraint "IX_Bills_ServiceRecordID"
    Detail: Detail redacted as it may contain sensitive data. Specify 'Include Error Detail' in the connection string to include this information.
    SchemaName: public
    TableName: Bills
    ConstraintName: IX_Bills_ServiceRecordID
    File: nbtinsert.c
    Line: 670
    Routine: _bt_check_unique
   --- End of inner exception stack trace ---
   at Microsoft.EntityFrameworkCore.Update.ReaderModificationCommandBatch.ExecuteAsync(IRelationalConnection connection, CancellationToken cancellationToken)
   at Microsoft.EntityFrameworkCore.Update.Internal.BatchExecutor.ExecuteAsync(IEnumerable`1 commandBatches, IRelationalConnection connection, CancellationToken cancellationToken)
   at Microsoft.EntityFrameworkCore.Update.Internal.BatchExecutor.ExecuteAsync(IEnumerable`1 commandBatches, IRelationalConnection connection, CancellationToken cancellationToken)
   at Microsoft.EntityFrameworkCore.Update.Internal.BatchExecutor.ExecuteAsync(IEnumerable`1 commandBatches, IRelationalConnection connection, CancellationToken cancellationToken)
   at Microsoft.EntityFrameworkCore.Storage.RelationalDatabase.SaveChangesAsync(IList`1 entries, CancellationToken cancellationToken)
   at Microsoft.EntityFrameworkCore.ChangeTracking.Internal.StateManager.SaveChangesAsync(IList`1 entriesToSave, CancellationToken cancellationToken)
   at Microsoft.EntityFrameworkCore.ChangeTracking.Internal.StateManager.SaveChangesAsync(StateManager stateManager, Boolean acceptAllChangesOnSuccess, CancellationToken cancellationToken)
   at Npgsql.EntityFrameworkCore.PostgreSQL.Storage.Internal.NpgsqlExecutionStrategy.ExecuteAsync[TState,TResult](TState state, Func`4 operation, Func`4 verifySucceeded, CancellationToken cancellationToken)
   at Microsoft.EntityFrameworkCore.DbContext.SaveChangesAsync(Boolean acceptAllChangesOnSuccess, CancellationToken cancellationToken)
   at Microsoft.EntityFrameworkCore.DbContext.SaveChangesAsync(Boolean acceptAllChangesOnSuccess, CancellationToken cancellationToken)
   at VSM.Repositories.Repository`2.Add(T item) in /Users/presidio/Desktop/Genspark/MiniProject/VehicleServiceManagement/Repositories/Repository.cs:line 20
   at VSM.Services.BillService.Add(BillAddDto dto) in /Users/presidio/Desktop/Genspark/MiniProject/VehicleServiceManagement/Services/BillService.cs:line 58
   at VSM.Controllers.BillController.Add(BillAddDto dto) in /Users/presidio/Desktop/Genspark/MiniProject/VehicleServiceManagement/Controllers/BillController.cs:line 31

2025-07-02 10:09:37Z [ERROR] Error Creating Booking
System.Exception: Customer already has a booking for this slot.
   at VSM.Services.BookingService.CreateBooking(BookingAddDto dto) in /Users/presidio/Desktop/Genspark/MiniProject/VehicleServiceManagement/Services/BookingService.cs:line 66
   at VSM.Controllers.BookingController.CreateBooking(BookingAddDto dto) in /Users/presidio/Desktop/Genspark/MiniProject/VehicleServiceManagement/Controllers/Bookingcontroller.cs:line 30

2025-07-02 17:44:04Z [ERROR] Error Creating Booking
System.Exception: Customer already has a booking for this slot.
   at VSM.Services.BookingService.CreateBooking(BookingAddDto dto) in /Users/presidio/Desktop/Genspark/MiniProject/VehicleServiceManagement/Services/BookingService.cs:line 66
   at VSM.Controllers.BookingController.CreateBooking(BookingAddDto dto) in /Users/presidio/Desktop/Genspark/MiniProject/VehicleServiceManagement/Controllers/Bookingcontroller.cs:line 30

2025-07-02 17:47:42Z [ERROR] Error Adding bill
Microsoft.EntityFrameworkCore.DbUpdateException: An error occurred while saving the entity changes. See the inner exception for details.
 ---> Npgsql.PostgresException (0x80004005): 23505: duplicate key value violates unique constraint "IX_Bills_ServiceRecordID"

DETAIL: Detail redacted as it may contain sensitive data. Specify 'Include Error Detail' in the connection string to include this information.
   at Npgsql.Internal.NpgsqlConnector.ReadMessageLong(Boolean async, DataRowLoadingMode dataRowLoadingMode, Boolean readingNotifications, Boolean isReadingPrependedMessage)
   at System.Runtime.CompilerServices.PoolingAsyncValueTaskMethodBuilder`1.StateMachineBox`1.System.Threading.Tasks.Sources.IValueTaskSource<TResult>.GetResult(Int16 token)
   at Npgsql.NpgsqlDataReader.NextResult(Boolean async, Boolean isConsuming, CancellationToken cancellationToken)
   at Npgsql.NpgsqlDataReader.NextResult(Boolean async, Boolean isConsuming, CancellationToken cancellationToken)
   at Npgsql.NpgsqlCommand.ExecuteReader(Boolean async, CommandBehavior behavior, CancellationToken cancellationToken)
   at Npgsql.NpgsqlCommand.ExecuteReader(Boolean async, CommandBehavior behavior, CancellationToken cancellationToken)
   at Npgsql.NpgsqlCommand.ExecuteDbDataReaderAsync(CommandBehavior behavior, CancellationToken cancellationToken)
   at Microsoft.EntityFrameworkCore.Storage.RelationalCommand.ExecuteReaderAsync(RelationalCommandParameterObject parameterObject, CancellationToken cancellationToken)
   at Microsoft.EntityFrameworkCore.Storage.RelationalCommand.ExecuteReaderAsync(RelationalCommandParameterObject parameterObject, CancellationToken cancellationToken)
   at Microsoft.EntityFrameworkCore.Update.ReaderModificationCommandBatch.ExecuteAsync(IRelationalConnection connection, CancellationToken cancellationToken)
  Exception data:
    Severity: ERROR
    SqlState: 23505
    MessageText: duplicate key value violates unique constraint "IX_Bills_ServiceRecordID"
    Detail: Detail redacted as it may contain sensitive data. Specify 'Include Error Detail' in the connection string to include this information.
    SchemaName: public
    TableName: Bills
    ConstraintName: IX_Bills_ServiceRecordID
    File: nbtinsert.c
    Line: 670
    Routine: _bt_check_unique
   --- End of inner exception stack trace ---
   at Microsoft.EntityFrameworkCore.Update.ReaderModificationCommandBatch.ExecuteAsync(IRelationalConnection connection, CancellationToken cancellationToken)
   at Microsoft.EntityFrameworkCore.Update.Internal.BatchExecutor.ExecuteAsync(IEnumerable`1 commandBatches, IRelationalConnection connection, CancellationToken cancellationToken)
   at Microsoft.EntityFrameworkCore.Update.Internal.BatchExecutor.ExecuteAsync(IEnumerable`1 commandBatches, IRelationalConnection connection, CancellationToken cancellationToken)
   at Microsoft.EntityFrameworkCore.Update.Internal.BatchExecutor.ExecuteAsync(IEnumerable`1 commandBatches, IRelationalConnection connection, CancellationToken cancellationToken)
   at Microsoft.EntityFrameworkCore.Storage.RelationalDatabase.SaveChangesAsync(IList`1 entries, CancellationToken cancellationToken)
   at Microsoft.EntityFrameworkCore.ChangeTracking.Internal.StateManager.SaveChangesAsync(IList`1 entriesToSave, CancellationToken cancellationToken)
   at Microsoft.EntityFrameworkCore.ChangeTracking.Internal.StateManager.SaveChangesAsync(StateManager stateManager, Boolean acceptAllChangesOnSuccess, CancellationToken cancellationToken)
   at Npgsql.EntityFrameworkCore.PostgreSQL.Storage.Internal.NpgsqlExecutionStrategy.ExecuteAsync[TState,TResult](TState state, Func`4 operation, Func`4 verifySucceeded, CancellationToken cancellationToken)
   at Microsoft.EntityFrameworkCore.DbContext.SaveChangesAsync(Boolean acceptAllChangesOnSuccess, CancellationToken cancellationToken)
   at Microsoft.EntityFrameworkCore.DbContext.SaveChangesAsync(Boolean acceptAllChangesOnSuccess, CancellationToken cancellationToken)
   at VSM.Repositories.Repository`2.Add(T item) in /Users/presidio/Desktop/Genspark/MiniProject/VehicleServiceManagement/Repositories/Repository.cs:line 20
   at VSM.Services.BillService.Add(BillAddDto dto) in /Users/presidio/Desktop/Genspark/MiniProject/VehicleServiceManagement/Services/BillService.cs:line 58
   at VSM.Controllers.BillController.Add(BillAddDto dto) in /Users/presidio/Desktop/Genspark/MiniProject/VehicleServiceManagement/Controllers/BillController.cs:line 31

2025-07-02 17:47:47Z [ERROR] Error Adding bill
Microsoft.EntityFrameworkCore.DbUpdateException: An error occurred while saving the entity changes. See the inner exception for details.
 ---> Npgsql.PostgresException (0x80004005): 23505: duplicate key value violates unique constraint "IX_Bills_ServiceRecordID"

DETAIL: Detail redacted as it may contain sensitive data. Specify 'Include Error Detail' in the connection string to include this information.
   at Npgsql.Internal.NpgsqlConnector.ReadMessageLong(Boolean async, DataRowLoadingMode dataRowLoadingMode, Boolean readingNotifications, Boolean isReadingPrependedMessage)
   at System.Runtime.CompilerServices.PoolingAsyncValueTaskMethodBuilder`1.StateMachineBox`1.System.Threading.Tasks.Sources.IValueTaskSource<TResult>.GetResult(Int16 token)
   at Npgsql.NpgsqlDataReader.NextResult(Boolean async, Boolean isConsuming, CancellationToken cancellationToken)
   at Npgsql.NpgsqlDataReader.NextResult(Boolean async, Boolean isConsuming, CancellationToken cancellationToken)
   at Npgsql.NpgsqlCommand.ExecuteReader(Boolean async, CommandBehavior behavior, CancellationToken cancellationToken)
   at Npgsql.NpgsqlCommand.ExecuteReader(Boolean async, CommandBehavior behavior, CancellationToken cancellationToken)
   at Npgsql.NpgsqlCommand.ExecuteDbDataReaderAsync(CommandBehavior behavior, CancellationToken cancellationToken)
   at Microsoft.EntityFrameworkCore.Storage.RelationalCommand.ExecuteReaderAsync(RelationalCommandParameterObject parameterObject, CancellationToken cancellationToken)
   at Microsoft.EntityFrameworkCore.Storage.RelationalCommand.ExecuteReaderAsync(RelationalCommandParameterObject parameterObject, CancellationToken cancellationToken)
   at Microsoft.EntityFrameworkCore.Update.ReaderModificationCommandBatch.ExecuteAsync(IRelationalConnection connection, CancellationToken cancellationToken)
  Exception data:
    Severity: ERROR
    SqlState: 23505
    MessageText: duplicate key value violates unique constraint "IX_Bills_ServiceRecordID"
    Detail: Detail redacted as it may contain sensitive data. Specify 'Include Error Detail' in the connection string to include this information.
    SchemaName: public
    TableName: Bills
    ConstraintName: IX_Bills_ServiceRecordID
    File: nbtinsert.c
    Line: 670
    Routine: _bt_check_unique
   --- End of inner exception stack trace ---
   at Microsoft.EntityFrameworkCore.Update.ReaderModificationCommandBatch.ExecuteAsync(IRelationalConnection connection, CancellationToken cancellationToken)
   at Microsoft.EntityFrameworkCore.Update.Internal.BatchExecutor.ExecuteAsync(IEnumerable`1 commandBatches, IRelationalConnection connection, CancellationToken cancellationToken)
   at Microsoft.EntityFrameworkCore.Update.Internal.BatchExecutor.ExecuteAsync(IEnumerable`1 commandBatches, IRelationalConnection connection, CancellationToken cancellationToken)
   at Microsoft.EntityFrameworkCore.Update.Internal.BatchExecutor.ExecuteAsync(IEnumerable`1 commandBatches, IRelationalConnection connection, CancellationToken cancellationToken)
   at Microsoft.EntityFrameworkCore.Storage.RelationalDatabase.SaveChangesAsync(IList`1 entries, CancellationToken cancellationToken)
   at Microsoft.EntityFrameworkCore.ChangeTracking.Internal.StateManager.SaveChangesAsync(IList`1 entriesToSave, CancellationToken cancellationToken)
   at Microsoft.EntityFrameworkCore.ChangeTracking.Internal.StateManager.SaveChangesAsync(StateManager stateManager, Boolean acceptAllChangesOnSuccess, CancellationToken cancellationToken)
   at Npgsql.EntityFrameworkCore.PostgreSQL.Storage.Internal.NpgsqlExecutionStrategy.ExecuteAsync[TState,TResult](TState state, Func`4 operation, Func`4 verifySucceeded, CancellationToken cancellationToken)
   at Microsoft.EntityFrameworkCore.DbContext.SaveChangesAsync(Boolean acceptAllChangesOnSuccess, CancellationToken cancellationToken)
   at Microsoft.EntityFrameworkCore.DbContext.SaveChangesAsync(Boolean acceptAllChangesOnSuccess, CancellationToken cancellationToken)
   at VSM.Repositories.Repository`2.Add(T item) in /Users/presidio/Desktop/Genspark/MiniProject/VehicleServiceManagement/Repositories/Repository.cs:line 20
   at VSM.Services.BillService.Add(BillAddDto dto) in /Users/presidio/Desktop/Genspark/MiniProject/VehicleServiceManagement/Services/BillService.cs:line 58
   at VSM.Controllers.BillController.Add(BillAddDto dto) in /Users/presidio/Desktop/Genspark/MiniProject/VehicleServiceManagement/Controllers/BillController.cs:line 31

2025-07-02 17:51:38Z [ERROR] Error Adding bill
Microsoft.EntityFrameworkCore.DbUpdateException: An error occurred while saving the entity changes. See the inner exception for details.
 ---> Npgsql.PostgresException (0x80004005): 23505: duplicate key value violates unique constraint "IX_Bills_ServiceRecordID"

DETAIL: Detail redacted as it may contain sensitive data. Specify 'Include Error Detail' in the connection string to include this information.
   at Npgsql.Internal.NpgsqlConnector.ReadMessageLong(Boolean async, DataRowLoadingMode dataRowLoadingMode, Boolean readingNotifications, Boolean isReadingPrependedMessage)
   at System.Runtime.CompilerServices.PoolingAsyncValueTaskMethodBuilder`1.StateMachineBox`1.System.Threading.Tasks.Sources.IValueTaskSource<TResult>.GetResult(Int16 token)
   at Npgsql.NpgsqlDataReader.NextResult(Boolean async, Boolean isConsuming, CancellationToken cancellationToken)
   at Npgsql.NpgsqlDataReader.NextResult(Boolean async, Boolean isConsuming, CancellationToken cancellationToken)
   at Npgsql.NpgsqlCommand.ExecuteReader(Boolean async, CommandBehavior behavior, CancellationToken cancellationToken)
   at Npgsql.NpgsqlCommand.ExecuteReader(Boolean async, CommandBehavior behavior, CancellationToken cancellationToken)
   at Npgsql.NpgsqlCommand.ExecuteDbDataReaderAsync(CommandBehavior behavior, CancellationToken cancellationToken)
   at Microsoft.EntityFrameworkCore.Storage.RelationalCommand.ExecuteReaderAsync(RelationalCommandParameterObject parameterObject, CancellationToken cancellationToken)
   at Microsoft.EntityFrameworkCore.Storage.RelationalCommand.ExecuteReaderAsync(RelationalCommandParameterObject parameterObject, CancellationToken cancellationToken)
   at Microsoft.EntityFrameworkCore.Update.ReaderModificationCommandBatch.ExecuteAsync(IRelationalConnection connection, CancellationToken cancellationToken)
  Exception data:
    Severity: ERROR
    SqlState: 23505
    MessageText: duplicate key value violates unique constraint "IX_Bills_ServiceRecordID"
    Detail: Detail redacted as it may contain sensitive data. Specify 'Include Error Detail' in the connection string to include this information.
    SchemaName: public
    TableName: Bills
    ConstraintName: IX_Bills_ServiceRecordID
    File: nbtinsert.c
    Line: 670
    Routine: _bt_check_unique
   --- End of inner exception stack trace ---
   at Microsoft.EntityFrameworkCore.Update.ReaderModificationCommandBatch.ExecuteAsync(IRelationalConnection connection, CancellationToken cancellationToken)
   at Microsoft.EntityFrameworkCore.Update.Internal.BatchExecutor.ExecuteAsync(IEnumerable`1 commandBatches, IRelationalConnection connection, CancellationToken cancellationToken)
   at Microsoft.EntityFrameworkCore.Update.Internal.BatchExecutor.ExecuteAsync(IEnumerable`1 commandBatches, IRelationalConnection connection, CancellationToken cancellationToken)
   at Microsoft.EntityFrameworkCore.Update.Internal.BatchExecutor.ExecuteAsync(IEnumerable`1 commandBatches, IRelationalConnection connection, CancellationToken cancellationToken)
   at Microsoft.EntityFrameworkCore.Storage.RelationalDatabase.SaveChangesAsync(IList`1 entries, CancellationToken cancellationToken)
   at Microsoft.EntityFrameworkCore.ChangeTracking.Internal.StateManager.SaveChangesAsync(IList`1 entriesToSave, CancellationToken cancellationToken)
   at Microsoft.EntityFrameworkCore.ChangeTracking.Internal.StateManager.SaveChangesAsync(StateManager stateManager, Boolean acceptAllChangesOnSuccess, CancellationToken cancellationToken)
   at Npgsql.EntityFrameworkCore.PostgreSQL.Storage.Internal.NpgsqlExecutionStrategy.ExecuteAsync[TState,TResult](TState state, Func`4 operation, Func`4 verifySucceeded, CancellationToken cancellationToken)
   at Microsoft.EntityFrameworkCore.DbContext.SaveChangesAsync(Boolean acceptAllChangesOnSuccess, CancellationToken cancellationToken)
   at Microsoft.EntityFrameworkCore.DbContext.SaveChangesAsync(Boolean acceptAllChangesOnSuccess, CancellationToken cancellationToken)
   at VSM.Repositories.Repository`2.Add(T item) in /Users/presidio/Desktop/Genspark/MiniProject/VehicleServiceManagement/Repositories/Repository.cs:line 20
   at VSM.Services.BillService.Add(BillAddDto dto) in /Users/presidio/Desktop/Genspark/MiniProject/VehicleServiceManagement/Services/BillService.cs:line 58
   at VSM.Controllers.BillController.Add(BillAddDto dto) in /Users/presidio/Desktop/Genspark/MiniProject/VehicleServiceManagement/Controllers/BillController.cs:line 31

2025-07-02 17:52:29Z [ERROR] Error Adding bill
Microsoft.EntityFrameworkCore.DbUpdateException: An error occurred while saving the entity changes. See the inner exception for details.
 ---> Npgsql.PostgresException (0x80004005): 23505: duplicate key value violates unique constraint "IX_Bills_ServiceRecordID"

DETAIL: Detail redacted as it may contain sensitive data. Specify 'Include Error Detail' in the connection string to include this information.
   at Npgsql.Internal.NpgsqlConnector.ReadMessageLong(Boolean async, DataRowLoadingMode dataRowLoadingMode, Boolean readingNotifications, Boolean isReadingPrependedMessage)
   at System.Runtime.CompilerServices.PoolingAsyncValueTaskMethodBuilder`1.StateMachineBox`1.System.Threading.Tasks.Sources.IValueTaskSource<TResult>.GetResult(Int16 token)
   at Npgsql.NpgsqlDataReader.NextResult(Boolean async, Boolean isConsuming, CancellationToken cancellationToken)
   at Npgsql.NpgsqlDataReader.NextResult(Boolean async, Boolean isConsuming, CancellationToken cancellationToken)
   at Npgsql.NpgsqlCommand.ExecuteReader(Boolean async, CommandBehavior behavior, CancellationToken cancellationToken)
   at Npgsql.NpgsqlCommand.ExecuteReader(Boolean async, CommandBehavior behavior, CancellationToken cancellationToken)
   at Npgsql.NpgsqlCommand.ExecuteDbDataReaderAsync(CommandBehavior behavior, CancellationToken cancellationToken)
   at Microsoft.EntityFrameworkCore.Storage.RelationalCommand.ExecuteReaderAsync(RelationalCommandParameterObject parameterObject, CancellationToken cancellationToken)
   at Microsoft.EntityFrameworkCore.Storage.RelationalCommand.ExecuteReaderAsync(RelationalCommandParameterObject parameterObject, CancellationToken cancellationToken)
   at Microsoft.EntityFrameworkCore.Update.ReaderModificationCommandBatch.ExecuteAsync(IRelationalConnection connection, CancellationToken cancellationToken)
  Exception data:
    Severity: ERROR
    SqlState: 23505
    MessageText: duplicate key value violates unique constraint "IX_Bills_ServiceRecordID"
    Detail: Detail redacted as it may contain sensitive data. Specify 'Include Error Detail' in the connection string to include this information.
    SchemaName: public
    TableName: Bills
    ConstraintName: IX_Bills_ServiceRecordID
    File: nbtinsert.c
    Line: 670
    Routine: _bt_check_unique
   --- End of inner exception stack trace ---
   at Microsoft.EntityFrameworkCore.Update.ReaderModificationCommandBatch.ExecuteAsync(IRelationalConnection connection, CancellationToken cancellationToken)
   at Microsoft.EntityFrameworkCore.Update.Internal.BatchExecutor.ExecuteAsync(IEnumerable`1 commandBatches, IRelationalConnection connection, CancellationToken cancellationToken)
   at Microsoft.EntityFrameworkCore.Update.Internal.BatchExecutor.ExecuteAsync(IEnumerable`1 commandBatches, IRelationalConnection connection, CancellationToken cancellationToken)
   at Microsoft.EntityFrameworkCore.Update.Internal.BatchExecutor.ExecuteAsync(IEnumerable`1 commandBatches, IRelationalConnection connection, CancellationToken cancellationToken)
   at Microsoft.EntityFrameworkCore.Storage.RelationalDatabase.SaveChangesAsync(IList`1 entries, CancellationToken cancellationToken)
   at Microsoft.EntityFrameworkCore.ChangeTracking.Internal.StateManager.SaveChangesAsync(IList`1 entriesToSave, CancellationToken cancellationToken)
   at Microsoft.EntityFrameworkCore.ChangeTracking.Internal.StateManager.SaveChangesAsync(StateManager stateManager, Boolean acceptAllChangesOnSuccess, CancellationToken cancellationToken)
   at Npgsql.EntityFrameworkCore.PostgreSQL.Storage.Internal.NpgsqlExecutionStrategy.ExecuteAsync[TState,TResult](TState state, Func`4 operation, Func`4 verifySucceeded, CancellationToken cancellationToken)
   at Microsoft.EntityFrameworkCore.DbContext.SaveChangesAsync(Boolean acceptAllChangesOnSuccess, CancellationToken cancellationToken)
   at Microsoft.EntityFrameworkCore.DbContext.SaveChangesAsync(Boolean acceptAllChangesOnSuccess, CancellationToken cancellationToken)
   at VSM.Repositories.Repository`2.Add(T item) in /Users/presidio/Desktop/Genspark/MiniProject/VehicleServiceManagement/Repositories/Repository.cs:line 20
   at VSM.Services.BillService.Add(BillAddDto dto) in /Users/presidio/Desktop/Genspark/MiniProject/VehicleServiceManagement/Services/BillService.cs:line 58
   at VSM.Controllers.BillController.Add(BillAddDto dto) in /Users/presidio/Desktop/Genspark/MiniProject/VehicleServiceManagement/Controllers/BillController.cs:line 31

2025-07-02 17:52:32Z [ERROR] Error Adding bill
Microsoft.EntityFrameworkCore.DbUpdateException: An error occurred while saving the entity changes. See the inner exception for details.
 ---> Npgsql.PostgresException (0x80004005): 23505: duplicate key value violates unique constraint "IX_Bills_ServiceRecordID"

DETAIL: Detail redacted as it may contain sensitive data. Specify 'Include Error Detail' in the connection string to include this information.
   at Npgsql.Internal.NpgsqlConnector.ReadMessageLong(Boolean async, DataRowLoadingMode dataRowLoadingMode, Boolean readingNotifications, Boolean isReadingPrependedMessage)
   at System.Runtime.CompilerServices.PoolingAsyncValueTaskMethodBuilder`1.StateMachineBox`1.System.Threading.Tasks.Sources.IValueTaskSource<TResult>.GetResult(Int16 token)
   at Npgsql.NpgsqlDataReader.NextResult(Boolean async, Boolean isConsuming, CancellationToken cancellationToken)
   at Npgsql.NpgsqlDataReader.NextResult(Boolean async, Boolean isConsuming, CancellationToken cancellationToken)
   at Npgsql.NpgsqlCommand.ExecuteReader(Boolean async, CommandBehavior behavior, CancellationToken cancellationToken)
   at Npgsql.NpgsqlCommand.ExecuteReader(Boolean async, CommandBehavior behavior, CancellationToken cancellationToken)
   at Npgsql.NpgsqlCommand.ExecuteDbDataReaderAsync(CommandBehavior behavior, CancellationToken cancellationToken)
   at Microsoft.EntityFrameworkCore.Storage.RelationalCommand.ExecuteReaderAsync(RelationalCommandParameterObject parameterObject, CancellationToken cancellationToken)
   at Microsoft.EntityFrameworkCore.Storage.RelationalCommand.ExecuteReaderAsync(RelationalCommandParameterObject parameterObject, CancellationToken cancellationToken)
   at Microsoft.EntityFrameworkCore.Update.ReaderModificationCommandBatch.ExecuteAsync(IRelationalConnection connection, CancellationToken cancellationToken)
  Exception data:
    Severity: ERROR
    SqlState: 23505
    MessageText: duplicate key value violates unique constraint "IX_Bills_ServiceRecordID"
    Detail: Detail redacted as it may contain sensitive data. Specify 'Include Error Detail' in the connection string to include this information.
    SchemaName: public
    TableName: Bills
    ConstraintName: IX_Bills_ServiceRecordID
    File: nbtinsert.c
    Line: 670
    Routine: _bt_check_unique
   --- End of inner exception stack trace ---
   at Microsoft.EntityFrameworkCore.Update.ReaderModificationCommandBatch.ExecuteAsync(IRelationalConnection connection, CancellationToken cancellationToken)
   at Microsoft.EntityFrameworkCore.Update.Internal.BatchExecutor.ExecuteAsync(IEnumerable`1 commandBatches, IRelationalConnection connection, CancellationToken cancellationToken)
   at Microsoft.EntityFrameworkCore.Update.Internal.BatchExecutor.ExecuteAsync(IEnumerable`1 commandBatches, IRelationalConnection connection, CancellationToken cancellationToken)
   at Microsoft.EntityFrameworkCore.Update.Internal.BatchExecutor.ExecuteAsync(IEnumerable`1 commandBatches, IRelationalConnection connection, CancellationToken cancellationToken)
   at Microsoft.EntityFrameworkCore.Storage.RelationalDatabase.SaveChangesAsync(IList`1 entries, CancellationToken cancellationToken)
   at Microsoft.EntityFrameworkCore.ChangeTracking.Internal.StateManager.SaveChangesAsync(IList`1 entriesToSave, CancellationToken cancellationToken)
   at Microsoft.EntityFrameworkCore.ChangeTracking.Internal.StateManager.SaveChangesAsync(StateManager stateManager, Boolean acceptAllChangesOnSuccess, CancellationToken cancellationToken)
   at Npgsql.EntityFrameworkCore.PostgreSQL.Storage.Internal.NpgsqlExecutionStrategy.ExecuteAsync[TState,TResult](TState state, Func`4 operation, Func`4 verifySucceeded, CancellationToken cancellationToken)
   at Microsoft.EntityFrameworkCore.DbContext.SaveChangesAsync(Boolean acceptAllChangesOnSuccess, CancellationToken cancellationToken)
   at Microsoft.EntityFrameworkCore.DbContext.SaveChangesAsync(Boolean acceptAllChangesOnSuccess, CancellationToken cancellationToken)
   at VSM.Repositories.Repository`2.Add(T item) in /Users/presidio/Desktop/Genspark/MiniProject/VehicleServiceManagement/Repositories/Repository.cs:line 20
   at VSM.Services.BillService.Add(BillAddDto dto) in /Users/presidio/Desktop/Genspark/MiniProject/VehicleServiceManagement/Services/BillService.cs:line 58
   at VSM.Controllers.BillController.Add(BillAddDto dto) in /Users/presidio/Desktop/Genspark/MiniProject/VehicleServiceManagement/Controllers/BillController.cs:line 31

2025-07-02 17:52:33Z [ERROR] Error Adding bill
Microsoft.EntityFrameworkCore.DbUpdateException: An error occurred while saving the entity changes. See the inner exception for details.
 ---> Npgsql.PostgresException (0x80004005): 23505: duplicate key value violates unique constraint "IX_Bills_ServiceRecordID"

DETAIL: Detail redacted as it may contain sensitive data. Specify 'Include Error Detail' in the connection string to include this information.
   at Npgsql.Internal.NpgsqlConnector.ReadMessageLong(Boolean async, DataRowLoadingMode dataRowLoadingMode, Boolean readingNotifications, Boolean isReadingPrependedMessage)
   at System.Runtime.CompilerServices.PoolingAsyncValueTaskMethodBuilder`1.StateMachineBox`1.System.Threading.Tasks.Sources.IValueTaskSource<TResult>.GetResult(Int16 token)
   at Npgsql.NpgsqlDataReader.NextResult(Boolean async, Boolean isConsuming, CancellationToken cancellationToken)
   at Npgsql.NpgsqlDataReader.NextResult(Boolean async, Boolean isConsuming, CancellationToken cancellationToken)
   at Npgsql.NpgsqlCommand.ExecuteReader(Boolean async, CommandBehavior behavior, CancellationToken cancellationToken)
   at Npgsql.NpgsqlCommand.ExecuteReader(Boolean async, CommandBehavior behavior, CancellationToken cancellationToken)
   at Npgsql.NpgsqlCommand.ExecuteDbDataReaderAsync(CommandBehavior behavior, CancellationToken cancellationToken)
   at Microsoft.EntityFrameworkCore.Storage.RelationalCommand.ExecuteReaderAsync(RelationalCommandParameterObject parameterObject, CancellationToken cancellationToken)
   at Microsoft.EntityFrameworkCore.Storage.RelationalCommand.ExecuteReaderAsync(RelationalCommandParameterObject parameterObject, CancellationToken cancellationToken)
   at Microsoft.EntityFrameworkCore.Update.ReaderModificationCommandBatch.ExecuteAsync(IRelationalConnection connection, CancellationToken cancellationToken)
  Exception data:
    Severity: ERROR
    SqlState: 23505
    MessageText: duplicate key value violates unique constraint "IX_Bills_ServiceRecordID"
    Detail: Detail redacted as it may contain sensitive data. Specify 'Include Error Detail' in the connection string to include this information.
    SchemaName: public
    TableName: Bills
    ConstraintName: IX_Bills_ServiceRecordID
    File: nbtinsert.c
    Line: 670
    Routine: _bt_check_unique
   --- End of inner exception stack trace ---
   at Microsoft.EntityFrameworkCore.Update.ReaderModificationCommandBatch.ExecuteAsync(IRelationalConnection connection, CancellationToken cancellationToken)
   at Microsoft.EntityFrameworkCore.Update.Internal.BatchExecutor.ExecuteAsync(IEnumerable`1 commandBatches, IRelationalConnection connection, CancellationToken cancellationToken)
   at Microsoft.EntityFrameworkCore.Update.Internal.BatchExecutor.ExecuteAsync(IEnumerable`1 commandBatches, IRelationalConnection connection, CancellationToken cancellationToken)
   at Microsoft.EntityFrameworkCore.Update.Internal.BatchExecutor.ExecuteAsync(IEnumerable`1 commandBatches, IRelationalConnection connection, CancellationToken cancellationToken)
   at Microsoft.EntityFrameworkCore.Storage.RelationalDatabase.SaveChangesAsync(IList`1 entries, CancellationToken cancellationToken)
   at Microsoft.EntityFrameworkCore.ChangeTracking.Internal.StateManager.SaveChangesAsync(IList`1 entriesToSave, CancellationToken cancellationToken)
   at Microsoft.EntityFrameworkCore.ChangeTracking.Internal.StateManager.SaveChangesAsync(StateManager stateManager, Boolean acceptAllChangesOnSuccess, CancellationToken cancellationToken)
   at Npgsql.EntityFrameworkCore.PostgreSQL.Storage.Internal.NpgsqlExecutionStrategy.ExecuteAsync[TState,TResult](TState state, Func`4 operation, Func`4 verifySucceeded, CancellationToken cancellationToken)
   at Microsoft.EntityFrameworkCore.DbContext.SaveChangesAsync(Boolean acceptAllChangesOnSuccess, CancellationToken cancellationToken)
   at Microsoft.EntityFrameworkCore.DbContext.SaveChangesAsync(Boolean acceptAllChangesOnSuccess, CancellationToken cancellationToken)
   at VSM.Repositories.Repository`2.Add(T item) in /Users/presidio/Desktop/Genspark/MiniProject/VehicleServiceManagement/Repositories/Repository.cs:line 20
   at VSM.Services.BillService.Add(BillAddDto dto) in /Users/presidio/Desktop/Genspark/MiniProject/VehicleServiceManagement/Services/BillService.cs:line 58
   at VSM.Controllers.BillController.Add(BillAddDto dto) in /Users/presidio/Desktop/Genspark/MiniProject/VehicleServiceManagement/Controllers/BillController.cs:line 31

2025-07-02 17:52:34Z [ERROR] Error Adding bill
Microsoft.EntityFrameworkCore.DbUpdateException: An error occurred while saving the entity changes. See the inner exception for details.
 ---> Npgsql.PostgresException (0x80004005): 23505: duplicate key value violates unique constraint "IX_Bills_ServiceRecordID"

DETAIL: Detail redacted as it may contain sensitive data. Specify 'Include Error Detail' in the connection string to include this information.
   at Npgsql.Internal.NpgsqlConnector.ReadMessageLong(Boolean async, DataRowLoadingMode dataRowLoadingMode, Boolean readingNotifications, Boolean isReadingPrependedMessage)
   at System.Runtime.CompilerServices.PoolingAsyncValueTaskMethodBuilder`1.StateMachineBox`1.System.Threading.Tasks.Sources.IValueTaskSource<TResult>.GetResult(Int16 token)
   at Npgsql.NpgsqlDataReader.NextResult(Boolean async, Boolean isConsuming, CancellationToken cancellationToken)
   at Npgsql.NpgsqlDataReader.NextResult(Boolean async, Boolean isConsuming, CancellationToken cancellationToken)
   at Npgsql.NpgsqlCommand.ExecuteReader(Boolean async, CommandBehavior behavior, CancellationToken cancellationToken)
   at Npgsql.NpgsqlCommand.ExecuteReader(Boolean async, CommandBehavior behavior, CancellationToken cancellationToken)
   at Npgsql.NpgsqlCommand.ExecuteDbDataReaderAsync(CommandBehavior behavior, CancellationToken cancellationToken)
   at Microsoft.EntityFrameworkCore.Storage.RelationalCommand.ExecuteReaderAsync(RelationalCommandParameterObject parameterObject, CancellationToken cancellationToken)
   at Microsoft.EntityFrameworkCore.Storage.RelationalCommand.ExecuteReaderAsync(RelationalCommandParameterObject parameterObject, CancellationToken cancellationToken)
   at Microsoft.EntityFrameworkCore.Update.ReaderModificationCommandBatch.ExecuteAsync(IRelationalConnection connection, CancellationToken cancellationToken)
  Exception data:
    Severity: ERROR
    SqlState: 23505
    MessageText: duplicate key value violates unique constraint "IX_Bills_ServiceRecordID"
    Detail: Detail redacted as it may contain sensitive data. Specify 'Include Error Detail' in the connection string to include this information.
    SchemaName: public
    TableName: Bills
    ConstraintName: IX_Bills_ServiceRecordID
    File: nbtinsert.c
    Line: 670
    Routine: _bt_check_unique
   --- End of inner exception stack trace ---
   at Microsoft.EntityFrameworkCore.Update.ReaderModificationCommandBatch.ExecuteAsync(IRelationalConnection connection, CancellationToken cancellationToken)
   at Microsoft.EntityFrameworkCore.Update.Internal.BatchExecutor.ExecuteAsync(IEnumerable`1 commandBatches, IRelationalConnection connection, CancellationToken cancellationToken)
   at Microsoft.EntityFrameworkCore.Update.Internal.BatchExecutor.ExecuteAsync(IEnumerable`1 commandBatches, IRelationalConnection connection, CancellationToken cancellationToken)
   at Microsoft.EntityFrameworkCore.Update.Internal.BatchExecutor.ExecuteAsync(IEnumerable`1 commandBatches, IRelationalConnection connection, CancellationToken cancellationToken)
   at Microsoft.EntityFrameworkCore.Storage.RelationalDatabase.SaveChangesAsync(IList`1 entries, CancellationToken cancellationToken)
   at Microsoft.EntityFrameworkCore.ChangeTracking.Internal.StateManager.SaveChangesAsync(IList`1 entriesToSave, CancellationToken cancellationToken)
   at Microsoft.EntityFrameworkCore.ChangeTracking.Internal.StateManager.SaveChangesAsync(StateManager stateManager, Boolean acceptAllChangesOnSuccess, CancellationToken cancellationToken)
   at Npgsql.EntityFrameworkCore.PostgreSQL.Storage.Internal.NpgsqlExecutionStrategy.ExecuteAsync[TState,TResult](TState state, Func`4 operation, Func`4 verifySucceeded, CancellationToken cancellationToken)
   at Microsoft.EntityFrameworkCore.DbContext.SaveChangesAsync(Boolean acceptAllChangesOnSuccess, CancellationToken cancellationToken)
   at Microsoft.EntityFrameworkCore.DbContext.SaveChangesAsync(Boolean acceptAllChangesOnSuccess, CancellationToken cancellationToken)
   at VSM.Repositories.Repository`2.Add(T item) in /Users/presidio/Desktop/Genspark/MiniProject/VehicleServiceManagement/Repositories/Repository.cs:line 20
   at VSM.Services.BillService.Add(BillAddDto dto) in /Users/presidio/Desktop/Genspark/MiniProject/VehicleServiceManagement/Services/BillService.cs:line 58
   at VSM.Controllers.BillController.Add(BillAddDto dto) in /Users/presidio/Desktop/Genspark/MiniProject/VehicleServiceManagement/Controllers/BillController.cs:line 31

2025-07-02 17:56:23Z [ERROR] Error Adding bill
Microsoft.EntityFrameworkCore.DbUpdateException: An error occurred while saving the entity changes. See the inner exception for details.
 ---> Npgsql.PostgresException (0x80004005): 23505: duplicate key value violates unique constraint "IX_Bills_ServiceRecordID"

DETAIL: Detail redacted as it may contain sensitive data. Specify 'Include Error Detail' in the connection string to include this information.
   at Npgsql.Internal.NpgsqlConnector.ReadMessageLong(Boolean async, DataRowLoadingMode dataRowLoadingMode, Boolean readingNotifications, Boolean isReadingPrependedMessage)
   at System.Runtime.CompilerServices.PoolingAsyncValueTaskMethodBuilder`1.StateMachineBox`1.System.Threading.Tasks.Sources.IValueTaskSource<TResult>.GetResult(Int16 token)
   at Npgsql.NpgsqlDataReader.NextResult(Boolean async, Boolean isConsuming, CancellationToken cancellationToken)
   at Npgsql.NpgsqlDataReader.NextResult(Boolean async, Boolean isConsuming, CancellationToken cancellationToken)
   at Npgsql.NpgsqlCommand.ExecuteReader(Boolean async, CommandBehavior behavior, CancellationToken cancellationToken)
   at Npgsql.NpgsqlCommand.ExecuteReader(Boolean async, CommandBehavior behavior, CancellationToken cancellationToken)
   at Npgsql.NpgsqlCommand.ExecuteDbDataReaderAsync(CommandBehavior behavior, CancellationToken cancellationToken)
   at Microsoft.EntityFrameworkCore.Storage.RelationalCommand.ExecuteReaderAsync(RelationalCommandParameterObject parameterObject, CancellationToken cancellationToken)
   at Microsoft.EntityFrameworkCore.Storage.RelationalCommand.ExecuteReaderAsync(RelationalCommandParameterObject parameterObject, CancellationToken cancellationToken)
   at Microsoft.EntityFrameworkCore.Update.ReaderModificationCommandBatch.ExecuteAsync(IRelationalConnection connection, CancellationToken cancellationToken)
  Exception data:
    Severity: ERROR
    SqlState: 23505
    MessageText: duplicate key value violates unique constraint "IX_Bills_ServiceRecordID"
    Detail: Detail redacted as it may contain sensitive data. Specify 'Include Error Detail' in the connection string to include this information.
    SchemaName: public
    TableName: Bills
    ConstraintName: IX_Bills_ServiceRecordID
    File: nbtinsert.c
    Line: 670
    Routine: _bt_check_unique
   --- End of inner exception stack trace ---
   at Microsoft.EntityFrameworkCore.Update.ReaderModificationCommandBatch.ExecuteAsync(IRelationalConnection connection, CancellationToken cancellationToken)
   at Microsoft.EntityFrameworkCore.Update.Internal.BatchExecutor.ExecuteAsync(IEnumerable`1 commandBatches, IRelationalConnection connection, CancellationToken cancellationToken)
   at Microsoft.EntityFrameworkCore.Update.Internal.BatchExecutor.ExecuteAsync(IEnumerable`1 commandBatches, IRelationalConnection connection, CancellationToken cancellationToken)
   at Microsoft.EntityFrameworkCore.Update.Internal.BatchExecutor.ExecuteAsync(IEnumerable`1 commandBatches, IRelationalConnection connection, CancellationToken cancellationToken)
   at Microsoft.EntityFrameworkCore.Storage.RelationalDatabase.SaveChangesAsync(IList`1 entries, CancellationToken cancellationToken)
   at Microsoft.EntityFrameworkCore.ChangeTracking.Internal.StateManager.SaveChangesAsync(IList`1 entriesToSave, CancellationToken cancellationToken)
   at Microsoft.EntityFrameworkCore.ChangeTracking.Internal.StateManager.SaveChangesAsync(StateManager stateManager, Boolean acceptAllChangesOnSuccess, CancellationToken cancellationToken)
   at Npgsql.EntityFrameworkCore.PostgreSQL.Storage.Internal.NpgsqlExecutionStrategy.ExecuteAsync[TState,TResult](TState state, Func`4 operation, Func`4 verifySucceeded, CancellationToken cancellationToken)
   at Microsoft.EntityFrameworkCore.DbContext.SaveChangesAsync(Boolean acceptAllChangesOnSuccess, CancellationToken cancellationToken)
   at Microsoft.EntityFrameworkCore.DbContext.SaveChangesAsync(Boolean acceptAllChangesOnSuccess, CancellationToken cancellationToken)
   at VSM.Repositories.Repository`2.Add(T item) in /Users/presidio/Desktop/Genspark/MiniProject/VehicleServiceManagement/Repositories/Repository.cs:line 20
   at VSM.Services.BillService.Add(BillAddDto dto) in /Users/presidio/Desktop/Genspark/MiniProject/VehicleServiceManagement/Services/BillService.cs:line 58
   at VSM.Controllers.BillController.Add(BillAddDto dto) in /Users/presidio/Desktop/Genspark/MiniProject/VehicleServiceManagement/Controllers/BillController.cs:line 31

2025-07-02 17:56:28Z [ERROR] Error Adding bill
Microsoft.EntityFrameworkCore.DbUpdateException: An error occurred while saving the entity changes. See the inner exception for details.
 ---> Npgsql.PostgresException (0x80004005): 23505: duplicate key value violates unique constraint "IX_Bills_ServiceRecordID"

DETAIL: Detail redacted as it may contain sensitive data. Specify 'Include Error Detail' in the connection string to include this information.
   at Npgsql.Internal.NpgsqlConnector.ReadMessageLong(Boolean async, DataRowLoadingMode dataRowLoadingMode, Boolean readingNotifications, Boolean isReadingPrependedMessage)
   at System.Runtime.CompilerServices.PoolingAsyncValueTaskMethodBuilder`1.StateMachineBox`1.System.Threading.Tasks.Sources.IValueTaskSource<TResult>.GetResult(Int16 token)
   at Npgsql.NpgsqlDataReader.NextResult(Boolean async, Boolean isConsuming, CancellationToken cancellationToken)
   at Npgsql.NpgsqlDataReader.NextResult(Boolean async, Boolean isConsuming, CancellationToken cancellationToken)
   at Npgsql.NpgsqlCommand.ExecuteReader(Boolean async, CommandBehavior behavior, CancellationToken cancellationToken)
   at Npgsql.NpgsqlCommand.ExecuteReader(Boolean async, CommandBehavior behavior, CancellationToken cancellationToken)
   at Npgsql.NpgsqlCommand.ExecuteDbDataReaderAsync(CommandBehavior behavior, CancellationToken cancellationToken)
   at Microsoft.EntityFrameworkCore.Storage.RelationalCommand.ExecuteReaderAsync(RelationalCommandParameterObject parameterObject, CancellationToken cancellationToken)
   at Microsoft.EntityFrameworkCore.Storage.RelationalCommand.ExecuteReaderAsync(RelationalCommandParameterObject parameterObject, CancellationToken cancellationToken)
   at Microsoft.EntityFrameworkCore.Update.ReaderModificationCommandBatch.ExecuteAsync(IRelationalConnection connection, CancellationToken cancellationToken)
  Exception data:
    Severity: ERROR
    SqlState: 23505
    MessageText: duplicate key value violates unique constraint "IX_Bills_ServiceRecordID"
    Detail: Detail redacted as it may contain sensitive data. Specify 'Include Error Detail' in the connection string to include this information.
    SchemaName: public
    TableName: Bills
    ConstraintName: IX_Bills_ServiceRecordID
    File: nbtinsert.c
    Line: 670
    Routine: _bt_check_unique
   --- End of inner exception stack trace ---
   at Microsoft.EntityFrameworkCore.Update.ReaderModificationCommandBatch.ExecuteAsync(IRelationalConnection connection, CancellationToken cancellationToken)
   at Microsoft.EntityFrameworkCore.Update.Internal.BatchExecutor.ExecuteAsync(IEnumerable`1 commandBatches, IRelationalConnection connection, CancellationToken cancellationToken)
   at Microsoft.EntityFrameworkCore.Update.Internal.BatchExecutor.ExecuteAsync(IEnumerable`1 commandBatches, IRelationalConnection connection, CancellationToken cancellationToken)
   at Microsoft.EntityFrameworkCore.Update.Internal.BatchExecutor.ExecuteAsync(IEnumerable`1 commandBatches, IRelationalConnection connection, CancellationToken cancellationToken)
   at Microsoft.EntityFrameworkCore.Storage.RelationalDatabase.SaveChangesAsync(IList`1 entries, CancellationToken cancellationToken)
   at Microsoft.EntityFrameworkCore.ChangeTracking.Internal.StateManager.SaveChangesAsync(IList`1 entriesToSave, CancellationToken cancellationToken)
   at Microsoft.EntityFrameworkCore.ChangeTracking.Internal.StateManager.SaveChangesAsync(StateManager stateManager, Boolean acceptAllChangesOnSuccess, CancellationToken cancellationToken)
   at Npgsql.EntityFrameworkCore.PostgreSQL.Storage.Internal.NpgsqlExecutionStrategy.ExecuteAsync[TState,TResult](TState state, Func`4 operation, Func`4 verifySucceeded, CancellationToken cancellationToken)
   at Microsoft.EntityFrameworkCore.DbContext.SaveChangesAsync(Boolean acceptAllChangesOnSuccess, CancellationToken cancellationToken)
   at Microsoft.EntityFrameworkCore.DbContext.SaveChangesAsync(Boolean acceptAllChangesOnSuccess, CancellationToken cancellationToken)
   at VSM.Repositories.Repository`2.Add(T item) in /Users/presidio/Desktop/Genspark/MiniProject/VehicleServiceManagement/Repositories/Repository.cs:line 20
   at VSM.Services.BillService.Add(BillAddDto dto) in /Users/presidio/Desktop/Genspark/MiniProject/VehicleServiceManagement/Services/BillService.cs:line 58
   at VSM.Controllers.BillController.Add(BillAddDto dto) in /Users/presidio/Desktop/Genspark/MiniProject/VehicleServiceManagement/Controllers/BillController.cs:line 31

2025-07-02 17:56:30Z [ERROR] Error Adding bill
Microsoft.EntityFrameworkCore.DbUpdateException: An error occurred while saving the entity changes. See the inner exception for details.
 ---> Npgsql.PostgresException (0x80004005): 23505: duplicate key value violates unique constraint "IX_Bills_ServiceRecordID"

DETAIL: Detail redacted as it may contain sensitive data. Specify 'Include Error Detail' in the connection string to include this information.
   at Npgsql.Internal.NpgsqlConnector.ReadMessageLong(Boolean async, DataRowLoadingMode dataRowLoadingMode, Boolean readingNotifications, Boolean isReadingPrependedMessage)
   at System.Runtime.CompilerServices.PoolingAsyncValueTaskMethodBuilder`1.StateMachineBox`1.System.Threading.Tasks.Sources.IValueTaskSource<TResult>.GetResult(Int16 token)
   at Npgsql.NpgsqlDataReader.NextResult(Boolean async, Boolean isConsuming, CancellationToken cancellationToken)
   at Npgsql.NpgsqlDataReader.NextResult(Boolean async, Boolean isConsuming, CancellationToken cancellationToken)
   at Npgsql.NpgsqlCommand.ExecuteReader(Boolean async, CommandBehavior behavior, CancellationToken cancellationToken)
   at Npgsql.NpgsqlCommand.ExecuteReader(Boolean async, CommandBehavior behavior, CancellationToken cancellationToken)
   at Npgsql.NpgsqlCommand.ExecuteDbDataReaderAsync(CommandBehavior behavior, CancellationToken cancellationToken)
   at Microsoft.EntityFrameworkCore.Storage.RelationalCommand.ExecuteReaderAsync(RelationalCommandParameterObject parameterObject, CancellationToken cancellationToken)
   at Microsoft.EntityFrameworkCore.Storage.RelationalCommand.ExecuteReaderAsync(RelationalCommandParameterObject parameterObject, CancellationToken cancellationToken)
   at Microsoft.EntityFrameworkCore.Update.ReaderModificationCommandBatch.ExecuteAsync(IRelationalConnection connection, CancellationToken cancellationToken)
  Exception data:
    Severity: ERROR
    SqlState: 23505
    MessageText: duplicate key value violates unique constraint "IX_Bills_ServiceRecordID"
    Detail: Detail redacted as it may contain sensitive data. Specify 'Include Error Detail' in the connection string to include this information.
    SchemaName: public
    TableName: Bills
    ConstraintName: IX_Bills_ServiceRecordID
    File: nbtinsert.c
    Line: 670
    Routine: _bt_check_unique
   --- End of inner exception stack trace ---
   at Microsoft.EntityFrameworkCore.Update.ReaderModificationCommandBatch.ExecuteAsync(IRelationalConnection connection, CancellationToken cancellationToken)
   at Microsoft.EntityFrameworkCore.Update.Internal.BatchExecutor.ExecuteAsync(IEnumerable`1 commandBatches, IRelationalConnection connection, CancellationToken cancellationToken)
   at Microsoft.EntityFrameworkCore.Update.Internal.BatchExecutor.ExecuteAsync(IEnumerable`1 commandBatches, IRelationalConnection connection, CancellationToken cancellationToken)
   at Microsoft.EntityFrameworkCore.Update.Internal.BatchExecutor.ExecuteAsync(IEnumerable`1 commandBatches, IRelationalConnection connection, CancellationToken cancellationToken)
   at Microsoft.EntityFrameworkCore.Storage.RelationalDatabase.SaveChangesAsync(IList`1 entries, CancellationToken cancellationToken)
   at Microsoft.EntityFrameworkCore.ChangeTracking.Internal.StateManager.SaveChangesAsync(IList`1 entriesToSave, CancellationToken cancellationToken)
   at Microsoft.EntityFrameworkCore.ChangeTracking.Internal.StateManager.SaveChangesAsync(StateManager stateManager, Boolean acceptAllChangesOnSuccess, CancellationToken cancellationToken)
   at Npgsql.EntityFrameworkCore.PostgreSQL.Storage.Internal.NpgsqlExecutionStrategy.ExecuteAsync[TState,TResult](TState state, Func`4 operation, Func`4 verifySucceeded, CancellationToken cancellationToken)
   at Microsoft.EntityFrameworkCore.DbContext.SaveChangesAsync(Boolean acceptAllChangesOnSuccess, CancellationToken cancellationToken)
   at Microsoft.EntityFrameworkCore.DbContext.SaveChangesAsync(Boolean acceptAllChangesOnSuccess, CancellationToken cancellationToken)
   at VSM.Repositories.Repository`2.Add(T item) in /Users/presidio/Desktop/Genspark/MiniProject/VehicleServiceManagement/Repositories/Repository.cs:line 20
   at VSM.Services.BillService.Add(BillAddDto dto) in /Users/presidio/Desktop/Genspark/MiniProject/VehicleServiceManagement/Services/BillService.cs:line 58
   at VSM.Controllers.BillController.Add(BillAddDto dto) in /Users/presidio/Desktop/Genspark/MiniProject/VehicleServiceManagement/Controllers/BillController.cs:line 31

2025-07-02 17:56:31Z [ERROR] Error Adding bill
Microsoft.EntityFrameworkCore.DbUpdateException: An error occurred while saving the entity changes. See the inner exception for details.
 ---> Npgsql.PostgresException (0x80004005): 23505: duplicate key value violates unique constraint "IX_Bills_ServiceRecordID"

DETAIL: Detail redacted as it may contain sensitive data. Specify 'Include Error Detail' in the connection string to include this information.
   at Npgsql.Internal.NpgsqlConnector.ReadMessageLong(Boolean async, DataRowLoadingMode dataRowLoadingMode, Boolean readingNotifications, Boolean isReadingPrependedMessage)
   at System.Runtime.CompilerServices.PoolingAsyncValueTaskMethodBuilder`1.StateMachineBox`1.System.Threading.Tasks.Sources.IValueTaskSource<TResult>.GetResult(Int16 token)
   at Npgsql.NpgsqlDataReader.NextResult(Boolean async, Boolean isConsuming, CancellationToken cancellationToken)
   at Npgsql.NpgsqlDataReader.NextResult(Boolean async, Boolean isConsuming, CancellationToken cancellationToken)
   at Npgsql.NpgsqlCommand.ExecuteReader(Boolean async, CommandBehavior behavior, CancellationToken cancellationToken)
   at Npgsql.NpgsqlCommand.ExecuteReader(Boolean async, CommandBehavior behavior, CancellationToken cancellationToken)
   at Npgsql.NpgsqlCommand.ExecuteDbDataReaderAsync(CommandBehavior behavior, CancellationToken cancellationToken)
   at Microsoft.EntityFrameworkCore.Storage.RelationalCommand.ExecuteReaderAsync(RelationalCommandParameterObject parameterObject, CancellationToken cancellationToken)
   at Microsoft.EntityFrameworkCore.Storage.RelationalCommand.ExecuteReaderAsync(RelationalCommandParameterObject parameterObject, CancellationToken cancellationToken)
   at Microsoft.EntityFrameworkCore.Update.ReaderModificationCommandBatch.ExecuteAsync(IRelationalConnection connection, CancellationToken cancellationToken)
  Exception data:
    Severity: ERROR
    SqlState: 23505
    MessageText: duplicate key value violates unique constraint "IX_Bills_ServiceRecordID"
    Detail: Detail redacted as it may contain sensitive data. Specify 'Include Error Detail' in the connection string to include this information.
    SchemaName: public
    TableName: Bills
    ConstraintName: IX_Bills_ServiceRecordID
    File: nbtinsert.c
    Line: 670
    Routine: _bt_check_unique
   --- End of inner exception stack trace ---
   at Microsoft.EntityFrameworkCore.Update.ReaderModificationCommandBatch.ExecuteAsync(IRelationalConnection connection, CancellationToken cancellationToken)
   at Microsoft.EntityFrameworkCore.Update.Internal.BatchExecutor.ExecuteAsync(IEnumerable`1 commandBatches, IRelationalConnection connection, CancellationToken cancellationToken)
   at Microsoft.EntityFrameworkCore.Update.Internal.BatchExecutor.ExecuteAsync(IEnumerable`1 commandBatches, IRelationalConnection connection, CancellationToken cancellationToken)
   at Microsoft.EntityFrameworkCore.Update.Internal.BatchExecutor.ExecuteAsync(IEnumerable`1 commandBatches, IRelationalConnection connection, CancellationToken cancellationToken)
   at Microsoft.EntityFrameworkCore.Storage.RelationalDatabase.SaveChangesAsync(IList`1 entries, CancellationToken cancellationToken)
   at Microsoft.EntityFrameworkCore.ChangeTracking.Internal.StateManager.SaveChangesAsync(IList`1 entriesToSave, CancellationToken cancellationToken)
   at Microsoft.EntityFrameworkCore.ChangeTracking.Internal.StateManager.SaveChangesAsync(StateManager stateManager, Boolean acceptAllChangesOnSuccess, CancellationToken cancellationToken)
   at Npgsql.EntityFrameworkCore.PostgreSQL.Storage.Internal.NpgsqlExecutionStrategy.ExecuteAsync[TState,TResult](TState state, Func`4 operation, Func`4 verifySucceeded, CancellationToken cancellationToken)
   at Microsoft.EntityFrameworkCore.DbContext.SaveChangesAsync(Boolean acceptAllChangesOnSuccess, CancellationToken cancellationToken)
   at Microsoft.EntityFrameworkCore.DbContext.SaveChangesAsync(Boolean acceptAllChangesOnSuccess, CancellationToken cancellationToken)
   at VSM.Repositories.Repository`2.Add(T item) in /Users/presidio/Desktop/Genspark/MiniProject/VehicleServiceManagement/Repositories/Repository.cs:line 20
   at VSM.Services.BillService.Add(BillAddDto dto) in /Users/presidio/Desktop/Genspark/MiniProject/VehicleServiceManagement/Services/BillService.cs:line 58
   at VSM.Controllers.BillController.Add(BillAddDto dto) in /Users/presidio/Desktop/Genspark/MiniProject/VehicleServiceManagement/Controllers/BillController.cs:line 31

2025-07-02 17:56:33Z [ERROR] Error Adding bill
Microsoft.EntityFrameworkCore.DbUpdateException: An error occurred while saving the entity changes. See the inner exception for details.
 ---> Npgsql.PostgresException (0x80004005): 23505: duplicate key value violates unique constraint "IX_Bills_ServiceRecordID"

DETAIL: Detail redacted as it may contain sensitive data. Specify 'Include Error Detail' in the connection string to include this information.
   at Npgsql.Internal.NpgsqlConnector.ReadMessageLong(Boolean async, DataRowLoadingMode dataRowLoadingMode, Boolean readingNotifications, Boolean isReadingPrependedMessage)
   at System.Runtime.CompilerServices.PoolingAsyncValueTaskMethodBuilder`1.StateMachineBox`1.System.Threading.Tasks.Sources.IValueTaskSource<TResult>.GetResult(Int16 token)
   at Npgsql.NpgsqlDataReader.NextResult(Boolean async, Boolean isConsuming, CancellationToken cancellationToken)
   at Npgsql.NpgsqlDataReader.NextResult(Boolean async, Boolean isConsuming, CancellationToken cancellationToken)
   at Npgsql.NpgsqlCommand.ExecuteReader(Boolean async, CommandBehavior behavior, CancellationToken cancellationToken)
   at Npgsql.NpgsqlCommand.ExecuteReader(Boolean async, CommandBehavior behavior, CancellationToken cancellationToken)
   at Npgsql.NpgsqlCommand.ExecuteDbDataReaderAsync(CommandBehavior behavior, CancellationToken cancellationToken)
   at Microsoft.EntityFrameworkCore.Storage.RelationalCommand.ExecuteReaderAsync(RelationalCommandParameterObject parameterObject, CancellationToken cancellationToken)
   at Microsoft.EntityFrameworkCore.Storage.RelationalCommand.ExecuteReaderAsync(RelationalCommandParameterObject parameterObject, CancellationToken cancellationToken)
   at Microsoft.EntityFrameworkCore.Update.ReaderModificationCommandBatch.ExecuteAsync(IRelationalConnection connection, CancellationToken cancellationToken)
  Exception data:
    Severity: ERROR
    SqlState: 23505
    MessageText: duplicate key value violates unique constraint "IX_Bills_ServiceRecordID"
    Detail: Detail redacted as it may contain sensitive data. Specify 'Include Error Detail' in the connection string to include this information.
    SchemaName: public
    TableName: Bills
    ConstraintName: IX_Bills_ServiceRecordID
    File: nbtinsert.c
    Line: 670
    Routine: _bt_check_unique
   --- End of inner exception stack trace ---
   at Microsoft.EntityFrameworkCore.Update.ReaderModificationCommandBatch.ExecuteAsync(IRelationalConnection connection, CancellationToken cancellationToken)
   at Microsoft.EntityFrameworkCore.Update.Internal.BatchExecutor.ExecuteAsync(IEnumerable`1 commandBatches, IRelationalConnection connection, CancellationToken cancellationToken)
   at Microsoft.EntityFrameworkCore.Update.Internal.BatchExecutor.ExecuteAsync(IEnumerable`1 commandBatches, IRelationalConnection connection, CancellationToken cancellationToken)
   at Microsoft.EntityFrameworkCore.Update.Internal.BatchExecutor.ExecuteAsync(IEnumerable`1 commandBatches, IRelationalConnection connection, CancellationToken cancellationToken)
   at Microsoft.EntityFrameworkCore.Storage.RelationalDatabase.SaveChangesAsync(IList`1 entries, CancellationToken cancellationToken)
   at Microsoft.EntityFrameworkCore.ChangeTracking.Internal.StateManager.SaveChangesAsync(IList`1 entriesToSave, CancellationToken cancellationToken)
   at Microsoft.EntityFrameworkCore.ChangeTracking.Internal.StateManager.SaveChangesAsync(StateManager stateManager, Boolean acceptAllChangesOnSuccess, CancellationToken cancellationToken)
   at Npgsql.EntityFrameworkCore.PostgreSQL.Storage.Internal.NpgsqlExecutionStrategy.ExecuteAsync[TState,TResult](TState state, Func`4 operation, Func`4 verifySucceeded, CancellationToken cancellationToken)
   at Microsoft.EntityFrameworkCore.DbContext.SaveChangesAsync(Boolean acceptAllChangesOnSuccess, CancellationToken cancellationToken)
   at Microsoft.EntityFrameworkCore.DbContext.SaveChangesAsync(Boolean acceptAllChangesOnSuccess, CancellationToken cancellationToken)
   at VSM.Repositories.Repository`2.Add(T item) in /Users/presidio/Desktop/Genspark/MiniProject/VehicleServiceManagement/Repositories/Repository.cs:line 20
   at VSM.Services.BillService.Add(BillAddDto dto) in /Users/presidio/Desktop/Genspark/MiniProject/VehicleServiceManagement/Services/BillService.cs:line 58
   at VSM.Controllers.BillController.Add(BillAddDto dto) in /Users/presidio/Desktop/Genspark/MiniProject/VehicleServiceManagement/Controllers/BillController.cs:line 31

2025-07-02 17:56:38Z [ERROR] Error Adding bill
Microsoft.EntityFrameworkCore.DbUpdateException: An error occurred while saving the entity changes. See the inner exception for details.
 ---> Npgsql.PostgresException (0x80004005): 23505: duplicate key value violates unique constraint "IX_Bills_ServiceRecordID"

DETAIL: Detail redacted as it may contain sensitive data. Specify 'Include Error Detail' in the connection string to include this information.
   at Npgsql.Internal.NpgsqlConnector.ReadMessageLong(Boolean async, DataRowLoadingMode dataRowLoadingMode, Boolean readingNotifications, Boolean isReadingPrependedMessage)
   at System.Runtime.CompilerServices.PoolingAsyncValueTaskMethodBuilder`1.StateMachineBox`1.System.Threading.Tasks.Sources.IValueTaskSource<TResult>.GetResult(Int16 token)
   at Npgsql.NpgsqlDataReader.NextResult(Boolean async, Boolean isConsuming, CancellationToken cancellationToken)
   at Npgsql.NpgsqlDataReader.NextResult(Boolean async, Boolean isConsuming, CancellationToken cancellationToken)
   at Npgsql.NpgsqlCommand.ExecuteReader(Boolean async, CommandBehavior behavior, CancellationToken cancellationToken)
   at Npgsql.NpgsqlCommand.ExecuteReader(Boolean async, CommandBehavior behavior, CancellationToken cancellationToken)
   at Npgsql.NpgsqlCommand.ExecuteDbDataReaderAsync(CommandBehavior behavior, CancellationToken cancellationToken)
   at Microsoft.EntityFrameworkCore.Storage.RelationalCommand.ExecuteReaderAsync(RelationalCommandParameterObject parameterObject, CancellationToken cancellationToken)
   at Microsoft.EntityFrameworkCore.Storage.RelationalCommand.ExecuteReaderAsync(RelationalCommandParameterObject parameterObject, CancellationToken cancellationToken)
   at Microsoft.EntityFrameworkCore.Update.ReaderModificationCommandBatch.ExecuteAsync(IRelationalConnection connection, CancellationToken cancellationToken)
  Exception data:
    Severity: ERROR
    SqlState: 23505
    MessageText: duplicate key value violates unique constraint "IX_Bills_ServiceRecordID"
    Detail: Detail redacted as it may contain sensitive data. Specify 'Include Error Detail' in the connection string to include this information.
    SchemaName: public
    TableName: Bills
    ConstraintName: IX_Bills_ServiceRecordID
    File: nbtinsert.c
    Line: 670
    Routine: _bt_check_unique
   --- End of inner exception stack trace ---
   at Microsoft.EntityFrameworkCore.Update.ReaderModificationCommandBatch.ExecuteAsync(IRelationalConnection connection, CancellationToken cancellationToken)
   at Microsoft.EntityFrameworkCore.Update.Internal.BatchExecutor.ExecuteAsync(IEnumerable`1 commandBatches, IRelationalConnection connection, CancellationToken cancellationToken)
   at Microsoft.EntityFrameworkCore.Update.Internal.BatchExecutor.ExecuteAsync(IEnumerable`1 commandBatches, IRelationalConnection connection, CancellationToken cancellationToken)
   at Microsoft.EntityFrameworkCore.Update.Internal.BatchExecutor.ExecuteAsync(IEnumerable`1 commandBatches, IRelationalConnection connection, CancellationToken cancellationToken)
   at Microsoft.EntityFrameworkCore.Storage.RelationalDatabase.SaveChangesAsync(IList`1 entries, CancellationToken cancellationToken)
   at Microsoft.EntityFrameworkCore.ChangeTracking.Internal.StateManager.SaveChangesAsync(IList`1 entriesToSave, CancellationToken cancellationToken)
   at Microsoft.EntityFrameworkCore.ChangeTracking.Internal.StateManager.SaveChangesAsync(StateManager stateManager, Boolean acceptAllChangesOnSuccess, CancellationToken cancellationToken)
   at Npgsql.EntityFrameworkCore.PostgreSQL.Storage.Internal.NpgsqlExecutionStrategy.ExecuteAsync[TState,TResult](TState state, Func`4 operation, Func`4 verifySucceeded, CancellationToken cancellationToken)
   at Microsoft.EntityFrameworkCore.DbContext.SaveChangesAsync(Boolean acceptAllChangesOnSuccess, CancellationToken cancellationToken)
   at Microsoft.EntityFrameworkCore.DbContext.SaveChangesAsync(Boolean acceptAllChangesOnSuccess, CancellationToken cancellationToken)
   at VSM.Repositories.Repository`2.Add(T item) in /Users/presidio/Desktop/Genspark/MiniProject/VehicleServiceManagement/Repositories/Repository.cs:line 20
   at VSM.Services.BillService.Add(BillAddDto dto) in /Users/presidio/Desktop/Genspark/MiniProject/VehicleServiceManagement/Services/BillService.cs:line 58
   at VSM.Controllers.BillController.Add(BillAddDto dto) in /Users/presidio/Desktop/Genspark/MiniProject/VehicleServiceManagement/Controllers/BillController.cs:line 31

2025-07-02 17:56:42Z [ERROR] Error Adding bill
Microsoft.EntityFrameworkCore.DbUpdateException: An error occurred while saving the entity changes. See the inner exception for details.
 ---> Npgsql.PostgresException (0x80004005): 23505: duplicate key value violates unique constraint "IX_Bills_ServiceRecordID"

DETAIL: Detail redacted as it may contain sensitive data. Specify 'Include Error Detail' in the connection string to include this information.
   at Npgsql.Internal.NpgsqlConnector.ReadMessageLong(Boolean async, DataRowLoadingMode dataRowLoadingMode, Boolean readingNotifications, Boolean isReadingPrependedMessage)
   at System.Runtime.CompilerServices.PoolingAsyncValueTaskMethodBuilder`1.StateMachineBox`1.System.Threading.Tasks.Sources.IValueTaskSource<TResult>.GetResult(Int16 token)
   at Npgsql.NpgsqlDataReader.NextResult(Boolean async, Boolean isConsuming, CancellationToken cancellationToken)
   at Npgsql.NpgsqlDataReader.NextResult(Boolean async, Boolean isConsuming, CancellationToken cancellationToken)
   at Npgsql.NpgsqlCommand.ExecuteReader(Boolean async, CommandBehavior behavior, CancellationToken cancellationToken)
   at Npgsql.NpgsqlCommand.ExecuteReader(Boolean async, CommandBehavior behavior, CancellationToken cancellationToken)
   at Npgsql.NpgsqlCommand.ExecuteDbDataReaderAsync(CommandBehavior behavior, CancellationToken cancellationToken)
   at Microsoft.EntityFrameworkCore.Storage.RelationalCommand.ExecuteReaderAsync(RelationalCommandParameterObject parameterObject, CancellationToken cancellationToken)
   at Microsoft.EntityFrameworkCore.Storage.RelationalCommand.ExecuteReaderAsync(RelationalCommandParameterObject parameterObject, CancellationToken cancellationToken)
   at Microsoft.EntityFrameworkCore.Update.ReaderModificationCommandBatch.ExecuteAsync(IRelationalConnection connection, CancellationToken cancellationToken)
  Exception data:
    Severity: ERROR
    SqlState: 23505
    MessageText: duplicate key value violates unique constraint "IX_Bills_ServiceRecordID"
    Detail: Detail redacted as it may contain sensitive data. Specify 'Include Error Detail' in the connection string to include this information.
    SchemaName: public
    TableName: Bills
    ConstraintName: IX_Bills_ServiceRecordID
    File: nbtinsert.c
    Line: 670
    Routine: _bt_check_unique
   --- End of inner exception stack trace ---
   at Microsoft.EntityFrameworkCore.Update.ReaderModificationCommandBatch.ExecuteAsync(IRelationalConnection connection, CancellationToken cancellationToken)
   at Microsoft.EntityFrameworkCore.Update.Internal.BatchExecutor.ExecuteAsync(IEnumerable`1 commandBatches, IRelationalConnection connection, CancellationToken cancellationToken)
   at Microsoft.EntityFrameworkCore.Update.Internal.BatchExecutor.ExecuteAsync(IEnumerable`1 commandBatches, IRelationalConnection connection, CancellationToken cancellationToken)
   at Microsoft.EntityFrameworkCore.Update.Internal.BatchExecutor.ExecuteAsync(IEnumerable`1 commandBatches, IRelationalConnection connection, CancellationToken cancellationToken)
   at Microsoft.EntityFrameworkCore.Storage.RelationalDatabase.SaveChangesAsync(IList`1 entries, CancellationToken cancellationToken)
   at Microsoft.EntityFrameworkCore.ChangeTracking.Internal.StateManager.SaveChangesAsync(IList`1 entriesToSave, CancellationToken cancellationToken)
   at Microsoft.EntityFrameworkCore.ChangeTracking.Internal.StateManager.SaveChangesAsync(StateManager stateManager, Boolean acceptAllChangesOnSuccess, CancellationToken cancellationToken)
   at Npgsql.EntityFrameworkCore.PostgreSQL.Storage.Internal.NpgsqlExecutionStrategy.ExecuteAsync[TState,TResult](TState state, Func`4 operation, Func`4 verifySucceeded, CancellationToken cancellationToken)
   at Microsoft.EntityFrameworkCore.DbContext.SaveChangesAsync(Boolean acceptAllChangesOnSuccess, CancellationToken cancellationToken)
   at Microsoft.EntityFrameworkCore.DbContext.SaveChangesAsync(Boolean acceptAllChangesOnSuccess, CancellationToken cancellationToken)
   at VSM.Repositories.Repository`2.Add(T item) in /Users/presidio/Desktop/Genspark/MiniProject/VehicleServiceManagement/Repositories/Repository.cs:line 20
   at VSM.Services.BillService.Add(BillAddDto dto) in /Users/presidio/Desktop/Genspark/MiniProject/VehicleServiceManagement/Services/BillService.cs:line 58
   at VSM.Controllers.BillController.Add(BillAddDto dto) in /Users/presidio/Desktop/Genspark/MiniProject/VehicleServiceManagement/Controllers/BillController.cs:line 31

2025-07-02 17:56:42Z [ERROR] Error Adding bill
Microsoft.EntityFrameworkCore.DbUpdateException: An error occurred while saving the entity changes. See the inner exception for details.
 ---> Npgsql.PostgresException (0x80004005): 23505: duplicate key value violates unique constraint "IX_Bills_ServiceRecordID"

DETAIL: Detail redacted as it may contain sensitive data. Specify 'Include Error Detail' in the connection string to include this information.
   at Npgsql.Internal.NpgsqlConnector.ReadMessageLong(Boolean async, DataRowLoadingMode dataRowLoadingMode, Boolean readingNotifications, Boolean isReadingPrependedMessage)
   at System.Runtime.CompilerServices.PoolingAsyncValueTaskMethodBuilder`1.StateMachineBox`1.System.Threading.Tasks.Sources.IValueTaskSource<TResult>.GetResult(Int16 token)
   at Npgsql.NpgsqlDataReader.NextResult(Boolean async, Boolean isConsuming, CancellationToken cancellationToken)
   at Npgsql.NpgsqlDataReader.NextResult(Boolean async, Boolean isConsuming, CancellationToken cancellationToken)
   at Npgsql.NpgsqlCommand.ExecuteReader(Boolean async, CommandBehavior behavior, CancellationToken cancellationToken)
   at Npgsql.NpgsqlCommand.ExecuteReader(Boolean async, CommandBehavior behavior, CancellationToken cancellationToken)
   at Npgsql.NpgsqlCommand.ExecuteDbDataReaderAsync(CommandBehavior behavior, CancellationToken cancellationToken)
   at Microsoft.EntityFrameworkCore.Storage.RelationalCommand.ExecuteReaderAsync(RelationalCommandParameterObject parameterObject, CancellationToken cancellationToken)
   at Microsoft.EntityFrameworkCore.Storage.RelationalCommand.ExecuteReaderAsync(RelationalCommandParameterObject parameterObject, CancellationToken cancellationToken)
   at Microsoft.EntityFrameworkCore.Update.ReaderModificationCommandBatch.ExecuteAsync(IRelationalConnection connection, CancellationToken cancellationToken)
  Exception data:
    Severity: ERROR
    SqlState: 23505
    MessageText: duplicate key value violates unique constraint "IX_Bills_ServiceRecordID"
    Detail: Detail redacted as it may contain sensitive data. Specify 'Include Error Detail' in the connection string to include this information.
    SchemaName: public
    TableName: Bills
    ConstraintName: IX_Bills_ServiceRecordID
    File: nbtinsert.c
    Line: 670
    Routine: _bt_check_unique
   --- End of inner exception stack trace ---
   at Microsoft.EntityFrameworkCore.Update.ReaderModificationCommandBatch.ExecuteAsync(IRelationalConnection connection, CancellationToken cancellationToken)
   at Microsoft.EntityFrameworkCore.Update.Internal.BatchExecutor.ExecuteAsync(IEnumerable`1 commandBatches, IRelationalConnection connection, CancellationToken cancellationToken)
   at Microsoft.EntityFrameworkCore.Update.Internal.BatchExecutor.ExecuteAsync(IEnumerable`1 commandBatches, IRelationalConnection connection, CancellationToken cancellationToken)
   at Microsoft.EntityFrameworkCore.Update.Internal.BatchExecutor.ExecuteAsync(IEnumerable`1 commandBatches, IRelationalConnection connection, CancellationToken cancellationToken)
   at Microsoft.EntityFrameworkCore.Storage.RelationalDatabase.SaveChangesAsync(IList`1 entries, CancellationToken cancellationToken)
   at Microsoft.EntityFrameworkCore.ChangeTracking.Internal.StateManager.SaveChangesAsync(IList`1 entriesToSave, CancellationToken cancellationToken)
   at Microsoft.EntityFrameworkCore.ChangeTracking.Internal.StateManager.SaveChangesAsync(StateManager stateManager, Boolean acceptAllChangesOnSuccess, CancellationToken cancellationToken)
   at Npgsql.EntityFrameworkCore.PostgreSQL.Storage.Internal.NpgsqlExecutionStrategy.ExecuteAsync[TState,TResult](TState state, Func`4 operation, Func`4 verifySucceeded, CancellationToken cancellationToken)
   at Microsoft.EntityFrameworkCore.DbContext.SaveChangesAsync(Boolean acceptAllChangesOnSuccess, CancellationToken cancellationToken)
   at Microsoft.EntityFrameworkCore.DbContext.SaveChangesAsync(Boolean acceptAllChangesOnSuccess, CancellationToken cancellationToken)
   at VSM.Repositories.Repository`2.Add(T item) in /Users/presidio/Desktop/Genspark/MiniProject/VehicleServiceManagement/Repositories/Repository.cs:line 20
   at VSM.Services.BillService.Add(BillAddDto dto) in /Users/presidio/Desktop/Genspark/MiniProject/VehicleServiceManagement/Services/BillService.cs:line 58
   at VSM.Controllers.BillController.Add(BillAddDto dto) in /Users/presidio/Desktop/Genspark/MiniProject/VehicleServiceManagement/Controllers/BillController.cs:line 31

2025-07-02 17:56:44Z [ERROR] Error Adding bill
Microsoft.EntityFrameworkCore.DbUpdateException: An error occurred while saving the entity changes. See the inner exception for details.
 ---> Npgsql.PostgresException (0x80004005): 23505: duplicate key value violates unique constraint "IX_Bills_ServiceRecordID"

DETAIL: Detail redacted as it may contain sensitive data. Specify 'Include Error Detail' in the connection string to include this information.
   at Npgsql.Internal.NpgsqlConnector.ReadMessageLong(Boolean async, DataRowLoadingMode dataRowLoadingMode, Boolean readingNotifications, Boolean isReadingPrependedMessage)
   at System.Runtime.CompilerServices.PoolingAsyncValueTaskMethodBuilder`1.StateMachineBox`1.System.Threading.Tasks.Sources.IValueTaskSource<TResult>.GetResult(Int16 token)
   at Npgsql.NpgsqlDataReader.NextResult(Boolean async, Boolean isConsuming, CancellationToken cancellationToken)
   at Npgsql.NpgsqlDataReader.NextResult(Boolean async, Boolean isConsuming, CancellationToken cancellationToken)
   at Npgsql.NpgsqlCommand.ExecuteReader(Boolean async, CommandBehavior behavior, CancellationToken cancellationToken)
   at Npgsql.NpgsqlCommand.ExecuteReader(Boolean async, CommandBehavior behavior, CancellationToken cancellationToken)
   at Npgsql.NpgsqlCommand.ExecuteDbDataReaderAsync(CommandBehavior behavior, CancellationToken cancellationToken)
   at Microsoft.EntityFrameworkCore.Storage.RelationalCommand.ExecuteReaderAsync(RelationalCommandParameterObject parameterObject, CancellationToken cancellationToken)
   at Microsoft.EntityFrameworkCore.Storage.RelationalCommand.ExecuteReaderAsync(RelationalCommandParameterObject parameterObject, CancellationToken cancellationToken)
   at Microsoft.EntityFrameworkCore.Update.ReaderModificationCommandBatch.ExecuteAsync(IRelationalConnection connection, CancellationToken cancellationToken)
  Exception data:
    Severity: ERROR
    SqlState: 23505
    MessageText: duplicate key value violates unique constraint "IX_Bills_ServiceRecordID"
    Detail: Detail redacted as it may contain sensitive data. Specify 'Include Error Detail' in the connection string to include this information.
    SchemaName: public
    TableName: Bills
    ConstraintName: IX_Bills_ServiceRecordID
    File: nbtinsert.c
    Line: 670
    Routine: _bt_check_unique
   --- End of inner exception stack trace ---
   at Microsoft.EntityFrameworkCore.Update.ReaderModificationCommandBatch.ExecuteAsync(IRelationalConnection connection, CancellationToken cancellationToken)
   at Microsoft.EntityFrameworkCore.Update.Internal.BatchExecutor.ExecuteAsync(IEnumerable`1 commandBatches, IRelationalConnection connection, CancellationToken cancellationToken)
   at Microsoft.EntityFrameworkCore.Update.Internal.BatchExecutor.ExecuteAsync(IEnumerable`1 commandBatches, IRelationalConnection connection, CancellationToken cancellationToken)
   at Microsoft.EntityFrameworkCore.Update.Internal.BatchExecutor.ExecuteAsync(IEnumerable`1 commandBatches, IRelationalConnection connection, CancellationToken cancellationToken)
   at Microsoft.EntityFrameworkCore.Storage.RelationalDatabase.SaveChangesAsync(IList`1 entries, CancellationToken cancellationToken)
   at Microsoft.EntityFrameworkCore.ChangeTracking.Internal.StateManager.SaveChangesAsync(IList`1 entriesToSave, CancellationToken cancellationToken)
   at Microsoft.EntityFrameworkCore.ChangeTracking.Internal.StateManager.SaveChangesAsync(StateManager stateManager, Boolean acceptAllChangesOnSuccess, CancellationToken cancellationToken)
   at Npgsql.EntityFrameworkCore.PostgreSQL.Storage.Internal.NpgsqlExecutionStrategy.ExecuteAsync[TState,TResult](TState state, Func`4 operation, Func`4 verifySucceeded, CancellationToken cancellationToken)
   at Microsoft.EntityFrameworkCore.DbContext.SaveChangesAsync(Boolean acceptAllChangesOnSuccess, CancellationToken cancellationToken)
   at Microsoft.EntityFrameworkCore.DbContext.SaveChangesAsync(Boolean acceptAllChangesOnSuccess, CancellationToken cancellationToken)
   at VSM.Repositories.Repository`2.Add(T item) in /Users/presidio/Desktop/Genspark/MiniProject/VehicleServiceManagement/Repositories/Repository.cs:line 20
   at VSM.Services.BillService.Add(BillAddDto dto) in /Users/presidio/Desktop/Genspark/MiniProject/VehicleServiceManagement/Services/BillService.cs:line 58
   at VSM.Controllers.BillController.Add(BillAddDto dto) in /Users/presidio/Desktop/Genspark/MiniProject/VehicleServiceManagement/Controllers/BillController.cs:line 31

2025-07-02 17:56:46Z [ERROR] Error Adding bill
Microsoft.EntityFrameworkCore.DbUpdateException: An error occurred while saving the entity changes. See the inner exception for details.
 ---> Npgsql.PostgresException (0x80004005): 23505: duplicate key value violates unique constraint "IX_Bills_ServiceRecordID"

DETAIL: Detail redacted as it may contain sensitive data. Specify 'Include Error Detail' in the connection string to include this information.
   at Npgsql.Internal.NpgsqlConnector.ReadMessageLong(Boolean async, DataRowLoadingMode dataRowLoadingMode, Boolean readingNotifications, Boolean isReadingPrependedMessage)
   at System.Runtime.CompilerServices.PoolingAsyncValueTaskMethodBuilder`1.StateMachineBox`1.System.Threading.Tasks.Sources.IValueTaskSource<TResult>.GetResult(Int16 token)
   at Npgsql.NpgsqlDataReader.NextResult(Boolean async, Boolean isConsuming, CancellationToken cancellationToken)
   at Npgsql.NpgsqlDataReader.NextResult(Boolean async, Boolean isConsuming, CancellationToken cancellationToken)
   at Npgsql.NpgsqlCommand.ExecuteReader(Boolean async, CommandBehavior behavior, CancellationToken cancellationToken)
   at Npgsql.NpgsqlCommand.ExecuteReader(Boolean async, CommandBehavior behavior, CancellationToken cancellationToken)
   at Npgsql.NpgsqlCommand.ExecuteDbDataReaderAsync(CommandBehavior behavior, CancellationToken cancellationToken)
   at Microsoft.EntityFrameworkCore.Storage.RelationalCommand.ExecuteReaderAsync(RelationalCommandParameterObject parameterObject, CancellationToken cancellationToken)
   at Microsoft.EntityFrameworkCore.Storage.RelationalCommand.ExecuteReaderAsync(RelationalCommandParameterObject parameterObject, CancellationToken cancellationToken)
   at Microsoft.EntityFrameworkCore.Update.ReaderModificationCommandBatch.ExecuteAsync(IRelationalConnection connection, CancellationToken cancellationToken)
  Exception data:
    Severity: ERROR
    SqlState: 23505
    MessageText: duplicate key value violates unique constraint "IX_Bills_ServiceRecordID"
    Detail: Detail redacted as it may contain sensitive data. Specify 'Include Error Detail' in the connection string to include this information.
    SchemaName: public
    TableName: Bills
    ConstraintName: IX_Bills_ServiceRecordID
    File: nbtinsert.c
    Line: 670
    Routine: _bt_check_unique
   --- End of inner exception stack trace ---
   at Microsoft.EntityFrameworkCore.Update.ReaderModificationCommandBatch.ExecuteAsync(IRelationalConnection connection, CancellationToken cancellationToken)
   at Microsoft.EntityFrameworkCore.Update.Internal.BatchExecutor.ExecuteAsync(IEnumerable`1 commandBatches, IRelationalConnection connection, CancellationToken cancellationToken)
   at Microsoft.EntityFrameworkCore.Update.Internal.BatchExecutor.ExecuteAsync(IEnumerable`1 commandBatches, IRelationalConnection connection, CancellationToken cancellationToken)
   at Microsoft.EntityFrameworkCore.Update.Internal.BatchExecutor.ExecuteAsync(IEnumerable`1 commandBatches, IRelationalConnection connection, CancellationToken cancellationToken)
   at Microsoft.EntityFrameworkCore.Storage.RelationalDatabase.SaveChangesAsync(IList`1 entries, CancellationToken cancellationToken)
   at Microsoft.EntityFrameworkCore.ChangeTracking.Internal.StateManager.SaveChangesAsync(IList`1 entriesToSave, CancellationToken cancellationToken)
   at Microsoft.EntityFrameworkCore.ChangeTracking.Internal.StateManager.SaveChangesAsync(StateManager stateManager, Boolean acceptAllChangesOnSuccess, CancellationToken cancellationToken)
   at Npgsql.EntityFrameworkCore.PostgreSQL.Storage.Internal.NpgsqlExecutionStrategy.ExecuteAsync[TState,TResult](TState state, Func`4 operation, Func`4 verifySucceeded, CancellationToken cancellationToken)
   at Microsoft.EntityFrameworkCore.DbContext.SaveChangesAsync(Boolean acceptAllChangesOnSuccess, CancellationToken cancellationToken)
   at Microsoft.EntityFrameworkCore.DbContext.SaveChangesAsync(Boolean acceptAllChangesOnSuccess, CancellationToken cancellationToken)
   at VSM.Repositories.Repository`2.Add(T item) in /Users/presidio/Desktop/Genspark/MiniProject/VehicleServiceManagement/Repositories/Repository.cs:line 20
   at VSM.Services.BillService.Add(BillAddDto dto) in /Users/presidio/Desktop/Genspark/MiniProject/VehicleServiceManagement/Services/BillService.cs:line 58
   at VSM.Controllers.BillController.Add(BillAddDto dto) in /Users/presidio/Desktop/Genspark/MiniProject/VehicleServiceManagement/Controllers/BillController.cs:line 31

2025-07-02 17:58:53Z [ERROR] Error Adding bill
Microsoft.EntityFrameworkCore.DbUpdateException: An error occurred while saving the entity changes. See the inner exception for details.
 ---> Npgsql.PostgresException (0x80004005): 23505: duplicate key value violates unique constraint "IX_Bills_ServiceRecordID"

DETAIL: Detail redacted as it may contain sensitive data. Specify 'Include Error Detail' in the connection string to include this information.
   at Npgsql.Internal.NpgsqlConnector.ReadMessageLong(Boolean async, DataRowLoadingMode dataRowLoadingMode, Boolean readingNotifications, Boolean isReadingPrependedMessage)
   at System.Runtime.CompilerServices.PoolingAsyncValueTaskMethodBuilder`1.StateMachineBox`1.System.Threading.Tasks.Sources.IValueTaskSource<TResult>.GetResult(Int16 token)
   at Npgsql.NpgsqlDataReader.NextResult(Boolean async, Boolean isConsuming, CancellationToken cancellationToken)
   at Npgsql.NpgsqlDataReader.NextResult(Boolean async, Boolean isConsuming, CancellationToken cancellationToken)
   at Npgsql.NpgsqlCommand.ExecuteReader(Boolean async, CommandBehavior behavior, CancellationToken cancellationToken)
   at Npgsql.NpgsqlCommand.ExecuteReader(Boolean async, CommandBehavior behavior, CancellationToken cancellationToken)
   at Npgsql.NpgsqlCommand.ExecuteDbDataReaderAsync(CommandBehavior behavior, CancellationToken cancellationToken)
   at Microsoft.EntityFrameworkCore.Storage.RelationalCommand.ExecuteReaderAsync(RelationalCommandParameterObject parameterObject, CancellationToken cancellationToken)
   at Microsoft.EntityFrameworkCore.Storage.RelationalCommand.ExecuteReaderAsync(RelationalCommandParameterObject parameterObject, CancellationToken cancellationToken)
   at Microsoft.EntityFrameworkCore.Update.ReaderModificationCommandBatch.ExecuteAsync(IRelationalConnection connection, CancellationToken cancellationToken)
  Exception data:
    Severity: ERROR
    SqlState: 23505
    MessageText: duplicate key value violates unique constraint "IX_Bills_ServiceRecordID"
    Detail: Detail redacted as it may contain sensitive data. Specify 'Include Error Detail' in the connection string to include this information.
    SchemaName: public
    TableName: Bills
    ConstraintName: IX_Bills_ServiceRecordID
    File: nbtinsert.c
    Line: 670
    Routine: _bt_check_unique
   --- End of inner exception stack trace ---
   at Microsoft.EntityFrameworkCore.Update.ReaderModificationCommandBatch.ExecuteAsync(IRelationalConnection connection, CancellationToken cancellationToken)
   at Microsoft.EntityFrameworkCore.Update.Internal.BatchExecutor.ExecuteAsync(IEnumerable`1 commandBatches, IRelationalConnection connection, CancellationToken cancellationToken)
   at Microsoft.EntityFrameworkCore.Update.Internal.BatchExecutor.ExecuteAsync(IEnumerable`1 commandBatches, IRelationalConnection connection, CancellationToken cancellationToken)
   at Microsoft.EntityFrameworkCore.Update.Internal.BatchExecutor.ExecuteAsync(IEnumerable`1 commandBatches, IRelationalConnection connection, CancellationToken cancellationToken)
   at Microsoft.EntityFrameworkCore.Storage.RelationalDatabase.SaveChangesAsync(IList`1 entries, CancellationToken cancellationToken)
   at Microsoft.EntityFrameworkCore.ChangeTracking.Internal.StateManager.SaveChangesAsync(IList`1 entriesToSave, CancellationToken cancellationToken)
   at Microsoft.EntityFrameworkCore.ChangeTracking.Internal.StateManager.SaveChangesAsync(StateManager stateManager, Boolean acceptAllChangesOnSuccess, CancellationToken cancellationToken)
   at Npgsql.EntityFrameworkCore.PostgreSQL.Storage.Internal.NpgsqlExecutionStrategy.ExecuteAsync[TState,TResult](TState state, Func`4 operation, Func`4 verifySucceeded, CancellationToken cancellationToken)
   at Microsoft.EntityFrameworkCore.DbContext.SaveChangesAsync(Boolean acceptAllChangesOnSuccess, CancellationToken cancellationToken)
   at Microsoft.EntityFrameworkCore.DbContext.SaveChangesAsync(Boolean acceptAllChangesOnSuccess, CancellationToken cancellationToken)
   at VSM.Repositories.Repository`2.Add(T item) in /Users/presidio/Desktop/Genspark/MiniProject/VehicleServiceManagement/Repositories/Repository.cs:line 20
   at VSM.Services.BillService.Add(BillAddDto dto) in /Users/presidio/Desktop/Genspark/MiniProject/VehicleServiceManagement/Services/BillService.cs:line 58
   at VSM.Controllers.BillController.Add(BillAddDto dto) in /Users/presidio/Desktop/Genspark/MiniProject/VehicleServiceManagement/Controllers/BillController.cs:line 31

2025-07-02 17:58:56Z [ERROR] Error Adding bill
Microsoft.EntityFrameworkCore.DbUpdateException: An error occurred while saving the entity changes. See the inner exception for details.
 ---> Npgsql.PostgresException (0x80004005): 23505: duplicate key value violates unique constraint "IX_Bills_ServiceRecordID"

DETAIL: Detail redacted as it may contain sensitive data. Specify 'Include Error Detail' in the connection string to include this information.
   at Npgsql.Internal.NpgsqlConnector.ReadMessageLong(Boolean async, DataRowLoadingMode dataRowLoadingMode, Boolean readingNotifications, Boolean isReadingPrependedMessage)
   at System.Runtime.CompilerServices.PoolingAsyncValueTaskMethodBuilder`1.StateMachineBox`1.System.Threading.Tasks.Sources.IValueTaskSource<TResult>.GetResult(Int16 token)
   at Npgsql.NpgsqlDataReader.NextResult(Boolean async, Boolean isConsuming, CancellationToken cancellationToken)
   at Npgsql.NpgsqlDataReader.NextResult(Boolean async, Boolean isConsuming, CancellationToken cancellationToken)
   at Npgsql.NpgsqlCommand.ExecuteReader(Boolean async, CommandBehavior behavior, CancellationToken cancellationToken)
   at Npgsql.NpgsqlCommand.ExecuteReader(Boolean async, CommandBehavior behavior, CancellationToken cancellationToken)
   at Npgsql.NpgsqlCommand.ExecuteDbDataReaderAsync(CommandBehavior behavior, CancellationToken cancellationToken)
   at Microsoft.EntityFrameworkCore.Storage.RelationalCommand.ExecuteReaderAsync(RelationalCommandParameterObject parameterObject, CancellationToken cancellationToken)
   at Microsoft.EntityFrameworkCore.Storage.RelationalCommand.ExecuteReaderAsync(RelationalCommandParameterObject parameterObject, CancellationToken cancellationToken)
   at Microsoft.EntityFrameworkCore.Update.ReaderModificationCommandBatch.ExecuteAsync(IRelationalConnection connection, CancellationToken cancellationToken)
  Exception data:
    Severity: ERROR
    SqlState: 23505
    MessageText: duplicate key value violates unique constraint "IX_Bills_ServiceRecordID"
    Detail: Detail redacted as it may contain sensitive data. Specify 'Include Error Detail' in the connection string to include this information.
    SchemaName: public
    TableName: Bills
    ConstraintName: IX_Bills_ServiceRecordID
    File: nbtinsert.c
    Line: 670
    Routine: _bt_check_unique
   --- End of inner exception stack trace ---
   at Microsoft.EntityFrameworkCore.Update.ReaderModificationCommandBatch.ExecuteAsync(IRelationalConnection connection, CancellationToken cancellationToken)
   at Microsoft.EntityFrameworkCore.Update.Internal.BatchExecutor.ExecuteAsync(IEnumerable`1 commandBatches, IRelationalConnection connection, CancellationToken cancellationToken)
   at Microsoft.EntityFrameworkCore.Update.Internal.BatchExecutor.ExecuteAsync(IEnumerable`1 commandBatches, IRelationalConnection connection, CancellationToken cancellationToken)
   at Microsoft.EntityFrameworkCore.Update.Internal.BatchExecutor.ExecuteAsync(IEnumerable`1 commandBatches, IRelationalConnection connection, CancellationToken cancellationToken)
   at Microsoft.EntityFrameworkCore.Storage.RelationalDatabase.SaveChangesAsync(IList`1 entries, CancellationToken cancellationToken)
   at Microsoft.EntityFrameworkCore.ChangeTracking.Internal.StateManager.SaveChangesAsync(IList`1 entriesToSave, CancellationToken cancellationToken)
   at Microsoft.EntityFrameworkCore.ChangeTracking.Internal.StateManager.SaveChangesAsync(StateManager stateManager, Boolean acceptAllChangesOnSuccess, CancellationToken cancellationToken)
   at Npgsql.EntityFrameworkCore.PostgreSQL.Storage.Internal.NpgsqlExecutionStrategy.ExecuteAsync[TState,TResult](TState state, Func`4 operation, Func`4 verifySucceeded, CancellationToken cancellationToken)
   at Microsoft.EntityFrameworkCore.DbContext.SaveChangesAsync(Boolean acceptAllChangesOnSuccess, CancellationToken cancellationToken)
   at Microsoft.EntityFrameworkCore.DbContext.SaveChangesAsync(Boolean acceptAllChangesOnSuccess, CancellationToken cancellationToken)
   at VSM.Repositories.Repository`2.Add(T item) in /Users/presidio/Desktop/Genspark/MiniProject/VehicleServiceManagement/Repositories/Repository.cs:line 20
   at VSM.Services.BillService.Add(BillAddDto dto) in /Users/presidio/Desktop/Genspark/MiniProject/VehicleServiceManagement/Services/BillService.cs:line 58
   at VSM.Controllers.BillController.Add(BillAddDto dto) in /Users/presidio/Desktop/Genspark/MiniProject/VehicleServiceManagement/Controllers/BillController.cs:line 31

2025-07-02 17:58:57Z [ERROR] Error Adding bill
Microsoft.EntityFrameworkCore.DbUpdateException: An error occurred while saving the entity changes. See the inner exception for details.
 ---> Npgsql.PostgresException (0x80004005): 23505: duplicate key value violates unique constraint "IX_Bills_ServiceRecordID"

DETAIL: Detail redacted as it may contain sensitive data. Specify 'Include Error Detail' in the connection string to include this information.
   at Npgsql.Internal.NpgsqlConnector.ReadMessageLong(Boolean async, DataRowLoadingMode dataRowLoadingMode, Boolean readingNotifications, Boolean isReadingPrependedMessage)
   at System.Runtime.CompilerServices.PoolingAsyncValueTaskMethodBuilder`1.StateMachineBox`1.System.Threading.Tasks.Sources.IValueTaskSource<TResult>.GetResult(Int16 token)
   at Npgsql.NpgsqlDataReader.NextResult(Boolean async, Boolean isConsuming, CancellationToken cancellationToken)
   at Npgsql.NpgsqlDataReader.NextResult(Boolean async, Boolean isConsuming, CancellationToken cancellationToken)
   at Npgsql.NpgsqlCommand.ExecuteReader(Boolean async, CommandBehavior behavior, CancellationToken cancellationToken)
   at Npgsql.NpgsqlCommand.ExecuteReader(Boolean async, CommandBehavior behavior, CancellationToken cancellationToken)
   at Npgsql.NpgsqlCommand.ExecuteDbDataReaderAsync(CommandBehavior behavior, CancellationToken cancellationToken)
   at Microsoft.EntityFrameworkCore.Storage.RelationalCommand.ExecuteReaderAsync(RelationalCommandParameterObject parameterObject, CancellationToken cancellationToken)
   at Microsoft.EntityFrameworkCore.Storage.RelationalCommand.ExecuteReaderAsync(RelationalCommandParameterObject parameterObject, CancellationToken cancellationToken)
   at Microsoft.EntityFrameworkCore.Update.ReaderModificationCommandBatch.ExecuteAsync(IRelationalConnection connection, CancellationToken cancellationToken)
  Exception data:
    Severity: ERROR
    SqlState: 23505
    MessageText: duplicate key value violates unique constraint "IX_Bills_ServiceRecordID"
    Detail: Detail redacted as it may contain sensitive data. Specify 'Include Error Detail' in the connection string to include this information.
    SchemaName: public
    TableName: Bills
    ConstraintName: IX_Bills_ServiceRecordID
    File: nbtinsert.c
    Line: 670
    Routine: _bt_check_unique
   --- End of inner exception stack trace ---
   at Microsoft.EntityFrameworkCore.Update.ReaderModificationCommandBatch.ExecuteAsync(IRelationalConnection connection, CancellationToken cancellationToken)
   at Microsoft.EntityFrameworkCore.Update.Internal.BatchExecutor.ExecuteAsync(IEnumerable`1 commandBatches, IRelationalConnection connection, CancellationToken cancellationToken)
   at Microsoft.EntityFrameworkCore.Update.Internal.BatchExecutor.ExecuteAsync(IEnumerable`1 commandBatches, IRelationalConnection connection, CancellationToken cancellationToken)
   at Microsoft.EntityFrameworkCore.Update.Internal.BatchExecutor.ExecuteAsync(IEnumerable`1 commandBatches, IRelationalConnection connection, CancellationToken cancellationToken)
   at Microsoft.EntityFrameworkCore.Storage.RelationalDatabase.SaveChangesAsync(IList`1 entries, CancellationToken cancellationToken)
   at Microsoft.EntityFrameworkCore.ChangeTracking.Internal.StateManager.SaveChangesAsync(IList`1 entriesToSave, CancellationToken cancellationToken)
   at Microsoft.EntityFrameworkCore.ChangeTracking.Internal.StateManager.SaveChangesAsync(StateManager stateManager, Boolean acceptAllChangesOnSuccess, CancellationToken cancellationToken)
   at Npgsql.EntityFrameworkCore.PostgreSQL.Storage.Internal.NpgsqlExecutionStrategy.ExecuteAsync[TState,TResult](TState state, Func`4 operation, Func`4 verifySucceeded, CancellationToken cancellationToken)
   at Microsoft.EntityFrameworkCore.DbContext.SaveChangesAsync(Boolean acceptAllChangesOnSuccess, CancellationToken cancellationToken)
   at Microsoft.EntityFrameworkCore.DbContext.SaveChangesAsync(Boolean acceptAllChangesOnSuccess, CancellationToken cancellationToken)
   at VSM.Repositories.Repository`2.Add(T item) in /Users/presidio/Desktop/Genspark/MiniProject/VehicleServiceManagement/Repositories/Repository.cs:line 20
   at VSM.Services.BillService.Add(BillAddDto dto) in /Users/presidio/Desktop/Genspark/MiniProject/VehicleServiceManagement/Services/BillService.cs:line 58
   at VSM.Controllers.BillController.Add(BillAddDto dto) in /Users/presidio/Desktop/Genspark/MiniProject/VehicleServiceManagement/Controllers/BillController.cs:line 31

2025-07-02 17:58:58Z [ERROR] Error Adding bill
Microsoft.EntityFrameworkCore.DbUpdateException: An error occurred while saving the entity changes. See the inner exception for details.
 ---> Npgsql.PostgresException (0x80004005): 23505: duplicate key value violates unique constraint "IX_Bills_ServiceRecordID"

DETAIL: Detail redacted as it may contain sensitive data. Specify 'Include Error Detail' in the connection string to include this information.
   at Npgsql.Internal.NpgsqlConnector.ReadMessageLong(Boolean async, DataRowLoadingMode dataRowLoadingMode, Boolean readingNotifications, Boolean isReadingPrependedMessage)
   at System.Runtime.CompilerServices.PoolingAsyncValueTaskMethodBuilder`1.StateMachineBox`1.System.Threading.Tasks.Sources.IValueTaskSource<TResult>.GetResult(Int16 token)
   at Npgsql.NpgsqlDataReader.NextResult(Boolean async, Boolean isConsuming, CancellationToken cancellationToken)
   at Npgsql.NpgsqlDataReader.NextResult(Boolean async, Boolean isConsuming, CancellationToken cancellationToken)
   at Npgsql.NpgsqlCommand.ExecuteReader(Boolean async, CommandBehavior behavior, CancellationToken cancellationToken)
   at Npgsql.NpgsqlCommand.ExecuteReader(Boolean async, CommandBehavior behavior, CancellationToken cancellationToken)
   at Npgsql.NpgsqlCommand.ExecuteDbDataReaderAsync(CommandBehavior behavior, CancellationToken cancellationToken)
   at Microsoft.EntityFrameworkCore.Storage.RelationalCommand.ExecuteReaderAsync(RelationalCommandParameterObject parameterObject, CancellationToken cancellationToken)
   at Microsoft.EntityFrameworkCore.Storage.RelationalCommand.ExecuteReaderAsync(RelationalCommandParameterObject parameterObject, CancellationToken cancellationToken)
   at Microsoft.EntityFrameworkCore.Update.ReaderModificationCommandBatch.ExecuteAsync(IRelationalConnection connection, CancellationToken cancellationToken)
  Exception data:
    Severity: ERROR
    SqlState: 23505
    MessageText: duplicate key value violates unique constraint "IX_Bills_ServiceRecordID"
    Detail: Detail redacted as it may contain sensitive data. Specify 'Include Error Detail' in the connection string to include this information.
    SchemaName: public
    TableName: Bills
    ConstraintName: IX_Bills_ServiceRecordID
    File: nbtinsert.c
    Line: 670
    Routine: _bt_check_unique
   --- End of inner exception stack trace ---
   at Microsoft.EntityFrameworkCore.Update.ReaderModificationCommandBatch.ExecuteAsync(IRelationalConnection connection, CancellationToken cancellationToken)
   at Microsoft.EntityFrameworkCore.Update.Internal.BatchExecutor.ExecuteAsync(IEnumerable`1 commandBatches, IRelationalConnection connection, CancellationToken cancellationToken)
   at Microsoft.EntityFrameworkCore.Update.Internal.BatchExecutor.ExecuteAsync(IEnumerable`1 commandBatches, IRelationalConnection connection, CancellationToken cancellationToken)
   at Microsoft.EntityFrameworkCore.Update.Internal.BatchExecutor.ExecuteAsync(IEnumerable`1 commandBatches, IRelationalConnection connection, CancellationToken cancellationToken)
   at Microsoft.EntityFrameworkCore.Storage.RelationalDatabase.SaveChangesAsync(IList`1 entries, CancellationToken cancellationToken)
   at Microsoft.EntityFrameworkCore.ChangeTracking.Internal.StateManager.SaveChangesAsync(IList`1 entriesToSave, CancellationToken cancellationToken)
   at Microsoft.EntityFrameworkCore.ChangeTracking.Internal.StateManager.SaveChangesAsync(StateManager stateManager, Boolean acceptAllChangesOnSuccess, CancellationToken cancellationToken)
   at Npgsql.EntityFrameworkCore.PostgreSQL.Storage.Internal.NpgsqlExecutionStrategy.ExecuteAsync[TState,TResult](TState state, Func`4 operation, Func`4 verifySucceeded, CancellationToken cancellationToken)
   at Microsoft.EntityFrameworkCore.DbContext.SaveChangesAsync(Boolean acceptAllChangesOnSuccess, CancellationToken cancellationToken)
   at Microsoft.EntityFrameworkCore.DbContext.SaveChangesAsync(Boolean acceptAllChangesOnSuccess, CancellationToken cancellationToken)
   at VSM.Repositories.Repository`2.Add(T item) in /Users/presidio/Desktop/Genspark/MiniProject/VehicleServiceManagement/Repositories/Repository.cs:line 20
   at VSM.Services.BillService.Add(BillAddDto dto) in /Users/presidio/Desktop/Genspark/MiniProject/VehicleServiceManagement/Services/BillService.cs:line 58
   at VSM.Controllers.BillController.Add(BillAddDto dto) in /Users/presidio/Desktop/Genspark/MiniProject/VehicleServiceManagement/Controllers/BillController.cs:line 31

2025-07-02 17:59:00Z [ERROR] Error Adding bill
Microsoft.EntityFrameworkCore.DbUpdateException: An error occurred while saving the entity changes. See the inner exception for details.
 ---> Npgsql.PostgresException (0x80004005): 23505: duplicate key value violates unique constraint "IX_Bills_ServiceRecordID"

DETAIL: Detail redacted as it may contain sensitive data. Specify 'Include Error Detail' in the connection string to include this information.
   at Npgsql.Internal.NpgsqlConnector.ReadMessageLong(Boolean async, DataRowLoadingMode dataRowLoadingMode, Boolean readingNotifications, Boolean isReadingPrependedMessage)
   at System.Runtime.CompilerServices.PoolingAsyncValueTaskMethodBuilder`1.StateMachineBox`1.System.Threading.Tasks.Sources.IValueTaskSource<TResult>.GetResult(Int16 token)
   at Npgsql.NpgsqlDataReader.NextResult(Boolean async, Boolean isConsuming, CancellationToken cancellationToken)
   at Npgsql.NpgsqlDataReader.NextResult(Boolean async, Boolean isConsuming, CancellationToken cancellationToken)
   at Npgsql.NpgsqlCommand.ExecuteReader(Boolean async, CommandBehavior behavior, CancellationToken cancellationToken)
   at Npgsql.NpgsqlCommand.ExecuteReader(Boolean async, CommandBehavior behavior, CancellationToken cancellationToken)
   at Npgsql.NpgsqlCommand.ExecuteDbDataReaderAsync(CommandBehavior behavior, CancellationToken cancellationToken)
   at Microsoft.EntityFrameworkCore.Storage.RelationalCommand.ExecuteReaderAsync(RelationalCommandParameterObject parameterObject, CancellationToken cancellationToken)
   at Microsoft.EntityFrameworkCore.Storage.RelationalCommand.ExecuteReaderAsync(RelationalCommandParameterObject parameterObject, CancellationToken cancellationToken)
   at Microsoft.EntityFrameworkCore.Update.ReaderModificationCommandBatch.ExecuteAsync(IRelationalConnection connection, CancellationToken cancellationToken)
  Exception data:
    Severity: ERROR
    SqlState: 23505
    MessageText: duplicate key value violates unique constraint "IX_Bills_ServiceRecordID"
    Detail: Detail redacted as it may contain sensitive data. Specify 'Include Error Detail' in the connection string to include this information.
    SchemaName: public
    TableName: Bills
    ConstraintName: IX_Bills_ServiceRecordID
    File: nbtinsert.c
    Line: 670
    Routine: _bt_check_unique
   --- End of inner exception stack trace ---
   at Microsoft.EntityFrameworkCore.Update.ReaderModificationCommandBatch.ExecuteAsync(IRelationalConnection connection, CancellationToken cancellationToken)
   at Microsoft.EntityFrameworkCore.Update.Internal.BatchExecutor.ExecuteAsync(IEnumerable`1 commandBatches, IRelationalConnection connection, CancellationToken cancellationToken)
   at Microsoft.EntityFrameworkCore.Update.Internal.BatchExecutor.ExecuteAsync(IEnumerable`1 commandBatches, IRelationalConnection connection, CancellationToken cancellationToken)
   at Microsoft.EntityFrameworkCore.Update.Internal.BatchExecutor.ExecuteAsync(IEnumerable`1 commandBatches, IRelationalConnection connection, CancellationToken cancellationToken)
   at Microsoft.EntityFrameworkCore.Storage.RelationalDatabase.SaveChangesAsync(IList`1 entries, CancellationToken cancellationToken)
   at Microsoft.EntityFrameworkCore.ChangeTracking.Internal.StateManager.SaveChangesAsync(IList`1 entriesToSave, CancellationToken cancellationToken)
   at Microsoft.EntityFrameworkCore.ChangeTracking.Internal.StateManager.SaveChangesAsync(StateManager stateManager, Boolean acceptAllChangesOnSuccess, CancellationToken cancellationToken)
   at Npgsql.EntityFrameworkCore.PostgreSQL.Storage.Internal.NpgsqlExecutionStrategy.ExecuteAsync[TState,TResult](TState state, Func`4 operation, Func`4 verifySucceeded, CancellationToken cancellationToken)
   at Microsoft.EntityFrameworkCore.DbContext.SaveChangesAsync(Boolean acceptAllChangesOnSuccess, CancellationToken cancellationToken)
   at Microsoft.EntityFrameworkCore.DbContext.SaveChangesAsync(Boolean acceptAllChangesOnSuccess, CancellationToken cancellationToken)
   at VSM.Repositories.Repository`2.Add(T item) in /Users/presidio/Desktop/Genspark/MiniProject/VehicleServiceManagement/Repositories/Repository.cs:line 20
   at VSM.Services.BillService.Add(BillAddDto dto) in /Users/presidio/Desktop/Genspark/MiniProject/VehicleServiceManagement/Services/BillService.cs:line 58
   at VSM.Controllers.BillController.Add(BillAddDto dto) in /Users/presidio/Desktop/Genspark/MiniProject/VehicleServiceManagement/Controllers/BillController.cs:line 31

2025-07-02 17:59:04Z [ERROR] Error Adding bill
Microsoft.EntityFrameworkCore.DbUpdateException: An error occurred while saving the entity changes. See the inner exception for details.
 ---> Npgsql.PostgresException (0x80004005): 23505: duplicate key value violates unique constraint "IX_Bills_ServiceRecordID"

DETAIL: Detail redacted as it may contain sensitive data. Specify 'Include Error Detail' in the connection string to include this information.
   at Npgsql.Internal.NpgsqlConnector.ReadMessageLong(Boolean async, DataRowLoadingMode dataRowLoadingMode, Boolean readingNotifications, Boolean isReadingPrependedMessage)
   at System.Runtime.CompilerServices.PoolingAsyncValueTaskMethodBuilder`1.StateMachineBox`1.System.Threading.Tasks.Sources.IValueTaskSource<TResult>.GetResult(Int16 token)
   at Npgsql.NpgsqlDataReader.NextResult(Boolean async, Boolean isConsuming, CancellationToken cancellationToken)
   at Npgsql.NpgsqlDataReader.NextResult(Boolean async, Boolean isConsuming, CancellationToken cancellationToken)
   at Npgsql.NpgsqlCommand.ExecuteReader(Boolean async, CommandBehavior behavior, CancellationToken cancellationToken)
   at Npgsql.NpgsqlCommand.ExecuteReader(Boolean async, CommandBehavior behavior, CancellationToken cancellationToken)
   at Npgsql.NpgsqlCommand.ExecuteDbDataReaderAsync(CommandBehavior behavior, CancellationToken cancellationToken)
   at Microsoft.EntityFrameworkCore.Storage.RelationalCommand.ExecuteReaderAsync(RelationalCommandParameterObject parameterObject, CancellationToken cancellationToken)
   at Microsoft.EntityFrameworkCore.Storage.RelationalCommand.ExecuteReaderAsync(RelationalCommandParameterObject parameterObject, CancellationToken cancellationToken)
   at Microsoft.EntityFrameworkCore.Update.ReaderModificationCommandBatch.ExecuteAsync(IRelationalConnection connection, CancellationToken cancellationToken)
  Exception data:
    Severity: ERROR
    SqlState: 23505
    MessageText: duplicate key value violates unique constraint "IX_Bills_ServiceRecordID"
    Detail: Detail redacted as it may contain sensitive data. Specify 'Include Error Detail' in the connection string to include this information.
    SchemaName: public
    TableName: Bills
    ConstraintName: IX_Bills_ServiceRecordID
    File: nbtinsert.c
    Line: 670
    Routine: _bt_check_unique
   --- End of inner exception stack trace ---
   at Microsoft.EntityFrameworkCore.Update.ReaderModificationCommandBatch.ExecuteAsync(IRelationalConnection connection, CancellationToken cancellationToken)
   at Microsoft.EntityFrameworkCore.Update.Internal.BatchExecutor.ExecuteAsync(IEnumerable`1 commandBatches, IRelationalConnection connection, CancellationToken cancellationToken)
   at Microsoft.EntityFrameworkCore.Update.Internal.BatchExecutor.ExecuteAsync(IEnumerable`1 commandBatches, IRelationalConnection connection, CancellationToken cancellationToken)
   at Microsoft.EntityFrameworkCore.Update.Internal.BatchExecutor.ExecuteAsync(IEnumerable`1 commandBatches, IRelationalConnection connection, CancellationToken cancellationToken)
   at Microsoft.EntityFrameworkCore.Storage.RelationalDatabase.SaveChangesAsync(IList`1 entries, CancellationToken cancellationToken)
   at Microsoft.EntityFrameworkCore.ChangeTracking.Internal.StateManager.SaveChangesAsync(IList`1 entriesToSave, CancellationToken cancellationToken)
   at Microsoft.EntityFrameworkCore.ChangeTracking.Internal.StateManager.SaveChangesAsync(StateManager stateManager, Boolean acceptAllChangesOnSuccess, CancellationToken cancellationToken)
   at Npgsql.EntityFrameworkCore.PostgreSQL.Storage.Internal.NpgsqlExecutionStrategy.ExecuteAsync[TState,TResult](TState state, Func`4 operation, Func`4 verifySucceeded, CancellationToken cancellationToken)
   at Microsoft.EntityFrameworkCore.DbContext.SaveChangesAsync(Boolean acceptAllChangesOnSuccess, CancellationToken cancellationToken)
   at Microsoft.EntityFrameworkCore.DbContext.SaveChangesAsync(Boolean acceptAllChangesOnSuccess, CancellationToken cancellationToken)
   at VSM.Repositories.Repository`2.Add(T item) in /Users/presidio/Desktop/Genspark/MiniProject/VehicleServiceManagement/Repositories/Repository.cs:line 20
   at VSM.Services.BillService.Add(BillAddDto dto) in /Users/presidio/Desktop/Genspark/MiniProject/VehicleServiceManagement/Services/BillService.cs:line 58
   at VSM.Controllers.BillController.Add(BillAddDto dto) in /Users/presidio/Desktop/Genspark/MiniProject/VehicleServiceManagement/Controllers/BillController.cs:line 31

2025-07-02 17:59:06Z [ERROR] Error Adding bill
Microsoft.EntityFrameworkCore.DbUpdateException: An error occurred while saving the entity changes. See the inner exception for details.
 ---> Npgsql.PostgresException (0x80004005): 23505: duplicate key value violates unique constraint "IX_Bills_ServiceRecordID"

DETAIL: Detail redacted as it may contain sensitive data. Specify 'Include Error Detail' in the connection string to include this information.
   at Npgsql.Internal.NpgsqlConnector.ReadMessageLong(Boolean async, DataRowLoadingMode dataRowLoadingMode, Boolean readingNotifications, Boolean isReadingPrependedMessage)
   at System.Runtime.CompilerServices.PoolingAsyncValueTaskMethodBuilder`1.StateMachineBox`1.System.Threading.Tasks.Sources.IValueTaskSource<TResult>.GetResult(Int16 token)
   at Npgsql.NpgsqlDataReader.NextResult(Boolean async, Boolean isConsuming, CancellationToken cancellationToken)
   at Npgsql.NpgsqlDataReader.NextResult(Boolean async, Boolean isConsuming, CancellationToken cancellationToken)
   at Npgsql.NpgsqlCommand.ExecuteReader(Boolean async, CommandBehavior behavior, CancellationToken cancellationToken)
   at Npgsql.NpgsqlCommand.ExecuteReader(Boolean async, CommandBehavior behavior, CancellationToken cancellationToken)
   at Npgsql.NpgsqlCommand.ExecuteDbDataReaderAsync(CommandBehavior behavior, CancellationToken cancellationToken)
   at Microsoft.EntityFrameworkCore.Storage.RelationalCommand.ExecuteReaderAsync(RelationalCommandParameterObject parameterObject, CancellationToken cancellationToken)
   at Microsoft.EntityFrameworkCore.Storage.RelationalCommand.ExecuteReaderAsync(RelationalCommandParameterObject parameterObject, CancellationToken cancellationToken)
   at Microsoft.EntityFrameworkCore.Update.ReaderModificationCommandBatch.ExecuteAsync(IRelationalConnection connection, CancellationToken cancellationToken)
  Exception data:
    Severity: ERROR
    SqlState: 23505
    MessageText: duplicate key value violates unique constraint "IX_Bills_ServiceRecordID"
    Detail: Detail redacted as it may contain sensitive data. Specify 'Include Error Detail' in the connection string to include this information.
    SchemaName: public
    TableName: Bills
    ConstraintName: IX_Bills_ServiceRecordID
    File: nbtinsert.c
    Line: 670
    Routine: _bt_check_unique
   --- End of inner exception stack trace ---
   at Microsoft.EntityFrameworkCore.Update.ReaderModificationCommandBatch.ExecuteAsync(IRelationalConnection connection, CancellationToken cancellationToken)
   at Microsoft.EntityFrameworkCore.Update.Internal.BatchExecutor.ExecuteAsync(IEnumerable`1 commandBatches, IRelationalConnection connection, CancellationToken cancellationToken)
   at Microsoft.EntityFrameworkCore.Update.Internal.BatchExecutor.ExecuteAsync(IEnumerable`1 commandBatches, IRelationalConnection connection, CancellationToken cancellationToken)
   at Microsoft.EntityFrameworkCore.Update.Internal.BatchExecutor.ExecuteAsync(IEnumerable`1 commandBatches, IRelationalConnection connection, CancellationToken cancellationToken)
   at Microsoft.EntityFrameworkCore.Storage.RelationalDatabase.SaveChangesAsync(IList`1 entries, CancellationToken cancellationToken)
   at Microsoft.EntityFrameworkCore.ChangeTracking.Internal.StateManager.SaveChangesAsync(IList`1 entriesToSave, CancellationToken cancellationToken)
   at Microsoft.EntityFrameworkCore.ChangeTracking.Internal.StateManager.SaveChangesAsync(StateManager stateManager, Boolean acceptAllChangesOnSuccess, CancellationToken cancellationToken)
   at Npgsql.EntityFrameworkCore.PostgreSQL.Storage.Internal.NpgsqlExecutionStrategy.ExecuteAsync[TState,TResult](TState state, Func`4 operation, Func`4 verifySucceeded, CancellationToken cancellationToken)
   at Microsoft.EntityFrameworkCore.DbContext.SaveChangesAsync(Boolean acceptAllChangesOnSuccess, CancellationToken cancellationToken)
   at Microsoft.EntityFrameworkCore.DbContext.SaveChangesAsync(Boolean acceptAllChangesOnSuccess, CancellationToken cancellationToken)
   at VSM.Repositories.Repository`2.Add(T item) in /Users/presidio/Desktop/Genspark/MiniProject/VehicleServiceManagement/Repositories/Repository.cs:line 20
   at VSM.Services.BillService.Add(BillAddDto dto) in /Users/presidio/Desktop/Genspark/MiniProject/VehicleServiceManagement/Services/BillService.cs:line 58
   at VSM.Controllers.BillController.Add(BillAddDto dto) in /Users/presidio/Desktop/Genspark/MiniProject/VehicleServiceManagement/Controllers/BillController.cs:line 31

2025-07-02 17:59:10Z [ERROR] Error Adding bill
Microsoft.EntityFrameworkCore.DbUpdateException: An error occurred while saving the entity changes. See the inner exception for details.
 ---> Npgsql.PostgresException (0x80004005): 23505: duplicate key value violates unique constraint "IX_Bills_ServiceRecordID"

DETAIL: Detail redacted as it may contain sensitive data. Specify 'Include Error Detail' in the connection string to include this information.
   at Npgsql.Internal.NpgsqlConnector.ReadMessageLong(Boolean async, DataRowLoadingMode dataRowLoadingMode, Boolean readingNotifications, Boolean isReadingPrependedMessage)
   at System.Runtime.CompilerServices.PoolingAsyncValueTaskMethodBuilder`1.StateMachineBox`1.System.Threading.Tasks.Sources.IValueTaskSource<TResult>.GetResult(Int16 token)
   at Npgsql.NpgsqlDataReader.NextResult(Boolean async, Boolean isConsuming, CancellationToken cancellationToken)
   at Npgsql.NpgsqlDataReader.NextResult(Boolean async, Boolean isConsuming, CancellationToken cancellationToken)
   at Npgsql.NpgsqlCommand.ExecuteReader(Boolean async, CommandBehavior behavior, CancellationToken cancellationToken)
   at Npgsql.NpgsqlCommand.ExecuteReader(Boolean async, CommandBehavior behavior, CancellationToken cancellationToken)
   at Npgsql.NpgsqlCommand.ExecuteDbDataReaderAsync(CommandBehavior behavior, CancellationToken cancellationToken)
   at Microsoft.EntityFrameworkCore.Storage.RelationalCommand.ExecuteReaderAsync(RelationalCommandParameterObject parameterObject, CancellationToken cancellationToken)
   at Microsoft.EntityFrameworkCore.Storage.RelationalCommand.ExecuteReaderAsync(RelationalCommandParameterObject parameterObject, CancellationToken cancellationToken)
   at Microsoft.EntityFrameworkCore.Update.ReaderModificationCommandBatch.ExecuteAsync(IRelationalConnection connection, CancellationToken cancellationToken)
  Exception data:
    Severity: ERROR
    SqlState: 23505
    MessageText: duplicate key value violates unique constraint "IX_Bills_ServiceRecordID"
    Detail: Detail redacted as it may contain sensitive data. Specify 'Include Error Detail' in the connection string to include this information.
    SchemaName: public
    TableName: Bills
    ConstraintName: IX_Bills_ServiceRecordID
    File: nbtinsert.c
    Line: 670
    Routine: _bt_check_unique
   --- End of inner exception stack trace ---
   at Microsoft.EntityFrameworkCore.Update.ReaderModificationCommandBatch.ExecuteAsync(IRelationalConnection connection, CancellationToken cancellationToken)
   at Microsoft.EntityFrameworkCore.Update.Internal.BatchExecutor.ExecuteAsync(IEnumerable`1 commandBatches, IRelationalConnection connection, CancellationToken cancellationToken)
   at Microsoft.EntityFrameworkCore.Update.Internal.BatchExecutor.ExecuteAsync(IEnumerable`1 commandBatches, IRelationalConnection connection, CancellationToken cancellationToken)
   at Microsoft.EntityFrameworkCore.Update.Internal.BatchExecutor.ExecuteAsync(IEnumerable`1 commandBatches, IRelationalConnection connection, CancellationToken cancellationToken)
   at Microsoft.EntityFrameworkCore.Storage.RelationalDatabase.SaveChangesAsync(IList`1 entries, CancellationToken cancellationToken)
   at Microsoft.EntityFrameworkCore.ChangeTracking.Internal.StateManager.SaveChangesAsync(IList`1 entriesToSave, CancellationToken cancellationToken)
   at Microsoft.EntityFrameworkCore.ChangeTracking.Internal.StateManager.SaveChangesAsync(StateManager stateManager, Boolean acceptAllChangesOnSuccess, CancellationToken cancellationToken)
   at Npgsql.EntityFrameworkCore.PostgreSQL.Storage.Internal.NpgsqlExecutionStrategy.ExecuteAsync[TState,TResult](TState state, Func`4 operation, Func`4 verifySucceeded, CancellationToken cancellationToken)
   at Microsoft.EntityFrameworkCore.DbContext.SaveChangesAsync(Boolean acceptAllChangesOnSuccess, CancellationToken cancellationToken)
   at Microsoft.EntityFrameworkCore.DbContext.SaveChangesAsync(Boolean acceptAllChangesOnSuccess, CancellationToken cancellationToken)
   at VSM.Repositories.Repository`2.Add(T item) in /Users/presidio/Desktop/Genspark/MiniProject/VehicleServiceManagement/Repositories/Repository.cs:line 20
   at VSM.Services.BillService.Add(BillAddDto dto) in /Users/presidio/Desktop/Genspark/MiniProject/VehicleServiceManagement/Services/BillService.cs:line 58
   at VSM.Controllers.BillController.Add(BillAddDto dto) in /Users/presidio/Desktop/Genspark/MiniProject/VehicleServiceManagement/Controllers/BillController.cs:line 31

2025-07-02 17:59:11Z [ERROR] Error Adding bill
Microsoft.EntityFrameworkCore.DbUpdateException: An error occurred while saving the entity changes. See the inner exception for details.
 ---> Npgsql.PostgresException (0x80004005): 23505: duplicate key value violates unique constraint "IX_Bills_ServiceRecordID"

DETAIL: Detail redacted as it may contain sensitive data. Specify 'Include Error Detail' in the connection string to include this information.
   at Npgsql.Internal.NpgsqlConnector.ReadMessageLong(Boolean async, DataRowLoadingMode dataRowLoadingMode, Boolean readingNotifications, Boolean isReadingPrependedMessage)
   at System.Runtime.CompilerServices.PoolingAsyncValueTaskMethodBuilder`1.StateMachineBox`1.System.Threading.Tasks.Sources.IValueTaskSource<TResult>.GetResult(Int16 token)
   at Npgsql.NpgsqlDataReader.NextResult(Boolean async, Boolean isConsuming, CancellationToken cancellationToken)
   at Npgsql.NpgsqlDataReader.NextResult(Boolean async, Boolean isConsuming, CancellationToken cancellationToken)
   at Npgsql.NpgsqlCommand.ExecuteReader(Boolean async, CommandBehavior behavior, CancellationToken cancellationToken)
   at Npgsql.NpgsqlCommand.ExecuteReader(Boolean async, CommandBehavior behavior, CancellationToken cancellationToken)
   at Npgsql.NpgsqlCommand.ExecuteDbDataReaderAsync(CommandBehavior behavior, CancellationToken cancellationToken)
   at Microsoft.EntityFrameworkCore.Storage.RelationalCommand.ExecuteReaderAsync(RelationalCommandParameterObject parameterObject, CancellationToken cancellationToken)
   at Microsoft.EntityFrameworkCore.Storage.RelationalCommand.ExecuteReaderAsync(RelationalCommandParameterObject parameterObject, CancellationToken cancellationToken)
   at Microsoft.EntityFrameworkCore.Update.ReaderModificationCommandBatch.ExecuteAsync(IRelationalConnection connection, CancellationToken cancellationToken)
  Exception data:
    Severity: ERROR
    SqlState: 23505
    MessageText: duplicate key value violates unique constraint "IX_Bills_ServiceRecordID"
    Detail: Detail redacted as it may contain sensitive data. Specify 'Include Error Detail' in the connection string to include this information.
    SchemaName: public
    TableName: Bills
    ConstraintName: IX_Bills_ServiceRecordID
    File: nbtinsert.c
    Line: 670
    Routine: _bt_check_unique
   --- End of inner exception stack trace ---
   at Microsoft.EntityFrameworkCore.Update.ReaderModificationCommandBatch.ExecuteAsync(IRelationalConnection connection, CancellationToken cancellationToken)
   at Microsoft.EntityFrameworkCore.Update.Internal.BatchExecutor.ExecuteAsync(IEnumerable`1 commandBatches, IRelationalConnection connection, CancellationToken cancellationToken)
   at Microsoft.EntityFrameworkCore.Update.Internal.BatchExecutor.ExecuteAsync(IEnumerable`1 commandBatches, IRelationalConnection connection, CancellationToken cancellationToken)
   at Microsoft.EntityFrameworkCore.Update.Internal.BatchExecutor.ExecuteAsync(IEnumerable`1 commandBatches, IRelationalConnection connection, CancellationToken cancellationToken)
   at Microsoft.EntityFrameworkCore.Storage.RelationalDatabase.SaveChangesAsync(IList`1 entries, CancellationToken cancellationToken)
   at Microsoft.EntityFrameworkCore.ChangeTracking.Internal.StateManager.SaveChangesAsync(IList`1 entriesToSave, CancellationToken cancellationToken)
   at Microsoft.EntityFrameworkCore.ChangeTracking.Internal.StateManager.SaveChangesAsync(StateManager stateManager, Boolean acceptAllChangesOnSuccess, CancellationToken cancellationToken)
   at Npgsql.EntityFrameworkCore.PostgreSQL.Storage.Internal.NpgsqlExecutionStrategy.ExecuteAsync[TState,TResult](TState state, Func`4 operation, Func`4 verifySucceeded, CancellationToken cancellationToken)
   at Microsoft.EntityFrameworkCore.DbContext.SaveChangesAsync(Boolean acceptAllChangesOnSuccess, CancellationToken cancellationToken)
   at Microsoft.EntityFrameworkCore.DbContext.SaveChangesAsync(Boolean acceptAllChangesOnSuccess, CancellationToken cancellationToken)
   at VSM.Repositories.Repository`2.Add(T item) in /Users/presidio/Desktop/Genspark/MiniProject/VehicleServiceManagement/Repositories/Repository.cs:line 20
   at VSM.Services.BillService.Add(BillAddDto dto) in /Users/presidio/Desktop/Genspark/MiniProject/VehicleServiceManagement/Services/BillService.cs:line 58
   at VSM.Controllers.BillController.Add(BillAddDto dto) in /Users/presidio/Desktop/Genspark/MiniProject/VehicleServiceManagement/Controllers/BillController.cs:line 31

2025-07-02 17:59:12Z [ERROR] Error Adding bill
Microsoft.EntityFrameworkCore.DbUpdateException: An error occurred while saving the entity changes. See the inner exception for details.
 ---> Npgsql.PostgresException (0x80004005): 23505: duplicate key value violates unique constraint "IX_Bills_ServiceRecordID"

DETAIL: Detail redacted as it may contain sensitive data. Specify 'Include Error Detail' in the connection string to include this information.
   at Npgsql.Internal.NpgsqlConnector.ReadMessageLong(Boolean async, DataRowLoadingMode dataRowLoadingMode, Boolean readingNotifications, Boolean isReadingPrependedMessage)
   at System.Runtime.CompilerServices.PoolingAsyncValueTaskMethodBuilder`1.StateMachineBox`1.System.Threading.Tasks.Sources.IValueTaskSource<TResult>.GetResult(Int16 token)
   at Npgsql.NpgsqlDataReader.NextResult(Boolean async, Boolean isConsuming, CancellationToken cancellationToken)
   at Npgsql.NpgsqlDataReader.NextResult(Boolean async, Boolean isConsuming, CancellationToken cancellationToken)
   at Npgsql.NpgsqlCommand.ExecuteReader(Boolean async, CommandBehavior behavior, CancellationToken cancellationToken)
   at Npgsql.NpgsqlCommand.ExecuteReader(Boolean async, CommandBehavior behavior, CancellationToken cancellationToken)
   at Npgsql.NpgsqlCommand.ExecuteDbDataReaderAsync(CommandBehavior behavior, CancellationToken cancellationToken)
   at Microsoft.EntityFrameworkCore.Storage.RelationalCommand.ExecuteReaderAsync(RelationalCommandParameterObject parameterObject, CancellationToken cancellationToken)
   at Microsoft.EntityFrameworkCore.Storage.RelationalCommand.ExecuteReaderAsync(RelationalCommandParameterObject parameterObject, CancellationToken cancellationToken)
   at Microsoft.EntityFrameworkCore.Update.ReaderModificationCommandBatch.ExecuteAsync(IRelationalConnection connection, CancellationToken cancellationToken)
  Exception data:
    Severity: ERROR
    SqlState: 23505
    MessageText: duplicate key value violates unique constraint "IX_Bills_ServiceRecordID"
    Detail: Detail redacted as it may contain sensitive data. Specify 'Include Error Detail' in the connection string to include this information.
    SchemaName: public
    TableName: Bills
    ConstraintName: IX_Bills_ServiceRecordID
    File: nbtinsert.c
    Line: 670
    Routine: _bt_check_unique
   --- End of inner exception stack trace ---
   at Microsoft.EntityFrameworkCore.Update.ReaderModificationCommandBatch.ExecuteAsync(IRelationalConnection connection, CancellationToken cancellationToken)
   at Microsoft.EntityFrameworkCore.Update.Internal.BatchExecutor.ExecuteAsync(IEnumerable`1 commandBatches, IRelationalConnection connection, CancellationToken cancellationToken)
   at Microsoft.EntityFrameworkCore.Update.Internal.BatchExecutor.ExecuteAsync(IEnumerable`1 commandBatches, IRelationalConnection connection, CancellationToken cancellationToken)
   at Microsoft.EntityFrameworkCore.Update.Internal.BatchExecutor.ExecuteAsync(IEnumerable`1 commandBatches, IRelationalConnection connection, CancellationToken cancellationToken)
   at Microsoft.EntityFrameworkCore.Storage.RelationalDatabase.SaveChangesAsync(IList`1 entries, CancellationToken cancellationToken)
   at Microsoft.EntityFrameworkCore.ChangeTracking.Internal.StateManager.SaveChangesAsync(IList`1 entriesToSave, CancellationToken cancellationToken)
   at Microsoft.EntityFrameworkCore.ChangeTracking.Internal.StateManager.SaveChangesAsync(StateManager stateManager, Boolean acceptAllChangesOnSuccess, CancellationToken cancellationToken)
   at Npgsql.EntityFrameworkCore.PostgreSQL.Storage.Internal.NpgsqlExecutionStrategy.ExecuteAsync[TState,TResult](TState state, Func`4 operation, Func`4 verifySucceeded, CancellationToken cancellationToken)
   at Microsoft.EntityFrameworkCore.DbContext.SaveChangesAsync(Boolean acceptAllChangesOnSuccess, CancellationToken cancellationToken)
   at Microsoft.EntityFrameworkCore.DbContext.SaveChangesAsync(Boolean acceptAllChangesOnSuccess, CancellationToken cancellationToken)
   at VSM.Repositories.Repository`2.Add(T item) in /Users/presidio/Desktop/Genspark/MiniProject/VehicleServiceManagement/Repositories/Repository.cs:line 20
   at VSM.Services.BillService.Add(BillAddDto dto) in /Users/presidio/Desktop/Genspark/MiniProject/VehicleServiceManagement/Services/BillService.cs:line 58
   at VSM.Controllers.BillController.Add(BillAddDto dto) in /Users/presidio/Desktop/Genspark/MiniProject/VehicleServiceManagement/Controllers/BillController.cs:line 31

2025-07-02 17:59:13Z [ERROR] Error Adding bill
Microsoft.EntityFrameworkCore.DbUpdateException: An error occurred while saving the entity changes. See the inner exception for details.
 ---> Npgsql.PostgresException (0x80004005): 23505: duplicate key value violates unique constraint "IX_Bills_ServiceRecordID"

DETAIL: Detail redacted as it may contain sensitive data. Specify 'Include Error Detail' in the connection string to include this information.
   at Npgsql.Internal.NpgsqlConnector.ReadMessageLong(Boolean async, DataRowLoadingMode dataRowLoadingMode, Boolean readingNotifications, Boolean isReadingPrependedMessage)
   at System.Runtime.CompilerServices.PoolingAsyncValueTaskMethodBuilder`1.StateMachineBox`1.System.Threading.Tasks.Sources.IValueTaskSource<TResult>.GetResult(Int16 token)
   at Npgsql.NpgsqlDataReader.NextResult(Boolean async, Boolean isConsuming, CancellationToken cancellationToken)
   at Npgsql.NpgsqlDataReader.NextResult(Boolean async, Boolean isConsuming, CancellationToken cancellationToken)
   at Npgsql.NpgsqlCommand.ExecuteReader(Boolean async, CommandBehavior behavior, CancellationToken cancellationToken)
   at Npgsql.NpgsqlCommand.ExecuteReader(Boolean async, CommandBehavior behavior, CancellationToken cancellationToken)
   at Npgsql.NpgsqlCommand.ExecuteDbDataReaderAsync(CommandBehavior behavior, CancellationToken cancellationToken)
   at Microsoft.EntityFrameworkCore.Storage.RelationalCommand.ExecuteReaderAsync(RelationalCommandParameterObject parameterObject, CancellationToken cancellationToken)
   at Microsoft.EntityFrameworkCore.Storage.RelationalCommand.ExecuteReaderAsync(RelationalCommandParameterObject parameterObject, CancellationToken cancellationToken)
   at Microsoft.EntityFrameworkCore.Update.ReaderModificationCommandBatch.ExecuteAsync(IRelationalConnection connection, CancellationToken cancellationToken)
  Exception data:
    Severity: ERROR
    SqlState: 23505
    MessageText: duplicate key value violates unique constraint "IX_Bills_ServiceRecordID"
    Detail: Detail redacted as it may contain sensitive data. Specify 'Include Error Detail' in the connection string to include this information.
    SchemaName: public
    TableName: Bills
    ConstraintName: IX_Bills_ServiceRecordID
    File: nbtinsert.c
    Line: 670
    Routine: _bt_check_unique
   --- End of inner exception stack trace ---
   at Microsoft.EntityFrameworkCore.Update.ReaderModificationCommandBatch.ExecuteAsync(IRelationalConnection connection, CancellationToken cancellationToken)
   at Microsoft.EntityFrameworkCore.Update.Internal.BatchExecutor.ExecuteAsync(IEnumerable`1 commandBatches, IRelationalConnection connection, CancellationToken cancellationToken)
   at Microsoft.EntityFrameworkCore.Update.Internal.BatchExecutor.ExecuteAsync(IEnumerable`1 commandBatches, IRelationalConnection connection, CancellationToken cancellationToken)
   at Microsoft.EntityFrameworkCore.Update.Internal.BatchExecutor.ExecuteAsync(IEnumerable`1 commandBatches, IRelationalConnection connection, CancellationToken cancellationToken)
   at Microsoft.EntityFrameworkCore.Storage.RelationalDatabase.SaveChangesAsync(IList`1 entries, CancellationToken cancellationToken)
   at Microsoft.EntityFrameworkCore.ChangeTracking.Internal.StateManager.SaveChangesAsync(IList`1 entriesToSave, CancellationToken cancellationToken)
   at Microsoft.EntityFrameworkCore.ChangeTracking.Internal.StateManager.SaveChangesAsync(StateManager stateManager, Boolean acceptAllChangesOnSuccess, CancellationToken cancellationToken)
   at Npgsql.EntityFrameworkCore.PostgreSQL.Storage.Internal.NpgsqlExecutionStrategy.ExecuteAsync[TState,TResult](TState state, Func`4 operation, Func`4 verifySucceeded, CancellationToken cancellationToken)
   at Microsoft.EntityFrameworkCore.DbContext.SaveChangesAsync(Boolean acceptAllChangesOnSuccess, CancellationToken cancellationToken)
   at Microsoft.EntityFrameworkCore.DbContext.SaveChangesAsync(Boolean acceptAllChangesOnSuccess, CancellationToken cancellationToken)
   at VSM.Repositories.Repository`2.Add(T item) in /Users/presidio/Desktop/Genspark/MiniProject/VehicleServiceManagement/Repositories/Repository.cs:line 20
   at VSM.Services.BillService.Add(BillAddDto dto) in /Users/presidio/Desktop/Genspark/MiniProject/VehicleServiceManagement/Services/BillService.cs:line 58
   at VSM.Controllers.BillController.Add(BillAddDto dto) in /Users/presidio/Desktop/Genspark/MiniProject/VehicleServiceManagement/Controllers/BillController.cs:line 31

2025-07-02 17:59:14Z [ERROR] Error Adding bill
Microsoft.EntityFrameworkCore.DbUpdateException: An error occurred while saving the entity changes. See the inner exception for details.
 ---> Npgsql.PostgresException (0x80004005): 23505: duplicate key value violates unique constraint "IX_Bills_ServiceRecordID"

DETAIL: Detail redacted as it may contain sensitive data. Specify 'Include Error Detail' in the connection string to include this information.
   at Npgsql.Internal.NpgsqlConnector.ReadMessageLong(Boolean async, DataRowLoadingMode dataRowLoadingMode, Boolean readingNotifications, Boolean isReadingPrependedMessage)
   at System.Runtime.CompilerServices.PoolingAsyncValueTaskMethodBuilder`1.StateMachineBox`1.System.Threading.Tasks.Sources.IValueTaskSource<TResult>.GetResult(Int16 token)
   at Npgsql.NpgsqlDataReader.NextResult(Boolean async, Boolean isConsuming, CancellationToken cancellationToken)
   at Npgsql.NpgsqlDataReader.NextResult(Boolean async, Boolean isConsuming, CancellationToken cancellationToken)
   at Npgsql.NpgsqlCommand.ExecuteReader(Boolean async, CommandBehavior behavior, CancellationToken cancellationToken)
   at Npgsql.NpgsqlCommand.ExecuteReader(Boolean async, CommandBehavior behavior, CancellationToken cancellationToken)
   at Npgsql.NpgsqlCommand.ExecuteDbDataReaderAsync(CommandBehavior behavior, CancellationToken cancellationToken)
   at Microsoft.EntityFrameworkCore.Storage.RelationalCommand.ExecuteReaderAsync(RelationalCommandParameterObject parameterObject, CancellationToken cancellationToken)
   at Microsoft.EntityFrameworkCore.Storage.RelationalCommand.ExecuteReaderAsync(RelationalCommandParameterObject parameterObject, CancellationToken cancellationToken)
   at Microsoft.EntityFrameworkCore.Update.ReaderModificationCommandBatch.ExecuteAsync(IRelationalConnection connection, CancellationToken cancellationToken)
  Exception data:
    Severity: ERROR
    SqlState: 23505
    MessageText: duplicate key value violates unique constraint "IX_Bills_ServiceRecordID"
    Detail: Detail redacted as it may contain sensitive data. Specify 'Include Error Detail' in the connection string to include this information.
    SchemaName: public
    TableName: Bills
    ConstraintName: IX_Bills_ServiceRecordID
    File: nbtinsert.c
    Line: 670
    Routine: _bt_check_unique
   --- End of inner exception stack trace ---
   at Microsoft.EntityFrameworkCore.Update.ReaderModificationCommandBatch.ExecuteAsync(IRelationalConnection connection, CancellationToken cancellationToken)
   at Microsoft.EntityFrameworkCore.Update.Internal.BatchExecutor.ExecuteAsync(IEnumerable`1 commandBatches, IRelationalConnection connection, CancellationToken cancellationToken)
   at Microsoft.EntityFrameworkCore.Update.Internal.BatchExecutor.ExecuteAsync(IEnumerable`1 commandBatches, IRelationalConnection connection, CancellationToken cancellationToken)
   at Microsoft.EntityFrameworkCore.Update.Internal.BatchExecutor.ExecuteAsync(IEnumerable`1 commandBatches, IRelationalConnection connection, CancellationToken cancellationToken)
   at Microsoft.EntityFrameworkCore.Storage.RelationalDatabase.SaveChangesAsync(IList`1 entries, CancellationToken cancellationToken)
   at Microsoft.EntityFrameworkCore.ChangeTracking.Internal.StateManager.SaveChangesAsync(IList`1 entriesToSave, CancellationToken cancellationToken)
   at Microsoft.EntityFrameworkCore.ChangeTracking.Internal.StateManager.SaveChangesAsync(StateManager stateManager, Boolean acceptAllChangesOnSuccess, CancellationToken cancellationToken)
   at Npgsql.EntityFrameworkCore.PostgreSQL.Storage.Internal.NpgsqlExecutionStrategy.ExecuteAsync[TState,TResult](TState state, Func`4 operation, Func`4 verifySucceeded, CancellationToken cancellationToken)
   at Microsoft.EntityFrameworkCore.DbContext.SaveChangesAsync(Boolean acceptAllChangesOnSuccess, CancellationToken cancellationToken)
   at Microsoft.EntityFrameworkCore.DbContext.SaveChangesAsync(Boolean acceptAllChangesOnSuccess, CancellationToken cancellationToken)
   at VSM.Repositories.Repository`2.Add(T item) in /Users/presidio/Desktop/Genspark/MiniProject/VehicleServiceManagement/Repositories/Repository.cs:line 20
   at VSM.Services.BillService.Add(BillAddDto dto) in /Users/presidio/Desktop/Genspark/MiniProject/VehicleServiceManagement/Services/BillService.cs:line 58
   at VSM.Controllers.BillController.Add(BillAddDto dto) in /Users/presidio/Desktop/Genspark/MiniProject/VehicleServiceManagement/Controllers/BillController.cs:line 31

2025-07-02 17:59:18Z [ERROR] Error Adding bill
Microsoft.EntityFrameworkCore.DbUpdateException: An error occurred while saving the entity changes. See the inner exception for details.
 ---> Npgsql.PostgresException (0x80004005): 23505: duplicate key value violates unique constraint "IX_Bills_ServiceRecordID"

DETAIL: Detail redacted as it may contain sensitive data. Specify 'Include Error Detail' in the connection string to include this information.
   at Npgsql.Internal.NpgsqlConnector.ReadMessageLong(Boolean async, DataRowLoadingMode dataRowLoadingMode, Boolean readingNotifications, Boolean isReadingPrependedMessage)
   at System.Runtime.CompilerServices.PoolingAsyncValueTaskMethodBuilder`1.StateMachineBox`1.System.Threading.Tasks.Sources.IValueTaskSource<TResult>.GetResult(Int16 token)
   at Npgsql.NpgsqlDataReader.NextResult(Boolean async, Boolean isConsuming, CancellationToken cancellationToken)
   at Npgsql.NpgsqlDataReader.NextResult(Boolean async, Boolean isConsuming, CancellationToken cancellationToken)
   at Npgsql.NpgsqlCommand.ExecuteReader(Boolean async, CommandBehavior behavior, CancellationToken cancellationToken)
   at Npgsql.NpgsqlCommand.ExecuteReader(Boolean async, CommandBehavior behavior, CancellationToken cancellationToken)
   at Npgsql.NpgsqlCommand.ExecuteDbDataReaderAsync(CommandBehavior behavior, CancellationToken cancellationToken)
   at Microsoft.EntityFrameworkCore.Storage.RelationalCommand.ExecuteReaderAsync(RelationalCommandParameterObject parameterObject, CancellationToken cancellationToken)
   at Microsoft.EntityFrameworkCore.Storage.RelationalCommand.ExecuteReaderAsync(RelationalCommandParameterObject parameterObject, CancellationToken cancellationToken)
   at Microsoft.EntityFrameworkCore.Update.ReaderModificationCommandBatch.ExecuteAsync(IRelationalConnection connection, CancellationToken cancellationToken)
  Exception data:
    Severity: ERROR
    SqlState: 23505
    MessageText: duplicate key value violates unique constraint "IX_Bills_ServiceRecordID"
    Detail: Detail redacted as it may contain sensitive data. Specify 'Include Error Detail' in the connection string to include this information.
    SchemaName: public
    TableName: Bills
    ConstraintName: IX_Bills_ServiceRecordID
    File: nbtinsert.c
    Line: 670
    Routine: _bt_check_unique
   --- End of inner exception stack trace ---
   at Microsoft.EntityFrameworkCore.Update.ReaderModificationCommandBatch.ExecuteAsync(IRelationalConnection connection, CancellationToken cancellationToken)
   at Microsoft.EntityFrameworkCore.Update.Internal.BatchExecutor.ExecuteAsync(IEnumerable`1 commandBatches, IRelationalConnection connection, CancellationToken cancellationToken)
   at Microsoft.EntityFrameworkCore.Update.Internal.BatchExecutor.ExecuteAsync(IEnumerable`1 commandBatches, IRelationalConnection connection, CancellationToken cancellationToken)
   at Microsoft.EntityFrameworkCore.Update.Internal.BatchExecutor.ExecuteAsync(IEnumerable`1 commandBatches, IRelationalConnection connection, CancellationToken cancellationToken)
   at Microsoft.EntityFrameworkCore.Storage.RelationalDatabase.SaveChangesAsync(IList`1 entries, CancellationToken cancellationToken)
   at Microsoft.EntityFrameworkCore.ChangeTracking.Internal.StateManager.SaveChangesAsync(IList`1 entriesToSave, CancellationToken cancellationToken)
   at Microsoft.EntityFrameworkCore.ChangeTracking.Internal.StateManager.SaveChangesAsync(StateManager stateManager, Boolean acceptAllChangesOnSuccess, CancellationToken cancellationToken)
   at Npgsql.EntityFrameworkCore.PostgreSQL.Storage.Internal.NpgsqlExecutionStrategy.ExecuteAsync[TState,TResult](TState state, Func`4 operation, Func`4 verifySucceeded, CancellationToken cancellationToken)
   at Microsoft.EntityFrameworkCore.DbContext.SaveChangesAsync(Boolean acceptAllChangesOnSuccess, CancellationToken cancellationToken)
   at Microsoft.EntityFrameworkCore.DbContext.SaveChangesAsync(Boolean acceptAllChangesOnSuccess, CancellationToken cancellationToken)
   at VSM.Repositories.Repository`2.Add(T item) in /Users/presidio/Desktop/Genspark/MiniProject/VehicleServiceManagement/Repositories/Repository.cs:line 20
   at VSM.Services.BillService.Add(BillAddDto dto) in /Users/presidio/Desktop/Genspark/MiniProject/VehicleServiceManagement/Services/BillService.cs:line 58
   at VSM.Controllers.BillController.Add(BillAddDto dto) in /Users/presidio/Desktop/Genspark/MiniProject/VehicleServiceManagement/Controllers/BillController.cs:line 31

2025-07-02 17:59:21Z [ERROR] Error Adding bill
Microsoft.EntityFrameworkCore.DbUpdateException: An error occurred while saving the entity changes. See the inner exception for details.
 ---> Npgsql.PostgresException (0x80004005): 23505: duplicate key value violates unique constraint "IX_Bills_ServiceRecordID"

DETAIL: Detail redacted as it may contain sensitive data. Specify 'Include Error Detail' in the connection string to include this information.
   at Npgsql.Internal.NpgsqlConnector.ReadMessageLong(Boolean async, DataRowLoadingMode dataRowLoadingMode, Boolean readingNotifications, Boolean isReadingPrependedMessage)
   at System.Runtime.CompilerServices.PoolingAsyncValueTaskMethodBuilder`1.StateMachineBox`1.System.Threading.Tasks.Sources.IValueTaskSource<TResult>.GetResult(Int16 token)
   at Npgsql.NpgsqlDataReader.NextResult(Boolean async, Boolean isConsuming, CancellationToken cancellationToken)
   at Npgsql.NpgsqlDataReader.NextResult(Boolean async, Boolean isConsuming, CancellationToken cancellationToken)
   at Npgsql.NpgsqlCommand.ExecuteReader(Boolean async, CommandBehavior behavior, CancellationToken cancellationToken)
   at Npgsql.NpgsqlCommand.ExecuteReader(Boolean async, CommandBehavior behavior, CancellationToken cancellationToken)
   at Npgsql.NpgsqlCommand.ExecuteDbDataReaderAsync(CommandBehavior behavior, CancellationToken cancellationToken)
   at Microsoft.EntityFrameworkCore.Storage.RelationalCommand.ExecuteReaderAsync(RelationalCommandParameterObject parameterObject, CancellationToken cancellationToken)
   at Microsoft.EntityFrameworkCore.Storage.RelationalCommand.ExecuteReaderAsync(RelationalCommandParameterObject parameterObject, CancellationToken cancellationToken)
   at Microsoft.EntityFrameworkCore.Update.ReaderModificationCommandBatch.ExecuteAsync(IRelationalConnection connection, CancellationToken cancellationToken)
  Exception data:
    Severity: ERROR
    SqlState: 23505
    MessageText: duplicate key value violates unique constraint "IX_Bills_ServiceRecordID"
    Detail: Detail redacted as it may contain sensitive data. Specify 'Include Error Detail' in the connection string to include this information.
    SchemaName: public
    TableName: Bills
    ConstraintName: IX_Bills_ServiceRecordID
    File: nbtinsert.c
    Line: 670
    Routine: _bt_check_unique
   --- End of inner exception stack trace ---
   at Microsoft.EntityFrameworkCore.Update.ReaderModificationCommandBatch.ExecuteAsync(IRelationalConnection connection, CancellationToken cancellationToken)
   at Microsoft.EntityFrameworkCore.Update.Internal.BatchExecutor.ExecuteAsync(IEnumerable`1 commandBatches, IRelationalConnection connection, CancellationToken cancellationToken)
   at Microsoft.EntityFrameworkCore.Update.Internal.BatchExecutor.ExecuteAsync(IEnumerable`1 commandBatches, IRelationalConnection connection, CancellationToken cancellationToken)
   at Microsoft.EntityFrameworkCore.Update.Internal.BatchExecutor.ExecuteAsync(IEnumerable`1 commandBatches, IRelationalConnection connection, CancellationToken cancellationToken)
   at Microsoft.EntityFrameworkCore.Storage.RelationalDatabase.SaveChangesAsync(IList`1 entries, CancellationToken cancellationToken)
   at Microsoft.EntityFrameworkCore.ChangeTracking.Internal.StateManager.SaveChangesAsync(IList`1 entriesToSave, CancellationToken cancellationToken)
   at Microsoft.EntityFrameworkCore.ChangeTracking.Internal.StateManager.SaveChangesAsync(StateManager stateManager, Boolean acceptAllChangesOnSuccess, CancellationToken cancellationToken)
   at Npgsql.EntityFrameworkCore.PostgreSQL.Storage.Internal.NpgsqlExecutionStrategy.ExecuteAsync[TState,TResult](TState state, Func`4 operation, Func`4 verifySucceeded, CancellationToken cancellationToken)
   at Microsoft.EntityFrameworkCore.DbContext.SaveChangesAsync(Boolean acceptAllChangesOnSuccess, CancellationToken cancellationToken)
   at Microsoft.EntityFrameworkCore.DbContext.SaveChangesAsync(Boolean acceptAllChangesOnSuccess, CancellationToken cancellationToken)
   at VSM.Repositories.Repository`2.Add(T item) in /Users/presidio/Desktop/Genspark/MiniProject/VehicleServiceManagement/Repositories/Repository.cs:line 20
   at VSM.Services.BillService.Add(BillAddDto dto) in /Users/presidio/Desktop/Genspark/MiniProject/VehicleServiceManagement/Services/BillService.cs:line 58
   at VSM.Controllers.BillController.Add(BillAddDto dto) in /Users/presidio/Desktop/Genspark/MiniProject/VehicleServiceManagement/Controllers/BillController.cs:line 31

2025-07-02 18:01:52Z [ERROR] Error Creating Booking
System.Exception: Customer already has a booking for this slot.
   at VSM.Services.BookingService.CreateBooking(BookingAddDto dto) in /Users/presidio/Desktop/Genspark/MiniProject/VehicleServiceManagement/Services/BookingService.cs:line 66
   at VSM.Controllers.BookingController.CreateBooking(BookingAddDto dto) in /Users/presidio/Desktop/Genspark/MiniProject/VehicleServiceManagement/Controllers/Bookingcontroller.cs:line 30

2025-07-02 18:11:28Z [ERROR] Error Creating Booking
System.Exception: Customer already has a booking for this slot.
   at VSM.Services.BookingService.CreateBooking(BookingAddDto dto) in /Users/presidio/Desktop/Genspark/MiniProject/VehicleServiceManagement/Services/BookingService.cs:line 66
   at VSM.Controllers.BookingController.CreateBooking(BookingAddDto dto) in /Users/presidio/Desktop/Genspark/MiniProject/VehicleServiceManagement/Controllers/Bookingcontroller.cs:line 30

2025-07-02 18:12:40Z [ERROR] Error Creating Booking
System.Exception: Customer already has a booking for this slot.
   at VSM.Services.BookingService.CreateBooking(BookingAddDto dto) in /Users/presidio/Desktop/Genspark/MiniProject/VehicleServiceManagement/Services/BookingService.cs:line 66
   at VSM.Controllers.BookingController.CreateBooking(BookingAddDto dto) in /Users/presidio/Desktop/Genspark/MiniProject/VehicleServiceManagement/Controllers/Bookingcontroller.cs:line 30

2025-07-02 18:22:34Z [ERROR] Error Creating Booking
System.Exception: Customer already has a booking for this slot.
   at VSM.Services.BookingService.CreateBooking(BookingAddDto dto) in /Users/presidio/Desktop/Genspark/MiniProject/VehicleServiceManagement/Services/BookingService.cs:line 66
   at VSM.Controllers.BookingController.CreateBooking(BookingAddDto dto) in /Users/presidio/Desktop/Genspark/MiniProject/VehicleServiceManagement/Controllers/Bookingcontroller.cs:line 30

2025-07-02 18:22:43Z [ERROR] Error Creating Booking
System.Exception: Invalid time slot. Please use format like '10/06/2025 09:00'.
   at VSM.Services.BookingService.CreateBooking(BookingAddDto dto) in /Users/presidio/Desktop/Genspark/MiniProject/VehicleServiceManagement/Services/BookingService.cs:line 35
   at VSM.Controllers.BookingController.CreateBooking(BookingAddDto dto) in /Users/presidio/Desktop/Genspark/MiniProject/VehicleServiceManagement/Controllers/Bookingcontroller.cs:line 30

2025-07-02 18:22:49Z [ERROR] Error Creating Booking
System.Exception: Invalid time slot. Please use format like '10/06/2025 09:00'.
   at VSM.Services.BookingService.CreateBooking(BookingAddDto dto) in /Users/presidio/Desktop/Genspark/MiniProject/VehicleServiceManagement/Services/BookingService.cs:line 35
   at VSM.Controllers.BookingController.CreateBooking(BookingAddDto dto) in /Users/presidio/Desktop/Genspark/MiniProject/VehicleServiceManagement/Controllers/Bookingcontroller.cs:line 30

2025-07-02 19:50:52Z [ERROR] Error Updating Customer
System.Exception: Phone number already registered
   at VSM.Services.CustomerService.UpdateCustomer(String email, CustomerUpdateDto dto) in /Users/presidio/Desktop/Genspark/MiniProject/VehicleServiceManagement/Services/CustomerService.cs:line 123
   at VSM.Controllers.CustomerController.UpdateCustomer(String email, CustomerUpdateDto dto) in /Users/presidio/Desktop/Genspark/MiniProject/VehicleServiceManagement/Controllers/CustomerController.cs:line 108

2025-07-02 19:51:27Z [ERROR] Error Updating Customer
System.Exception: Phone number already registered
   at VSM.Services.CustomerService.UpdateCustomer(String email, CustomerUpdateDto dto) in /Users/presidio/Desktop/Genspark/MiniProject/VehicleServiceManagement/Services/CustomerService.cs:line 123
   at VSM.Controllers.CustomerController.UpdateCustomer(String email, CustomerUpdateDto dto) in /Users/presidio/Desktop/Genspark/MiniProject/VehicleServiceManagement/Controllers/CustomerController.cs:line 108

2025-07-02 19:53:20Z [ERROR] Error Adding Vehicle
System.Exception: Vehicle with the same details already exists.
   at VSM.Services.VehicleService.AddVehicle(VehicleAdd dto) in /Users/presidio/Desktop/Genspark/MiniProject/VehicleServiceManagement/Services/VehicleService.cs:line 38
   at VSM.Controllers.VehicleController.AddVehicle(VehicleAdd dto) in /Users/presidio/Desktop/Genspark/MiniProject/VehicleServiceManagement/Controllers/Vehiclecontroller.cs:line 28

2025-07-02 19:53:27Z [ERROR] Error Adding Vehicle
System.Exception: Vehicle with the same details already exists.
   at VSM.Services.VehicleService.AddVehicle(VehicleAdd dto) in /Users/presidio/Desktop/Genspark/MiniProject/VehicleServiceManagement/Services/VehicleService.cs:line 38
   at VSM.Controllers.VehicleController.AddVehicle(VehicleAdd dto) in /Users/presidio/Desktop/Genspark/MiniProject/VehicleServiceManagement/Controllers/Vehiclecontroller.cs:line 28

2025-07-02 19:53:31Z [ERROR] Error Adding Vehicle
System.Exception: Vehicle with the same details already exists.
   at VSM.Services.VehicleService.AddVehicle(VehicleAdd dto) in /Users/presidio/Desktop/Genspark/MiniProject/VehicleServiceManagement/Services/VehicleService.cs:line 38
   at VSM.Controllers.VehicleController.AddVehicle(VehicleAdd dto) in /Users/presidio/Desktop/Genspark/MiniProject/VehicleServiceManagement/Controllers/Vehiclecontroller.cs:line 28

2025-07-02 19:53:31Z [ERROR] Error Adding Vehicle
System.Exception: Vehicle with the same details already exists.
   at VSM.Services.VehicleService.AddVehicle(VehicleAdd dto) in /Users/presidio/Desktop/Genspark/MiniProject/VehicleServiceManagement/Services/VehicleService.cs:line 38
   at VSM.Controllers.VehicleController.AddVehicle(VehicleAdd dto) in /Users/presidio/Desktop/Genspark/MiniProject/VehicleServiceManagement/Controllers/Vehiclecontroller.cs:line 28

2025-07-02 19:54:33Z [ERROR] Error Adding Vehicle
System.Exception: Vehicle with the same details already exists.
   at VSM.Services.VehicleService.AddVehicle(VehicleAdd dto) in /Users/presidio/Desktop/Genspark/MiniProject/VehicleServiceManagement/Services/VehicleService.cs:line 38
   at VSM.Controllers.VehicleController.AddVehicle(VehicleAdd dto) in /Users/presidio/Desktop/Genspark/MiniProject/VehicleServiceManagement/Controllers/Vehiclecontroller.cs:line 28

2025-07-02 19:54:40Z [ERROR] Error Adding Vehicle
System.Exception: Vehicle with the same details already exists.
   at VSM.Services.VehicleService.AddVehicle(VehicleAdd dto) in /Users/presidio/Desktop/Genspark/MiniProject/VehicleServiceManagement/Services/VehicleService.cs:line 38
   at VSM.Controllers.VehicleController.AddVehicle(VehicleAdd dto) in /Users/presidio/Desktop/Genspark/MiniProject/VehicleServiceManagement/Controllers/Vehiclecontroller.cs:line 28

2025-07-02 19:54:43Z [ERROR] Error Adding Vehicle
System.Exception: Vehicle with the same details already exists.
   at VSM.Services.VehicleService.AddVehicle(VehicleAdd dto) in /Users/presidio/Desktop/Genspark/MiniProject/VehicleServiceManagement/Services/VehicleService.cs:line 38
   at VSM.Controllers.VehicleController.AddVehicle(VehicleAdd dto) in /Users/presidio/Desktop/Genspark/MiniProject/VehicleServiceManagement/Controllers/Vehiclecontroller.cs:line 28

2025-07-02 19:54:48Z [ERROR] Error Adding Vehicle
System.Exception: Vehicle with the same details already exists.
   at VSM.Services.VehicleService.AddVehicle(VehicleAdd dto) in /Users/presidio/Desktop/Genspark/MiniProject/VehicleServiceManagement/Services/VehicleService.cs:line 38
   at VSM.Controllers.VehicleController.AddVehicle(VehicleAdd dto) in /Users/presidio/Desktop/Genspark/MiniProject/VehicleServiceManagement/Controllers/Vehiclecontroller.cs:line 28

2025-07-02 19:54:49Z [ERROR] Error Adding Vehicle
System.Exception: Vehicle with the same details already exists.
   at VSM.Services.VehicleService.AddVehicle(VehicleAdd dto) in /Users/presidio/Desktop/Genspark/MiniProject/VehicleServiceManagement/Services/VehicleService.cs:line 38
   at VSM.Controllers.VehicleController.AddVehicle(VehicleAdd dto) in /Users/presidio/Desktop/Genspark/MiniProject/VehicleServiceManagement/Controllers/Vehiclecontroller.cs:line 28

2025-07-02 19:54:50Z [ERROR] Error Adding Vehicle
System.Exception: Vehicle with the same details already exists.
   at VSM.Services.VehicleService.AddVehicle(VehicleAdd dto) in /Users/presidio/Desktop/Genspark/MiniProject/VehicleServiceManagement/Services/VehicleService.cs:line 38
   at VSM.Controllers.VehicleController.AddVehicle(VehicleAdd dto) in /Users/presidio/Desktop/Genspark/MiniProject/VehicleServiceManagement/Controllers/Vehiclecontroller.cs:line 28

2025-07-02 19:54:50Z [ERROR] Error Adding Vehicle
System.Exception: Vehicle with the same details already exists.
   at VSM.Services.VehicleService.AddVehicle(VehicleAdd dto) in /Users/presidio/Desktop/Genspark/MiniProject/VehicleServiceManagement/Services/VehicleService.cs:line 38
   at VSM.Controllers.VehicleController.AddVehicle(VehicleAdd dto) in /Users/presidio/Desktop/Genspark/MiniProject/VehicleServiceManagement/Controllers/Vehiclecontroller.cs:line 28

2025-07-02 19:54:50Z [ERROR] Error Adding Vehicle
System.Exception: Vehicle with the same details already exists.
   at VSM.Services.VehicleService.AddVehicle(VehicleAdd dto) in /Users/presidio/Desktop/Genspark/MiniProject/VehicleServiceManagement/Services/VehicleService.cs:line 38
   at VSM.Controllers.VehicleController.AddVehicle(VehicleAdd dto) in /Users/presidio/Desktop/Genspark/MiniProject/VehicleServiceManagement/Controllers/Vehiclecontroller.cs:line 28

2025-07-02 19:54:51Z [ERROR] Error Adding Vehicle
System.Exception: Vehicle with the same details already exists.
   at VSM.Services.VehicleService.AddVehicle(VehicleAdd dto) in /Users/presidio/Desktop/Genspark/MiniProject/VehicleServiceManagement/Services/VehicleService.cs:line 38
   at VSM.Controllers.VehicleController.AddVehicle(VehicleAdd dto) in /Users/presidio/Desktop/Genspark/MiniProject/VehicleServiceManagement/Controllers/Vehiclecontroller.cs:line 28

2025-07-02 19:54:51Z [ERROR] Error Adding Vehicle
System.Exception: Vehicle with the same details already exists.
   at VSM.Services.VehicleService.AddVehicle(VehicleAdd dto) in /Users/presidio/Desktop/Genspark/MiniProject/VehicleServiceManagement/Services/VehicleService.cs:line 38
   at VSM.Controllers.VehicleController.AddVehicle(VehicleAdd dto) in /Users/presidio/Desktop/Genspark/MiniProject/VehicleServiceManagement/Controllers/Vehiclecontroller.cs:line 28

2025-07-02 19:54:52Z [ERROR] Error Adding Vehicle
System.Exception: Vehicle with the same details already exists.
   at VSM.Services.VehicleService.AddVehicle(VehicleAdd dto) in /Users/presidio/Desktop/Genspark/MiniProject/VehicleServiceManagement/Services/VehicleService.cs:line 38
   at VSM.Controllers.VehicleController.AddVehicle(VehicleAdd dto) in /Users/presidio/Desktop/Genspark/MiniProject/VehicleServiceManagement/Controllers/Vehiclecontroller.cs:line 28

2025-07-02 19:54:53Z [ERROR] Error Adding Vehicle
System.Exception: Vehicle with the same details already exists.
   at VSM.Services.VehicleService.AddVehicle(VehicleAdd dto) in /Users/presidio/Desktop/Genspark/MiniProject/VehicleServiceManagement/Services/VehicleService.cs:line 38
   at VSM.Controllers.VehicleController.AddVehicle(VehicleAdd dto) in /Users/presidio/Desktop/Genspark/MiniProject/VehicleServiceManagement/Controllers/Vehiclecontroller.cs:line 28

2025-07-02 19:55:52Z [ERROR] Error Adding Vehicle
System.Exception: Vehicle with the same details already exists.
   at VSM.Services.VehicleService.AddVehicle(VehicleAdd dto) in /Users/presidio/Desktop/Genspark/MiniProject/VehicleServiceManagement/Services/VehicleService.cs:line 38
   at VSM.Controllers.VehicleController.AddVehicle(VehicleAdd dto) in /Users/presidio/Desktop/Genspark/MiniProject/VehicleServiceManagement/Controllers/Vehiclecontroller.cs:line 28

2025-07-02 19:55:57Z [ERROR] Error Adding Vehicle
System.Exception: Vehicle with the same details already exists.
   at VSM.Services.VehicleService.AddVehicle(VehicleAdd dto) in /Users/presidio/Desktop/Genspark/MiniProject/VehicleServiceManagement/Services/VehicleService.cs:line 38
   at VSM.Controllers.VehicleController.AddVehicle(VehicleAdd dto) in /Users/presidio/Desktop/Genspark/MiniProject/VehicleServiceManagement/Controllers/Vehiclecontroller.cs:line 28

2025-07-02 19:56:01Z [ERROR] Error Adding Vehicle
System.Exception: Vehicle with the same details already exists.
   at VSM.Services.VehicleService.AddVehicle(VehicleAdd dto) in /Users/presidio/Desktop/Genspark/MiniProject/VehicleServiceManagement/Services/VehicleService.cs:line 38
   at VSM.Controllers.VehicleController.AddVehicle(VehicleAdd dto) in /Users/presidio/Desktop/Genspark/MiniProject/VehicleServiceManagement/Controllers/Vehiclecontroller.cs:line 28

2025-07-02 19:58:45Z [ERROR] Error Adding Vehicle
System.Exception: Vehicle with the same details already exists.
   at VSM.Services.VehicleService.AddVehicle(VehicleAdd dto) in /Users/presidio/Desktop/Genspark/MiniProject/VehicleServiceManagement/Services/VehicleService.cs:line 38
   at VSM.Controllers.VehicleController.AddVehicle(VehicleAdd dto) in /Users/presidio/Desktop/Genspark/MiniProject/VehicleServiceManagement/Controllers/Vehiclecontroller.cs:line 28

2025-07-02 19:58:49Z [ERROR] Error Adding Vehicle
System.Exception: Vehicle with the same details already exists.
   at VSM.Services.VehicleService.AddVehicle(VehicleAdd dto) in /Users/presidio/Desktop/Genspark/MiniProject/VehicleServiceManagement/Services/VehicleService.cs:line 38
   at VSM.Controllers.VehicleController.AddVehicle(VehicleAdd dto) in /Users/presidio/Desktop/Genspark/MiniProject/VehicleServiceManagement/Controllers/Vehiclecontroller.cs:line 28

2025-07-02 20:01:20Z [ERROR] Error Adding Vehicle
System.Exception: Vehicle with the same details already exists.
   at VSM.Services.VehicleService.AddVehicle(VehicleAdd dto) in /Users/presidio/Desktop/Genspark/MiniProject/VehicleServiceManagement/Services/VehicleService.cs:line 38
   at VSM.Controllers.VehicleController.AddVehicle(VehicleAdd dto) in /Users/presidio/Desktop/Genspark/MiniProject/VehicleServiceManagement/Controllers/Vehiclecontroller.cs:line 28

2025-07-02 20:02:50Z [ERROR] Error Updating Customer
System.Exception: Phone number already registered
   at VSM.Services.CustomerService.UpdateCustomer(String email, CustomerUpdateDto dto) in /Users/presidio/Desktop/Genspark/MiniProject/VehicleServiceManagement/Services/CustomerService.cs:line 123
   at VSM.Controllers.CustomerController.UpdateCustomer(String email, CustomerUpdateDto dto) in /Users/presidio/Desktop/Genspark/MiniProject/VehicleServiceManagement/Controllers/CustomerController.cs:line 108

2025-07-02 20:03:38Z [ERROR] Error Updating Customer
System.Exception: Phone number already registered
   at VSM.Services.CustomerService.UpdateCustomer(String email, CustomerUpdateDto dto) in /Users/presidio/Desktop/Genspark/MiniProject/VehicleServiceManagement/Services/CustomerService.cs:line 123
   at VSM.Controllers.CustomerController.UpdateCustomer(String email, CustomerUpdateDto dto) in /Users/presidio/Desktop/Genspark/MiniProject/VehicleServiceManagement/Controllers/CustomerController.cs:line 108

2025-07-02 20:04:12Z [ERROR] Error Updating Customer
System.Exception: Phone number already registered
   at VSM.Services.CustomerService.UpdateCustomer(String email, CustomerUpdateDto dto) in /Users/presidio/Desktop/Genspark/MiniProject/VehicleServiceManagement/Services/CustomerService.cs:line 123
   at VSM.Controllers.CustomerController.UpdateCustomer(String email, CustomerUpdateDto dto) in /Users/presidio/Desktop/Genspark/MiniProject/VehicleServiceManagement/Controllers/CustomerController.cs:line 108

2025-07-02 20:04:46Z [ERROR] Error Updating Customer
System.Exception: Phone number already registered
   at VSM.Services.CustomerService.UpdateCustomer(String email, CustomerUpdateDto dto) in /Users/presidio/Desktop/Genspark/MiniProject/VehicleServiceManagement/Services/CustomerService.cs:line 123
   at VSM.Controllers.CustomerController.UpdateCustomer(String email, CustomerUpdateDto dto) in /Users/presidio/Desktop/Genspark/MiniProject/VehicleServiceManagement/Controllers/CustomerController.cs:line 108

2025-07-02 20:04:58Z [ERROR] Error Updating Customer
System.Exception: Phone number already registered
   at VSM.Services.CustomerService.UpdateCustomer(String email, CustomerUpdateDto dto) in /Users/presidio/Desktop/Genspark/MiniProject/VehicleServiceManagement/Services/CustomerService.cs:line 123
   at VSM.Controllers.CustomerController.UpdateCustomer(String email, CustomerUpdateDto dto) in /Users/presidio/Desktop/Genspark/MiniProject/VehicleServiceManagement/Controllers/CustomerController.cs:line 108

2025-07-02 20:08:51Z [ERROR] Error Updating Customer
System.Exception: Name cannot have lessthan 4 characters registered
   at VSM.Services.CustomerService.UpdateCustomer(String email, CustomerUpdateDto dto) in /Users/presidio/Desktop/Genspark/MiniProject/VehicleServiceManagement/Services/CustomerService.cs:line 126
   at VSM.Controllers.CustomerController.UpdateCustomer(String email, CustomerUpdateDto dto) in /Users/presidio/Desktop/Genspark/MiniProject/VehicleServiceManagement/Controllers/CustomerController.cs:line 108

2025-07-02 20:18:26Z [ERROR] Error Adding bill
Microsoft.EntityFrameworkCore.DbUpdateException: An error occurred while saving the entity changes. See the inner exception for details.
 ---> Npgsql.PostgresException (0x80004005): 23505: duplicate key value violates unique constraint "IX_Bills_ServiceRecordID"

DETAIL: Detail redacted as it may contain sensitive data. Specify 'Include Error Detail' in the connection string to include this information.
   at Npgsql.Internal.NpgsqlConnector.ReadMessageLong(Boolean async, DataRowLoadingMode dataRowLoadingMode, Boolean readingNotifications, Boolean isReadingPrependedMessage)
   at System.Runtime.CompilerServices.PoolingAsyncValueTaskMethodBuilder`1.StateMachineBox`1.System.Threading.Tasks.Sources.IValueTaskSource<TResult>.GetResult(Int16 token)
   at Npgsql.NpgsqlDataReader.NextResult(Boolean async, Boolean isConsuming, CancellationToken cancellationToken)
   at Npgsql.NpgsqlDataReader.NextResult(Boolean async, Boolean isConsuming, CancellationToken cancellationToken)
   at Npgsql.NpgsqlCommand.ExecuteReader(Boolean async, CommandBehavior behavior, CancellationToken cancellationToken)
   at Npgsql.NpgsqlCommand.ExecuteReader(Boolean async, CommandBehavior behavior, CancellationToken cancellationToken)
   at Npgsql.NpgsqlCommand.ExecuteDbDataReaderAsync(CommandBehavior behavior, CancellationToken cancellationToken)
   at Microsoft.EntityFrameworkCore.Storage.RelationalCommand.ExecuteReaderAsync(RelationalCommandParameterObject parameterObject, CancellationToken cancellationToken)
   at Microsoft.EntityFrameworkCore.Storage.RelationalCommand.ExecuteReaderAsync(RelationalCommandParameterObject parameterObject, CancellationToken cancellationToken)
   at Microsoft.EntityFrameworkCore.Update.ReaderModificationCommandBatch.ExecuteAsync(IRelationalConnection connection, CancellationToken cancellationToken)
  Exception data:
    Severity: ERROR
    SqlState: 23505
    MessageText: duplicate key value violates unique constraint "IX_Bills_ServiceRecordID"
    Detail: Detail redacted as it may contain sensitive data. Specify 'Include Error Detail' in the connection string to include this information.
    SchemaName: public
    TableName: Bills
    ConstraintName: IX_Bills_ServiceRecordID
    File: nbtinsert.c
    Line: 670
    Routine: _bt_check_unique
   --- End of inner exception stack trace ---
   at Microsoft.EntityFrameworkCore.Update.ReaderModificationCommandBatch.ExecuteAsync(IRelationalConnection connection, CancellationToken cancellationToken)
   at Microsoft.EntityFrameworkCore.Update.Internal.BatchExecutor.ExecuteAsync(IEnumerable`1 commandBatches, IRelationalConnection connection, CancellationToken cancellationToken)
   at Microsoft.EntityFrameworkCore.Update.Internal.BatchExecutor.ExecuteAsync(IEnumerable`1 commandBatches, IRelationalConnection connection, CancellationToken cancellationToken)
   at Microsoft.EntityFrameworkCore.Update.Internal.BatchExecutor.ExecuteAsync(IEnumerable`1 commandBatches, IRelationalConnection connection, CancellationToken cancellationToken)
   at Microsoft.EntityFrameworkCore.Storage.RelationalDatabase.SaveChangesAsync(IList`1 entries, CancellationToken cancellationToken)
   at Microsoft.EntityFrameworkCore.ChangeTracking.Internal.StateManager.SaveChangesAsync(IList`1 entriesToSave, CancellationToken cancellationToken)
   at Microsoft.EntityFrameworkCore.ChangeTracking.Internal.StateManager.SaveChangesAsync(StateManager stateManager, Boolean acceptAllChangesOnSuccess, CancellationToken cancellationToken)
   at Npgsql.EntityFrameworkCore.PostgreSQL.Storage.Internal.NpgsqlExecutionStrategy.ExecuteAsync[TState,TResult](TState state, Func`4 operation, Func`4 verifySucceeded, CancellationToken cancellationToken)
   at Microsoft.EntityFrameworkCore.DbContext.SaveChangesAsync(Boolean acceptAllChangesOnSuccess, CancellationToken cancellationToken)
   at Microsoft.EntityFrameworkCore.DbContext.SaveChangesAsync(Boolean acceptAllChangesOnSuccess, CancellationToken cancellationToken)
   at VSM.Repositories.Repository`2.Add(T item) in /Users/presidio/Desktop/Genspark/MiniProject/VehicleServiceManagement/Repositories/Repository.cs:line 20
   at VSM.Services.BillService.Add(BillAddDto dto) in /Users/presidio/Desktop/Genspark/MiniProject/VehicleServiceManagement/Services/BillService.cs:line 58
   at VSM.Controllers.BillController.Add(BillAddDto dto) in /Users/presidio/Desktop/Genspark/MiniProject/VehicleServiceManagement/Controllers/BillController.cs:line 31

2025-07-02 22:01:29Z [ERROR] Error Getting All Bookings
System.Exception: No Bookings Found
   at VSM.Services.BookingService.GetAllBookings() in /Users/presidio/Desktop/Genspark/MiniProject/VehicleServiceManagement/Services/BookingService.cs:line 131
   at VSM.Controllers.BookingController.GetAllBookings() in /Users/presidio/Desktop/Genspark/MiniProject/VehicleServiceManagement/Controllers/Bookingcontroller.cs:line 91

2025-07-02 22:01:33Z [ERROR] Error Getting All Bookings
System.Exception: No Bookings Found
   at VSM.Services.BookingService.GetAllBookings() in /Users/presidio/Desktop/Genspark/MiniProject/VehicleServiceManagement/Services/BookingService.cs:line 131
   at VSM.Controllers.BookingController.GetAllBookings() in /Users/presidio/Desktop/Genspark/MiniProject/VehicleServiceManagement/Controllers/Bookingcontroller.cs:line 91

2025-07-02 22:02:15Z [ERROR] Error Getting All Bookings
System.Exception: No Bookings Found
   at VSM.Services.BookingService.GetAllBookings() in /Users/presidio/Desktop/Genspark/MiniProject/VehicleServiceManagement/Services/BookingService.cs:line 131
   at VSM.Controllers.BookingController.GetAllBookings() in /Users/presidio/Desktop/Genspark/MiniProject/VehicleServiceManagement/Controllers/Bookingcontroller.cs:line 91

2025-07-02 22:02:19Z [ERROR] Error Getting All Bookings
System.Exception: No Bookings Found
   at VSM.Services.BookingService.GetAllBookings() in /Users/presidio/Desktop/Genspark/MiniProject/VehicleServiceManagement/Services/BookingService.cs:line 131
   at VSM.Controllers.BookingController.GetAllBookings() in /Users/presidio/Desktop/Genspark/MiniProject/VehicleServiceManagement/Controllers/Bookingcontroller.cs:line 91

2025-07-02 22:03:18Z [ERROR] Error Adding Vehicle
System.Exception: Vehicle with the same details already exists.
   at VSM.Services.VehicleService.AddVehicle(VehicleAdd dto) in /Users/presidio/Desktop/Genspark/MiniProject/VehicleServiceManagement/Services/VehicleService.cs:line 38
   at VSM.Controllers.VehicleController.AddVehicle(VehicleAdd dto) in /Users/presidio/Desktop/Genspark/MiniProject/VehicleServiceManagement/Controllers/Vehiclecontroller.cs:line 28

2025-07-02 22:04:17Z [ERROR] Error Getting All Bookings
System.Exception: No Bookings Found
   at VSM.Services.BookingService.GetAllBookings() in /Users/presidio/Desktop/Genspark/MiniProject/VehicleServiceManagement/Services/BookingService.cs:line 131
   at VSM.Controllers.BookingController.GetAllBookings() in /Users/presidio/Desktop/Genspark/MiniProject/VehicleServiceManagement/Controllers/Bookingcontroller.cs:line 91

2025-07-02 22:05:06Z [ERROR] Error Adding Vehicle
System.Exception: Vehicle with the same details already exists.
   at VSM.Services.VehicleService.AddVehicle(VehicleAdd dto) in /Users/presidio/Desktop/Genspark/MiniProject/VehicleServiceManagement/Services/VehicleService.cs:line 38
   at VSM.Controllers.VehicleController.AddVehicle(VehicleAdd dto) in /Users/presidio/Desktop/Genspark/MiniProject/VehicleServiceManagement/Controllers/Vehiclecontroller.cs:line 28

2025-07-02 22:05:24Z [ERROR] Error Adding Vehicle
System.Exception: Vehicle with the same details already exists.
   at VSM.Services.VehicleService.AddVehicle(VehicleAdd dto) in /Users/presidio/Desktop/Genspark/MiniProject/VehicleServiceManagement/Services/VehicleService.cs:line 38
   at VSM.Controllers.VehicleController.AddVehicle(VehicleAdd dto) in /Users/presidio/Desktop/Genspark/MiniProject/VehicleServiceManagement/Controllers/Vehiclecontroller.cs:line 28

2025-07-02 22:05:27Z [ERROR] Error Adding Vehicle
System.Exception: Vehicle with the same details already exists.
   at VSM.Services.VehicleService.AddVehicle(VehicleAdd dto) in /Users/presidio/Desktop/Genspark/MiniProject/VehicleServiceManagement/Services/VehicleService.cs:line 38
   at VSM.Controllers.VehicleController.AddVehicle(VehicleAdd dto) in /Users/presidio/Desktop/Genspark/MiniProject/VehicleServiceManagement/Controllers/Vehiclecontroller.cs:line 28

2025-07-02 22:05:28Z [ERROR] Error Adding Vehicle
System.Exception: Vehicle with the same details already exists.
   at VSM.Services.VehicleService.AddVehicle(VehicleAdd dto) in /Users/presidio/Desktop/Genspark/MiniProject/VehicleServiceManagement/Services/VehicleService.cs:line 38
   at VSM.Controllers.VehicleController.AddVehicle(VehicleAdd dto) in /Users/presidio/Desktop/Genspark/MiniProject/VehicleServiceManagement/Controllers/Vehiclecontroller.cs:line 28

2025-07-02 22:17:29Z [ERROR] Error Creating Booking
System.Exception: Customer already has a booking for this slot.
   at VSM.Services.BookingService.CreateBooking(BookingAddDto dto) in /Users/presidio/Desktop/Genspark/MiniProject/VehicleServiceManagement/Services/BookingService.cs:line 66
   at VSM.Controllers.BookingController.CreateBooking(BookingAddDto dto) in /Users/presidio/Desktop/Genspark/MiniProject/VehicleServiceManagement/Controllers/Bookingcontroller.cs:line 30

2025-07-02 22:26:15Z [ERROR] Error Downlodaing bill
2025-07-02 22:26:19Z [ERROR] Error Downlodaing bill
2025-07-04 15:10:22Z [ERROR] Error Registering Mechanic
System.Exception: Phone number already registered
   at VSM.Services.MechanicServices.AddMechanic(MechanicAddDto dto) in /Users/presidio/Desktop/Genspark/MiniProject/VehicleServiceManagement/Services/MechanicServices.cs:line 69
   at VSM.Controllers.MechanicController.RegisterMechanic(MechanicAddDto dto) in /Users/presidio/Desktop/Genspark/MiniProject/VehicleServiceManagement/Controllers/MechanicController.cs:line 29

2025-07-04 15:15:38Z [ERROR] Error Downlodaing bill
2025-07-04 15:16:21Z [ERROR] Error Downlodaing bill
2025-07-04 15:19:49Z [ERROR] Error Downlodaing bill
2025-07-04 15:39:41Z [ERROR] Error Downlodaing bill
2025-07-04 15:39:45Z [ERROR] Error Downlodaing bill
2025-07-04 15:39:53Z [ERROR] Error Downlodaing bill
2025-07-04 15:40:00Z [ERROR] Error Downlodaing bill
2025-07-04 15:41:03Z [ERROR] Error Downlodaing bill
2025-07-04 15:42:10Z [ERROR] Error Downlodaing bill
2025-07-04 15:42:45Z [ERROR] Error Downlodaing bill
2025-07-04 15:42:49Z [ERROR] Error Downlodaing bill
2025-07-04 15:42:55Z [ERROR] Error Downlodaing bill
2025-07-04 15:43:05Z [ERROR] Error Downlodaing bill
2025-07-04 15:49:16Z [ERROR] Error Downlodaing bill
2025-07-04 15:52:08Z [ERROR] Error Downlodaing bill
2025-07-04 15:55:42Z [ERROR] Error Downlodaing bill
2025-07-04 15:55:46Z [ERROR] Error Downlodaing bill
2025-07-04 15:55:47Z [ERROR] Error Downlodaing bill
2025-07-04 15:55:51Z [ERROR] Error Downlodaing bill
2025-07-04 15:56:12Z [ERROR] Error Downlodaing bill
2025-07-04 15:56:15Z [ERROR] Error Getting All ServiceRecords
System.Exception: No service records found
   at VSM.Services.ServiceRecordService.GetAll(Int32 page, Int32 pageSize, String search) in /Users/presidio/Desktop/Genspark/MiniProject/VehicleServiceManagement/Services/ServiceRecordService.cs:line 74
   at VSM.Controllers.ServiceRecordController.GetAll(Int32 page, Int32 pageSize, String search) in /Users/presidio/Desktop/Genspark/MiniProject/VehicleServiceManagement/Controllers/ServiceRecordController.cs:line 77

2025-07-04 15:56:42Z [ERROR] Error Getting All ServiceRecords
System.Exception: No service records found
   at VSM.Services.ServiceRecordService.GetAll(Int32 page, Int32 pageSize, String search) in /Users/presidio/Desktop/Genspark/MiniProject/VehicleServiceManagement/Services/ServiceRecordService.cs:line 74
   at VSM.Controllers.ServiceRecordController.GetAll(Int32 page, Int32 pageSize, String search) in /Users/presidio/Desktop/Genspark/MiniProject/VehicleServiceManagement/Controllers/ServiceRecordController.cs:line 77

2025-07-04 15:59:06Z [ERROR] Error Downlodaing bill
2025-07-04 15:59:08Z [ERROR] Error Getting All ServiceRecords
System.Exception: No service records found
   at VSM.Services.ServiceRecordService.GetAll(Int32 page, Int32 pageSize, String search) in /Users/presidio/Desktop/Genspark/MiniProject/VehicleServiceManagement/Services/ServiceRecordService.cs:line 74
   at VSM.Controllers.ServiceRecordController.GetAll(Int32 page, Int32 pageSize, String search) in /Users/presidio/Desktop/Genspark/MiniProject/VehicleServiceManagement/Controllers/ServiceRecordController.cs:line 77

2025-07-04 15:59:29Z [ERROR] Error Downlodaing bill
2025-07-04 15:59:32Z [ERROR] Error Getting All ServiceRecords
System.Exception: No service records found
   at VSM.Services.ServiceRecordService.GetAll(Int32 page, Int32 pageSize, String search) in /Users/presidio/Desktop/Genspark/MiniProject/VehicleServiceManagement/Services/ServiceRecordService.cs:line 74
   at VSM.Controllers.ServiceRecordController.GetAll(Int32 page, Int32 pageSize, String search) in /Users/presidio/Desktop/Genspark/MiniProject/VehicleServiceManagement/Controllers/ServiceRecordController.cs:line 77

2025-07-04 16:00:05Z [ERROR] Error Getting All ServiceRecords
System.Exception: No service records found
   at VSM.Services.ServiceRecordService.GetAll(Int32 page, Int32 pageSize, String search) in /Users/presidio/Desktop/Genspark/MiniProject/VehicleServiceManagement/Services/ServiceRecordService.cs:line 74
   at VSM.Controllers.ServiceRecordController.GetAll(Int32 page, Int32 pageSize, String search) in /Users/presidio/Desktop/Genspark/MiniProject/VehicleServiceManagement/Controllers/ServiceRecordController.cs:line 77

2025-07-04 16:00:08Z [ERROR] Error Getting All ServiceRecords
System.Exception: No service records found
   at VSM.Services.ServiceRecordService.GetAll(Int32 page, Int32 pageSize, String search) in /Users/presidio/Desktop/Genspark/MiniProject/VehicleServiceManagement/Services/ServiceRecordService.cs:line 74
   at VSM.Controllers.ServiceRecordController.GetAll(Int32 page, Int32 pageSize, String search) in /Users/presidio/Desktop/Genspark/MiniProject/VehicleServiceManagement/Controllers/ServiceRecordController.cs:line 77

2025-07-04 16:00:12Z [ERROR] Error Getting All ServiceRecords
System.Exception: No service records found
   at VSM.Services.ServiceRecordService.GetAll(Int32 page, Int32 pageSize, String search) in /Users/presidio/Desktop/Genspark/MiniProject/VehicleServiceManagement/Services/ServiceRecordService.cs:line 74
   at VSM.Controllers.ServiceRecordController.GetAll(Int32 page, Int32 pageSize, String search) in /Users/presidio/Desktop/Genspark/MiniProject/VehicleServiceManagement/Controllers/ServiceRecordController.cs:line 77

2025-07-04 16:02:16Z [ERROR] Error Getting All ServiceRecords
System.Exception: No service records found
   at VSM.Services.ServiceRecordService.GetAll(Int32 page, Int32 pageSize, String search) in /Users/presidio/Desktop/Genspark/MiniProject/VehicleServiceManagement/Services/ServiceRecordService.cs:line 74
   at VSM.Controllers.ServiceRecordController.GetAll(Int32 page, Int32 pageSize, String search) in /Users/presidio/Desktop/Genspark/MiniProject/VehicleServiceManagement/Controllers/ServiceRecordController.cs:line 77

2025-07-04 16:03:44Z [ERROR] Error Downlodaing bill
2025-07-04 16:03:47Z [ERROR] Error Getting All ServiceRecords
System.Exception: No service records found
   at VSM.Services.ServiceRecordService.GetAll(Int32 page, Int32 pageSize, String search) in /Users/presidio/Desktop/Genspark/MiniProject/VehicleServiceManagement/Services/ServiceRecordService.cs:line 74
   at VSM.Controllers.ServiceRecordController.GetAll(Int32 page, Int32 pageSize, String search) in /Users/presidio/Desktop/Genspark/MiniProject/VehicleServiceManagement/Controllers/ServiceRecordController.cs:line 77

2025-07-04 16:03:58Z [ERROR] Error Downlodaing bill
2025-07-04 16:04:00Z [ERROR] Error Getting All ServiceRecords
System.Exception: No service records found
   at VSM.Services.ServiceRecordService.GetAll(Int32 page, Int32 pageSize, String search) in /Users/presidio/Desktop/Genspark/MiniProject/VehicleServiceManagement/Services/ServiceRecordService.cs:line 74
   at VSM.Controllers.ServiceRecordController.GetAll(Int32 page, Int32 pageSize, String search) in /Users/presidio/Desktop/Genspark/MiniProject/VehicleServiceManagement/Controllers/ServiceRecordController.cs:line 77

2025-07-04 16:04:08Z [ERROR] Error Downlodaing bill
2025-07-04 16:04:10Z [ERROR] Error Downlodaing bill
2025-07-04 16:04:13Z [ERROR] Error Getting All ServiceRecords
System.Exception: No service records found
   at VSM.Services.ServiceRecordService.GetAll(Int32 page, Int32 pageSize, String search) in /Users/presidio/Desktop/Genspark/MiniProject/VehicleServiceManagement/Services/ServiceRecordService.cs:line 74
   at VSM.Controllers.ServiceRecordController.GetAll(Int32 page, Int32 pageSize, String search) in /Users/presidio/Desktop/Genspark/MiniProject/VehicleServiceManagement/Controllers/ServiceRecordController.cs:line 77

2025-07-04 16:04:13Z [ERROR] Error Downlodaing bill
2025-07-04 16:04:16Z [ERROR] Error Getting All ServiceRecords
System.Exception: No service records found
   at VSM.Services.ServiceRecordService.GetAll(Int32 page, Int32 pageSize, String search) in /Users/presidio/Desktop/Genspark/MiniProject/VehicleServiceManagement/Services/ServiceRecordService.cs:line 74
   at VSM.Controllers.ServiceRecordController.GetAll(Int32 page, Int32 pageSize, String search) in /Users/presidio/Desktop/Genspark/MiniProject/VehicleServiceManagement/Controllers/ServiceRecordController.cs:line 77

2025-07-04 16:04:37Z [ERROR] Error Downlodaing bill
2025-07-04 16:04:40Z [ERROR] Error Getting All ServiceRecords
System.Exception: No service records found
   at VSM.Services.ServiceRecordService.GetAll(Int32 page, Int32 pageSize, String search) in /Users/presidio/Desktop/Genspark/MiniProject/VehicleServiceManagement/Services/ServiceRecordService.cs:line 74
   at VSM.Controllers.ServiceRecordController.GetAll(Int32 page, Int32 pageSize, String search) in /Users/presidio/Desktop/Genspark/MiniProject/VehicleServiceManagement/Controllers/ServiceRecordController.cs:line 77

2025-07-04 16:04:42Z [ERROR] Error Downlodaing bill
2025-07-04 16:04:44Z [ERROR] Error Getting All ServiceRecords
System.Exception: No service records found
   at VSM.Services.ServiceRecordService.GetAll(Int32 page, Int32 pageSize, String search) in /Users/presidio/Desktop/Genspark/MiniProject/VehicleServiceManagement/Services/ServiceRecordService.cs:line 74
   at VSM.Controllers.ServiceRecordController.GetAll(Int32 page, Int32 pageSize, String search) in /Users/presidio/Desktop/Genspark/MiniProject/VehicleServiceManagement/Controllers/ServiceRecordController.cs:line 77

2025-07-04 16:04:48Z [ERROR] Error Downlodaing bill
2025-07-04 16:04:49Z [ERROR] Error Downlodaing bill
2025-07-04 16:04:52Z [ERROR] Error Getting All ServiceRecords
System.Exception: No service records found
   at VSM.Services.ServiceRecordService.GetAll(Int32 page, Int32 pageSize, String search) in /Users/presidio/Desktop/Genspark/MiniProject/VehicleServiceManagement/Services/ServiceRecordService.cs:line 74
   at VSM.Controllers.ServiceRecordController.GetAll(Int32 page, Int32 pageSize, String search) in /Users/presidio/Desktop/Genspark/MiniProject/VehicleServiceManagement/Controllers/ServiceRecordController.cs:line 77

2025-07-04 16:05:25Z [ERROR] Error Downlodaing bill
2025-07-04 16:05:27Z [ERROR] Error Downlodaing bill
2025-07-04 16:05:56Z [ERROR] Error Getting All ServiceRecords
System.Exception: No service records found
   at VSM.Services.ServiceRecordService.GetAll(Int32 page, Int32 pageSize, String search) in /Users/presidio/Desktop/Genspark/MiniProject/VehicleServiceManagement/Services/ServiceRecordService.cs:line 74
   at VSM.Controllers.ServiceRecordController.GetAll(Int32 page, Int32 pageSize, String search) in /Users/presidio/Desktop/Genspark/MiniProject/VehicleServiceManagement/Controllers/ServiceRecordController.cs:line 77

2025-07-04 16:08:23Z [ERROR] Error Downlodaing bill
2025-07-04 16:08:57Z [ERROR] Error Downlodaing bill
2025-07-04 16:09:19Z [ERROR] Error Downlodaing bill
2025-07-04 16:09:53Z [ERROR] Error Downlodaing bill
2025-07-04 16:09:57Z [ERROR] Error Downlodaing bill
2025-07-04 16:10:01Z [ERROR] Error Downlodaing bill
2025-07-07 14:47:36Z [ERROR] Error Downlodaing bill
2025-07-07 14:47:45Z [ERROR] Error Downlodaing bill
2025-07-07 14:48:54Z [ERROR] Error Downlodaing bill
2025-07-07 14:51:00Z [ERROR] Error Downlodaing bill
2025-07-07 14:51:09Z [ERROR] Error Downlodaing bill
2025-07-07 14:51:13Z [ERROR] Error Getting All ServiceRecords
System.Exception: No service records found
   at VSM.Services.ServiceRecordService.GetAll(Int32 page, Int32 pageSize, String search) in /Users/presidio/Desktop/Genspark/MiniProject/VehicleServiceManagement/Services/ServiceRecordService.cs:line 74
   at VSM.Controllers.ServiceRecordController.GetAll(Int32 page, Int32 pageSize, String search) in /Users/presidio/Desktop/Genspark/MiniProject/VehicleServiceManagement/Controllers/ServiceRecordController.cs:line 77

2025-07-07 14:51:23Z [ERROR] Error Getting All ServiceRecords
System.Exception: No service records found
   at VSM.Services.ServiceRecordService.GetAll(Int32 page, Int32 pageSize, String search) in /Users/presidio/Desktop/Genspark/MiniProject/VehicleServiceManagement/Services/ServiceRecordService.cs:line 74
   at VSM.Controllers.ServiceRecordController.GetAll(Int32 page, Int32 pageSize, String search) in /Users/presidio/Desktop/Genspark/MiniProject/VehicleServiceManagement/Controllers/ServiceRecordController.cs:line 77

2025-07-07 14:53:35Z [ERROR] Error Downlodaing bill
2025-07-07 14:53:48Z [ERROR] Error Downlodaing bill
2025-07-07 15:19:38Z [ERROR] Error Downlodaing bill
2025-07-11 11:32:21Z [ERROR] Error Creating Booking
Azure.RequestFailedException: Public access is not permitted on this storage account.
RequestId:e3c511f1-f01e-0004-6c29-f22ee7000000
Time:2025-07-11T06:02:21.1615810Z
Status: 409 (Public access is not permitted on this storage account.)
ErrorCode: PublicAccessNotPermitted

Content:
﻿<?xml version="1.0" encoding="utf-8"?><Error><Code>PublicAccessNotPermitted</Code><Message>Public access is not permitted on this storage account.
RequestId:e3c511f1-f01e-0004-6c29-f22ee7000000
Time:2025-07-11T06:02:21.1615810Z</Message></Error>

Headers:
Server: Windows-Azure-Blob/1.0 Microsoft-HTTPAPI/2.0
x-ms-request-id: e3c511f1-f01e-0004-6c29-f22ee7000000
x-ms-client-request-id: dc80b915-b85c-4e7b-8e6c-3990161dc29d
x-ms-version: 2025-05-05
x-ms-error-code: PublicAccessNotPermitted
Date: Fri, 11 Jul 2025 06:02:21 GMT
Content-Length: 248
Content-Type: application/xml

   at Azure.Storage.Blobs.ContainerRestClient.SetAccessPolicyAsync(Nullable`1 timeout, String leaseId, Nullable`1 access, Nullable`1 ifModifiedSince, Nullable`1 ifUnmodifiedSince, IEnumerable`1 containerAcl, CancellationToken cancellationToken)
   at Azure.Storage.Blobs.BlobContainerClient.SetAccessPolicyInternal(PublicAccessType accessType, IEnumerable`1 permissions, BlobRequestConditions conditions, Boolean async, CancellationToken cancellationToken)
   at Azure.Storage.Blobs.BlobContainerClient.SetAccessPolicyAsync(PublicAccessType accessType, IEnumerable`1 permissions, BlobRequestConditions conditions, CancellationToken cancellationToken)
   at VSM.Services.AzureBlobService.UploadAsync(IFormFile file) in /Users/presidio/Desktop/Genspark/MiniProject/VehicleServiceManagement/Services/AzureService.cs:line 25
   at VSM.Services.BookingService.CreateBooking(BookingAddDto dto) in /Users/presidio/Desktop/Genspark/MiniProject/VehicleServiceManagement/Services/BookingService.cs:line 57
   at VSM.Controllers.BookingController.CreateBooking(BookingAddDto dto) in /Users/presidio/Desktop/Genspark/MiniProject/VehicleServiceManagement/Controllers/Bookingcontroller.cs:line 30

2025-07-11 11:48:20Z [ERROR] Error Creating Booking
System.Exception: Customer already has a booking for this slot.
   at VSM.Services.BookingService.CreateBooking(BookingAddDto dto) in /Users/presidio/Desktop/Genspark/MiniProject/VehicleServiceManagement/Services/BookingService.cs:line 65
   at VSM.Controllers.BookingController.CreateBooking(BookingAddDto dto) in /Users/presidio/Desktop/Genspark/MiniProject/VehicleServiceManagement/Controllers/Bookingcontroller.cs:line 30

