2025-07-18 10:55:46 [Debug] Registered SignalR Protocol: "json", implemented by "Microsoft.AspNetCore.SignalR.Protocol.JsonHubProtocol".
2025-07-18 10:55:46 [Debug] Registered model binder providers, in the following order: ["Microsoft.AspNetCore.Mvc.Versioning.ApiVersionModelBinderProvider", "Microsoft.AspNetCore.Mvc.ModelBinding.Binders.BinderTypeModelBinderProvider", "Microsoft.AspNetCore.Mvc.ModelBinding.Binders.ServicesModelBinderProvider", "Microsoft.AspNetCore.Mvc.ModelBinding.Binders.BodyModelBinderProvider", "Microsoft.AspNetCore.Mvc.ModelBinding.Binders.HeaderModelBinderProvider", "Microsoft.AspNetCore.Mvc.ModelBinding.Binders.FloatingPointTypeModelBinderProvider", "Microsoft.AspNetCore.Mvc.ModelBinding.Binders.EnumTypeModelBinderProvider", "Microsoft.AspNetCore.Mvc.ModelBinding.Binders.DateTimeModelBinderProvider", "Microsoft.AspNetCore.Mvc.ModelBinding.Binders.SimpleTypeModelBinderProvider", "Microsoft.AspNetCore.Mvc.ModelBinding.Binders.TryParseModelBinderProvider", "Microsoft.AspNetCore.Mvc.ModelBinding.Binders.CancellationTokenModelBinderProvider", "Microsoft.AspNetCore.Mvc.ModelBinding.Binders.ByteArrayModelBinderProvider", "Microsoft.AspNetCore.Mvc.ModelBinding.Binders.FormFileModelBinderProvider", "Microsoft.AspNetCore.Mvc.ModelBinding.Binders.FormCollectionModelBinderProvider", "Microsoft.AspNetCore.Mvc.ModelBinding.Binders.KeyValuePairModelBinderProvider", "Microsoft.AspNetCore.Mvc.ModelBinding.Binders.DictionaryModelBinderProvider", "Microsoft.AspNetCore.Mvc.ModelBinding.Binders.ArrayModelBinderProvider", "Microsoft.AspNetCore.Mvc.ModelBinding.Binders.CollectionModelBinderProvider", "Microsoft.AspNetCore.Mvc.ModelBinding.Binders.ComplexObjectModelBinderProvider"]
2025-07-18 10:55:47 [Debug] Hosting starting
2025-07-18 10:55:47 [Information] User profile is available. Using '"/Users/presidio/.aspnet/DataProtection-Keys"' as key repository; keys will not be encrypted at rest.
2025-07-18 10:55:47 [Debug] Reading data from file '"/Users/presidio/.aspnet/DataProtection-Keys/key-cf15f4e9-0e1e-4dd8-9046-30896a9bd09a.xml"'.
2025-07-18 10:55:47 [Debug] Found key {cf15f4e9-0e1e-4dd8-9046-30896a9bd09a}.
2025-07-18 10:55:47 [Debug] Considering key {cf15f4e9-0e1e-4dd8-9046-30896a9bd09a} with expiration date 2025-09-19 13:23:33Z as default key.
2025-07-18 10:55:47 [Debug] Forwarded activator type request from "Microsoft.AspNetCore.DataProtection.AuthenticatedEncryption.ConfigurationModel.AuthenticatedEncryptorDescriptorDeserializer, Microsoft.AspNetCore.DataProtection, Version=9.0.0.0, Culture=neutral, PublicKeyToken=adb9793829ddae60" to "Microsoft.AspNetCore.DataProtection.AuthenticatedEncryption.ConfigurationModel.AuthenticatedEncryptorDescriptorDeserializer, Microsoft.AspNetCore.DataProtection, Culture=neutral, PublicKeyToken=adb9793829ddae60"
2025-07-18 10:55:47 [Debug] Using managed symmetric algorithm '"System.Security.Cryptography.Aes"'.
2025-07-18 10:55:47 [Debug] Using managed keyed hash algorithm '"System.Security.Cryptography.HMACSHA256"'.
2025-07-18 10:55:47 [Debug] Using key {cf15f4e9-0e1e-4dd8-9046-30896a9bd09a} as the default key.
2025-07-18 10:55:47 [Debug] Key ring with default key {cf15f4e9-0e1e-4dd8-9046-30896a9bd09a} was loaded during application startup.
2025-07-18 10:55:47 [Debug] Middleware configuration started with options: "{AllowedHosts = *, AllowEmptyHosts = True, IncludeFailureMessage = True}"
2025-07-18 10:55:47 [Debug] Wildcard detected, all requests with hosts will be allowed.
2025-07-18 10:55:47 [Information] Now listening on: "https://localhost:7176"
2025-07-18 10:55:47 [Information] Now listening on: "http://localhost:5154"
2025-07-18 10:55:47 [Debug] Loaded hosting startup assembly "VehicleServiceManagement"
2025-07-18 10:55:47 [Information] Application started. Press Ctrl+C to shut down.
2025-07-18 10:55:47 [Information] Hosting environment: "Development"
2025-07-18 10:55:47 [Information] Content root path: "/Users/presidio/Desktop/Genspark/MiniProject/VehicleServiceManagement"
2025-07-18 10:55:47 [Debug] Hosting started
2025-07-18 10:55:56 [Debug] Connection id ""0HNE5NE9BLR6D"" accepted.
2025-07-18 10:55:56 [Debug] Connection id ""0HNE5NE9BLR6D"" started.
2025-07-18 10:55:56 [Debug] Connection "0HNE5NE9BLR6D" established using the following protocol: Tls12
2025-07-18 10:55:56 [Information] Request starting "HTTP/2" "OPTIONS" "https"://"localhost:7176""""/api/v1/Customer/email/sg@gmail.com""" - null null
2025-07-18 10:55:56 [Information] Request starting "HTTP/2" "OPTIONS" "https"://"localhost:7176""""/api/v1/Booking""" - null null
2025-07-18 10:55:56 [Debug] 1 candidate(s) found for the request path '"/api/v1/Booking"'
2025-07-18 10:55:56 [Debug] 1 candidate(s) found for the request path '"/api/v1/Customer/email/sg@gmail.com"'
2025-07-18 10:55:56 [Debug] Request matched endpoint '"405 HTTP Method Not Supported"'
2025-07-18 10:55:56 [Debug] Request matched endpoint '"405 HTTP Method Not Supported"'
2025-07-18 10:55:56 [Debug] AuthenticationScheme: "Bearer" was not authenticated.
2025-07-18 10:55:56 [Debug] AuthenticationScheme: "Bearer" was not authenticated.
2025-07-18 10:55:57 [Debug] Static files was skipped as the request already matched an endpoint.
2025-07-18 10:55:57 [Debug] Static files was skipped as the request already matched an endpoint.
2025-07-18 10:55:57 [Debug] Static files was skipped as the request already matched an endpoint.
2025-07-18 10:55:57 [Debug] Static files was skipped as the request already matched an endpoint.
2025-07-18 10:55:57 [Debug] The request has an origin header: '"http://localhost:4200"'.
2025-07-18 10:55:57 [Debug] The request has an origin header: '"http://localhost:4200"'.
2025-07-18 10:55:57 [Information] CORS policy execution successful.
2025-07-18 10:55:57 [Information] CORS policy execution successful.
2025-07-18 10:55:57 [Debug] The request is a preflight request.
2025-07-18 10:55:57 [Debug] The request is a preflight request.
2025-07-18 10:55:57 [Information] Request finished "HTTP/2" "OPTIONS" "https"://"localhost:7176""""/api/v1/Booking""" - 204 null null 141.2559ms
2025-07-18 10:55:57 [Information] Request finished "HTTP/2" "OPTIONS" "https"://"localhost:7176""""/api/v1/Customer/email/sg@gmail.com""" - 204 null null 141.2106ms
2025-07-18 10:55:57 [Information] Request starting "HTTP/2" "GET" "https"://"localhost:7176""""/api/v1/Customer/email/sg@gmail.com""" - "application/json" null
2025-07-18 10:55:57 [Information] Request starting "HTTP/2" "GET" "https"://"localhost:7176""""/api/v1/Booking""" - "application/json" null
2025-07-18 10:55:57 [Debug] 1 candidate(s) found for the request path '"/api/v1/Booking"'
2025-07-18 10:55:57 [Debug] 1 candidate(s) found for the request path '"/api/v1/Customer/email/sg@gmail.com"'
2025-07-18 10:55:57 [Debug] Endpoint '"VSM.Controllers.CustomerController.GetByEmail (VehicleServiceManagement)"' with route pattern '"api/v{version:apiVersion}/Customer/email/{email}"' is valid for the request path '"/api/v1/Customer/email/sg@gmail.com"'
2025-07-18 10:55:57 [Debug] Endpoint '"VSM.Controllers.BookingController.GetAll (VehicleServiceManagement)"' with route pattern '"api/v{version:apiVersion}/Booking"' is valid for the request path '"/api/v1/Booking"'
2025-07-18 10:55:57 [Debug] Request matched endpoint '"VSM.Controllers.BookingController.GetAll (VehicleServiceManagement)"'
2025-07-18 10:55:57 [Debug] Request matched endpoint '"VSM.Controllers.CustomerController.GetByEmail (VehicleServiceManagement)"'
2025-07-18 10:55:57 [Information] Request starting "HTTP/2" "OPTIONS" "https"://"localhost:7176""""/api/v1/Analytics/dashboard""" - null null
2025-07-18 10:55:57 [Debug] 1 candidate(s) found for the request path '"/api/v1/Analytics/dashboard"'
2025-07-18 10:55:57 [Debug] Request matched endpoint '"405 HTTP Method Not Supported"'
2025-07-18 10:55:57 [Debug] AuthenticationScheme: "Bearer" was not authenticated.
2025-07-18 10:55:57 [Debug] Static files was skipped as the request already matched an endpoint.
2025-07-18 10:55:57 [Debug] Static files was skipped as the request already matched an endpoint.
2025-07-18 10:55:57 [Debug] The request has an origin header: '"http://localhost:4200"'.
2025-07-18 10:55:57 [Information] CORS policy execution successful.
2025-07-18 10:55:57 [Debug] The request is a preflight request.
2025-07-18 10:55:57 [Information] Request finished "HTTP/2" "OPTIONS" "https"://"localhost:7176""""/api/v1/Analytics/dashboard""" - 204 null null 2.7654ms
2025-07-18 10:55:57 [Information] Request starting "HTTP/2" "GET" "https"://"localhost:7176""""/api/v1/Analytics/dashboard""" - "application/json" null
2025-07-18 10:55:57 [Debug] 1 candidate(s) found for the request path '"/api/v1/Analytics/dashboard"'
2025-07-18 10:55:57 [Debug] Endpoint '"AnalyticsController.GetDashboardStats (VehicleServiceManagement)"' with route pattern '"api/v1/Analytics/dashboard"' is valid for the request path '"/api/v1/Analytics/dashboard"'
2025-07-18 10:55:57 [Debug] Request matched endpoint '"AnalyticsController.GetDashboardStats (VehicleServiceManagement)"'
2025-07-18 10:55:57 [Debug] Successfully validated the token.
2025-07-18 10:55:57 [Debug] Successfully validated the token.
2025-07-18 10:55:57 [Debug] Successfully validated the token.
2025-07-18 10:55:57 [Debug] AuthenticationScheme: "Bearer" was successfully authenticated.
2025-07-18 10:55:57 [Debug] AuthenticationScheme: "Bearer" was successfully authenticated.
2025-07-18 10:55:57 [Debug] AuthenticationScheme: "Bearer" was successfully authenticated.
2025-07-18 10:55:57 [Debug] Authorization was successful.
2025-07-18 10:55:57 [Debug] Authorization was successful.
2025-07-18 10:55:57 [Debug] Authorization was successful.
2025-07-18 10:55:57 [Debug] Static files was skipped as the request already matched an endpoint.
2025-07-18 10:55:57 [Debug] Static files was skipped as the request already matched an endpoint.
2025-07-18 10:55:57 [Debug] Static files was skipped as the request already matched an endpoint.
2025-07-18 10:55:57 [Debug] Static files was skipped as the request already matched an endpoint.
2025-07-18 10:55:57 [Debug] Static files was skipped as the request already matched an endpoint.
2025-07-18 10:55:57 [Debug] Static files was skipped as the request already matched an endpoint.
2025-07-18 10:55:57 [Debug] The request has an origin header: '"http://localhost:4200"'.
2025-07-18 10:55:57 [Debug] The request has an origin header: '"http://localhost:4200"'.
2025-07-18 10:55:57 [Information] CORS policy execution successful.
2025-07-18 10:55:57 [Information] CORS policy execution successful.
2025-07-18 10:55:57 [Debug] The request has an origin header: '"http://localhost:4200"'.
2025-07-18 10:55:57 [Information] CORS policy execution successful.
2025-07-18 10:55:57 [Information] Executing endpoint '"VSM.Controllers.BookingController.GetAll (VehicleServiceManagement)"'
2025-07-18 10:55:57 [Information] Executing endpoint '"AnalyticsController.GetDashboardStats (VehicleServiceManagement)"'
2025-07-18 10:55:57 [Information] Executing endpoint '"VSM.Controllers.CustomerController.GetByEmail (VehicleServiceManagement)"'
2025-07-18 10:55:57 [Information] Route matched with "{action = \"GetAll\", controller = \"Booking\"}". Executing controller action with signature "System.Threading.Tasks.Task`1[Microsoft.AspNetCore.Mvc.ActionResult`1[System.Collections.Generic.IEnumerable`1[VSM.DTO.BookingDisplayDto]]] GetAll()" on controller "VSM.Controllers.BookingController" ("VehicleServiceManagement").
2025-07-18 10:55:57 [Information] Route matched with "{action = \"GetByEmail\", controller = \"Customer\"}". Executing controller action with signature "System.Threading.Tasks.Task`1[Microsoft.AspNetCore.Mvc.ActionResult`1[VSM.DTO.CustomerDisplayDto]] GetByEmail(System.String)" on controller "VSM.Controllers.CustomerController" ("VehicleServiceManagement").
2025-07-18 10:55:57 [Information] Route matched with "{action = \"GetDashboardStats\", controller = \"Analytics\"}". Executing controller action with signature "System.Threading.Tasks.Task`1[Microsoft.AspNetCore.Mvc.ActionResult`1[DashboardAnalyticsDto]] GetDashboardStats(System.String, System.Nullable`1[System.DateTime], System.Nullable`1[System.DateTime])" on controller "AnalyticsController" ("VehicleServiceManagement").
2025-07-18 10:55:57 [Debug] Execution plan of "authorization" filters (in the following order): ["None"]
2025-07-18 10:55:57 [Debug] Execution plan of "authorization" filters (in the following order): ["None"]
2025-07-18 10:55:57 [Debug] Execution plan of "authorization" filters (in the following order): ["None"]
2025-07-18 10:55:57 [Debug] Execution plan of "resource" filters (in the following order): ["None"]
2025-07-18 10:55:57 [Debug] Execution plan of "resource" filters (in the following order): ["None"]
2025-07-18 10:55:57 [Debug] Execution plan of "resource" filters (in the following order): ["None"]
2025-07-18 10:55:57 [Debug] Execution plan of "action" filters (in the following order): ["Microsoft.AspNetCore.Mvc.ModelBinding.UnsupportedContentTypeFilter (Order: -3000)", "Microsoft.AspNetCore.Mvc.Infrastructure.ModelStateInvalidFilter (Order: -2000)", "Microsoft.AspNetCore.Mvc.ReportApiVersionsAttribute (Order: 0)"]
2025-07-18 10:55:57 [Debug] Execution plan of "action" filters (in the following order): ["Microsoft.AspNetCore.Mvc.ModelBinding.UnsupportedContentTypeFilter (Order: -3000)", "Microsoft.AspNetCore.Mvc.Infrastructure.ModelStateInvalidFilter (Order: -2000)", "Microsoft.AspNetCore.Mvc.ReportApiVersionsAttribute (Order: 0)"]
2025-07-18 10:55:57 [Debug] Execution plan of "action" filters (in the following order): ["Microsoft.AspNetCore.Mvc.ModelBinding.UnsupportedContentTypeFilter (Order: -3000)", "Microsoft.AspNetCore.Mvc.Infrastructure.ModelStateInvalidFilter (Order: -2000)", "Microsoft.AspNetCore.Mvc.ReportApiVersionsAttribute (Order: 0)"]
2025-07-18 10:55:57 [Debug] Execution plan of "exception" filters (in the following order): ["None"]
2025-07-18 10:55:57 [Debug] Execution plan of "exception" filters (in the following order): ["None"]
2025-07-18 10:55:57 [Debug] Execution plan of "exception" filters (in the following order): ["None"]
2025-07-18 10:55:57 [Debug] Execution plan of "result" filters (in the following order): ["Microsoft.AspNetCore.Mvc.Infrastructure.ClientErrorResultFilter (Order: -2000)", "Microsoft.AspNetCore.Mvc.ReportApiVersionsAttribute (Order: 0)"]
2025-07-18 10:55:57 [Debug] Execution plan of "result" filters (in the following order): ["Microsoft.AspNetCore.Mvc.Infrastructure.ClientErrorResultFilter (Order: -2000)", "Microsoft.AspNetCore.Mvc.ReportApiVersionsAttribute (Order: 0)"]
2025-07-18 10:55:57 [Debug] Execution plan of "result" filters (in the following order): ["Microsoft.AspNetCore.Mvc.Infrastructure.ClientErrorResultFilter (Order: -2000)", "Microsoft.AspNetCore.Mvc.ReportApiVersionsAttribute (Order: 0)"]
2025-07-18 10:55:57 [Debug] Executing controller factory for controller "AnalyticsController" ("VehicleServiceManagement")
2025-07-18 10:55:57 [Debug] Executing controller factory for controller "VSM.Controllers.BookingController" ("VehicleServiceManagement")
2025-07-18 10:55:57 [Debug] Executing controller factory for controller "VSM.Controllers.CustomerController" ("VehicleServiceManagement")
2025-07-18 10:55:57 [Debug] An 'IServiceProvider' was created for internal use by Entity Framework.
2025-07-18 10:55:57 [Debug] An 'IServiceProvider' was created for internal use by Entity Framework.
2025-07-18 10:55:57 [Debug] An 'IServiceProvider' was created for internal use by Entity Framework.
2025-07-18 10:55:57 [Debug] Executed controller factory for controller "AnalyticsController" ("VehicleServiceManagement")
2025-07-18 10:55:57 [Debug] Executed controller factory for controller "VSM.Controllers.CustomerController" ("VehicleServiceManagement")
2025-07-18 10:55:57 [Debug] Executed controller factory for controller "VSM.Controllers.BookingController" ("VehicleServiceManagement")
2025-07-18 10:55:57 [Debug] Attempting to bind parameter '"phone"' of type '"System.String"' ...
2025-07-18 10:55:57 [Debug] Attempting to bind parameter '"email"' of type '"System.String"' ...
2025-07-18 10:55:57 [Debug] Attempting to bind parameter '"phone"' of type '"System.String"' using the name '""' in request data ...
2025-07-18 10:55:57 [Debug] Attempting to bind parameter '"email"' of type '"System.String"' using the name '"email"' in request data ...
2025-07-18 10:55:57 [Debug] Done attempting to bind parameter '"email"' of type '"System.String"'.
2025-07-18 10:55:57 [Debug] Done attempting to bind parameter '"email"' of type '"System.String"'.
2025-07-18 10:55:57 [Debug] Could not find a value in the request with name '""' for binding parameter '"phone"' of type '"System.String"'.
2025-07-18 10:55:57 [Debug] Attempting to validate the bound parameter '"email"' of type '"System.String"' ...
2025-07-18 10:55:57 [Debug] Done attempting to bind parameter '"phone"' of type '"System.String"'.
2025-07-18 10:55:57 [Debug] Done attempting to bind parameter '"phone"' of type '"System.String"'.
2025-07-18 10:55:57 [Debug] Attempting to validate the bound parameter '"phone"' of type '"System.String"' ...
2025-07-18 10:55:57 [Debug] Done attempting to validate the bound parameter '"phone"' of type '"System.String"'.
2025-07-18 10:55:57 [Debug] Attempting to bind parameter '"from"' of type '"System.Nullable`1[System.DateTime]"' ...
2025-07-18 10:55:57 [Debug] Attempting to bind parameter '"from"' of type '"System.Nullable`1[System.DateTime]"' using the name '""' in request data ...
2025-07-18 10:55:57 [Debug] Could not find a value in the request with name '""' for binding parameter '"from"' of type '"System.Nullable`1[System.DateTime]"'.
2025-07-18 10:55:57 [Debug] Done attempting to bind parameter '"from"' of type '"System.Nullable`1[System.DateTime]"'.
2025-07-18 10:55:57 [Debug] Done attempting to bind parameter '"from"' of type '"System.Nullable`1[System.DateTime]"'.
2025-07-18 10:55:57 [Debug] Attempting to validate the bound parameter '"from"' of type '"System.Nullable`1[System.DateTime]"' ...
2025-07-18 10:55:57 [Debug] Done attempting to validate the bound parameter '"from"' of type '"System.Nullable`1[System.DateTime]"'.
2025-07-18 10:55:57 [Debug] Attempting to bind parameter '"to"' of type '"System.Nullable`1[System.DateTime]"' ...
2025-07-18 10:55:57 [Debug] Attempting to bind parameter '"to"' of type '"System.Nullable`1[System.DateTime]"' using the name '""' in request data ...
2025-07-18 10:55:57 [Debug] Could not find a value in the request with name '""' for binding parameter '"to"' of type '"System.Nullable`1[System.DateTime]"'.
2025-07-18 10:55:57 [Debug] Done attempting to bind parameter '"to"' of type '"System.Nullable`1[System.DateTime]"'.
2025-07-18 10:55:57 [Debug] Done attempting to bind parameter '"to"' of type '"System.Nullable`1[System.DateTime]"'.
2025-07-18 10:55:57 [Debug] Attempting to validate the bound parameter '"to"' of type '"System.Nullable`1[System.DateTime]"' ...
2025-07-18 10:55:57 [Debug] Done attempting to validate the bound parameter '"to"' of type '"System.Nullable`1[System.DateTime]"'.
2025-07-18 10:55:57 [Debug] Done attempting to validate the bound parameter '"email"' of type '"System.String"'.
2025-07-18 10:55:57 [Debug] The index "{'ServiceCategoriesCategoryID'}" was not created on entity type '"ServiceServiceCategory (Dictionary<string, object>)"' as the properties are already covered by the index "{'ServiceCategoriesCategoryID', 'ServicesServiceID'}".
2025-07-18 10:55:58 [Debug] Entity Framework Core "9.0.5" initialized '"VSMContext"' using provider '"Npgsql.EntityFrameworkCore.PostgreSQL":"9.0.4+fd2380957bee5cd86f336466af36b08c0163f1a5"' with options: "None"
2025-07-18 10:55:58 [Debug] Entity Framework Core "9.0.5" initialized '"VSMContext"' using provider '"Npgsql.EntityFrameworkCore.PostgreSQL":"9.0.4+fd2380957bee5cd86f336466af36b08c0163f1a5"' with options: "None"
2025-07-18 10:55:58 [Debug] Entity Framework Core "9.0.5" initialized '"VSMContext"' using provider '"Npgsql.EntityFrameworkCore.PostgreSQL":"9.0.4+fd2380957bee5cd86f336466af36b08c0163f1a5"' with options: "None"
2025-07-18 10:55:58 [Debug] Compiling query expression: "
"'"DbSet<Customer>()"'
2025-07-18 10:55:58 [Debug] Compiling query expression: "
"'"DbSet<Booking>()
    .Include(b => b.Customer)
    .OrderBy(b => b.Status == \"Booked\" ? 0 : b.Status == \"Reviewed\" ? 1 : b.Status == \"Cancelled\" ? 2 : 3)"'
2025-07-18 10:55:58 [Debug] Compiling query expression: "
"'"DbSet<Customer>()
    .Count()"'
2025-07-18 10:55:58 [Debug] Including navigation: '"Booking.Customer"'.
2025-07-18 10:55:58 [Debug] Generated query execution expression: "
"'"queryContext => ShapedQueryCompilingExpressionVisitor.SingleAsync<int>(
    asyncEnumerable: SingleQueryingEnumerable.Create<int>(
        relationalQueryContext: (RelationalQueryContext)queryContext, 
        relationalCommandResolver: parameters => [LIFTABLE Constant: RelationalCommandCache.QueryExpression(
            Projection Mapping:
                EmptyProjectionMember -> 0
            SELECT CAST(count(*) AS integer)
            FROM Customers AS c) | Resolver: c => new RelationalCommandCache(
            c.Dependencies.MemoryCache, 
            c.RelationalDependencies.QuerySqlGeneratorFactory, 
            c.RelationalDependencies.RelationalParameterBasedSqlProcessorFactory, 
            Projection Mapping:
                EmptyProjectionMember -> 0
            SELECT CAST(count(*) AS integer)
            FROM Customers AS c, 
            False, 
            new HashSet<string>(
                new string[]{ }, 
                StringComparer.Ordinal
            )
        )].GetRelationalCommandTemplate(parameters), 
        readerColumns: null, 
        shaper: (queryContext, dataReader, resultContext, resultCoordinator) => 
        {
            int? value1;
            value1 = dataReader.IsDBNull(0) ? default(int?) : (int?)dataReader.GetInt32(0);
            return (int)value1;
        }, 
        contextType: VSM.Contexts.VSMContext, 
        standAloneStateManager: False, 
        detailedErrorsEnabled: False, 
        threadSafetyChecksEnabled: True), 
    cancellationToken: queryContext.CancellationToken)"'
2025-07-18 10:55:58 [Debug] Generated query execution expression: "
"'"queryContext => SingleQueryingEnumerable.Create<Customer>(
    relationalQueryContext: (RelationalQueryContext)queryContext, 
    relationalCommandResolver: parameters => [LIFTABLE Constant: RelationalCommandCache.QueryExpression(
        Projection Mapping:
            EmptyProjectionMember -> Dictionary<IProperty, int> { [Property: Customer.CustomerID (Guid) Required PK AfterSave:Throw ValueGenerated.OnAdd, 0], [Property: Customer.Email (string) Required FK Index, 1], [Property: Customer.Name (string) Required, 2], [Property: Customer.Phone (string) Required, 3], [Property: Customer.Status (string) Required, 4] }
        SELECT c.CustomerID, c.Email, c.Name, c.Phone, c.Status
        FROM Customers AS c) | Resolver: c => new RelationalCommandCache(
        c.Dependencies.MemoryCache, 
        c.RelationalDependencies.QuerySqlGeneratorFactory, 
        c.RelationalDependencies.RelationalParameterBasedSqlProcessorFactory, 
        Projection Mapping:
            EmptyProjectionMember -> Dictionary<IProperty, int> { [Property: Customer.CustomerID (Guid) Required PK AfterSave:Throw ValueGenerated.OnAdd, 0], [Property: Customer.Email (string) Required FK Index, 1], [Property: Customer.Name (string) Required, 2], [Property: Customer.Phone (string) Required, 3], [Property: Customer.Status (string) Required, 4] }
        SELECT c.CustomerID, c.Email, c.Name, c.Phone, c.Status
        FROM Customers AS c, 
        False, 
        new HashSet<string>(
            new string[]{ }, 
            StringComparer.Ordinal
        )
    )].GetRelationalCommandTemplate(parameters), 
    readerColumns: null, 
    shaper: (queryContext, dataReader, resultContext, resultCoordinator) => 
    {
        Customer entity;
        entity = 
        {
            MaterializationContext materializationContext1;
            IEntityType entityType1;
            Customer instance1;
            InternalEntityEntry entry1;
            bool hasNullKey1;
            materializationContext1 = new MaterializationContext(
                [LIFTABLE Constant: ValueBuffer | Resolver: _ => (object)ValueBuffer.Empty], 
                queryContext.Context
            );
            instance1 = default(Customer);
            entry1 = queryContext.TryGetEntry(
                key: [LIFTABLE Constant: Key: Customer.CustomerID PK | Resolver: c => c.Dependencies.Model.FindEntityType(\"VSM.Models.Customer\").FindPrimaryKey()], 
                keyValues: new object[]{ (object)dataReader.GetGuid(0) }, 
                throwOnNullKey: True, 
                hasNullKey: hasNullKey1);
            !(hasNullKey1) ? entry1 != default(InternalEntityEntry) ? 
            {
                entityType1 = entry1.EntityType;
                return instance1 = (Customer)entry1.Entity;
            } : 
            {
                ISnapshot shadowSnapshot1;
                shadowSnapshot1 = [LIFTABLE Constant: Snapshot | Resolver: _ => Snapshot.Empty];
                entityType1 = [LIFTABLE Constant: EntityType: Customer | Resolver: namelessParameter{0} => namelessParameter{0}.Dependencies.Model.FindEntityType(\"VSM.Models.Customer\")];
                instance1 = switch (entityType1)
                {
                    case [LIFTABLE Constant: EntityType: Customer | Resolver: namelessParameter{1} => namelessParameter{1}.Dependencies.Model.FindEntityType(\"VSM.Models.Customer\")]: 
                        {
                            return 
                            {
                                Customer instance;
                                instance = new Customer();
                                instance.<CustomerID>k__BackingField = dataReader.GetGuid(0);
                                instance.<Email>k__BackingField = dataReader.GetString(1);
                                instance.<Name>k__BackingField = dataReader.GetString(2);
                                instance.<Phone>k__BackingField = dataReader.GetString(3);
                                instance.<Status>k__BackingField = dataReader.GetString(4);
                                (instance is IInjectableService) ? ((IInjectableService)instance).Injected(
                                    context: materializationContext1.Context, 
                                    entity: instance, 
                                    queryTrackingBehavior: TrackAll, 
                                    structuralType: [LIFTABLE Constant: EntityType: Customer | Resolver: namelessParameter{2} => namelessParameter{2}.Dependencies.Model.FindEntityType(\"VSM.Models.Customer\")]) : default(void);
                                return instance;
                            }}
                    default: 
                        default(Customer)
                }
                ;
                entry1 = entityType1 == default(IEntityType) ? default(InternalEntityEntry) : queryContext.StartTracking(
                    entityType: entityType1, 
                    entity: instance1, 
                    snapshot: shadowSnapshot1);
                return instance1;
            } : default(void);
            return instance1;
        };
        return entity;
    }, 
    contextType: VSM.Contexts.VSMContext, 
    standAloneStateManager: False, 
    detailedErrorsEnabled: False, 
    threadSafetyChecksEnabled: True)"'
2025-07-18 10:55:58 [Debug] Generated query execution expression: "
"'"queryContext => SingleQueryingEnumerable.Create<Booking>(
    relationalQueryContext: (RelationalQueryContext)queryContext, 
    relationalCommandResolver: parameters => [LIFTABLE Constant: RelationalCommandCache.QueryExpression(
        Client Projections:
            0 -> Dictionary<IProperty, int> { [Property: Booking.BookingID (Guid) Required PK AfterSave:Throw ValueGenerated.OnAdd, 0], [Property: Booking.BookedAt (DateTime) Required, 1], [Property: Booking.CustomerID (Guid) Required FK Index, 2], [Property: Booking.DeliveryTime (DateTime) Required, 3], [Property: Booking.Imageurl (string) Required, 4], [Property: Booking.IsDeleted (bool) Required, 5], [Property: Booking.Slot (DateTime) Required, 6], [Property: Booking.Status (string) Required, 7] }
            1 -> Dictionary<IProperty, int> { [Property: Customer.CustomerID (Guid) Required PK AfterSave:Throw ValueGenerated.OnAdd, 8], [Property: Customer.Email (string) Required FK Index, 9], [Property: Customer.Name (string) Required, 10], [Property: Customer.Phone (string) Required, 11], [Property: Customer.Status (string) Required, 12] }
        SELECT b.BookingID, b.BookedAt, b.CustomerID, b.DeliveryTime, b.Imageurl, b.IsDeleted, b.Slot, b.Status, c.CustomerID, c.Email, c.Name, c.Phone, c.Status
        FROM Bookings AS b
        INNER JOIN Customers AS c ON b.CustomerID == c.CustomerID
        ORDER BY CASE
            WHEN b.Status == 'Booked' THEN 0
            WHEN b.Status == 'Reviewed' THEN 1
            WHEN b.Status == 'Cancelled' THEN 2
            ELSE 3
        END ASC) | Resolver: c => new RelationalCommandCache(
        c.Dependencies.MemoryCache, 
        c.RelationalDependencies.QuerySqlGeneratorFactory, 
        c.RelationalDependencies.RelationalParameterBasedSqlProcessorFactory, 
        Client Projections:
            0 -> Dictionary<IProperty, int> { [Property: Booking.BookingID (Guid) Required PK AfterSave:Throw ValueGenerated.OnAdd, 0], [Property: Booking.BookedAt (DateTime) Required, 1], [Property: Booking.CustomerID (Guid) Required FK Index, 2], [Property: Booking.DeliveryTime (DateTime) Required, 3], [Property: Booking.Imageurl (string) Required, 4], [Property: Booking.IsDeleted (bool) Required, 5], [Property: Booking.Slot (DateTime) Required, 6], [Property: Booking.Status (string) Required, 7] }
            1 -> Dictionary<IProperty, int> { [Property: Customer.CustomerID (Guid) Required PK AfterSave:Throw ValueGenerated.OnAdd, 8], [Property: Customer.Email (string) Required FK Index, 9], [Property: Customer.Name (string) Required, 10], [Property: Customer.Phone (string) Required, 11], [Property: Customer.Status (string) Required, 12] }
        SELECT b.BookingID, b.BookedAt, b.CustomerID, b.DeliveryTime, b.Imageurl, b.IsDeleted, b.Slot, b.Status, c.CustomerID, c.Email, c.Name, c.Phone, c.Status
        FROM Bookings AS b
        INNER JOIN Customers AS c ON b.CustomerID == c.CustomerID
        ORDER BY CASE
            WHEN b.Status == 'Booked' THEN 0
            WHEN b.Status == 'Reviewed' THEN 1
            WHEN b.Status == 'Cancelled' THEN 2
            ELSE 3
        END ASC, 
        False, 
        new HashSet<string>(
            new string[]{ }, 
            StringComparer.Ordinal
        )
    )].GetRelationalCommandTemplate(parameters), 
    readerColumns: null, 
    shaper: (queryContext, dataReader, resultContext, resultCoordinator) => 
    {
        Booking entity;
        Customer entity;
        entity = 
        {
            MaterializationContext materializationContext1;
            IEntityType entityType1;
            Booking instance1;
            InternalEntityEntry entry1;
            bool hasNullKey1;
            materializationContext1 = new MaterializationContext(
                [LIFTABLE Constant: ValueBuffer | Resolver: _ => (object)ValueBuffer.Empty], 
                queryContext.Context
            );
            instance1 = default(Booking);
            entry1 = queryContext.TryGetEntry(
                key: [LIFTABLE Constant: Key: Booking.BookingID PK | Resolver: c => c.Dependencies.Model.FindEntityType(\"VSM.Models.Booking\").FindPrimaryKey()], 
                keyValues: new object[]{ (object)dataReader.GetGuid(0) }, 
                throwOnNullKey: True, 
                hasNullKey: hasNullKey1);
            !(hasNullKey1) ? entry1 != default(InternalEntityEntry) ? 
            {
                entityType1 = entry1.EntityType;
                return instance1 = (Booking)entry1.Entity;
            } : 
            {
                ISnapshot shadowSnapshot1;
                shadowSnapshot1 = [LIFTABLE Constant: Snapshot | Resolver: _ => Snapshot.Empty];
                entityType1 = [LIFTABLE Constant: EntityType: Booking | Resolver: namelessParameter{0} => namelessParameter{0}.Dependencies.Model.FindEntityType(\"VSM.Models.Booking\")];
                instance1 = switch (entityType1)
                {
                    case [LIFTABLE Constant: EntityType: Booking | Resolver: namelessParameter{1} => namelessParameter{1}.Dependencies.Model.FindEntityType(\"VSM.Models.Booking\")]: 
                        {
                            return 
                            {
                                Booking instance;
                                instance = new Booking();
                                instance.<BookingID>k__BackingField = dataReader.GetGuid(0);
                                instance.<BookedAt>k__BackingField = dataReader.GetDateTime(1);
                                instance.<CustomerID>k__BackingField = dataReader.GetGuid(2);
                                instance.<DeliveryTime>k__BackingField = dataReader.GetDateTime(3);
                                instance.<Imageurl>k__BackingField = dataReader.GetString(4);
                                instance.<IsDeleted>k__BackingField = dataReader.GetBoolean(5);
                                instance.<Slot>k__BackingField = dataReader.GetDateTime(6);
                                instance.<Status>k__BackingField = dataReader.GetString(7);
                                (instance is IInjectableService) ? ((IInjectableService)instance).Injected(
                                    context: materializationContext1.Context, 
                                    entity: instance, 
                                    queryTrackingBehavior: TrackAll, 
                                    structuralType: [LIFTABLE Constant: EntityType: Booking | Resolver: namelessParameter{2} => namelessParameter{2}.Dependencies.Model.FindEntityType(\"VSM.Models.Booking\")]) : default(void);
                                return instance;
                            }}
                    default: 
                        default(Booking)
                }
                ;
                entry1 = entityType1 == default(IEntityType) ? default(InternalEntityEntry) : queryContext.StartTracking(
                    entityType: entityType1, 
                    entity: instance1, 
                    snapshot: shadowSnapshot1);
                return instance1;
            } : default(void);
            return instance1;
        };
        entity = 
        {
            MaterializationContext materializationContext2;
            IEntityType entityType2;
            Customer instance2;
            InternalEntityEntry entry2;
            bool hasNullKey2;
            materializationContext2 = new MaterializationContext(
                [LIFTABLE Constant: ValueBuffer | Resolver: _ => (object)ValueBuffer.Empty], 
                queryContext.Context
            );
            instance2 = default(Customer);
            entry2 = queryContext.TryGetEntry(
                key: [LIFTABLE Constant: Key: Customer.CustomerID PK | Resolver: c => c.Dependencies.Model.FindEntityType(\"VSM.Models.Customer\").FindPrimaryKey()], 
                keyValues: new object[]{ (object)dataReader.GetGuid(8) }, 
                throwOnNullKey: True, 
                hasNullKey: hasNullKey2);
            !(hasNullKey2) ? entry2 != default(InternalEntityEntry) ? 
            {
                entityType2 = entry2.EntityType;
                return instance2 = (Customer)entry2.Entity;
            } : 
            {
                ISnapshot shadowSnapshot2;
                shadowSnapshot2 = [LIFTABLE Constant: Snapshot | Resolver: _ => Snapshot.Empty];
                entityType2 = [LIFTABLE Constant: EntityType: Customer | Resolver: namelessParameter{3} => namelessParameter{3}.Dependencies.Model.FindEntityType(\"VSM.Models.Customer\")];
                instance2 = switch (entityType2)
                {
                    case [LIFTABLE Constant: EntityType: Customer | Resolver: namelessParameter{4} => namelessParameter{4}.Dependencies.Model.FindEntityType(\"VSM.Models.Customer\")]: 
                        {
                            return 
                            {
                                Customer instance;
                                instance = new Customer();
                                instance.<CustomerID>k__BackingField = dataReader.GetGuid(8);
                                instance.<Email>k__BackingField = dataReader.GetString(9);
                                instance.<Name>k__BackingField = dataReader.GetString(10);
                                instance.<Phone>k__BackingField = dataReader.GetString(11);
                                instance.<Status>k__BackingField = dataReader.GetString(12);
                                (instance is IInjectableService) ? ((IInjectableService)instance).Injected(
                                    context: materializationContext2.Context, 
                                    entity: instance, 
                                    queryTrackingBehavior: TrackAll, 
                                    structuralType: [LIFTABLE Constant: EntityType: Customer | Resolver: namelessParameter{5} => namelessParameter{5}.Dependencies.Model.FindEntityType(\"VSM.Models.Customer\")]) : default(void);
                                return instance;
                            }}
                    default: 
                        default(Customer)
                }
                ;
                entry2 = entityType2 == default(IEntityType) ? default(InternalEntityEntry) : queryContext.StartTracking(
                    entityType: entityType2, 
                    entity: instance2, 
                    snapshot: shadowSnapshot2);
                return instance2;
            } : default(void);
            return instance2;
        };
        ShaperProcessingExpressionVisitor.IncludeReference<Booking, Booking, Customer>(
            queryContext: queryContext, 
            entity: entity, 
            relatedEntity: entity, 
            navigation: [LIFTABLE Constant: Navigation: Booking.Customer (Customer) ToPrincipal Customer Inverse: Bookings | Resolver: namelessParameter{6} => namelessParameter{6}.Dependencies.Model.FindEntityType(\"VSM.Models.Booking\").FindNavigation(\"Customer\")], 
            inverseNavigation: [LIFTABLE Constant: Navigation: Customer.Bookings (ICollection<Booking>) Collection ToDependent Booking Inverse: Customer | Resolver: namelessParameter{7} => namelessParameter{7}.Dependencies.Model.FindEntityType(\"VSM.Models.Customer\").FindNavigation(\"Bookings\")], 
            fixup: (namelessParameter{8}, namelessParameter{9}) => 
            {
                namelessParameter{8}.<Customer>k__BackingField = namelessParameter{9};
                return [LIFTABLE Constant: ClrICollectionAccessor<Customer, ICollection<Booking>, Booking> | Resolver: namelessParameter{10} => namelessParameter{10}.Dependencies.Model.FindEntityType(\"VSM.Models.Customer\").FindNavigation(\"Bookings\").GetCollectionAccessor()].Add(
                    entity: namelessParameter{9}, 
                    value: namelessParameter{8}, 
                    forMaterialization: True);
            }, 
            trackingQuery: True);
        return entity;
    }, 
    contextType: VSM.Contexts.VSMContext, 
    standAloneStateManager: False, 
    detailedErrorsEnabled: False, 
    threadSafetyChecksEnabled: True)"'
2025-07-18 10:55:58 [Debug] Creating DbConnection.
2025-07-18 10:55:58 [Debug] Creating DbConnection.
2025-07-18 10:55:58 [Debug] Creating DbConnection.
2025-07-18 10:55:58 [Debug] Created DbConnection. (34ms).
2025-07-18 10:55:58 [Debug] Created DbConnection. (36ms).
2025-07-18 10:55:58 [Debug] Created DbConnection. (37ms).
2025-07-18 10:55:58 [Debug] Opening connection to database '"VehicleServiceManagement"' on server '"tcp://localhost:5432"'.
2025-07-18 10:55:58 [Debug] Opening connection to database '"VehicleServiceManagement"' on server '"tcp://localhost:5432"'.
2025-07-18 10:55:58 [Debug] Opening connection to database '"VehicleServiceManagement"' on server '"tcp://localhost:5432"'.
2025-07-18 10:55:58 [Debug] Opened connection to database '"VehicleServiceManagement"' on server '"tcp://localhost:5432"'.
2025-07-18 10:55:58 [Debug] Opened connection to database '"VehicleServiceManagement"' on server '"tcp://localhost:5432"'.
2025-07-18 10:55:58 [Debug] Opened connection to database '"VehicleServiceManagement"' on server '"tcp://localhost:5432"'.
2025-07-18 10:55:58 [Debug] Creating DbCommand for '"ExecuteReader"'.
2025-07-18 10:55:58 [Debug] Creating DbCommand for '"ExecuteReader"'.
2025-07-18 10:55:58 [Debug] Creating DbCommand for '"ExecuteReader"'.
2025-07-18 10:55:58 [Debug] Created DbCommand for '"ExecuteReader"' (3ms).
2025-07-18 10:55:58 [Debug] Created DbCommand for '"ExecuteReader"' (3ms).
2025-07-18 10:55:58 [Debug] Created DbCommand for '"ExecuteReader"' (3ms).
2025-07-18 10:55:58 [Debug] Initialized DbCommand for '"ExecuteReader"' (8ms).
2025-07-18 10:55:58 [Debug] Initialized DbCommand for '"ExecuteReader"' (8ms).
2025-07-18 10:55:58 [Debug] Initialized DbCommand for '"ExecuteReader"' (8ms).
2025-07-18 10:55:58 [Debug] Executing DbCommand [Parameters=[""], CommandType='Text', CommandTimeout='30']"
""SELECT c.\"CustomerID\", c.\"Email\", c.\"Name\", c.\"Phone\", c.\"Status\"
FROM \"Customers\" AS c"
2025-07-18 10:55:58 [Debug] Executing DbCommand [Parameters=[""], CommandType='Text', CommandTimeout='30']"
""SELECT b.\"BookingID\", b.\"BookedAt\", b.\"CustomerID\", b.\"DeliveryTime\", b.\"Imageurl\", b.\"IsDeleted\", b.\"Slot\", b.\"Status\", c.\"CustomerID\", c.\"Email\", c.\"Name\", c.\"Phone\", c.\"Status\"
FROM \"Bookings\" AS b
INNER JOIN \"Customers\" AS c ON b.\"CustomerID\" = c.\"CustomerID\"
ORDER BY CASE
    WHEN b.\"Status\" = 'Booked' THEN 0
    WHEN b.\"Status\" = 'Reviewed' THEN 1
    WHEN b.\"Status\" = 'Cancelled' THEN 2
    ELSE 3
END"
2025-07-18 10:55:58 [Debug] Executing DbCommand [Parameters=[""], CommandType='Text', CommandTimeout='30']"
""SELECT count(*)::int
FROM \"Customers\" AS c"
2025-07-18 10:55:58 [Information] Executed DbCommand ("33"ms) [Parameters=[""], CommandType='Text', CommandTimeout='30']"
""SELECT count(*)::int
FROM \"Customers\" AS c"
2025-07-18 10:55:58 [Information] Executed DbCommand ("33"ms) [Parameters=[""], CommandType='Text', CommandTimeout='30']"
""SELECT c.\"CustomerID\", c.\"Email\", c.\"Name\", c.\"Phone\", c.\"Status\"
FROM \"Customers\" AS c"
2025-07-18 10:55:58 [Information] Executed DbCommand ("33"ms) [Parameters=[""], CommandType='Text', CommandTimeout='30']"
""SELECT b.\"BookingID\", b.\"BookedAt\", b.\"CustomerID\", b.\"DeliveryTime\", b.\"Imageurl\", b.\"IsDeleted\", b.\"Slot\", b.\"Status\", c.\"CustomerID\", c.\"Email\", c.\"Name\", c.\"Phone\", c.\"Status\"
FROM \"Bookings\" AS b
INNER JOIN \"Customers\" AS c ON b.\"CustomerID\" = c.\"CustomerID\"
ORDER BY CASE
    WHEN b.\"Status\" = 'Booked' THEN 0
    WHEN b.\"Status\" = 'Reviewed' THEN 1
    WHEN b.\"Status\" = 'Cancelled' THEN 2
    ELSE 3
END"
2025-07-18 10:55:58 [Debug] Closing data reader to '"VehicleServiceManagement"' on server '"tcp://localhost:5432"'.
2025-07-18 10:55:58 [Debug] A data reader for '"VehicleServiceManagement"' on server '"tcp://localhost:5432"' is being disposed after spending 49ms reading results.
2025-07-18 10:55:58 [Debug] Closing connection to database '"VehicleServiceManagement"' on server '"tcp://localhost:5432"'.
2025-07-18 10:55:58 [Debug] Closed connection to database '"VehicleServiceManagement"' on server '"tcp://localhost:5432"' (4ms).
2025-07-18 10:55:58 [Debug] Compiling query expression: "
"'"DbSet<Customer>()
    .Count(c => c.Status == \"Active\")"'
2025-07-18 10:55:58 [Debug] Generated query execution expression: "
"'"queryContext => ShapedQueryCompilingExpressionVisitor.SingleAsync<int>(
    asyncEnumerable: SingleQueryingEnumerable.Create<int>(
        relationalQueryContext: (RelationalQueryContext)queryContext, 
        relationalCommandResolver: parameters => [LIFTABLE Constant: RelationalCommandCache.QueryExpression(
            Projection Mapping:
                EmptyProjectionMember -> 0
            SELECT CAST(count(*) AS integer)
            FROM Customers AS c
            WHERE c.Status == 'Active') | Resolver: c => new RelationalCommandCache(
            c.Dependencies.MemoryCache, 
            c.RelationalDependencies.QuerySqlGeneratorFactory, 
            c.RelationalDependencies.RelationalParameterBasedSqlProcessorFactory, 
            Projection Mapping:
                EmptyProjectionMember -> 0
            SELECT CAST(count(*) AS integer)
            FROM Customers AS c
            WHERE c.Status == 'Active', 
            False, 
            new HashSet<string>(
                new string[]{ }, 
                StringComparer.Ordinal
            )
        )].GetRelationalCommandTemplate(parameters), 
        readerColumns: null, 
        shaper: (queryContext, dataReader, resultContext, resultCoordinator) => 
        {
            int? value1;
            value1 = dataReader.IsDBNull(0) ? default(int?) : (int?)dataReader.GetInt32(0);
            return (int)value1;
        }, 
        contextType: VSM.Contexts.VSMContext, 
        standAloneStateManager: False, 
        detailedErrorsEnabled: False, 
        threadSafetyChecksEnabled: True), 
    cancellationToken: queryContext.CancellationToken)"'
2025-07-18 10:55:58 [Debug] Opening connection to database '"VehicleServiceManagement"' on server '"tcp://localhost:5432"'.
2025-07-18 10:55:58 [Debug] Opened connection to database '"VehicleServiceManagement"' on server '"tcp://localhost:5432"'.
2025-07-18 10:55:58 [Debug] Creating DbCommand for '"ExecuteReader"'.
2025-07-18 10:55:58 [Debug] Created DbCommand for '"ExecuteReader"' (0ms).
2025-07-18 10:55:58 [Debug] Initialized DbCommand for '"ExecuteReader"' (0ms).
2025-07-18 10:55:58 [Debug] Executing DbCommand [Parameters=[""], CommandType='Text', CommandTimeout='30']"
""SELECT count(*)::int
FROM \"Customers\" AS c
WHERE c.\"Status\" = 'Active'"
2025-07-18 10:55:58 [Information] Executed DbCommand ("4"ms) [Parameters=[""], CommandType='Text', CommandTimeout='30']"
""SELECT count(*)::int
FROM \"Customers\" AS c
WHERE c.\"Status\" = 'Active'"
2025-07-18 10:55:58 [Debug] Closing data reader to '"VehicleServiceManagement"' on server '"tcp://localhost:5432"'.
2025-07-18 10:55:58 [Debug] A data reader for '"VehicleServiceManagement"' on server '"tcp://localhost:5432"' is being disposed after spending 0ms reading results.
2025-07-18 10:55:58 [Debug] Closing connection to database '"VehicleServiceManagement"' on server '"tcp://localhost:5432"'.
2025-07-18 10:55:58 [Debug] Closed connection to database '"VehicleServiceManagement"' on server '"tcp://localhost:5432"' (0ms).
2025-07-18 10:55:58 [Debug] Context '"VSMContext"' started tracking '"Booking"' entity. Consider using 'DbContextOptionsBuilder.EnableSensitiveDataLogging' to see key values.
2025-07-18 10:55:58 [Debug] Compiling query expression: "
"'"DbSet<Mechanic>()
    .Count()"'
2025-07-18 10:55:58 [Debug] Context '"VSMContext"' started tracking '"Customer"' entity. Consider using 'DbContextOptionsBuilder.EnableSensitiveDataLogging' to see key values.
2025-07-18 10:55:58 [Debug] Generated query execution expression: "
"'"queryContext => ShapedQueryCompilingExpressionVisitor.SingleAsync<int>(
    asyncEnumerable: SingleQueryingEnumerable.Create<int>(
        relationalQueryContext: (RelationalQueryContext)queryContext, 
        relationalCommandResolver: parameters => [LIFTABLE Constant: RelationalCommandCache.QueryExpression(
            Projection Mapping:
                EmptyProjectionMember -> 0
            SELECT CAST(count(*) AS integer)
            FROM Mechanics AS m) | Resolver: c => new RelationalCommandCache(
            c.Dependencies.MemoryCache, 
            c.RelationalDependencies.QuerySqlGeneratorFactory, 
            c.RelationalDependencies.RelationalParameterBasedSqlProcessorFactory, 
            Projection Mapping:
                EmptyProjectionMember -> 0
            SELECT CAST(count(*) AS integer)
            FROM Mechanics AS m, 
            False, 
            new HashSet<string>(
                new string[]{ }, 
                StringComparer.Ordinal
            )
        )].GetRelationalCommandTemplate(parameters), 
        readerColumns: null, 
        shaper: (queryContext, dataReader, resultContext, resultCoordinator) => 
        {
            int? value1;
            value1 = dataReader.IsDBNull(0) ? default(int?) : (int?)dataReader.GetInt32(0);
            return (int)value1;
        }, 
        contextType: VSM.Contexts.VSMContext, 
        standAloneStateManager: False, 
        detailedErrorsEnabled: False, 
        threadSafetyChecksEnabled: True), 
    cancellationToken: queryContext.CancellationToken)"'
2025-07-18 10:55:58 [Debug] Opening connection to database '"VehicleServiceManagement"' on server '"tcp://localhost:5432"'.
2025-07-18 10:55:58 [Debug] Opened connection to database '"VehicleServiceManagement"' on server '"tcp://localhost:5432"'.
2025-07-18 10:55:58 [Debug] Creating DbCommand for '"ExecuteReader"'.
2025-07-18 10:55:58 [Debug] Created DbCommand for '"ExecuteReader"' (0ms).
2025-07-18 10:55:58 [Debug] Initialized DbCommand for '"ExecuteReader"' (0ms).
2025-07-18 10:55:58 [Debug] Executing DbCommand [Parameters=[""], CommandType='Text', CommandTimeout='30']"
""SELECT count(*)::int
FROM \"Mechanics\" AS m"
2025-07-18 10:55:58 [Information] Executed DbCommand ("1"ms) [Parameters=[""], CommandType='Text', CommandTimeout='30']"
""SELECT count(*)::int
FROM \"Mechanics\" AS m"
2025-07-18 10:55:58 [Debug] Closing data reader to '"VehicleServiceManagement"' on server '"tcp://localhost:5432"'.
2025-07-18 10:55:58 [Debug] A data reader for '"VehicleServiceManagement"' on server '"tcp://localhost:5432"' is being disposed after spending 0ms reading results.
2025-07-18 10:55:58 [Debug] Closing connection to database '"VehicleServiceManagement"' on server '"tcp://localhost:5432"'.
2025-07-18 10:55:58 [Debug] Closed connection to database '"VehicleServiceManagement"' on server '"tcp://localhost:5432"' (0ms).
2025-07-18 10:55:58 [Debug] Compiling query expression: "
"'"DbSet<Mechanic>()
    .Count(m => m.Status == \"Active\")"'
2025-07-18 10:55:58 [Debug] Generated query execution expression: "
"'"queryContext => ShapedQueryCompilingExpressionVisitor.SingleAsync<int>(
    asyncEnumerable: SingleQueryingEnumerable.Create<int>(
        relationalQueryContext: (RelationalQueryContext)queryContext, 
        relationalCommandResolver: parameters => [LIFTABLE Constant: RelationalCommandCache.QueryExpression(
            Projection Mapping:
                EmptyProjectionMember -> 0
            SELECT CAST(count(*) AS integer)
            FROM Mechanics AS m
            WHERE m.Status == 'Active') | Resolver: c => new RelationalCommandCache(
            c.Dependencies.MemoryCache, 
            c.RelationalDependencies.QuerySqlGeneratorFactory, 
            c.RelationalDependencies.RelationalParameterBasedSqlProcessorFactory, 
            Projection Mapping:
                EmptyProjectionMember -> 0
            SELECT CAST(count(*) AS integer)
            FROM Mechanics AS m
            WHERE m.Status == 'Active', 
            False, 
            new HashSet<string>(
                new string[]{ }, 
                StringComparer.Ordinal
            )
        )].GetRelationalCommandTemplate(parameters), 
        readerColumns: null, 
        shaper: (queryContext, dataReader, resultContext, resultCoordinator) => 
        {
            int? value1;
            value1 = dataReader.IsDBNull(0) ? default(int?) : (int?)dataReader.GetInt32(0);
            return (int)value1;
        }, 
        contextType: VSM.Contexts.VSMContext, 
        standAloneStateManager: False, 
        detailedErrorsEnabled: False, 
        threadSafetyChecksEnabled: True), 
    cancellationToken: queryContext.CancellationToken)"'
2025-07-18 10:55:58 [Debug] Opening connection to database '"VehicleServiceManagement"' on server '"tcp://localhost:5432"'.
2025-07-18 10:55:58 [Debug] Opened connection to database '"VehicleServiceManagement"' on server '"tcp://localhost:5432"'.
2025-07-18 10:55:58 [Debug] Creating DbCommand for '"ExecuteReader"'.
2025-07-18 10:55:58 [Debug] Created DbCommand for '"ExecuteReader"' (0ms).
2025-07-18 10:55:58 [Debug] Initialized DbCommand for '"ExecuteReader"' (0ms).
2025-07-18 10:55:58 [Debug] Executing DbCommand [Parameters=[""], CommandType='Text', CommandTimeout='30']"
""SELECT count(*)::int
FROM \"Mechanics\" AS m
WHERE m.\"Status\" = 'Active'"
2025-07-18 10:55:58 [Information] Executed DbCommand ("1"ms) [Parameters=[""], CommandType='Text', CommandTimeout='30']"
""SELECT count(*)::int
FROM \"Mechanics\" AS m
WHERE m.\"Status\" = 'Active'"
2025-07-18 10:55:58 [Debug] Closing data reader to '"VehicleServiceManagement"' on server '"tcp://localhost:5432"'.
2025-07-18 10:55:58 [Debug] A data reader for '"VehicleServiceManagement"' on server '"tcp://localhost:5432"' is being disposed after spending 0ms reading results.
2025-07-18 10:55:58 [Debug] Closing connection to database '"VehicleServiceManagement"' on server '"tcp://localhost:5432"'.
2025-07-18 10:55:58 [Debug] Closed connection to database '"VehicleServiceManagement"' on server '"tcp://localhost:5432"' (0ms).
2025-07-18 10:55:58 [Debug] Compiling query expression: "
"'"DbSet<Booking>()
    .Include(b => b.Customer)
    .Count()"'
2025-07-18 10:55:58 [Debug] Generated query execution expression: "
"'"queryContext => ShapedQueryCompilingExpressionVisitor.SingleAsync<int>(
    asyncEnumerable: SingleQueryingEnumerable.Create<int>(
        relationalQueryContext: (RelationalQueryContext)queryContext, 
        relationalCommandResolver: parameters => [LIFTABLE Constant: RelationalCommandCache.QueryExpression(
            Projection Mapping:
                EmptyProjectionMember -> 0
            SELECT CAST(count(*) AS integer)
            FROM Bookings AS b) | Resolver: c => new RelationalCommandCache(
            c.Dependencies.MemoryCache, 
            c.RelationalDependencies.QuerySqlGeneratorFactory, 
            c.RelationalDependencies.RelationalParameterBasedSqlProcessorFactory, 
            Projection Mapping:
                EmptyProjectionMember -> 0
            SELECT CAST(count(*) AS integer)
            FROM Bookings AS b, 
            False, 
            new HashSet<string>(
                new string[]{ }, 
                StringComparer.Ordinal
            )
        )].GetRelationalCommandTemplate(parameters), 
        readerColumns: null, 
        shaper: (queryContext, dataReader, resultContext, resultCoordinator) => 
        {
            int? value1;
            value1 = dataReader.IsDBNull(0) ? default(int?) : (int?)dataReader.GetInt32(0);
            return (int)value1;
        }, 
        contextType: VSM.Contexts.VSMContext, 
        standAloneStateManager: False, 
        detailedErrorsEnabled: False, 
        threadSafetyChecksEnabled: True), 
    cancellationToken: queryContext.CancellationToken)"'
2025-07-18 10:55:58 [Debug] Opening connection to database '"VehicleServiceManagement"' on server '"tcp://localhost:5432"'.
2025-07-18 10:55:58 [Debug] Opened connection to database '"VehicleServiceManagement"' on server '"tcp://localhost:5432"'.
2025-07-18 10:55:58 [Debug] Creating DbCommand for '"ExecuteReader"'.
2025-07-18 10:55:58 [Debug] Created DbCommand for '"ExecuteReader"' (0ms).
2025-07-18 10:55:58 [Debug] Initialized DbCommand for '"ExecuteReader"' (0ms).
2025-07-18 10:55:58 [Debug] Executing DbCommand [Parameters=[""], CommandType='Text', CommandTimeout='30']"
""SELECT count(*)::int
FROM \"Bookings\" AS b"
2025-07-18 10:55:58 [Information] Executed DbCommand ("1"ms) [Parameters=[""], CommandType='Text', CommandTimeout='30']"
""SELECT count(*)::int
FROM \"Bookings\" AS b"
2025-07-18 10:55:58 [Debug] Closing data reader to '"VehicleServiceManagement"' on server '"tcp://localhost:5432"'.
2025-07-18 10:55:58 [Debug] A data reader for '"VehicleServiceManagement"' on server '"tcp://localhost:5432"' is being disposed after spending 0ms reading results.
2025-07-18 10:55:58 [Debug] Closing connection to database '"VehicleServiceManagement"' on server '"tcp://localhost:5432"'.
2025-07-18 10:55:58 [Debug] Closed connection to database '"VehicleServiceManagement"' on server '"tcp://localhost:5432"' (0ms).
2025-07-18 10:55:58 [Debug] Compiling query expression: "
"'"DbSet<Booking>()
    .Include(b => b.Customer)
    .Count(b => b.Status == \"Booked\")"'
2025-07-18 10:55:58 [Debug] Generated query execution expression: "
"'"queryContext => ShapedQueryCompilingExpressionVisitor.SingleAsync<int>(
    asyncEnumerable: SingleQueryingEnumerable.Create<int>(
        relationalQueryContext: (RelationalQueryContext)queryContext, 
        relationalCommandResolver: parameters => [LIFTABLE Constant: RelationalCommandCache.QueryExpression(
            Projection Mapping:
                EmptyProjectionMember -> 0
            SELECT CAST(count(*) AS integer)
            FROM Bookings AS b
            WHERE b.Status == 'Booked') | Resolver: c => new RelationalCommandCache(
            c.Dependencies.MemoryCache, 
            c.RelationalDependencies.QuerySqlGeneratorFactory, 
            c.RelationalDependencies.RelationalParameterBasedSqlProcessorFactory, 
            Projection Mapping:
                EmptyProjectionMember -> 0
            SELECT CAST(count(*) AS integer)
            FROM Bookings AS b
            WHERE b.Status == 'Booked', 
            False, 
            new HashSet<string>(
                new string[]{ }, 
                StringComparer.Ordinal
            )
        )].GetRelationalCommandTemplate(parameters), 
        readerColumns: null, 
        shaper: (queryContext, dataReader, resultContext, resultCoordinator) => 
        {
            int? value1;
            value1 = dataReader.IsDBNull(0) ? default(int?) : (int?)dataReader.GetInt32(0);
            return (int)value1;
        }, 
        contextType: VSM.Contexts.VSMContext, 
        standAloneStateManager: False, 
        detailedErrorsEnabled: False, 
        threadSafetyChecksEnabled: True), 
    cancellationToken: queryContext.CancellationToken)"'
2025-07-18 10:55:58 [Debug] Opening connection to database '"VehicleServiceManagement"' on server '"tcp://localhost:5432"'.
2025-07-18 10:55:58 [Debug] Opened connection to database '"VehicleServiceManagement"' on server '"tcp://localhost:5432"'.
2025-07-18 10:55:58 [Debug] Creating DbCommand for '"ExecuteReader"'.
2025-07-18 10:55:58 [Debug] Created DbCommand for '"ExecuteReader"' (0ms).
2025-07-18 10:55:58 [Debug] Initialized DbCommand for '"ExecuteReader"' (0ms).
2025-07-18 10:55:58 [Debug] Executing DbCommand [Parameters=[""], CommandType='Text', CommandTimeout='30']"
""SELECT count(*)::int
FROM \"Bookings\" AS b
WHERE b.\"Status\" = 'Booked'"
2025-07-18 10:55:58 [Information] Executed DbCommand ("1"ms) [Parameters=[""], CommandType='Text', CommandTimeout='30']"
""SELECT count(*)::int
FROM \"Bookings\" AS b
WHERE b.\"Status\" = 'Booked'"
2025-07-18 10:55:58 [Debug] Closing data reader to '"VehicleServiceManagement"' on server '"tcp://localhost:5432"'.
2025-07-18 10:55:58 [Debug] A data reader for '"VehicleServiceManagement"' on server '"tcp://localhost:5432"' is being disposed after spending 0ms reading results.
2025-07-18 10:55:58 [Debug] Closing connection to database '"VehicleServiceManagement"' on server '"tcp://localhost:5432"'.
2025-07-18 10:55:58 [Debug] Closed connection to database '"VehicleServiceManagement"' on server '"tcp://localhost:5432"' (0ms).
2025-07-18 10:55:58 [Debug] Context '"VSMContext"' started tracking '"Customer"' entity. Consider using 'DbContextOptionsBuilder.EnableSensitiveDataLogging' to see key values.
2025-07-18 10:55:58 [Debug] Compiling query expression: "
"'"DbSet<Booking>()
    .Include(b => b.Customer)
    .Count(b => b.Status == \"Cancelled\")"'
2025-07-18 10:55:58 [Debug] Context '"VSMContext"' started tracking '"Customer"' entity. Consider using 'DbContextOptionsBuilder.EnableSensitiveDataLogging' to see key values.
2025-07-18 10:55:58 [Debug] Context '"VSMContext"' started tracking '"Customer"' entity. Consider using 'DbContextOptionsBuilder.EnableSensitiveDataLogging' to see key values.
2025-07-18 10:55:58 [Debug] Closing data reader to '"VehicleServiceManagement"' on server '"tcp://localhost:5432"'.
2025-07-18 10:55:58 [Debug] A data reader for '"VehicleServiceManagement"' on server '"tcp://localhost:5432"' is being disposed after spending 103ms reading results.
2025-07-18 10:55:58 [Debug] Closing connection to database '"VehicleServiceManagement"' on server '"tcp://localhost:5432"'.
2025-07-18 10:55:58 [Debug] Closed connection to database '"VehicleServiceManagement"' on server '"tcp://localhost:5432"' (0ms).
2025-07-18 10:55:58 [Debug] Generated query execution expression: "
"'"queryContext => ShapedQueryCompilingExpressionVisitor.SingleAsync<int>(
    asyncEnumerable: SingleQueryingEnumerable.Create<int>(
        relationalQueryContext: (RelationalQueryContext)queryContext, 
        relationalCommandResolver: parameters => [LIFTABLE Constant: RelationalCommandCache.QueryExpression(
            Projection Mapping:
                EmptyProjectionMember -> 0
            SELECT CAST(count(*) AS integer)
            FROM Bookings AS b
            WHERE b.Status == 'Cancelled') | Resolver: c => new RelationalCommandCache(
            c.Dependencies.MemoryCache, 
            c.RelationalDependencies.QuerySqlGeneratorFactory, 
            c.RelationalDependencies.RelationalParameterBasedSqlProcessorFactory, 
            Projection Mapping:
                EmptyProjectionMember -> 0
            SELECT CAST(count(*) AS integer)
            FROM Bookings AS b
            WHERE b.Status == 'Cancelled', 
            False, 
            new HashSet<string>(
                new string[]{ }, 
                StringComparer.Ordinal
            )
        )].GetRelationalCommandTemplate(parameters), 
        readerColumns: null, 
        shaper: (queryContext, dataReader, resultContext, resultCoordinator) => 
        {
            int? value1;
            value1 = dataReader.IsDBNull(0) ? default(int?) : (int?)dataReader.GetInt32(0);
            return (int)value1;
        }, 
        contextType: VSM.Contexts.VSMContext, 
        standAloneStateManager: False, 
        detailedErrorsEnabled: False, 
        threadSafetyChecksEnabled: True), 
    cancellationToken: queryContext.CancellationToken)"'
2025-07-18 10:55:58 [Debug] Opening connection to database '"VehicleServiceManagement"' on server '"tcp://localhost:5432"'.
2025-07-18 10:55:58 [Debug] Opened connection to database '"VehicleServiceManagement"' on server '"tcp://localhost:5432"'.
2025-07-18 10:55:58 [Debug] Creating DbCommand for '"ExecuteReader"'.
2025-07-18 10:55:58 [Debug] Created DbCommand for '"ExecuteReader"' (0ms).
2025-07-18 10:55:58 [Debug] Initialized DbCommand for '"ExecuteReader"' (0ms).
2025-07-18 10:55:58 [Debug] Executing DbCommand [Parameters=[""], CommandType='Text', CommandTimeout='30']"
""SELECT count(*)::int
FROM \"Bookings\" AS b
WHERE b.\"Status\" = 'Cancelled'"
2025-07-18 10:55:58 [Debug] List of registered output formatters, in the following order: ["Microsoft.AspNetCore.Mvc.Formatters.HttpNoContentOutputFormatter", "Microsoft.AspNetCore.Mvc.Formatters.StringOutputFormatter", "Microsoft.AspNetCore.Mvc.Formatters.StreamOutputFormatter", "Microsoft.AspNetCore.Mvc.Formatters.SystemTextJsonOutputFormatter"]
2025-07-18 10:55:58 [Debug] No information found on request to perform content negotiation.
2025-07-18 10:55:58 [Debug] Attempting to select an output formatter without using a content type as no explicit content types were specified for the response.
2025-07-18 10:55:58 [Debug] Attempting to select the first formatter in the output formatters list which can write the result.
2025-07-18 10:55:58 [Debug] Selected output formatter '"Microsoft.AspNetCore.Mvc.Formatters.SystemTextJsonOutputFormatter"' and content type '"application/json"' to write the response.
2025-07-18 10:55:58 [Information] Executing "OkObjectResult", writing value of type '"VSM.DTO.CustomerDisplayDto"'.
2025-07-18 10:55:58 [Debug] The navigation '"Booking"."Customer"' was detected as changed. Consider using 'DbContextOptionsBuilder.EnableSensitiveDataLogging' to see key values.
2025-07-18 10:55:58 [Debug] Context '"VSMContext"' started tracking '"Customer"' entity. Consider using 'DbContextOptionsBuilder.EnableSensitiveDataLogging' to see key values.
2025-07-18 10:55:58 [Debug] Context '"VSMContext"' started tracking '"Booking"' entity. Consider using 'DbContextOptionsBuilder.EnableSensitiveDataLogging' to see key values.
2025-07-18 10:55:58 [Debug] The navigation '"Booking"."Customer"' was detected as changed. Consider using 'DbContextOptionsBuilder.EnableSensitiveDataLogging' to see key values.
2025-07-18 10:55:58 [Debug] Context '"VSMContext"' started tracking '"Customer"' entity. Consider using 'DbContextOptionsBuilder.EnableSensitiveDataLogging' to see key values.
2025-07-18 10:55:58 [Information] Executed DbCommand ("17"ms) [Parameters=[""], CommandType='Text', CommandTimeout='30']"
""SELECT count(*)::int
FROM \"Bookings\" AS b
WHERE b.\"Status\" = 'Cancelled'"
2025-07-18 10:55:58 [Debug] Context '"VSMContext"' started tracking '"Booking"' entity. Consider using 'DbContextOptionsBuilder.EnableSensitiveDataLogging' to see key values.
2025-07-18 10:55:58 [Debug] Closing data reader to '"VehicleServiceManagement"' on server '"tcp://localhost:5432"'.
2025-07-18 10:55:58 [Debug] A data reader for '"VehicleServiceManagement"' on server '"tcp://localhost:5432"' is being disposed after spending 0ms reading results.
2025-07-18 10:55:58 [Debug] Context '"VSMContext"' started tracking '"Booking"' entity. Consider using 'DbContextOptionsBuilder.EnableSensitiveDataLogging' to see key values.
2025-07-18 10:55:58 [Debug] Closing connection to database '"VehicleServiceManagement"' on server '"tcp://localhost:5432"'.
2025-07-18 10:55:58 [Debug] Closed connection to database '"VehicleServiceManagement"' on server '"tcp://localhost:5432"' (0ms).
2025-07-18 10:55:58 [Debug] Context '"VSMContext"' started tracking '"Booking"' entity. Consider using 'DbContextOptionsBuilder.EnableSensitiveDataLogging' to see key values.
2025-07-18 10:55:58 [Debug] Context '"VSMContext"' started tracking '"Booking"' entity. Consider using 'DbContextOptionsBuilder.EnableSensitiveDataLogging' to see key values.
2025-07-18 10:55:58 [Debug] Context '"VSMContext"' started tracking '"Booking"' entity. Consider using 'DbContextOptionsBuilder.EnableSensitiveDataLogging' to see key values.
2025-07-18 10:55:58 [Debug] Compiling query expression: "
"'"DbSet<Booking>()
    .Include(b => b.Customer)
    .Count(b => b.Status == \"Reviewed\")"'
2025-07-18 10:55:58 [Debug] Context '"VSMContext"' started tracking '"Booking"' entity. Consider using 'DbContextOptionsBuilder.EnableSensitiveDataLogging' to see key values.
2025-07-18 10:55:58 [Debug] Context '"VSMContext"' started tracking '"Booking"' entity. Consider using 'DbContextOptionsBuilder.EnableSensitiveDataLogging' to see key values.
2025-07-18 10:55:58 [Debug] Context '"VSMContext"' started tracking '"Booking"' entity. Consider using 'DbContextOptionsBuilder.EnableSensitiveDataLogging' to see key values.
2025-07-18 10:55:58 [Debug] The navigation '"Booking"."Customer"' was detected as changed. Consider using 'DbContextOptionsBuilder.EnableSensitiveDataLogging' to see key values.
2025-07-18 10:55:58 [Debug] Context '"VSMContext"' started tracking '"Customer"' entity. Consider using 'DbContextOptionsBuilder.EnableSensitiveDataLogging' to see key values.
2025-07-18 10:55:58 [Debug] Context '"VSMContext"' started tracking '"Booking"' entity. Consider using 'DbContextOptionsBuilder.EnableSensitiveDataLogging' to see key values.
2025-07-18 10:55:58 [Debug] The navigation '"Booking"."Customer"' was detected as changed. Consider using 'DbContextOptionsBuilder.EnableSensitiveDataLogging' to see key values.
2025-07-18 10:55:58 [Debug] Context '"VSMContext"' started tracking '"Customer"' entity. Consider using 'DbContextOptionsBuilder.EnableSensitiveDataLogging' to see key values.
2025-07-18 10:55:58 [Debug] Context '"VSMContext"' started tracking '"Booking"' entity. Consider using 'DbContextOptionsBuilder.EnableSensitiveDataLogging' to see key values.
2025-07-18 10:55:58 [Debug] Context '"VSMContext"' started tracking '"Booking"' entity. Consider using 'DbContextOptionsBuilder.EnableSensitiveDataLogging' to see key values.
2025-07-18 10:55:58 [Debug] Context '"VSMContext"' started tracking '"Booking"' entity. Consider using 'DbContextOptionsBuilder.EnableSensitiveDataLogging' to see key values.
2025-07-18 10:55:58 [Debug] Context '"VSMContext"' started tracking '"Booking"' entity. Consider using 'DbContextOptionsBuilder.EnableSensitiveDataLogging' to see key values.
2025-07-18 10:55:58 [Debug] Context '"VSMContext"' started tracking '"Booking"' entity. Consider using 'DbContextOptionsBuilder.EnableSensitiveDataLogging' to see key values.
2025-07-18 10:55:58 [Debug] Context '"VSMContext"' started tracking '"Booking"' entity. Consider using 'DbContextOptionsBuilder.EnableSensitiveDataLogging' to see key values.
2025-07-18 10:55:58 [Debug] Context '"VSMContext"' started tracking '"Booking"' entity. Consider using 'DbContextOptionsBuilder.EnableSensitiveDataLogging' to see key values.
2025-07-18 10:55:58 [Debug] Context '"VSMContext"' started tracking '"Booking"' entity. Consider using 'DbContextOptionsBuilder.EnableSensitiveDataLogging' to see key values.
2025-07-18 10:55:58 [Debug] Context '"VSMContext"' started tracking '"Booking"' entity. Consider using 'DbContextOptionsBuilder.EnableSensitiveDataLogging' to see key values.
2025-07-18 10:55:58 [Debug] Context '"VSMContext"' started tracking '"Booking"' entity. Consider using 'DbContextOptionsBuilder.EnableSensitiveDataLogging' to see key values.
2025-07-18 10:55:58 [Debug] Context '"VSMContext"' started tracking '"Booking"' entity. Consider using 'DbContextOptionsBuilder.EnableSensitiveDataLogging' to see key values.
2025-07-18 10:55:58 [Debug] Context '"VSMContext"' started tracking '"Booking"' entity. Consider using 'DbContextOptionsBuilder.EnableSensitiveDataLogging' to see key values.
2025-07-18 10:55:58 [Debug] Generated query execution expression: "
"'"queryContext => ShapedQueryCompilingExpressionVisitor.SingleAsync<int>(
    asyncEnumerable: SingleQueryingEnumerable.Create<int>(
        relationalQueryContext: (RelationalQueryContext)queryContext, 
        relationalCommandResolver: parameters => [LIFTABLE Constant: RelationalCommandCache.QueryExpression(
            Projection Mapping:
                EmptyProjectionMember -> 0
            SELECT CAST(count(*) AS integer)
            FROM Bookings AS b
            WHERE b.Status == 'Reviewed') | Resolver: c => new RelationalCommandCache(
            c.Dependencies.MemoryCache, 
            c.RelationalDependencies.QuerySqlGeneratorFactory, 
            c.RelationalDependencies.RelationalParameterBasedSqlProcessorFactory, 
            Projection Mapping:
                EmptyProjectionMember -> 0
            SELECT CAST(count(*) AS integer)
            FROM Bookings AS b
            WHERE b.Status == 'Reviewed', 
            False, 
            new HashSet<string>(
                new string[]{ }, 
                StringComparer.Ordinal
            )
        )].GetRelationalCommandTemplate(parameters), 
        readerColumns: null, 
        shaper: (queryContext, dataReader, resultContext, resultCoordinator) => 
        {
            int? value1;
            value1 = dataReader.IsDBNull(0) ? default(int?) : (int?)dataReader.GetInt32(0);
            return (int)value1;
        }, 
        contextType: VSM.Contexts.VSMContext, 
        standAloneStateManager: False, 
        detailedErrorsEnabled: False, 
        threadSafetyChecksEnabled: True), 
    cancellationToken: queryContext.CancellationToken)"'
2025-07-18 10:55:58 [Debug] Opening connection to database '"VehicleServiceManagement"' on server '"tcp://localhost:5432"'.
2025-07-18 10:55:58 [Debug] Opened connection to database '"VehicleServiceManagement"' on server '"tcp://localhost:5432"'.
2025-07-18 10:55:58 [Debug] Creating DbCommand for '"ExecuteReader"'.
2025-07-18 10:55:58 [Debug] Created DbCommand for '"ExecuteReader"' (0ms).
2025-07-18 10:55:58 [Debug] Initialized DbCommand for '"ExecuteReader"' (0ms).
2025-07-18 10:55:58 [Debug] Executing DbCommand [Parameters=[""], CommandType='Text', CommandTimeout='30']"
""SELECT count(*)::int
FROM \"Bookings\" AS b
WHERE b.\"Status\" = 'Reviewed'"
2025-07-18 10:55:58 [Debug] Context '"VSMContext"' started tracking '"Booking"' entity. Consider using 'DbContextOptionsBuilder.EnableSensitiveDataLogging' to see key values.
2025-07-18 10:55:58 [Debug] Context '"VSMContext"' started tracking '"Booking"' entity. Consider using 'DbContextOptionsBuilder.EnableSensitiveDataLogging' to see key values.
2025-07-18 10:55:58 [Debug] Context '"VSMContext"' started tracking '"Booking"' entity. Consider using 'DbContextOptionsBuilder.EnableSensitiveDataLogging' to see key values.
2025-07-18 10:55:58 [Debug] Context '"VSMContext"' started tracking '"Booking"' entity. Consider using 'DbContextOptionsBuilder.EnableSensitiveDataLogging' to see key values.
2025-07-18 10:55:58 [Debug] Context '"VSMContext"' started tracking '"Booking"' entity. Consider using 'DbContextOptionsBuilder.EnableSensitiveDataLogging' to see key values.
2025-07-18 10:55:58 [Debug] Context '"VSMContext"' started tracking '"Booking"' entity. Consider using 'DbContextOptionsBuilder.EnableSensitiveDataLogging' to see key values.
2025-07-18 10:55:58 [Debug] Context '"VSMContext"' started tracking '"Booking"' entity. Consider using 'DbContextOptionsBuilder.EnableSensitiveDataLogging' to see key values.
2025-07-18 10:55:58 [Debug] Context '"VSMContext"' started tracking '"Booking"' entity. Consider using 'DbContextOptionsBuilder.EnableSensitiveDataLogging' to see key values.
2025-07-18 10:55:58 [Debug] Context '"VSMContext"' started tracking '"Booking"' entity. Consider using 'DbContextOptionsBuilder.EnableSensitiveDataLogging' to see key values.
2025-07-18 10:55:58 [Debug] Context '"VSMContext"' started tracking '"Booking"' entity. Consider using 'DbContextOptionsBuilder.EnableSensitiveDataLogging' to see key values.
2025-07-18 10:55:58 [Information] Executed DbCommand ("1"ms) [Parameters=[""], CommandType='Text', CommandTimeout='30']"
""SELECT count(*)::int
FROM \"Bookings\" AS b
WHERE b.\"Status\" = 'Reviewed'"
2025-07-18 10:55:58 [Debug] Closing data reader to '"VehicleServiceManagement"' on server '"tcp://localhost:5432"'.
2025-07-18 10:55:58 [Debug] Context '"VSMContext"' started tracking '"Booking"' entity. Consider using 'DbContextOptionsBuilder.EnableSensitiveDataLogging' to see key values.
2025-07-18 10:55:58 [Debug] A data reader for '"VehicleServiceManagement"' on server '"tcp://localhost:5432"' is being disposed after spending 0ms reading results.
2025-07-18 10:55:58 [Debug] Closing connection to database '"VehicleServiceManagement"' on server '"tcp://localhost:5432"'.
2025-07-18 10:55:58 [Debug] Closed connection to database '"VehicleServiceManagement"' on server '"tcp://localhost:5432"' (0ms).
2025-07-18 10:55:58 [Debug] Context '"VSMContext"' started tracking '"Booking"' entity. Consider using 'DbContextOptionsBuilder.EnableSensitiveDataLogging' to see key values.
2025-07-18 10:55:58 [Debug] Context '"VSMContext"' started tracking '"Booking"' entity. Consider using 'DbContextOptionsBuilder.EnableSensitiveDataLogging' to see key values.
2025-07-18 10:55:58 [Debug] Closing data reader to '"VehicleServiceManagement"' on server '"tcp://localhost:5432"'.
2025-07-18 10:55:58 [Debug] A data reader for '"VehicleServiceManagement"' on server '"tcp://localhost:5432"' is being disposed after spending 130ms reading results.
2025-07-18 10:55:58 [Debug] Closing connection to database '"VehicleServiceManagement"' on server '"tcp://localhost:5432"'.
2025-07-18 10:55:58 [Debug] Closed connection to database '"VehicleServiceManagement"' on server '"tcp://localhost:5432"' (0ms).
2025-07-18 10:55:58 [Debug] Compiling query expression: "
"'"DbSet<Bill>()
    .Include(b => b.ServiceRecord)
    .ThenInclude(sr => sr.Customer)
    .Include(b => b.ServiceRecord)
    .ThenInclude(sr => sr.Mechanic)
    .Count()"'
2025-07-18 10:55:58 [Debug] List of registered output formatters, in the following order: ["Microsoft.AspNetCore.Mvc.Formatters.HttpNoContentOutputFormatter", "Microsoft.AspNetCore.Mvc.Formatters.StringOutputFormatter", "Microsoft.AspNetCore.Mvc.Formatters.StreamOutputFormatter", "Microsoft.AspNetCore.Mvc.Formatters.SystemTextJsonOutputFormatter"]
2025-07-18 10:55:58 [Debug] No information found on request to perform content negotiation.
2025-07-18 10:55:58 [Debug] Attempting to select an output formatter without using a content type as no explicit content types were specified for the response.
2025-07-18 10:55:58 [Debug] Attempting to select the first formatter in the output formatters list which can write the result.
2025-07-18 10:55:58 [Debug] Selected output formatter '"Microsoft.AspNetCore.Mvc.Formatters.SystemTextJsonOutputFormatter"' and content type '"application/json"' to write the response.
2025-07-18 10:55:58 [Information] Executing "OkObjectResult", writing value of type '"System.Linq.Enumerable+ListWhereIterator`1[[VSM.Models.Booking, VehicleServiceManagement, Version=1.0.0.0, Culture=neutral, PublicKeyToken=null]]"'.
2025-07-18 10:55:58 [Debug] Generated query execution expression: "
"'"queryContext => ShapedQueryCompilingExpressionVisitor.SingleAsync<int>(
    asyncEnumerable: SingleQueryingEnumerable.Create<int>(
        relationalQueryContext: (RelationalQueryContext)queryContext, 
        relationalCommandResolver: parameters => [LIFTABLE Constant: RelationalCommandCache.QueryExpression(
            Projection Mapping:
                EmptyProjectionMember -> 0
            SELECT CAST(count(*) AS integer)
            FROM Bills AS b) | Resolver: c => new RelationalCommandCache(
            c.Dependencies.MemoryCache, 
            c.RelationalDependencies.QuerySqlGeneratorFactory, 
            c.RelationalDependencies.RelationalParameterBasedSqlProcessorFactory, 
            Projection Mapping:
                EmptyProjectionMember -> 0
            SELECT CAST(count(*) AS integer)
            FROM Bills AS b, 
            False, 
            new HashSet<string>(
                new string[]{ }, 
                StringComparer.Ordinal
            )
        )].GetRelationalCommandTemplate(parameters), 
        readerColumns: null, 
        shaper: (queryContext, dataReader, resultContext, resultCoordinator) => 
        {
            int? value1;
            value1 = dataReader.IsDBNull(0) ? default(int?) : (int?)dataReader.GetInt32(0);
            return (int)value1;
        }, 
        contextType: VSM.Contexts.VSMContext, 
        standAloneStateManager: False, 
        detailedErrorsEnabled: False, 
        threadSafetyChecksEnabled: True), 
    cancellationToken: queryContext.CancellationToken)"'
2025-07-18 10:55:58 [Debug] Opening connection to database '"VehicleServiceManagement"' on server '"tcp://localhost:5432"'.
2025-07-18 10:55:58 [Debug] Opened connection to database '"VehicleServiceManagement"' on server '"tcp://localhost:5432"'.
2025-07-18 10:55:58 [Debug] Creating DbCommand for '"ExecuteReader"'.
2025-07-18 10:55:58 [Debug] Created DbCommand for '"ExecuteReader"' (0ms).
2025-07-18 10:55:58 [Debug] Initialized DbCommand for '"ExecuteReader"' (0ms).
2025-07-18 10:55:58 [Debug] Executing DbCommand [Parameters=[""], CommandType='Text', CommandTimeout='30']"
""SELECT count(*)::int
FROM \"Bills\" AS b"
2025-07-18 10:55:58 [Information] Executed DbCommand ("1"ms) [Parameters=[""], CommandType='Text', CommandTimeout='30']"
""SELECT count(*)::int
FROM \"Bills\" AS b"
2025-07-18 10:55:58 [Debug] Closing data reader to '"VehicleServiceManagement"' on server '"tcp://localhost:5432"'.
2025-07-18 10:55:58 [Debug] A data reader for '"VehicleServiceManagement"' on server '"tcp://localhost:5432"' is being disposed after spending 0ms reading results.
2025-07-18 10:55:58 [Debug] Closing connection to database '"VehicleServiceManagement"' on server '"tcp://localhost:5432"'.
2025-07-18 10:55:58 [Debug] Closed connection to database '"VehicleServiceManagement"' on server '"tcp://localhost:5432"' (0ms).
2025-07-18 10:55:58 [Debug] Compiling query expression: "
"'"DbSet<Bill>()
    .Include(b => b.ServiceRecord)
    .ThenInclude(sr => sr.Customer)
    .Include(b => b.ServiceRecord)
    .ThenInclude(sr => sr.Mechanic)
    .Count(b => b.Status == \"Dispatched\")"'
2025-07-18 10:55:58 [Information] Executed action "VSM.Controllers.CustomerController.GetByEmail (VehicleServiceManagement)" in 1654.162ms
2025-07-18 10:55:58 [Information] Executed endpoint '"VSM.Controllers.CustomerController.GetByEmail (VehicleServiceManagement)"'
2025-07-18 10:55:58 [Debug] Generated query execution expression: "
"'"queryContext => ShapedQueryCompilingExpressionVisitor.SingleAsync<int>(
    asyncEnumerable: SingleQueryingEnumerable.Create<int>(
        relationalQueryContext: (RelationalQueryContext)queryContext, 
        relationalCommandResolver: parameters => [LIFTABLE Constant: RelationalCommandCache.QueryExpression(
            Projection Mapping:
                EmptyProjectionMember -> 0
            SELECT CAST(count(*) AS integer)
            FROM Bills AS b
            WHERE b.Status == 'Dispatched') | Resolver: c => new RelationalCommandCache(
            c.Dependencies.MemoryCache, 
            c.RelationalDependencies.QuerySqlGeneratorFactory, 
            c.RelationalDependencies.RelationalParameterBasedSqlProcessorFactory, 
            Projection Mapping:
                EmptyProjectionMember -> 0
            SELECT CAST(count(*) AS integer)
            FROM Bills AS b
            WHERE b.Status == 'Dispatched', 
            False, 
            new HashSet<string>(
                new string[]{ }, 
                StringComparer.Ordinal
            )
        )].GetRelationalCommandTemplate(parameters), 
        readerColumns: null, 
        shaper: (queryContext, dataReader, resultContext, resultCoordinator) => 
        {
            int? value1;
            value1 = dataReader.IsDBNull(0) ? default(int?) : (int?)dataReader.GetInt32(0);
            return (int)value1;
        }, 
        contextType: VSM.Contexts.VSMContext, 
        standAloneStateManager: False, 
        detailedErrorsEnabled: False, 
        threadSafetyChecksEnabled: True), 
    cancellationToken: queryContext.CancellationToken)"'
2025-07-18 10:55:58 [Debug] Opening connection to database '"VehicleServiceManagement"' on server '"tcp://localhost:5432"'.
2025-07-18 10:55:58 [Debug] Opened connection to database '"VehicleServiceManagement"' on server '"tcp://localhost:5432"'.
2025-07-18 10:55:58 [Debug] Creating DbCommand for '"ExecuteReader"'.
2025-07-18 10:55:58 [Debug] Created DbCommand for '"ExecuteReader"' (0ms).
2025-07-18 10:55:58 [Debug] Initialized DbCommand for '"ExecuteReader"' (0ms).
2025-07-18 10:55:58 [Debug] Executing DbCommand [Parameters=[""], CommandType='Text', CommandTimeout='30']"
""SELECT count(*)::int
FROM \"Bills\" AS b
WHERE b.\"Status\" = 'Dispatched'"
2025-07-18 10:55:58 [Information] Executed DbCommand ("1"ms) [Parameters=[""], CommandType='Text', CommandTimeout='30']"
""SELECT count(*)::int
FROM \"Bills\" AS b
WHERE b.\"Status\" = 'Dispatched'"
2025-07-18 10:55:58 [Debug] Closing data reader to '"VehicleServiceManagement"' on server '"tcp://localhost:5432"'.
2025-07-18 10:55:58 [Debug] A data reader for '"VehicleServiceManagement"' on server '"tcp://localhost:5432"' is being disposed after spending 0ms reading results.
2025-07-18 10:55:58 [Debug] '"VSMContext"' disposed.
2025-07-18 10:55:58 [Debug] Closing connection to database '"VehicleServiceManagement"' on server '"tcp://localhost:5432"'.
2025-07-18 10:55:58 [Debug] Closed connection to database '"VehicleServiceManagement"' on server '"tcp://localhost:5432"' (0ms).
2025-07-18 10:55:58 [Debug] Compiling query expression: "
"'"DbSet<Bill>()
    .Include(b => b.ServiceRecord)
    .ThenInclude(sr => sr.Customer)
    .Include(b => b.ServiceRecord)
    .ThenInclude(sr => sr.Mechanic)
    .Count(b => b.Status == \"Approved\")"'
2025-07-18 10:55:58 [Information] Request starting "HTTP/2" "OPTIONS" "https"://"localhost:7176""""/api/v1/Bill""?page=1&pageSize=10&search=9876764321" - null null
2025-07-18 10:55:58 [Debug] 1 candidate(s) found for the request path '"/api/v1/Bill"'
2025-07-18 10:55:58 [Debug] Request matched endpoint '"405 HTTP Method Not Supported"'
2025-07-18 10:55:58 [Debug] AuthenticationScheme: "Bearer" was not authenticated.
2025-07-18 10:55:58 [Debug] Static files was skipped as the request already matched an endpoint.
2025-07-18 10:55:58 [Debug] Static files was skipped as the request already matched an endpoint.
2025-07-18 10:55:58 [Debug] The request has an origin header: '"http://localhost:4200"'.
2025-07-18 10:55:58 [Information] CORS policy execution successful.
2025-07-18 10:55:58 [Debug] The request is a preflight request.
2025-07-18 10:55:58 [Information] Request finished "HTTP/2" "OPTIONS" "https"://"localhost:7176""""/api/v1/Bill""?page=1&pageSize=10&search=9876764321" - 204 null null 0.6171ms
2025-07-18 10:55:58 [Information] Request starting "HTTP/2" "GET" "https"://"localhost:7176""""/api/v1/Bill""?page=1&pageSize=10&search=9876764321" - "application/json" null
2025-07-18 10:55:58 [Debug] 1 candidate(s) found for the request path '"/api/v1/Bill"'
2025-07-18 10:55:58 [Debug] Endpoint '"VSM.Controllers.BillController.GetAll (VehicleServiceManagement)"' with route pattern '"api/v{version:apiVersion}/Bill"' is valid for the request path '"/api/v1/Bill"'
2025-07-18 10:55:58 [Debug] Request matched endpoint '"VSM.Controllers.BillController.GetAll (VehicleServiceManagement)"'
2025-07-18 10:55:58 [Debug] Generated query execution expression: "
"'"queryContext => ShapedQueryCompilingExpressionVisitor.SingleAsync<int>(
    asyncEnumerable: SingleQueryingEnumerable.Create<int>(
        relationalQueryContext: (RelationalQueryContext)queryContext, 
        relationalCommandResolver: parameters => [LIFTABLE Constant: RelationalCommandCache.QueryExpression(
            Projection Mapping:
                EmptyProjectionMember -> 0
            SELECT CAST(count(*) AS integer)
            FROM Bills AS b
            WHERE b.Status == 'Approved') | Resolver: c => new RelationalCommandCache(
            c.Dependencies.MemoryCache, 
            c.RelationalDependencies.QuerySqlGeneratorFactory, 
            c.RelationalDependencies.RelationalParameterBasedSqlProcessorFactory, 
            Projection Mapping:
                EmptyProjectionMember -> 0
            SELECT CAST(count(*) AS integer)
            FROM Bills AS b
            WHERE b.Status == 'Approved', 
            False, 
            new HashSet<string>(
                new string[]{ }, 
                StringComparer.Ordinal
            )
        )].GetRelationalCommandTemplate(parameters), 
        readerColumns: null, 
        shaper: (queryContext, dataReader, resultContext, resultCoordinator) => 
        {
            int? value1;
            value1 = dataReader.IsDBNull(0) ? default(int?) : (int?)dataReader.GetInt32(0);
            return (int)value1;
        }, 
        contextType: VSM.Contexts.VSMContext, 
        standAloneStateManager: False, 
        detailedErrorsEnabled: False, 
        threadSafetyChecksEnabled: True), 
    cancellationToken: queryContext.CancellationToken)"'
2025-07-18 10:55:58 [Debug] Disposing connection to database '"VehicleServiceManagement"' on server '"tcp://localhost:5432"'.
2025-07-18 10:55:58 [Debug] Successfully validated the token.
2025-07-18 10:55:58 [Debug] AuthenticationScheme: "Bearer" was successfully authenticated.
2025-07-18 10:55:58 [Debug] Opening connection to database '"VehicleServiceManagement"' on server '"tcp://localhost:5432"'.
2025-07-18 10:55:58 [Debug] Opened connection to database '"VehicleServiceManagement"' on server '"tcp://localhost:5432"'.
2025-07-18 10:55:58 [Debug] Creating DbCommand for '"ExecuteReader"'.
2025-07-18 10:55:58 [Debug] Created DbCommand for '"ExecuteReader"' (0ms).
2025-07-18 10:55:58 [Debug] Initialized DbCommand for '"ExecuteReader"' (0ms).
2025-07-18 10:55:58 [Debug] Executing DbCommand [Parameters=[""], CommandType='Text', CommandTimeout='30']"
""SELECT count(*)::int
FROM \"Bills\" AS b
WHERE b.\"Status\" = 'Approved'"
2025-07-18 10:55:58 [Debug] Disposed connection to database '"VehicleServiceManagement"' on server '"tcp://localhost:5432"' (1ms).
2025-07-18 10:55:58 [Information] Request finished "HTTP/2" "GET" "https"://"localhost:7176""""/api/v1/Customer/email/sg@gmail.com""" - 200 null "application/json; charset=utf-8" 1795.0794ms
2025-07-18 10:55:58 [Debug] Authorization was successful.
2025-07-18 10:55:58 [Information] Executed DbCommand ("2"ms) [Parameters=[""], CommandType='Text', CommandTimeout='30']"
""SELECT count(*)::int
FROM \"Bills\" AS b
WHERE b.\"Status\" = 'Approved'"
2025-07-18 10:55:58 [Debug] Static files was skipped as the request already matched an endpoint.
2025-07-18 10:55:58 [Debug] Closing data reader to '"VehicleServiceManagement"' on server '"tcp://localhost:5432"'.
2025-07-18 10:55:58 [Debug] A data reader for '"VehicleServiceManagement"' on server '"tcp://localhost:5432"' is being disposed after spending 0ms reading results.
2025-07-18 10:55:58 [Debug] Static files was skipped as the request already matched an endpoint.
2025-07-18 10:55:58 [Debug] Closing connection to database '"VehicleServiceManagement"' on server '"tcp://localhost:5432"'.
2025-07-18 10:55:58 [Debug] The request has an origin header: '"http://localhost:4200"'.
2025-07-18 10:55:58 [Information] CORS policy execution successful.
2025-07-18 10:55:58 [Debug] Closed connection to database '"VehicleServiceManagement"' on server '"tcp://localhost:5432"' (0ms).
2025-07-18 10:55:58 [Information] Executing endpoint '"VSM.Controllers.BillController.GetAll (VehicleServiceManagement)"'
2025-07-18 10:55:58 [Debug] Compiling query expression: "
"'"DbSet<Bill>()
    .Include(b => b.ServiceRecord)
    .ThenInclude(sr => sr.Customer)
    .Include(b => b.ServiceRecord)
    .ThenInclude(sr => sr.Mechanic)
    .Count(b => b.Status == \"Paid\")"'
2025-07-18 10:55:58 [Debug] Generated query execution expression: "
"'"queryContext => ShapedQueryCompilingExpressionVisitor.SingleAsync<int>(
    asyncEnumerable: SingleQueryingEnumerable.Create<int>(
        relationalQueryContext: (RelationalQueryContext)queryContext, 
        relationalCommandResolver: parameters => [LIFTABLE Constant: RelationalCommandCache.QueryExpression(
            Projection Mapping:
                EmptyProjectionMember -> 0
            SELECT CAST(count(*) AS integer)
            FROM Bills AS b
            WHERE b.Status == 'Paid') | Resolver: c => new RelationalCommandCache(
            c.Dependencies.MemoryCache, 
            c.RelationalDependencies.QuerySqlGeneratorFactory, 
            c.RelationalDependencies.RelationalParameterBasedSqlProcessorFactory, 
            Projection Mapping:
                EmptyProjectionMember -> 0
            SELECT CAST(count(*) AS integer)
            FROM Bills AS b
            WHERE b.Status == 'Paid', 
            False, 
            new HashSet<string>(
                new string[]{ }, 
                StringComparer.Ordinal
            )
        )].GetRelationalCommandTemplate(parameters), 
        readerColumns: null, 
        shaper: (queryContext, dataReader, resultContext, resultCoordinator) => 
        {
            int? value1;
            value1 = dataReader.IsDBNull(0) ? default(int?) : (int?)dataReader.GetInt32(0);
            return (int)value1;
        }, 
        contextType: VSM.Contexts.VSMContext, 
        standAloneStateManager: False, 
        detailedErrorsEnabled: False, 
        threadSafetyChecksEnabled: True), 
    cancellationToken: queryContext.CancellationToken)"'
2025-07-18 10:55:58 [Debug] Opening connection to database '"VehicleServiceManagement"' on server '"tcp://localhost:5432"'.
2025-07-18 10:55:58 [Debug] Opened connection to database '"VehicleServiceManagement"' on server '"tcp://localhost:5432"'.
2025-07-18 10:55:58 [Debug] Creating DbCommand for '"ExecuteReader"'.
2025-07-18 10:55:58 [Debug] Created DbCommand for '"ExecuteReader"' (0ms).
2025-07-18 10:55:58 [Debug] Initialized DbCommand for '"ExecuteReader"' (0ms).
2025-07-18 10:55:58 [Debug] Executing DbCommand [Parameters=[""], CommandType='Text', CommandTimeout='30']"
""SELECT count(*)::int
FROM \"Bills\" AS b
WHERE b.\"Status\" = 'Paid'"
2025-07-18 10:55:58 [Information] Route matched with "{action = \"GetAll\", controller = \"Bill\"}". Executing controller action with signature "System.Threading.Tasks.Task`1[Microsoft.AspNetCore.Mvc.ActionResult`1[System.Collections.Generic.IEnumerable`1[VSM.DTO.BillDisplayDto]]] GetAll(Int32, Int32, System.String)" on controller "VSM.Controllers.BillController" ("VehicleServiceManagement").
2025-07-18 10:55:58 [Debug] Execution plan of "authorization" filters (in the following order): ["None"]
2025-07-18 10:55:58 [Debug] Execution plan of "resource" filters (in the following order): ["None"]
2025-07-18 10:55:58 [Debug] Execution plan of "action" filters (in the following order): ["Microsoft.AspNetCore.Mvc.ModelBinding.UnsupportedContentTypeFilter (Order: -3000)", "Microsoft.AspNetCore.Mvc.Infrastructure.ModelStateInvalidFilter (Order: -2000)", "Microsoft.AspNetCore.Mvc.ReportApiVersionsAttribute (Order: 0)"]
2025-07-18 10:55:58 [Debug] Execution plan of "exception" filters (in the following order): ["None"]
2025-07-18 10:55:58 [Debug] Execution plan of "result" filters (in the following order): ["Microsoft.AspNetCore.Mvc.Infrastructure.ClientErrorResultFilter (Order: -2000)", "Microsoft.AspNetCore.Mvc.ReportApiVersionsAttribute (Order: 0)"]
2025-07-18 10:55:58 [Debug] Executing controller factory for controller "VSM.Controllers.BillController" ("VehicleServiceManagement")
2025-07-18 10:55:58 [Debug] Executed controller factory for controller "VSM.Controllers.BillController" ("VehicleServiceManagement")
2025-07-18 10:55:58 [Debug] Attempting to bind parameter '"page"' of type '"System.Int32"' ...
2025-07-18 10:55:58 [Debug] Attempting to bind parameter '"page"' of type '"System.Int32"' using the name '"page"' in request data ...
2025-07-18 10:55:58 [Debug] Done attempting to bind parameter '"page"' of type '"System.Int32"'.
2025-07-18 10:55:58 [Debug] Done attempting to bind parameter '"page"' of type '"System.Int32"'.
2025-07-18 10:55:58 [Debug] Attempting to validate the bound parameter '"page"' of type '"System.Int32"' ...
2025-07-18 10:55:58 [Debug] Done attempting to validate the bound parameter '"page"' of type '"System.Int32"'.
2025-07-18 10:55:58 [Debug] Attempting to bind parameter '"pageSize"' of type '"System.Int32"' ...
2025-07-18 10:55:58 [Debug] Attempting to bind parameter '"pageSize"' of type '"System.Int32"' using the name '"pageSize"' in request data ...
2025-07-18 10:55:58 [Debug] Done attempting to bind parameter '"pageSize"' of type '"System.Int32"'.
2025-07-18 10:55:58 [Debug] Done attempting to bind parameter '"pageSize"' of type '"System.Int32"'.
2025-07-18 10:55:58 [Debug] Attempting to validate the bound parameter '"pageSize"' of type '"System.Int32"' ...
2025-07-18 10:55:58 [Debug] Done attempting to validate the bound parameter '"pageSize"' of type '"System.Int32"'.
2025-07-18 10:55:58 [Debug] Attempting to bind parameter '"search"' of type '"System.String"' ...
2025-07-18 10:55:58 [Debug] Attempting to bind parameter '"search"' of type '"System.String"' using the name '"search"' in request data ...
2025-07-18 10:55:58 [Debug] Done attempting to bind parameter '"search"' of type '"System.String"'.
2025-07-18 10:55:58 [Debug] Done attempting to bind parameter '"search"' of type '"System.String"'.
2025-07-18 10:55:58 [Debug] Attempting to validate the bound parameter '"search"' of type '"System.String"' ...
2025-07-18 10:55:58 [Debug] Done attempting to validate the bound parameter '"search"' of type '"System.String"'.
2025-07-18 10:55:58 [Information] Executed DbCommand ("17"ms) [Parameters=[""], CommandType='Text', CommandTimeout='30']"
""SELECT count(*)::int
FROM \"Bills\" AS b
WHERE b.\"Status\" = 'Paid'"
2025-07-18 10:55:58 [Debug] Closing data reader to '"VehicleServiceManagement"' on server '"tcp://localhost:5432"'.
2025-07-18 10:55:58 [Debug] A data reader for '"VehicleServiceManagement"' on server '"tcp://localhost:5432"' is being disposed after spending 0ms reading results.
2025-07-18 10:55:58 [Debug] Closing connection to database '"VehicleServiceManagement"' on server '"tcp://localhost:5432"'.
2025-07-18 10:55:58 [Debug] Closed connection to database '"VehicleServiceManagement"' on server '"tcp://localhost:5432"' (0ms).
2025-07-18 10:55:58 [Debug] Compiling query expression: "
"'"DbSet<ServiceRecord>()
    .Include(s => s.Mechanic)
    .Include(s => s.Customer)
    .Include(s => s.Booking)
    .Count()"'
2025-07-18 10:55:58 [Debug] Generated query execution expression: "
"'"queryContext => ShapedQueryCompilingExpressionVisitor.SingleAsync<int>(
    asyncEnumerable: SingleQueryingEnumerable.Create<int>(
        relationalQueryContext: (RelationalQueryContext)queryContext, 
        relationalCommandResolver: parameters => [LIFTABLE Constant: RelationalCommandCache.QueryExpression(
            Projection Mapping:
                EmptyProjectionMember -> 0
            SELECT CAST(count(*) AS integer)
            FROM serviceRecords AS s) | Resolver: c => new RelationalCommandCache(
            c.Dependencies.MemoryCache, 
            c.RelationalDependencies.QuerySqlGeneratorFactory, 
            c.RelationalDependencies.RelationalParameterBasedSqlProcessorFactory, 
            Projection Mapping:
                EmptyProjectionMember -> 0
            SELECT CAST(count(*) AS integer)
            FROM serviceRecords AS s, 
            False, 
            new HashSet<string>(
                new string[]{ }, 
                StringComparer.Ordinal
            )
        )].GetRelationalCommandTemplate(parameters), 
        readerColumns: null, 
        shaper: (queryContext, dataReader, resultContext, resultCoordinator) => 
        {
            int? value1;
            value1 = dataReader.IsDBNull(0) ? default(int?) : (int?)dataReader.GetInt32(0);
            return (int)value1;
        }, 
        contextType: VSM.Contexts.VSMContext, 
        standAloneStateManager: False, 
        detailedErrorsEnabled: False, 
        threadSafetyChecksEnabled: True), 
    cancellationToken: queryContext.CancellationToken)"'
2025-07-18 10:55:58 [Information] Executed action "VSM.Controllers.BookingController.GetAll (VehicleServiceManagement)" in 1698.5899ms
2025-07-18 10:55:58 [Information] Executed endpoint '"VSM.Controllers.BookingController.GetAll (VehicleServiceManagement)"'
2025-07-18 10:55:58 [Debug] Opening connection to database '"VehicleServiceManagement"' on server '"tcp://localhost:5432"'.
2025-07-18 10:55:58 [Debug] Opened connection to database '"VehicleServiceManagement"' on server '"tcp://localhost:5432"'.
2025-07-18 10:55:58 [Debug] '"VSMContext"' disposed.
2025-07-18 10:55:58 [Debug] Creating DbCommand for '"ExecuteReader"'.
2025-07-18 10:55:58 [Debug] Created DbCommand for '"ExecuteReader"' (0ms).
2025-07-18 10:55:58 [Debug] Initialized DbCommand for '"ExecuteReader"' (0ms).
2025-07-18 10:55:58 [Debug] Disposing connection to database '"VehicleServiceManagement"' on server '"tcp://localhost:5432"'.
2025-07-18 10:55:58 [Debug] Executing DbCommand [Parameters=[""], CommandType='Text', CommandTimeout='30']"
""SELECT count(*)::int
FROM \"serviceRecords\" AS s"
2025-07-18 10:55:58 [Debug] Disposed connection to database '"VehicleServiceManagement"' on server '"tcp://localhost:5432"' (0ms).
2025-07-18 10:55:58 [Information] Request finished "HTTP/2" "GET" "https"://"localhost:7176""""/api/v1/Booking""" - 200 null "application/json; charset=utf-8" 1823.6228ms
2025-07-18 10:55:58 [Information] Executed DbCommand ("2"ms) [Parameters=[""], CommandType='Text', CommandTimeout='30']"
""SELECT count(*)::int
FROM \"serviceRecords\" AS s"
2025-07-18 10:55:58 [Debug] Closing data reader to '"VehicleServiceManagement"' on server '"tcp://localhost:5432"'.
2025-07-18 10:55:58 [Debug] A data reader for '"VehicleServiceManagement"' on server '"tcp://localhost:5432"' is being disposed after spending 0ms reading results.
2025-07-18 10:55:58 [Debug] Closing connection to database '"VehicleServiceManagement"' on server '"tcp://localhost:5432"'.
2025-07-18 10:55:58 [Debug] Closed connection to database '"VehicleServiceManagement"' on server '"tcp://localhost:5432"' (0ms).
2025-07-18 10:55:58 [Debug] Compiling query expression: "
"'"DbSet<ServiceRecord>()
    .Include(s => s.Mechanic)
    .Include(s => s.Customer)
    .Include(s => s.Booking)
    .Count(s => s.Status == \"Active\")"'
2025-07-18 10:55:58 [Debug] Generated query execution expression: "
"'"queryContext => ShapedQueryCompilingExpressionVisitor.SingleAsync<int>(
    asyncEnumerable: SingleQueryingEnumerable.Create<int>(
        relationalQueryContext: (RelationalQueryContext)queryContext, 
        relationalCommandResolver: parameters => [LIFTABLE Constant: RelationalCommandCache.QueryExpression(
            Projection Mapping:
                EmptyProjectionMember -> 0
            SELECT CAST(count(*) AS integer)
            FROM serviceRecords AS s
            WHERE s.Status == 'Active') | Resolver: c => new RelationalCommandCache(
            c.Dependencies.MemoryCache, 
            c.RelationalDependencies.QuerySqlGeneratorFactory, 
            c.RelationalDependencies.RelationalParameterBasedSqlProcessorFactory, 
            Projection Mapping:
                EmptyProjectionMember -> 0
            SELECT CAST(count(*) AS integer)
            FROM serviceRecords AS s
            WHERE s.Status == 'Active', 
            False, 
            new HashSet<string>(
                new string[]{ }, 
                StringComparer.Ordinal
            )
        )].GetRelationalCommandTemplate(parameters), 
        readerColumns: null, 
        shaper: (queryContext, dataReader, resultContext, resultCoordinator) => 
        {
            int? value1;
            value1 = dataReader.IsDBNull(0) ? default(int?) : (int?)dataReader.GetInt32(0);
            return (int)value1;
        }, 
        contextType: VSM.Contexts.VSMContext, 
        standAloneStateManager: False, 
        detailedErrorsEnabled: False, 
        threadSafetyChecksEnabled: True), 
    cancellationToken: queryContext.CancellationToken)"'
2025-07-18 10:55:58 [Debug] Opening connection to database '"VehicleServiceManagement"' on server '"tcp://localhost:5432"'.
2025-07-18 10:55:58 [Debug] Opened connection to database '"VehicleServiceManagement"' on server '"tcp://localhost:5432"'.
2025-07-18 10:55:58 [Debug] Creating DbCommand for '"ExecuteReader"'.
2025-07-18 10:55:58 [Debug] Created DbCommand for '"ExecuteReader"' (0ms).
2025-07-18 10:55:58 [Debug] Initialized DbCommand for '"ExecuteReader"' (0ms).
2025-07-18 10:55:58 [Debug] Executing DbCommand [Parameters=[""], CommandType='Text', CommandTimeout='30']"
""SELECT count(*)::int
FROM \"serviceRecords\" AS s
WHERE s.\"Status\" = 'Active'"
2025-07-18 10:55:58 [Information] Executed DbCommand ("1"ms) [Parameters=[""], CommandType='Text', CommandTimeout='30']"
""SELECT count(*)::int
FROM \"serviceRecords\" AS s
WHERE s.\"Status\" = 'Active'"
2025-07-18 10:55:58 [Debug] Closing data reader to '"VehicleServiceManagement"' on server '"tcp://localhost:5432"'.
2025-07-18 10:55:58 [Debug] A data reader for '"VehicleServiceManagement"' on server '"tcp://localhost:5432"' is being disposed after spending 0ms reading results.
2025-07-18 10:55:58 [Debug] Closing connection to database '"VehicleServiceManagement"' on server '"tcp://localhost:5432"'.
2025-07-18 10:55:58 [Debug] Closed connection to database '"VehicleServiceManagement"' on server '"tcp://localhost:5432"' (0ms).
2025-07-18 10:55:58 [Debug] Compiling query expression: "
"'"DbSet<ServiceRecord>()
    .Include(s => s.Mechanic)
    .Include(s => s.Customer)
    .Include(s => s.Booking)
    .Count(s => s.Status == \"Completed\")"'
2025-07-18 10:55:58 [Debug] Generated query execution expression: "
"'"queryContext => ShapedQueryCompilingExpressionVisitor.SingleAsync<int>(
    asyncEnumerable: SingleQueryingEnumerable.Create<int>(
        relationalQueryContext: (RelationalQueryContext)queryContext, 
        relationalCommandResolver: parameters => [LIFTABLE Constant: RelationalCommandCache.QueryExpression(
            Projection Mapping:
                EmptyProjectionMember -> 0
            SELECT CAST(count(*) AS integer)
            FROM serviceRecords AS s
            WHERE s.Status == 'Completed') | Resolver: c => new RelationalCommandCache(
            c.Dependencies.MemoryCache, 
            c.RelationalDependencies.QuerySqlGeneratorFactory, 
            c.RelationalDependencies.RelationalParameterBasedSqlProcessorFactory, 
            Projection Mapping:
                EmptyProjectionMember -> 0
            SELECT CAST(count(*) AS integer)
            FROM serviceRecords AS s
            WHERE s.Status == 'Completed', 
            False, 
            new HashSet<string>(
                new string[]{ }, 
                StringComparer.Ordinal
            )
        )].GetRelationalCommandTemplate(parameters), 
        readerColumns: null, 
        shaper: (queryContext, dataReader, resultContext, resultCoordinator) => 
        {
            int? value1;
            value1 = dataReader.IsDBNull(0) ? default(int?) : (int?)dataReader.GetInt32(0);
            return (int)value1;
        }, 
        contextType: VSM.Contexts.VSMContext, 
        standAloneStateManager: False, 
        detailedErrorsEnabled: False, 
        threadSafetyChecksEnabled: True), 
    cancellationToken: queryContext.CancellationToken)"'
2025-07-18 10:55:58 [Debug] Opening connection to database '"VehicleServiceManagement"' on server '"tcp://localhost:5432"'.
2025-07-18 10:55:58 [Debug] Opened connection to database '"VehicleServiceManagement"' on server '"tcp://localhost:5432"'.
2025-07-18 10:55:58 [Debug] Creating DbCommand for '"ExecuteReader"'.
2025-07-18 10:55:58 [Debug] Created DbCommand for '"ExecuteReader"' (0ms).
2025-07-18 10:55:58 [Debug] Initialized DbCommand for '"ExecuteReader"' (0ms).
2025-07-18 10:55:58 [Debug] Executing DbCommand [Parameters=[""], CommandType='Text', CommandTimeout='30']"
""SELECT count(*)::int
FROM \"serviceRecords\" AS s
WHERE s.\"Status\" = 'Completed'"
2025-07-18 10:55:58 [Information] Executed DbCommand ("1"ms) [Parameters=[""], CommandType='Text', CommandTimeout='30']"
""SELECT count(*)::int
FROM \"serviceRecords\" AS s
WHERE s.\"Status\" = 'Completed'"
2025-07-18 10:55:58 [Debug] Closing data reader to '"VehicleServiceManagement"' on server '"tcp://localhost:5432"'.
2025-07-18 10:55:58 [Debug] A data reader for '"VehicleServiceManagement"' on server '"tcp://localhost:5432"' is being disposed after spending 0ms reading results.
2025-07-18 10:55:58 [Debug] Closing connection to database '"VehicleServiceManagement"' on server '"tcp://localhost:5432"'.
2025-07-18 10:55:58 [Debug] Closed connection to database '"VehicleServiceManagement"' on server '"tcp://localhost:5432"' (0ms).
2025-07-18 10:55:58 [Debug] Compiling query expression: "
"'"DbSet<ServiceRecord>()
    .Include(s => s.Mechanic)
    .Include(s => s.Customer)
    .Include(s => s.Booking)
    .Count(s => s.Status == \"Aborted\")"'
2025-07-18 10:55:58 [Debug] Generated query execution expression: "
"'"queryContext => ShapedQueryCompilingExpressionVisitor.SingleAsync<int>(
    asyncEnumerable: SingleQueryingEnumerable.Create<int>(
        relationalQueryContext: (RelationalQueryContext)queryContext, 
        relationalCommandResolver: parameters => [LIFTABLE Constant: RelationalCommandCache.QueryExpression(
            Projection Mapping:
                EmptyProjectionMember -> 0
            SELECT CAST(count(*) AS integer)
            FROM serviceRecords AS s
            WHERE s.Status == 'Aborted') | Resolver: c => new RelationalCommandCache(
            c.Dependencies.MemoryCache, 
            c.RelationalDependencies.QuerySqlGeneratorFactory, 
            c.RelationalDependencies.RelationalParameterBasedSqlProcessorFactory, 
            Projection Mapping:
                EmptyProjectionMember -> 0
            SELECT CAST(count(*) AS integer)
            FROM serviceRecords AS s
            WHERE s.Status == 'Aborted', 
            False, 
            new HashSet<string>(
                new string[]{ }, 
                StringComparer.Ordinal
            )
        )].GetRelationalCommandTemplate(parameters), 
        readerColumns: null, 
        shaper: (queryContext, dataReader, resultContext, resultCoordinator) => 
        {
            int? value1;
            value1 = dataReader.IsDBNull(0) ? default(int?) : (int?)dataReader.GetInt32(0);
            return (int)value1;
        }, 
        contextType: VSM.Contexts.VSMContext, 
        standAloneStateManager: False, 
        detailedErrorsEnabled: False, 
        threadSafetyChecksEnabled: True), 
    cancellationToken: queryContext.CancellationToken)"'
2025-07-18 10:55:58 [Debug] Opening connection to database '"VehicleServiceManagement"' on server '"tcp://localhost:5432"'.
2025-07-18 10:55:58 [Debug] Opened connection to database '"VehicleServiceManagement"' on server '"tcp://localhost:5432"'.
2025-07-18 10:55:58 [Debug] Creating DbCommand for '"ExecuteReader"'.
2025-07-18 10:55:58 [Debug] Created DbCommand for '"ExecuteReader"' (0ms).
2025-07-18 10:55:58 [Debug] Initialized DbCommand for '"ExecuteReader"' (0ms).
2025-07-18 10:55:58 [Debug] Executing DbCommand [Parameters=[""], CommandType='Text', CommandTimeout='30']"
""SELECT count(*)::int
FROM \"serviceRecords\" AS s
WHERE s.\"Status\" = 'Aborted'"
2025-07-18 10:55:58 [Information] Executed DbCommand ("1"ms) [Parameters=[""], CommandType='Text', CommandTimeout='30']"
""SELECT count(*)::int
FROM \"serviceRecords\" AS s
WHERE s.\"Status\" = 'Aborted'"
2025-07-18 10:55:58 [Debug] Closing data reader to '"VehicleServiceManagement"' on server '"tcp://localhost:5432"'.
2025-07-18 10:55:58 [Debug] A data reader for '"VehicleServiceManagement"' on server '"tcp://localhost:5432"' is being disposed after spending 0ms reading results.
2025-07-18 10:55:58 [Debug] Closing connection to database '"VehicleServiceManagement"' on server '"tcp://localhost:5432"'.
2025-07-18 10:55:58 [Debug] Closed connection to database '"VehicleServiceManagement"' on server '"tcp://localhost:5432"' (0ms).
2025-07-18 10:55:58 [Debug] Compiling query expression: "
"'"DbSet<Bill>()
    .Include(b => b.ServiceRecord)
    .ThenInclude(sr => sr.Customer)
    .Include(b => b.ServiceRecord)
    .ThenInclude(sr => sr.Mechanic)
    .Where(b => b.ServiceRecord != null && b.ServiceRecord.Customer != null)
    .GroupBy(b => b.ServiceRecord.Customer.Phone)
    .Select(g => new { 
        Phone = g.Key, 
        Total = g
            .Sum(b => b.Amount)
     })"'
2025-07-18 10:55:58 [Debug] Entity Framework Core "9.0.5" initialized '"VSMContext"' using provider '"Npgsql.EntityFrameworkCore.PostgreSQL":"9.0.4+fd2380957bee5cd86f336466af36b08c0163f1a5"' with options: "None"
2025-07-18 10:55:58 [Debug] Compiling query expression: "
"'"DbSet<Bill>()
    .Include(b => b.CategoryDetails)
    .Include(b => b.ServiceRecord)
    .ThenInclude(sr => sr.Service)
    .ThenInclude(s => s.ServiceCategories)
    .Include(b => b.ServiceRecord)
    .ThenInclude(sr => sr.Service)
    .ThenInclude(s => s.Vehicle)
    .Include(b => b.ServiceRecord)
    .ThenInclude(sr => sr.Customer)
    .Include(b => b.ServiceRecord)
    .ThenInclude(sr => sr.Mechanic)
    .Where(s => s.ServiceRecord.Customer.Phone.Contains(__search_0) || s.ServiceRecord.Mechanic.Phone.Contains(__search_0))
    .Skip(__p_1)
    .Take(__p_2)"'
2025-07-18 10:55:58 [Debug] Including navigation: '"Bill.CategoryDetails"'.
2025-07-18 10:55:58 [Debug] Including navigation: '"Bill.ServiceRecord"'.
2025-07-18 10:55:58 [Debug] Including navigation: '"ServiceRecord.Service"'.
2025-07-18 10:55:58 [Debug] Including navigation: '"Service.ServiceCategories"'.
2025-07-18 10:55:58 [Debug] Generated query execution expression: "
"'"queryContext => SingleQueryingEnumerable.Create<<>f__AnonymousType0<string, float>>(
    relationalQueryContext: (RelationalQueryContext)queryContext, 
    relationalCommandResolver: parameters => [LIFTABLE Constant: RelationalCommandCache.QueryExpression(
        Projection Mapping:
            Phone -> 0
            Total -> 1
        SELECT c.Phone, sum(b.Amount) AS Total
        FROM Bills AS b
        INNER JOIN serviceRecords AS s ON b.ServiceRecordID == s.ServiceRecordID
        INNER JOIN Customers AS c ON s.CustomerID == c.CustomerID
        WHERE (s.ServiceRecordID != NULL) && (c.CustomerID != NULL)
        GROUP BY c.Phone) | Resolver: c => new RelationalCommandCache(
        c.Dependencies.MemoryCache, 
        c.RelationalDependencies.QuerySqlGeneratorFactory, 
        c.RelationalDependencies.RelationalParameterBasedSqlProcessorFactory, 
        Projection Mapping:
            Phone -> 0
            Total -> 1
        SELECT c.Phone, sum(b.Amount) AS Total
        FROM Bills AS b
        INNER JOIN serviceRecords AS s ON b.ServiceRecordID == s.ServiceRecordID
        INNER JOIN Customers AS c ON s.CustomerID == c.CustomerID
        WHERE (s.ServiceRecordID != NULL) && (c.CustomerID != NULL)
        GROUP BY c.Phone, 
        False, 
        new HashSet<string>(
            new string[]{ }, 
            StringComparer.Ordinal
        )
    )].GetRelationalCommandTemplate(parameters), 
    readerColumns: null, 
    shaper: (queryContext, dataReader, resultContext, resultCoordinator) => 
    {
        string value1;
        float? value2;
        value1 = dataReader.GetString(0);
        value2 = dataReader.IsDBNull(1) ? default(float?) : (float?)dataReader.GetFloat(1);
        return new { 
            Phone = value1, 
            Total = (float)value2
         };
    }, 
    contextType: VSM.Contexts.VSMContext, 
    standAloneStateManager: False, 
    detailedErrorsEnabled: False, 
    threadSafetyChecksEnabled: True)"'
2025-07-18 10:55:58 [Debug] Including navigation: '"Service.Vehicle"'.
2025-07-18 10:55:58 [Debug] Including navigation: '"ServiceRecord.Customer"'.
2025-07-18 10:55:58 [Debug] Including navigation: '"ServiceRecord.Mechanic"'.
2025-07-18 10:55:58 [Debug] Opening connection to database '"VehicleServiceManagement"' on server '"tcp://localhost:5432"'.
2025-07-18 10:55:58 [Debug] Opened connection to database '"VehicleServiceManagement"' on server '"tcp://localhost:5432"'.
2025-07-18 10:55:58 [Debug] Creating DbCommand for '"ExecuteReader"'.
2025-07-18 10:55:58 [Debug] Created DbCommand for '"ExecuteReader"' (0ms).
2025-07-18 10:55:58 [Debug] Initialized DbCommand for '"ExecuteReader"' (0ms).
2025-07-18 10:55:58 [Debug] Executing DbCommand [Parameters=[""], CommandType='Text', CommandTimeout='30']"
""SELECT c.\"Phone\", COALESCE(sum(b.\"Amount\"), 0) AS \"Total\"
FROM \"Bills\" AS b
INNER JOIN \"serviceRecords\" AS s ON b.\"ServiceRecordID\" = s.\"ServiceRecordID\"
INNER JOIN \"Customers\" AS c ON s.\"CustomerID\" = c.\"CustomerID\"
GROUP BY c.\"Phone\""
2025-07-18 10:55:58 [Warning] The query uses a row limiting operator ('Skip'/'Take') without an 'OrderBy' operator. This may lead to unpredictable results. If the 'Distinct' operator is used after 'OrderBy', then make sure to use the 'OrderBy' operator after 'Distinct' as the ordering would otherwise get erased.
2025-07-18 10:55:58 [Warning] The query uses a row limiting operator ('Skip'/'Take') without an 'OrderBy' operator. This may lead to unpredictable results. If the 'Distinct' operator is used after 'OrderBy', then make sure to use the 'OrderBy' operator after 'Distinct' as the ordering would otherwise get erased.
2025-07-18 10:55:58 [Information] Executed DbCommand ("20"ms) [Parameters=[""], CommandType='Text', CommandTimeout='30']"
""SELECT c.\"Phone\", COALESCE(sum(b.\"Amount\"), 0) AS \"Total\"
FROM \"Bills\" AS b
INNER JOIN \"serviceRecords\" AS s ON b.\"ServiceRecordID\" = s.\"ServiceRecordID\"
INNER JOIN \"Customers\" AS c ON s.\"CustomerID\" = c.\"CustomerID\"
GROUP BY c.\"Phone\""
2025-07-18 10:55:58 [Debug] Closing data reader to '"VehicleServiceManagement"' on server '"tcp://localhost:5432"'.
2025-07-18 10:55:58 [Debug] A data reader for '"VehicleServiceManagement"' on server '"tcp://localhost:5432"' is being disposed after spending 4ms reading results.
2025-07-18 10:55:58 [Debug] Closing connection to database '"VehicleServiceManagement"' on server '"tcp://localhost:5432"'.
2025-07-18 10:55:58 [Debug] Closed connection to database '"VehicleServiceManagement"' on server '"tcp://localhost:5432"' (0ms).
2025-07-18 10:55:58 [Debug] Compiling query expression: "
"'"DbSet<ServiceRecord>()
    .Include(s => s.Mechanic)
    .Include(s => s.Customer)
    .Include(s => s.Booking)
    .Where(s => s.Mechanic != null)
    .GroupBy(s => new { 
        Phone = s.Mechanic.Phone, 
        Name = s.Mechanic.Name
     })
    .Select(g => new MechanicServiceStatsDto{ 
        MechanicPhone = g.Key.Phone, 
        MechanicName = g.Key.Name, 
        Active = g
            .Count(x => x.Status == \"Active\"), 
        Completed = g
            .Count(x => x.Status == \"Completed\"), 
        Aborted = g
            .Count(x => x.Status == \"Aborted\") 
    }
    )"'
2025-07-18 10:55:58 [Debug] Generated query execution expression: "
"'"queryContext => SingleQueryingEnumerable.Create<MechanicServiceStatsDto>(
    relationalQueryContext: (RelationalQueryContext)queryContext, 
    relationalCommandResolver: parameters => [LIFTABLE Constant: RelationalCommandCache.QueryExpression(
        Projection Mapping:
            MechanicPhone -> 0
            MechanicName -> 1
            Active -> 2
            Completed -> 3
            Aborted -> 4
        SELECT m.Phone AS MechanicPhone, m.Name AS MechanicName, CAST(count(*) FILTER (WHERE s.Status == 'Active') AS integer) AS Active, CAST(count(*) FILTER (WHERE s.Status == 'Completed') AS integer) AS Completed, CAST(count(*) FILTER (WHERE s.Status == 'Aborted') AS integer) AS Aborted
        FROM serviceRecords AS s
        INNER JOIN Mechanics AS m ON s.MechanicId == m.MechanicId
        WHERE m.MechanicId != NULL
        GROUP BY m.Phone, m.Name) | Resolver: c => new RelationalCommandCache(
        c.Dependencies.MemoryCache, 
        c.RelationalDependencies.QuerySqlGeneratorFactory, 
        c.RelationalDependencies.RelationalParameterBasedSqlProcessorFactory, 
        Projection Mapping:
            MechanicPhone -> 0
            MechanicName -> 1
            Active -> 2
            Completed -> 3
            Aborted -> 4
        SELECT m.Phone AS MechanicPhone, m.Name AS MechanicName, CAST(count(*) FILTER (WHERE s.Status == 'Active') AS integer) AS Active, CAST(count(*) FILTER (WHERE s.Status == 'Completed') AS integer) AS Completed, CAST(count(*) FILTER (WHERE s.Status == 'Aborted') AS integer) AS Aborted
        FROM serviceRecords AS s
        INNER JOIN Mechanics AS m ON s.MechanicId == m.MechanicId
        WHERE m.MechanicId != NULL
        GROUP BY m.Phone, m.Name, 
        False, 
        new HashSet<string>(
            new string[]{ }, 
            StringComparer.Ordinal
        )
    )].GetRelationalCommandTemplate(parameters), 
    readerColumns: null, 
    shaper: (queryContext, dataReader, resultContext, resultCoordinator) => 
    {
        string value1;
        string value2;
        int? value3;
        int? value4;
        int? value5;
        value1 = dataReader.GetString(0);
        value2 = dataReader.GetString(1);
        value3 = dataReader.IsDBNull(2) ? default(int?) : (int?)dataReader.GetInt32(2);
        value4 = dataReader.IsDBNull(3) ? default(int?) : (int?)dataReader.GetInt32(3);
        value5 = dataReader.IsDBNull(4) ? default(int?) : (int?)dataReader.GetInt32(4);
        return new MechanicServiceStatsDto{ 
            MechanicPhone = value1, 
            MechanicName = value2, 
            Active = (int)value3, 
            Completed = (int)value4, 
            Aborted = (int)value5 
        }
        ;
    }, 
    contextType: VSM.Contexts.VSMContext, 
    standAloneStateManager: False, 
    detailedErrorsEnabled: False, 
    threadSafetyChecksEnabled: True)"'
2025-07-18 10:55:58 [Debug] Opening connection to database '"VehicleServiceManagement"' on server '"tcp://localhost:5432"'.
2025-07-18 10:55:58 [Debug] Opened connection to database '"VehicleServiceManagement"' on server '"tcp://localhost:5432"'.
2025-07-18 10:55:58 [Debug] Creating DbCommand for '"ExecuteReader"'.
2025-07-18 10:55:58 [Debug] Created DbCommand for '"ExecuteReader"' (0ms).
2025-07-18 10:55:58 [Debug] Initialized DbCommand for '"ExecuteReader"' (0ms).
2025-07-18 10:55:58 [Debug] Executing DbCommand [Parameters=[""], CommandType='Text', CommandTimeout='30']"
""SELECT m.\"Phone\" AS \"MechanicPhone\", m.\"Name\" AS \"MechanicName\", count(*) FILTER (WHERE s.\"Status\" = 'Active')::int AS \"Active\", count(*) FILTER (WHERE s.\"Status\" = 'Completed')::int AS \"Completed\", count(*) FILTER (WHERE s.\"Status\" = 'Aborted')::int AS \"Aborted\"
FROM \"serviceRecords\" AS s
INNER JOIN \"Mechanics\" AS m ON s.\"MechanicId\" = m.\"MechanicId\"
GROUP BY m.\"Phone\", m.\"Name\""
2025-07-18 10:55:58 [Information] Executed DbCommand ("2"ms) [Parameters=[""], CommandType='Text', CommandTimeout='30']"
""SELECT m.\"Phone\" AS \"MechanicPhone\", m.\"Name\" AS \"MechanicName\", count(*) FILTER (WHERE s.\"Status\" = 'Active')::int AS \"Active\", count(*) FILTER (WHERE s.\"Status\" = 'Completed')::int AS \"Completed\", count(*) FILTER (WHERE s.\"Status\" = 'Aborted')::int AS \"Aborted\"
FROM \"serviceRecords\" AS s
INNER JOIN \"Mechanics\" AS m ON s.\"MechanicId\" = m.\"MechanicId\"
GROUP BY m.\"Phone\", m.\"Name\""
2025-07-18 10:55:58 [Debug] Closing data reader to '"VehicleServiceManagement"' on server '"tcp://localhost:5432"'.
2025-07-18 10:55:58 [Debug] A data reader for '"VehicleServiceManagement"' on server '"tcp://localhost:5432"' is being disposed after spending 0ms reading results.
2025-07-18 10:55:58 [Debug] Closing connection to database '"VehicleServiceManagement"' on server '"tcp://localhost:5432"'.
2025-07-18 10:55:58 [Debug] Closed connection to database '"VehicleServiceManagement"' on server '"tcp://localhost:5432"' (0ms).
2025-07-18 10:55:58 [Debug] Compiling query expression: "
"'"DbSet<Booking>()
    .Include(b => b.Customer)
    .GroupBy(b => b.Slot.Date)
    .Select(g => new { 
        Date = g.Key, 
        Count = g
            .Count()
     })"'
2025-07-18 10:55:58 [Debug] Generated query execution expression: "
"'"queryContext => SingleQueryingEnumerable.Create<<>f__AnonymousType2<DateTime, int>>(
    relationalQueryContext: (RelationalQueryContext)queryContext, 
    relationalCommandResolver: parameters => [LIFTABLE Constant: RelationalCommandCache.QueryExpression(
        Projection Mapping:
            Date -> 0
            Count -> 1
        SELECT b0.Key AS Date, CAST(count(*) AS integer) AS Count
        FROM 
        (
            SELECT date_trunc('day', b.Slot, 'UTC') AS Key
            FROM Bookings AS b
        ) AS b0
        GROUP BY b0.Key) | Resolver: c => new RelationalCommandCache(
        c.Dependencies.MemoryCache, 
        c.RelationalDependencies.QuerySqlGeneratorFactory, 
        c.RelationalDependencies.RelationalParameterBasedSqlProcessorFactory, 
        Projection Mapping:
            Date -> 0
            Count -> 1
        SELECT b0.Key AS Date, CAST(count(*) AS integer) AS Count
        FROM 
        (
            SELECT date_trunc('day', b.Slot, 'UTC') AS Key
            FROM Bookings AS b
        ) AS b0
        GROUP BY b0.Key, 
        False, 
        new HashSet<string>(
            new string[]{ }, 
            StringComparer.Ordinal
        )
    )].GetRelationalCommandTemplate(parameters), 
    readerColumns: null, 
    shaper: (queryContext, dataReader, resultContext, resultCoordinator) => 
    {
        DateTime? value1;
        int? value2;
        value1 = dataReader.IsDBNull(0) ? default(DateTime?) : (DateTime?)dataReader.GetDateTime(0);
        value2 = dataReader.IsDBNull(1) ? default(int?) : (int?)dataReader.GetInt32(1);
        return new { 
            Date = (DateTime)value1, 
            Count = (int)value2
         };
    }, 
    contextType: VSM.Contexts.VSMContext, 
    standAloneStateManager: False, 
    detailedErrorsEnabled: False, 
    threadSafetyChecksEnabled: True)"'
2025-07-18 10:55:58 [Debug] Opening connection to database '"VehicleServiceManagement"' on server '"tcp://localhost:5432"'.
2025-07-18 10:55:58 [Debug] Opened connection to database '"VehicleServiceManagement"' on server '"tcp://localhost:5432"'.
2025-07-18 10:55:58 [Debug] Creating DbCommand for '"ExecuteReader"'.
2025-07-18 10:55:58 [Warning] Compiling a query which loads related collections for more than one collection navigation, either via 'Include' or through projection, but no 'QuerySplittingBehavior' has been configured. By default, Entity Framework will use 'QuerySplittingBehavior.SingleQuery', which can potentially result in slow query performance. See https://go.microsoft.com/fwlink/?linkid=2134277 for more information. To identify the query that's triggering this warning call 'ConfigureWarnings(w => w.Throw(RelationalEventId.MultipleCollectionIncludeWarning))'.
2025-07-18 10:55:58 [Debug] Created DbCommand for '"ExecuteReader"' (0ms).
2025-07-18 10:55:58 [Debug] Initialized DbCommand for '"ExecuteReader"' (0ms).
2025-07-18 10:55:58 [Debug] Executing DbCommand [Parameters=[""], CommandType='Text', CommandTimeout='30']"
""SELECT b0.\"Key\" AS \"Date\", count(*)::int AS \"Count\"
FROM (
    SELECT date_trunc('day', b.\"Slot\", 'UTC') AS \"Key\"
    FROM \"Bookings\" AS b
) AS b0
GROUP BY b0.\"Key\""
2025-07-18 10:55:58 [Information] Executed DbCommand ("11"ms) [Parameters=[""], CommandType='Text', CommandTimeout='30']"
""SELECT b0.\"Key\" AS \"Date\", count(*)::int AS \"Count\"
FROM (
    SELECT date_trunc('day', b.\"Slot\", 'UTC') AS \"Key\"
    FROM \"Bookings\" AS b
) AS b0
GROUP BY b0.\"Key\""
2025-07-18 10:55:58 [Debug] Closing data reader to '"VehicleServiceManagement"' on server '"tcp://localhost:5432"'.
2025-07-18 10:55:58 [Debug] A data reader for '"VehicleServiceManagement"' on server '"tcp://localhost:5432"' is being disposed after spending 2ms reading results.
2025-07-18 10:55:58 [Debug] Closing connection to database '"VehicleServiceManagement"' on server '"tcp://localhost:5432"'.
2025-07-18 10:55:58 [Debug] Closed connection to database '"VehicleServiceManagement"' on server '"tcp://localhost:5432"' (0ms).
2025-07-18 10:55:58 [Debug] Compiling query expression: "
"'"DbSet<ServiceRecord>()
    .Include(s => s.Mechanic)
    .Include(s => s.Customer)
    .Include(s => s.Booking)
    .Where(s => s.Booking != null)
    .GroupBy(s => s.Booking.Slot.Date)
    .Select(g => new { 
        Date = g.Key, 
        Count = g
            .Count()
     })"'
2025-07-18 10:55:59 [Debug] Generated query execution expression: "
"'"queryContext => SingleQueryingEnumerable.Create<<>f__AnonymousType2<DateTime, int>>(
    relationalQueryContext: (RelationalQueryContext)queryContext, 
    relationalCommandResolver: parameters => [LIFTABLE Constant: RelationalCommandCache.QueryExpression(
        Projection Mapping:
            Date -> 0
            Count -> 1
        SELECT s0.Key AS Date, CAST(count(*) AS integer) AS Count
        FROM 
        (
            SELECT date_trunc('day', b.Slot, 'UTC') AS Key
            FROM serviceRecords AS s
            INNER JOIN Bookings AS b ON s.BookingID == b.BookingID
            WHERE b.BookingID != NULL
        ) AS s0
        GROUP BY s0.Key) | Resolver: c => new RelationalCommandCache(
        c.Dependencies.MemoryCache, 
        c.RelationalDependencies.QuerySqlGeneratorFactory, 
        c.RelationalDependencies.RelationalParameterBasedSqlProcessorFactory, 
        Projection Mapping:
            Date -> 0
            Count -> 1
        SELECT s0.Key AS Date, CAST(count(*) AS integer) AS Count
        FROM 
        (
            SELECT date_trunc('day', b.Slot, 'UTC') AS Key
            FROM serviceRecords AS s
            INNER JOIN Bookings AS b ON s.BookingID == b.BookingID
            WHERE b.BookingID != NULL
        ) AS s0
        GROUP BY s0.Key, 
        False, 
        new HashSet<string>(
            new string[]{ }, 
            StringComparer.Ordinal
        )
    )].GetRelationalCommandTemplate(parameters), 
    readerColumns: null, 
    shaper: (queryContext, dataReader, resultContext, resultCoordinator) => 
    {
        DateTime? value1;
        int? value2;
        value1 = dataReader.IsDBNull(0) ? default(DateTime?) : (DateTime?)dataReader.GetDateTime(0);
        value2 = dataReader.IsDBNull(1) ? default(int?) : (int?)dataReader.GetInt32(1);
        return new { 
            Date = (DateTime)value1, 
            Count = (int)value2
         };
    }, 
    contextType: VSM.Contexts.VSMContext, 
    standAloneStateManager: False, 
    detailedErrorsEnabled: False, 
    threadSafetyChecksEnabled: True)"'
2025-07-18 10:55:59 [Debug] Opening connection to database '"VehicleServiceManagement"' on server '"tcp://localhost:5432"'.
2025-07-18 10:55:59 [Debug] Opened connection to database '"VehicleServiceManagement"' on server '"tcp://localhost:5432"'.
2025-07-18 10:55:59 [Debug] Creating DbCommand for '"ExecuteReader"'.
2025-07-18 10:55:59 [Debug] Created DbCommand for '"ExecuteReader"' (0ms).
2025-07-18 10:55:59 [Debug] Initialized DbCommand for '"ExecuteReader"' (0ms).
2025-07-18 10:55:59 [Debug] Executing DbCommand [Parameters=[""], CommandType='Text', CommandTimeout='30']"
""SELECT s0.\"Key\" AS \"Date\", count(*)::int AS \"Count\"
FROM (
    SELECT date_trunc('day', b.\"Slot\", 'UTC') AS \"Key\"
    FROM \"serviceRecords\" AS s
    INNER JOIN \"Bookings\" AS b ON s.\"BookingID\" = b.\"BookingID\"
) AS s0
GROUP BY s0.\"Key\""
2025-07-18 10:55:59 [Information] Executed DbCommand ("2"ms) [Parameters=[""], CommandType='Text', CommandTimeout='30']"
""SELECT s0.\"Key\" AS \"Date\", count(*)::int AS \"Count\"
FROM (
    SELECT date_trunc('day', b.\"Slot\", 'UTC') AS \"Key\"
    FROM \"serviceRecords\" AS s
    INNER JOIN \"Bookings\" AS b ON s.\"BookingID\" = b.\"BookingID\"
) AS s0
GROUP BY s0.\"Key\""
2025-07-18 10:55:59 [Debug] Closing data reader to '"VehicleServiceManagement"' on server '"tcp://localhost:5432"'.
2025-07-18 10:55:59 [Debug] A data reader for '"VehicleServiceManagement"' on server '"tcp://localhost:5432"' is being disposed after spending 0ms reading results.
2025-07-18 10:55:59 [Debug] Closing connection to database '"VehicleServiceManagement"' on server '"tcp://localhost:5432"'.
2025-07-18 10:55:59 [Debug] Closed connection to database '"VehicleServiceManagement"' on server '"tcp://localhost:5432"' (0ms).
2025-07-18 10:55:59 [Debug] List of registered output formatters, in the following order: ["Microsoft.AspNetCore.Mvc.Formatters.HttpNoContentOutputFormatter", "Microsoft.AspNetCore.Mvc.Formatters.StringOutputFormatter", "Microsoft.AspNetCore.Mvc.Formatters.StreamOutputFormatter", "Microsoft.AspNetCore.Mvc.Formatters.SystemTextJsonOutputFormatter"]
2025-07-18 10:55:59 [Debug] No information found on request to perform content negotiation.
2025-07-18 10:55:59 [Debug] Attempting to select an output formatter without using a content type as no explicit content types were specified for the response.
2025-07-18 10:55:59 [Debug] Attempting to select the first formatter in the output formatters list which can write the result.
2025-07-18 10:55:59 [Debug] Selected output formatter '"Microsoft.AspNetCore.Mvc.Formatters.SystemTextJsonOutputFormatter"' and content type '"application/json"' to write the response.
2025-07-18 10:55:59 [Information] Executing "OkObjectResult", writing value of type '"DashboardAnalyticsDto"'.
2025-07-18 10:55:59 [Information] Executed action "AnalyticsController.GetDashboardStats (VehicleServiceManagement)" in 1874.5138ms
2025-07-18 10:55:59 [Information] Executed endpoint '"AnalyticsController.GetDashboardStats (VehicleServiceManagement)"'
2025-07-18 10:55:59 [Debug] '"VSMContext"' disposed.
2025-07-18 10:55:59 [Debug] Disposing connection to database '"VehicleServiceManagement"' on server '"tcp://localhost:5432"'.
2025-07-18 10:55:59 [Debug] Disposed connection to database '"VehicleServiceManagement"' on server '"tcp://localhost:5432"' (0ms).
2025-07-18 10:55:59 [Information] Request finished "HTTP/2" "GET" "https"://"localhost:7176""""/api/v1/Analytics/dashboard""" - 200 null "application/json; charset=utf-8" 1946.557ms
2025-07-18 10:55:59 [Debug] Generated query execution expression: "
"'"queryContext => 
{
    queryContext.AddParameter(
        name: \"__search_0_contains\", 
        value: (object)Invoke(queryContext => NpgsqlSqlTranslatingExpressionVisitor.ConstructLikePatternParameter(
            queryContext: queryContext, 
            baseParameterName: \"__search_0\", 
            methodType: Contains), queryContext));
    return SingleQueryingEnumerable.Create<Bill>(
        relationalQueryContext: (RelationalQueryContext)queryContext, 
        relationalCommandResolver: parameters => [LIFTABLE Constant: RelationalCommandCache.QueryExpression(
            Client Projections:
                0 -> Dictionary<IProperty, int> { [Property: Bill.BillID (Guid) Required PK AfterSave:Throw ValueGenerated.OnAdd, 0], [Property: Bill.Amount (float) Required, 1], [Property: Bill.Description (string) Required, 2], [Property: Bill.ServiceRecordID (Guid) Required FK Index, 3], [Property: Bill.Status (string) Required, 4] }
                1 -> 0
                2 -> 5
                3 -> 6
                4 -> 7
                5 -> 8
                6 -> 9
                7 -> Dictionary<IProperty, int> { [Property: BillCategoryDetail.Id (Guid) Required PK AfterSave:Throw ValueGenerated.OnAdd, 10], [Property: BillCategoryDetail.Amount (float) Required, 11], [Property: BillCategoryDetail.BillId (Guid) Required FK Index, 12], [Property: BillCategoryDetail.CategoryName (string) Required, 13] }
                8 -> 10
                9 -> Dictionary<IProperty, int> { [Property: ServiceRecord.ServiceRecordID (Guid) Required PK AfterSave:Throw ValueGenerated.OnAdd, 5], [Property: ServiceRecord.BookingID (Guid) Required FK Index, 14], [Property: ServiceRecord.CustomerID (Guid) Required FK Index, 15], [Property: ServiceRecord.IsDeleted (bool) Required, 16], [Property: ServiceRecord.MechanicId (Guid) Required FK Index, 17], [Property: ServiceRecord.ServiceID (Guid) Required FK Index, 18], [Property: ServiceRecord.Status (string) Required, 19] }
                10 -> Dictionary<IProperty, int> { [Property: Service.ServiceID (Guid) Required PK AfterSave:Throw ValueGenerated.OnAdd, 8], [Property: Service.Description (string) Required, 20], [Property: Service.IsDeleted (bool) Required, 21], [Property: Service.VehicleID (Guid) Required FK Index, 22] }
                11 -> Dictionary<IProperty, int> { [Property: ServiceServiceCategory (Dictionary<string, object>).ServiceCategoriesCategoryID (no field, Guid) Indexer Required PK FK AfterSave:Throw, 23], [Property: ServiceServiceCategory (Dictionary<string, object>).ServicesServiceID (no field, Guid) Indexer Required PK FK Index AfterSave:Throw, 24] }
                12 -> Dictionary<IProperty, int> { [Property: ServiceCategory.CategoryID (Guid) Required PK AfterSave:Throw ValueGenerated.OnAdd, 25], [Property: ServiceCategory.Amount (float) Required, 26], [Property: ServiceCategory.Name (string) Required, 27], [Property: ServiceCategory.Status (string) Required, 28] }
                13 -> 23
                14 -> 24
                15 -> 25
                16 -> Dictionary<IProperty, int> { [Property: Vehicle.VehicleID (Guid) Required PK AfterSave:Throw ValueGenerated.OnAdd, 9], [Property: Vehicle.IsDeleted (bool) Required, 29], [Property: Vehicle.VechicleManufacturer (string) Required, 30], [Property: Vehicle.VehicleModel (string) Required, 31], [Property: Vehicle.VehicleNo (string) Required, 32], [Property: Vehicle.VehicleType (string) Required, 33] }
                17 -> Dictionary<IProperty, int> { [Property: Customer.CustomerID (Guid) Required PK AfterSave:Throw ValueGenerated.OnAdd, 6], [Property: Customer.Email (string) Required FK Index, 34], [Property: Customer.Name (string) Required, 35], [Property: Customer.Phone (string) Required, 36], [Property: Customer.Status (string) Required, 37] }
                18 -> Dictionary<IProperty, int> { [Property: Mechanic.MechanicId (Guid) Required PK AfterSave:Throw ValueGenerated.OnAdd, 7], [Property: Mechanic.Email (string) Required FK Index, 38], [Property: Mechanic.Name (string) Required, 39], [Property: Mechanic.Phone (string) Required, 40], [Property: Mechanic.Status (string) Required, 41] }
            SELECT s1.BillID, s1.Amount, s1.Description, s1.ServiceRecordID, s1.Status, s1.ServiceRecordID0, s1.CustomerID0, s1.MechanicId0, s0.ServiceID, v.VehicleID, b0.Id, b0.Amount, b0.BillId, b0.CategoryName, s1.BookingID, s1.CustomerID, s1.IsDeleted, s1.MechanicId, s1.ServiceID, s1.Status0, s0.Description, s0.IsDeleted, s0.VehicleID, s4.ServiceCategoriesCategoryID, s4.ServicesServiceID, s4.CategoryID, s4.Amount, s4.Name, s4.Status, v.IsDeleted, v.VechicleManufacturer, v.VehicleModel, v.VehicleNo, v.VehicleType, s1.Email, s1.Name, s1.Phone, s1.Status1, s1.Email0, s1.Name0, s1.Phone0, s1.Status2
            FROM 
            (
                SELECT b.BillID, b.Amount, b.Description, b.ServiceRecordID, b.Status, s.ServiceRecordID AS ServiceRecordID0, s.BookingID, s.CustomerID, s.IsDeleted, s.MechanicId, s.ServiceID, s.Status AS Status0, c.CustomerID AS CustomerID0, c.Email, c.Name, c.Phone, c.Status AS Status1, m.MechanicId AS MechanicId0, m.Email AS Email0, m.Name AS Name0, m.Phone AS Phone0, m.Status AS Status2
                FROM Bills AS b
                INNER JOIN serviceRecords AS s ON b.ServiceRecordID == s.ServiceRecordID
                INNER JOIN Customers AS c ON s.CustomerID == c.CustomerID
                INNER JOIN Mechanics AS m ON s.MechanicId == m.MechanicId
                WHERE (c.Phone LIKE @__search_0_contains) || (m.Phone LIKE @__search_0_contains)
                OFFSET @__p_1 ROWS FETCH NEXT @__p_2 ROWS ONLY
            ) AS s1
            INNER JOIN Services AS s0 ON s1.ServiceID == s0.ServiceID
            INNER JOIN Vehicles AS v ON s0.VehicleID == v.VehicleID
            LEFT JOIN BillCategoryDetail AS b0 ON s1.BillID == b0.BillId
            LEFT JOIN 
            (
                SELECT s2.ServiceCategoriesCategoryID, s2.ServicesServiceID, s3.CategoryID, s3.Amount, s3.Name, s3.Status
                FROM ServiceServiceCategory AS s2
                INNER JOIN ServiceCategories AS s3 ON s2.ServiceCategoriesCategoryID == s3.CategoryID
            ) AS s4 ON s0.ServiceID == s4.ServicesServiceID
            ORDER BY s1.BillID ASC, s1.ServiceRecordID0 ASC, s1.CustomerID0 ASC, s1.MechanicId0 ASC, s0.ServiceID ASC, v.VehicleID ASC, b0.Id ASC, s4.ServiceCategoriesCategoryID ASC, s4.ServicesServiceID ASC) | Resolver: c => new RelationalCommandCache(
            c.Dependencies.MemoryCache, 
            c.RelationalDependencies.QuerySqlGeneratorFactory, 
            c.RelationalDependencies.RelationalParameterBasedSqlProcessorFactory, 
            Client Projections:
                0 -> Dictionary<IProperty, int> { [Property: Bill.BillID (Guid) Required PK AfterSave:Throw ValueGenerated.OnAdd, 0], [Property: Bill.Amount (float) Required, 1], [Property: Bill.Description (string) Required, 2], [Property: Bill.ServiceRecordID (Guid) Required FK Index, 3], [Property: Bill.Status (string) Required, 4] }
                1 -> 0
                2 -> 5
                3 -> 6
                4 -> 7
                5 -> 8
                6 -> 9
                7 -> Dictionary<IProperty, int> { [Property: BillCategoryDetail.Id (Guid) Required PK AfterSave:Throw ValueGenerated.OnAdd, 10], [Property: BillCategoryDetail.Amount (float) Required, 11], [Property: BillCategoryDetail.BillId (Guid) Required FK Index, 12], [Property: BillCategoryDetail.CategoryName (string) Required, 13] }
                8 -> 10
                9 -> Dictionary<IProperty, int> { [Property: ServiceRecord.ServiceRecordID (Guid) Required PK AfterSave:Throw ValueGenerated.OnAdd, 5], [Property: ServiceRecord.BookingID (Guid) Required FK Index, 14], [Property: ServiceRecord.CustomerID (Guid) Required FK Index, 15], [Property: ServiceRecord.IsDeleted (bool) Required, 16], [Property: ServiceRecord.MechanicId (Guid) Required FK Index, 17], [Property: ServiceRecord.ServiceID (Guid) Required FK Index, 18], [Property: ServiceRecord.Status (string) Required, 19] }
                10 -> Dictionary<IProperty, int> { [Property: Service.ServiceID (Guid) Required PK AfterSave:Throw ValueGenerated.OnAdd, 8], [Property: Service.Description (string) Required, 20], [Property: Service.IsDeleted (bool) Required, 21], [Property: Service.VehicleID (Guid) Required FK Index, 22] }
                11 -> Dictionary<IProperty, int> { [Property: ServiceServiceCategory (Dictionary<string, object>).ServiceCategoriesCategoryID (no field, Guid) Indexer Required PK FK AfterSave:Throw, 23], [Property: ServiceServiceCategory (Dictionary<string, object>).ServicesServiceID (no field, Guid) Indexer Required PK FK Index AfterSave:Throw, 24] }
                12 -> Dictionary<IProperty, int> { [Property: ServiceCategory.CategoryID (Guid) Required PK AfterSave:Throw ValueGenerated.OnAdd, 25], [Property: ServiceCategory.Amount (float) Required, 26], [Property: ServiceCategory.Name (string) Required, 27], [Property: ServiceCategory.Status (string) Required, 28] }
                13 -> 23
                14 -> 24
                15 -> 25
                16 -> Dictionary<IProperty, int> { [Property: Vehicle.VehicleID (Guid) Required PK AfterSave:Throw ValueGenerated.OnAdd, 9], [Property: Vehicle.IsDeleted (bool) Required, 29], [Property: Vehicle.VechicleManufacturer (string) Required, 30], [Property: Vehicle.VehicleModel (string) Required, 31], [Property: Vehicle.VehicleNo (string) Required, 32], [Property: Vehicle.VehicleType (string) Required, 33] }
                17 -> Dictionary<IProperty, int> { [Property: Customer.CustomerID (Guid) Required PK AfterSave:Throw ValueGenerated.OnAdd, 6], [Property: Customer.Email (string) Required FK Index, 34], [Property: Customer.Name (string) Required, 35], [Property: Customer.Phone (string) Required, 36], [Property: Customer.Status (string) Required, 37] }
                18 -> Dictionary<IProperty, int> { [Property: Mechanic.MechanicId (Guid) Required PK AfterSave:Throw ValueGenerated.OnAdd, 7], [Property: Mechanic.Email (string) Required FK Index, 38], [Property: Mechanic.Name (string) Required, 39], [Property: Mechanic.Phone (string) Required, 40], [Property: Mechanic.Status (string) Required, 41] }
            SELECT s1.BillID, s1.Amount, s1.Description, s1.ServiceRecordID, s1.Status, s1.ServiceRecordID0, s1.CustomerID0, s1.MechanicId0, s0.ServiceID, v.VehicleID, b0.Id, b0.Amount, b0.BillId, b0.CategoryName, s1.BookingID, s1.CustomerID, s1.IsDeleted, s1.MechanicId, s1.ServiceID, s1.Status0, s0.Description, s0.IsDeleted, s0.VehicleID, s4.ServiceCategoriesCategoryID, s4.ServicesServiceID, s4.CategoryID, s4.Amount, s4.Name, s4.Status, v.IsDeleted, v.VechicleManufacturer, v.VehicleModel, v.VehicleNo, v.VehicleType, s1.Email, s1.Name, s1.Phone, s1.Status1, s1.Email0, s1.Name0, s1.Phone0, s1.Status2
            FROM 
            (
                SELECT b.BillID, b.Amount, b.Description, b.ServiceRecordID, b.Status, s.ServiceRecordID AS ServiceRecordID0, s.BookingID, s.CustomerID, s.IsDeleted, s.MechanicId, s.ServiceID, s.Status AS Status0, c.CustomerID AS CustomerID0, c.Email, c.Name, c.Phone, c.Status AS Status1, m.MechanicId AS MechanicId0, m.Email AS Email0, m.Name AS Name0, m.Phone AS Phone0, m.Status AS Status2
                FROM Bills AS b
                INNER JOIN serviceRecords AS s ON b.ServiceRecordID == s.ServiceRecordID
                INNER JOIN Customers AS c ON s.CustomerID == c.CustomerID
                INNER JOIN Mechanics AS m ON s.MechanicId == m.MechanicId
                WHERE (c.Phone LIKE @__search_0_contains) || (m.Phone LIKE @__search_0_contains)
                OFFSET @__p_1 ROWS FETCH NEXT @__p_2 ROWS ONLY
            ) AS s1
            INNER JOIN Services AS s0 ON s1.ServiceID == s0.ServiceID
            INNER JOIN Vehicles AS v ON s0.VehicleID == v.VehicleID
            LEFT JOIN BillCategoryDetail AS b0 ON s1.BillID == b0.BillId
            LEFT JOIN 
            (
                SELECT s2.ServiceCategoriesCategoryID, s2.ServicesServiceID, s3.CategoryID, s3.Amount, s3.Name, s3.Status
                FROM ServiceServiceCategory AS s2
                INNER JOIN ServiceCategories AS s3 ON s2.ServiceCategoriesCategoryID == s3.CategoryID
            ) AS s4 ON s0.ServiceID == s4.ServicesServiceID
            ORDER BY s1.BillID ASC, s1.ServiceRecordID0 ASC, s1.CustomerID0 ASC, s1.MechanicId0 ASC, s0.ServiceID ASC, v.VehicleID ASC, b0.Id ASC, s4.ServiceCategoriesCategoryID ASC, s4.ServicesServiceID ASC, 
            False, 
            new HashSet<string>(
                new string[]{ }, 
                StringComparer.Ordinal
            )
        )].GetRelationalCommandTemplate(parameters), 
        readerColumns: null, 
        shaper: (queryContext, dataReader, resultContext, resultCoordinator) => 
        {
            resultContext.Values == null ? 
            {
                Bill entity;
                ServiceRecord entity;
                Service entity;
                Vehicle entity;
                Customer entity;
                Mechanic entity;
                entity = 
                {
                    MaterializationContext materializationContext1;
                    IEntityType entityType1;
                    Bill instance1;
                    InternalEntityEntry entry1;
                    bool hasNullKey1;
                    materializationContext1 = new MaterializationContext(
                        [LIFTABLE Constant: ValueBuffer | Resolver: _ => (object)ValueBuffer.Empty], 
                        queryContext.Context
                    );
                    instance1 = default(Bill);
                    entry1 = queryContext.TryGetEntry(
                        key: [LIFTABLE Constant: Key: Bill.BillID PK | Resolver: c => c.Dependencies.Model.FindEntityType(\"VSM.Models.Bill\").FindPrimaryKey()], 
                        keyValues: new object[]{ (object)dataReader.GetGuid(0) }, 
                        throwOnNullKey: True, 
                        hasNullKey: hasNullKey1);
                    !(hasNullKey1) ? entry1 != default(InternalEntityEntry) ? 
                    {
                        entityType1 = entry1.EntityType;
                        return instance1 = (Bill)entry1.Entity;
                    } : 
                    {
                        ISnapshot shadowSnapshot1;
                        shadowSnapshot1 = [LIFTABLE Constant: Snapshot | Resolver: _ => Snapshot.Empty];
                        entityType1 = [LIFTABLE Constant: EntityType: Bill | Resolver: namelessParameter{0} => namelessParameter{0}.Dependencies.Model.FindEntityType(\"VSM.Models.Bill\")];
                        instance1 = switch (entityType1)
                        {
                            case [LIFTABLE Constant: EntityType: Bill | Resolver: namelessParameter{1} => namelessParameter{1}.Dependencies.Model.FindEntityType(\"VSM.Models.Bill\")]: 
                                {
                                    return 
                                    {
                                        Bill instance;
                                        instance = new Bill();
                                        instance.<BillID>k__BackingField = dataReader.GetGuid(0);
                                        instance.<Amount>k__BackingField = dataReader.GetFloat(1);
                                        instance.<Description>k__BackingField = dataReader.GetString(2);
                                        instance.<ServiceRecordID>k__BackingField = dataReader.GetGuid(3);
                                        instance.<Status>k__BackingField = dataReader.GetString(4);
                                        (instance is IInjectableService) ? ((IInjectableService)instance).Injected(
                                            context: materializationContext1.Context, 
                                            entity: instance, 
                                            queryTrackingBehavior: TrackAll, 
                                            structuralType: [LIFTABLE Constant: EntityType: Bill | Resolver: namelessParameter{2} => namelessParameter{2}.Dependencies.Model.FindEntityType(\"VSM.Models.Bill\")]) : default(void);
                                        return instance;
                                    }}
                            default: 
                                default(Bill)
                        }
                        ;
                        entry1 = entityType1 == default(IEntityType) ? default(InternalEntityEntry) : queryContext.StartTracking(
                            entityType: entityType1, 
                            entity: instance1, 
                            snapshot: shadowSnapshot1);
                        return instance1;
                    } : default(void);
                    return instance1;
                };
                entity = 
                {
                    MaterializationContext materializationContext3;
                    IEntityType entityType3;
                    ServiceRecord instance3;
                    InternalEntityEntry entry3;
                    bool hasNullKey3;
                    materializationContext3 = new MaterializationContext(
                        [LIFTABLE Constant: ValueBuffer | Resolver: _ => (object)ValueBuffer.Empty], 
                        queryContext.Context
                    );
                    instance3 = default(ServiceRecord);
                    entry3 = queryContext.TryGetEntry(
                        key: [LIFTABLE Constant: Key: ServiceRecord.ServiceRecordID PK | Resolver: c => c.Dependencies.Model.FindEntityType(\"VSM.Models.ServiceRecord\").FindPrimaryKey()], 
                        keyValues: new object[]{ (object)dataReader.GetGuid(5) }, 
                        throwOnNullKey: True, 
                        hasNullKey: hasNullKey3);
                    !(hasNullKey3) ? entry3 != default(InternalEntityEntry) ? 
                    {
                        entityType3 = entry3.EntityType;
                        return instance3 = (ServiceRecord)entry3.Entity;
                    } : 
                    {
                        ISnapshot shadowSnapshot3;
                        shadowSnapshot3 = [LIFTABLE Constant: Snapshot | Resolver: _ => Snapshot.Empty];
                        entityType3 = [LIFTABLE Constant: EntityType: ServiceRecord | Resolver: namelessParameter{3} => namelessParameter{3}.Dependencies.Model.FindEntityType(\"VSM.Models.ServiceRecord\")];
                        instance3 = switch (entityType3)
                        {
                            case [LIFTABLE Constant: EntityType: ServiceRecord | Resolver: namelessParameter{4} => namelessParameter{4}.Dependencies.Model.FindEntityType(\"VSM.Models.ServiceRecord\")]: 
                                {
                                    return 
                                    {
                                        ServiceRecord instance;
                                        instance = new ServiceRecord();
                                        instance.<ServiceRecordID>k__BackingField = dataReader.GetGuid(5);
                                        instance.<BookingID>k__BackingField = dataReader.GetGuid(14);
                                        instance.<CustomerID>k__BackingField = dataReader.GetGuid(15);
                                        instance.<IsDeleted>k__BackingField = dataReader.GetBoolean(16);
                                        instance.<MechanicId>k__BackingField = dataReader.GetGuid(17);
                                        instance.<ServiceID>k__BackingField = dataReader.GetGuid(18);
                                        instance.<Status>k__BackingField = dataReader.GetString(19);
                                        (instance is IInjectableService) ? ((IInjectableService)instance).Injected(
                                            context: materializationContext3.Context, 
                                            entity: instance, 
                                            queryTrackingBehavior: TrackAll, 
                                            structuralType: [LIFTABLE Constant: EntityType: ServiceRecord | Resolver: namelessParameter{5} => namelessParameter{5}.Dependencies.Model.FindEntityType(\"VSM.Models.ServiceRecord\")]) : default(void);
                                        return instance;
                                    }}
                            default: 
                                default(ServiceRecord)
                        }
                        ;
                        entry3 = entityType3 == default(IEntityType) ? default(InternalEntityEntry) : queryContext.StartTracking(
                            entityType: entityType3, 
                            entity: instance3, 
                            snapshot: shadowSnapshot3);
                        return instance3;
                    } : default(void);
                    return instance3;
                };
                entity = 
                {
                    MaterializationContext materializationContext4;
                    IEntityType entityType4;
                    Service instance4;
                    InternalEntityEntry entry4;
                    bool hasNullKey4;
                    materializationContext4 = new MaterializationContext(
                        [LIFTABLE Constant: ValueBuffer | Resolver: _ => (object)ValueBuffer.Empty], 
                        queryContext.Context
                    );
                    instance4 = default(Service);
                    entry4 = queryContext.TryGetEntry(
                        key: [LIFTABLE Constant: Key: Service.ServiceID PK | Resolver: c => c.Dependencies.Model.FindEntityType(\"VSM.Models.Service\").FindPrimaryKey()], 
                        keyValues: new object[]{ (object)dataReader.GetGuid(8) }, 
                        throwOnNullKey: True, 
                        hasNullKey: hasNullKey4);
                    !(hasNullKey4) ? entry4 != default(InternalEntityEntry) ? 
                    {
                        entityType4 = entry4.EntityType;
                        return instance4 = (Service)entry4.Entity;
                    } : 
                    {
                        ISnapshot shadowSnapshot4;
                        shadowSnapshot4 = [LIFTABLE Constant: Snapshot | Resolver: _ => Snapshot.Empty];
                        entityType4 = [LIFTABLE Constant: EntityType: Service | Resolver: namelessParameter{6} => namelessParameter{6}.Dependencies.Model.FindEntityType(\"VSM.Models.Service\")];
                        instance4 = switch (entityType4)
                        {
                            case [LIFTABLE Constant: EntityType: Service | Resolver: namelessParameter{7} => namelessParameter{7}.Dependencies.Model.FindEntityType(\"VSM.Models.Service\")]: 
                                {
                                    return 
                                    {
                                        Service instance;
                                        instance = new Service();
                                        instance.<ServiceID>k__BackingField = dataReader.GetGuid(8);
                                        instance.<Description>k__BackingField = dataReader.GetString(20);
                                        instance.<IsDeleted>k__BackingField = dataReader.GetBoolean(21);
                                        instance.<VehicleID>k__BackingField = dataReader.GetGuid(22);
                                        (instance is IInjectableService) ? ((IInjectableService)instance).Injected(
                                            context: materializationContext4.Context, 
                                            entity: instance, 
                                            queryTrackingBehavior: TrackAll, 
                                            structuralType: [LIFTABLE Constant: EntityType: Service | Resolver: namelessParameter{8} => namelessParameter{8}.Dependencies.Model.FindEntityType(\"VSM.Models.Service\")]) : default(void);
                                        return instance;
                                    }}
                            default: 
                                default(Service)
                        }
                        ;
                        entry4 = entityType4 == default(IEntityType) ? default(InternalEntityEntry) : queryContext.StartTracking(
                            entityType: entityType4, 
                            entity: instance4, 
                            snapshot: shadowSnapshot4);
                        return instance4;
                    } : default(void);
                    return instance4;
                };
                entity = 
                {
                    MaterializationContext materializationContext7;
                    IEntityType entityType7;
                    Vehicle instance7;
                    InternalEntityEntry entry7;
                    bool hasNullKey7;
                    materializationContext7 = new MaterializationContext(
                        [LIFTABLE Constant: ValueBuffer | Resolver: _ => (object)ValueBuffer.Empty], 
                        queryContext.Context
                    );
                    instance7 = default(Vehicle);
                    entry7 = queryContext.TryGetEntry(
                        key: [LIFTABLE Constant: Key: Vehicle.VehicleID PK | Resolver: c => c.Dependencies.Model.FindEntityType(\"VSM.Models.Vehicle\").FindPrimaryKey()], 
                        keyValues: new object[]{ (object)dataReader.GetGuid(9) }, 
                        throwOnNullKey: True, 
                        hasNullKey: hasNullKey7);
                    !(hasNullKey7) ? entry7 != default(InternalEntityEntry) ? 
                    {
                        entityType7 = entry7.EntityType;
                        return instance7 = (Vehicle)entry7.Entity;
                    } : 
                    {
                        ISnapshot shadowSnapshot7;
                        shadowSnapshot7 = [LIFTABLE Constant: Snapshot | Resolver: _ => Snapshot.Empty];
                        entityType7 = [LIFTABLE Constant: EntityType: Vehicle | Resolver: namelessParameter{9} => namelessParameter{9}.Dependencies.Model.FindEntityType(\"VSM.Models.Vehicle\")];
                        instance7 = switch (entityType7)
                        {
                            case [LIFTABLE Constant: EntityType: Vehicle | Resolver: namelessParameter{10} => namelessParameter{10}.Dependencies.Model.FindEntityType(\"VSM.Models.Vehicle\")]: 
                                {
                                    return 
                                    {
                                        Vehicle instance;
                                        instance = new Vehicle();
                                        instance.<VehicleID>k__BackingField = dataReader.GetGuid(9);
                                        instance.<IsDeleted>k__BackingField = dataReader.GetBoolean(29);
                                        instance.<VechicleManufacturer>k__BackingField = dataReader.GetString(30);
                                        instance.<VehicleModel>k__BackingField = dataReader.GetString(31);
                                        instance.<VehicleNo>k__BackingField = dataReader.GetString(32);
                                        instance.<VehicleType>k__BackingField = dataReader.GetString(33);
                                        (instance is IInjectableService) ? ((IInjectableService)instance).Injected(
                                            context: materializationContext7.Context, 
                                            entity: instance, 
                                            queryTrackingBehavior: TrackAll, 
                                            structuralType: [LIFTABLE Constant: EntityType: Vehicle | Resolver: namelessParameter{11} => namelessParameter{11}.Dependencies.Model.FindEntityType(\"VSM.Models.Vehicle\")]) : default(void);
                                        return instance;
                                    }}
                            default: 
                                default(Vehicle)
                        }
                        ;
                        entry7 = entityType7 == default(IEntityType) ? default(InternalEntityEntry) : queryContext.StartTracking(
                            entityType: entityType7, 
                            entity: instance7, 
                            snapshot: shadowSnapshot7);
                        return instance7;
                    } : default(void);
                    return instance7;
                };
                entity = 
                {
                    MaterializationContext materializationContext8;
                    IEntityType entityType8;
                    Customer instance8;
                    InternalEntityEntry entry8;
                    bool hasNullKey8;
                    materializationContext8 = new MaterializationContext(
                        [LIFTABLE Constant: ValueBuffer | Resolver: _ => (object)ValueBuffer.Empty], 
                        queryContext.Context
                    );
                    instance8 = default(Customer);
                    entry8 = queryContext.TryGetEntry(
                        key: [LIFTABLE Constant: Key: Customer.CustomerID PK | Resolver: c => c.Dependencies.Model.FindEntityType(\"VSM.Models.Customer\").FindPrimaryKey()], 
                        keyValues: new object[]{ (object)dataReader.GetGuid(6) }, 
                        throwOnNullKey: True, 
                        hasNullKey: hasNullKey8);
                    !(hasNullKey8) ? entry8 != default(InternalEntityEntry) ? 
                    {
                        entityType8 = entry8.EntityType;
                        return instance8 = (Customer)entry8.Entity;
                    } : 
                    {
                        ISnapshot shadowSnapshot8;
                        shadowSnapshot8 = [LIFTABLE Constant: Snapshot | Resolver: _ => Snapshot.Empty];
                        entityType8 = [LIFTABLE Constant: EntityType: Customer | Resolver: namelessParameter{12} => namelessParameter{12}.Dependencies.Model.FindEntityType(\"VSM.Models.Customer\")];
                        instance8 = switch (entityType8)
                        {
                            case [LIFTABLE Constant: EntityType: Customer | Resolver: namelessParameter{13} => namelessParameter{13}.Dependencies.Model.FindEntityType(\"VSM.Models.Customer\")]: 
                                {
                                    return 
                                    {
                                        Customer instance;
                                        instance = new Customer();
                                        instance.<CustomerID>k__BackingField = dataReader.GetGuid(6);
                                        instance.<Email>k__BackingField = dataReader.GetString(34);
                                        instance.<Name>k__BackingField = dataReader.GetString(35);
                                        instance.<Phone>k__BackingField = dataReader.GetString(36);
                                        instance.<Status>k__BackingField = dataReader.GetString(37);
                                        (instance is IInjectableService) ? ((IInjectableService)instance).Injected(
                                            context: materializationContext8.Context, 
                                            entity: instance, 
                                            queryTrackingBehavior: TrackAll, 
                                            structuralType: [LIFTABLE Constant: EntityType: Customer | Resolver: namelessParameter{14} => namelessParameter{14}.Dependencies.Model.FindEntityType(\"VSM.Models.Customer\")]) : default(void);
                                        return instance;
                                    }}
                            default: 
                                default(Customer)
                        }
                        ;
                        entry8 = entityType8 == default(IEntityType) ? default(InternalEntityEntry) : queryContext.StartTracking(
                            entityType: entityType8, 
                            entity: instance8, 
                            snapshot: shadowSnapshot8);
                        return instance8;
                    } : default(void);
                    return instance8;
                };
                entity = 
                {
                    MaterializationContext materializationContext9;
                    IEntityType entityType9;
                    Mechanic instance9;
                    InternalEntityEntry entry9;
                    bool hasNullKey9;
                    materializationContext9 = new MaterializationContext(
                        [LIFTABLE Constant: ValueBuffer | Resolver: _ => (object)ValueBuffer.Empty], 
                        queryContext.Context
                    );
                    instance9 = default(Mechanic);
                    entry9 = queryContext.TryGetEntry(
                        key: [LIFTABLE Constant: Key: Mechanic.MechanicId PK | Resolver: c => c.Dependencies.Model.FindEntityType(\"VSM.Models.Mechanic\").FindPrimaryKey()], 
                        keyValues: new object[]{ (object)dataReader.GetGuid(7) }, 
                        throwOnNullKey: True, 
                        hasNullKey: hasNullKey9);
                    !(hasNullKey9) ? entry9 != default(InternalEntityEntry) ? 
                    {
                        entityType9 = entry9.EntityType;
                        return instance9 = (Mechanic)entry9.Entity;
                    } : 
                    {
                        ISnapshot shadowSnapshot9;
                        shadowSnapshot9 = [LIFTABLE Constant: Snapshot | Resolver: _ => Snapshot.Empty];
                        entityType9 = [LIFTABLE Constant: EntityType: Mechanic | Resolver: namelessParameter{15} => namelessParameter{15}.Dependencies.Model.FindEntityType(\"VSM.Models.Mechanic\")];
                        instance9 = switch (entityType9)
                        {
                            case [LIFTABLE Constant: EntityType: Mechanic | Resolver: namelessParameter{16} => namelessParameter{16}.Dependencies.Model.FindEntityType(\"VSM.Models.Mechanic\")]: 
                                {
                                    return 
                                    {
                                        Mechanic instance;
                                        instance = new Mechanic();
                                        instance.<MechanicId>k__BackingField = dataReader.GetGuid(7);
                                        instance.<Email>k__BackingField = dataReader.GetString(38);
                                        instance.<Name>k__BackingField = dataReader.GetString(39);
                                        instance.<Phone>k__BackingField = dataReader.GetString(40);
                                        instance.<Status>k__BackingField = dataReader.GetString(41);
                                        (instance is IInjectableService) ? ((IInjectableService)instance).Injected(
                                            context: materializationContext9.Context, 
                                            entity: instance, 
                                            queryTrackingBehavior: TrackAll, 
                                            structuralType: [LIFTABLE Constant: EntityType: Mechanic | Resolver: namelessParameter{17} => namelessParameter{17}.Dependencies.Model.FindEntityType(\"VSM.Models.Mechanic\")]) : default(void);
                                        return instance;
                                    }}
                            default: 
                                default(Mechanic)
                        }
                        ;
                        entry9 = entityType9 == default(IEntityType) ? default(InternalEntityEntry) : queryContext.StartTracking(
                            entityType: entityType9, 
                            entity: instance9, 
                            snapshot: shadowSnapshot9);
                        return instance9;
                    } : default(void);
                    return instance9;
                };
                resultContext.Values = new object[]
                { 
                    entity, 
                    entity, 
                    entity, 
                    entity, 
                    entity, 
                    entity 
                };
                ShaperProcessingExpressionVisitor.InitializeIncludeCollection<Bill, Bill>(
                    collectionId: 0, 
                    queryContext: queryContext, 
                    dbDataReader: dataReader, 
                    resultCoordinator: resultCoordinator, 
                    entity: (Bill)(resultContext.Values[0]), 
                    parentIdentifier: [LIFTABLE Constant: Func<QueryContext, DbDataReader, object[]> | Resolver: _ => (queryContext, dataReader) => new object[]
                    { 
                        (object)(Guid?)dataReader.GetGuid(0), 
                        (object)(Guid?)dataReader.GetGuid(5), 
                        (object)(Guid?)dataReader.GetGuid(6), 
                        (object)(Guid?)dataReader.GetGuid(7), 
                        (object)(Guid?)dataReader.GetGuid(8), 
                        (object)(Guid?)dataReader.GetGuid(9) 
                    }], 
                    outerIdentifier: [LIFTABLE Constant: Func<QueryContext, DbDataReader, object[]> | Resolver: _ => (queryContext, dataReader) => new object[]
                    { 
                        (object)(Guid?)dataReader.GetGuid(0), 
                        (object)(Guid?)dataReader.GetGuid(5), 
                        (object)(Guid?)dataReader.GetGuid(6), 
                        (object)(Guid?)dataReader.GetGuid(7), 
                        (object)(Guid?)dataReader.GetGuid(8), 
                        (object)(Guid?)dataReader.GetGuid(9) 
                    }], 
                    navigation: [LIFTABLE Constant: Navigation: Bill.CategoryDetails (ICollection<BillCategoryDetail>) Collection ToDependent BillCategoryDetail Inverse: Bill | Resolver: namelessParameter{18} => namelessParameter{18}.Dependencies.Model.FindEntityType(\"VSM.Models.Bill\").FindNavigation(\"CategoryDetails\")], 
                    clrCollectionAccessor: [LIFTABLE Constant: ClrICollectionAccessor<Bill, ICollection<BillCategoryDetail>, BillCategoryDetail> | Resolver: namelessParameter{19} => namelessParameter{19}.Dependencies.Model.FindEntityType(\"VSM.Models.Bill\").FindNavigation(\"CategoryDetails\").GetCollectionAccessor()], 
                    trackingQuery: True, 
                    setLoaded: True);
                ShaperProcessingExpressionVisitor.InitializeIncludeCollection<Service, Service>(
                    collectionId: 1, 
                    queryContext: queryContext, 
                    dbDataReader: dataReader, 
                    resultCoordinator: resultCoordinator, 
                    entity: (Service)(resultContext.Values[2]), 
                    parentIdentifier: [LIFTABLE Constant: Func<QueryContext, DbDataReader, object[]> | Resolver: _ => (queryContext, dataReader) => new object[]
                    { 
                        (object)(Guid?)dataReader.GetGuid(0), 
                        (object)(Guid?)dataReader.GetGuid(5), 
                        (object)(Guid?)dataReader.GetGuid(6), 
                        (object)(Guid?)dataReader.GetGuid(7), 
                        (object)(Guid?)dataReader.GetGuid(8), 
                        (object)(Guid?)dataReader.GetGuid(9) 
                    }], 
                    outerIdentifier: [LIFTABLE Constant: Func<QueryContext, DbDataReader, object[]> | Resolver: _ => (queryContext, dataReader) => new object[]
                    { 
                        (object)(Guid?)dataReader.GetGuid(0), 
                        (object)(Guid?)dataReader.GetGuid(5), 
                        (object)(Guid?)dataReader.GetGuid(6), 
                        (object)(Guid?)dataReader.GetGuid(7), 
                        (object)(Guid?)dataReader.GetGuid(8), 
                        (object)(Guid?)dataReader.GetGuid(9), 
                        (object)dataReader.IsDBNull(10) ? default(Guid?) : (Guid?)dataReader.GetGuid(10) 
                    }], 
                    navigation: [LIFTABLE Constant: SkipNavigation: Service.ServiceCategories (ICollection<ServiceCategory>) CollectionServiceCategory Inverse: Services | Resolver: namelessParameter{20} => namelessParameter{20}.Dependencies.Model.FindEntityType(\"VSM.Models.Service\").FindSkipNavigation(\"ServiceCategories\")], 
                    clrCollectionAccessor: [LIFTABLE Constant: ClrICollectionAccessor<Service, ICollection<ServiceCategory>, ServiceCategory> | Resolver: namelessParameter{21} => namelessParameter{21}.Dependencies.Model.FindEntityType(\"VSM.Models.Service\").FindSkipNavigation(\"ServiceCategories\").GetCollectionAccessor()], 
                    trackingQuery: True, 
                    setLoaded: True);
                ShaperProcessingExpressionVisitor.IncludeReference<Service, Service, Vehicle>(
                    queryContext: queryContext, 
                    entity: (Service)(resultContext.Values[2]), 
                    relatedEntity: (Vehicle)(resultContext.Values[3]), 
                    navigation: [LIFTABLE Constant: Navigation: Service.Vehicle (Vehicle) ToPrincipal Vehicle Inverse: Services | Resolver: namelessParameter{22} => namelessParameter{22}.Dependencies.Model.FindEntityType(\"VSM.Models.Service\").FindNavigation(\"Vehicle\")], 
                    inverseNavigation: [LIFTABLE Constant: Navigation: Vehicle.Services (ICollection<Service>) Collection ToDependent Service Inverse: Vehicle | Resolver: namelessParameter{23} => namelessParameter{23}.Dependencies.Model.FindEntityType(\"VSM.Models.Vehicle\").FindNavigation(\"Services\")], 
                    fixup: (namelessParameter{24}, namelessParameter{25}) => 
                    {
                        namelessParameter{24}.<Vehicle>k__BackingField = namelessParameter{25};
                        return [LIFTABLE Constant: ClrICollectionAccessor<Vehicle, ICollection<Service>, Service> | Resolver: namelessParameter{26} => namelessParameter{26}.Dependencies.Model.FindEntityType(\"VSM.Models.Vehicle\").FindNavigation(\"Services\").GetCollectionAccessor()].Add(
                            entity: namelessParameter{25}, 
                            value: namelessParameter{24}, 
                            forMaterialization: True);
                    }, 
                    trackingQuery: True);
                ShaperProcessingExpressionVisitor.IncludeReference<ServiceRecord, ServiceRecord, Service>(
                    queryContext: queryContext, 
                    entity: (ServiceRecord)(resultContext.Values[1]), 
                    relatedEntity: (Service)(resultContext.Values[2]), 
                    navigation: [LIFTABLE Constant: Navigation: ServiceRecord.Service (Service) ToPrincipal Service Inverse: ServiceRecord | Resolver: namelessParameter{27} => namelessParameter{27}.Dependencies.Model.FindEntityType(\"VSM.Models.ServiceRecord\").FindNavigation(\"Service\")], 
                    inverseNavigation: [LIFTABLE Constant: Navigation: Service.ServiceRecord (ServiceRecord) ToDependent ServiceRecord Inverse: Service | Resolver: namelessParameter{28} => namelessParameter{28}.Dependencies.Model.FindEntityType(\"VSM.Models.Service\").FindNavigation(\"ServiceRecord\")], 
                    fixup: (namelessParameter{29}, namelessParameter{30}) => 
                    {
                        namelessParameter{29}.<Service>k__BackingField = namelessParameter{30};
                        return namelessParameter{30}.<ServiceRecord>k__BackingField = namelessParameter{29};
                    }, 
                    trackingQuery: True);
                ShaperProcessingExpressionVisitor.IncludeReference<ServiceRecord, ServiceRecord, Customer>(
                    queryContext: queryContext, 
                    entity: (ServiceRecord)(resultContext.Values[1]), 
                    relatedEntity: (Customer)(resultContext.Values[4]), 
                    navigation: [LIFTABLE Constant: Navigation: ServiceRecord.Customer (Customer) ToPrincipal Customer Inverse: ServiceRecords | Resolver: namelessParameter{31} => namelessParameter{31}.Dependencies.Model.FindEntityType(\"VSM.Models.ServiceRecord\").FindNavigation(\"Customer\")], 
                    inverseNavigation: [LIFTABLE Constant: Navigation: Customer.ServiceRecords (ICollection<ServiceRecord>) Collection ToDependent ServiceRecord Inverse: Customer | Resolver: namelessParameter{32} => namelessParameter{32}.Dependencies.Model.FindEntityType(\"VSM.Models.Customer\").FindNavigation(\"ServiceRecords\")], 
                    fixup: (namelessParameter{33}, namelessParameter{34}) => 
                    {
                        namelessParameter{33}.<Customer>k__BackingField = namelessParameter{34};
                        return [LIFTABLE Constant: ClrICollectionAccessor<Customer, ICollection<ServiceRecord>, ServiceRecord> | Resolver: namelessParameter{35} => namelessParameter{35}.Dependencies.Model.FindEntityType(\"VSM.Models.Customer\").FindNavigation(\"ServiceRecords\").GetCollectionAccessor()].Add(
                            entity: namelessParameter{34}, 
                            value: namelessParameter{33}, 
                            forMaterialization: True);
                    }, 
                    trackingQuery: True);
                ShaperProcessingExpressionVisitor.IncludeReference<ServiceRecord, ServiceRecord, Mechanic>(
                    queryContext: queryContext, 
                    entity: (ServiceRecord)(resultContext.Values[1]), 
                    relatedEntity: (Mechanic)(resultContext.Values[5]), 
                    navigation: [LIFTABLE Constant: Navigation: ServiceRecord.Mechanic (Mechanic) ToPrincipal Mechanic Inverse: ServiceRecords | Resolver: namelessParameter{36} => namelessParameter{36}.Dependencies.Model.FindEntityType(\"VSM.Models.ServiceRecord\").FindNavigation(\"Mechanic\")], 
                    inverseNavigation: [LIFTABLE Constant: Navigation: Mechanic.ServiceRecords (ICollection<ServiceRecord>) Collection ToDependent ServiceRecord Inverse: Mechanic | Resolver: namelessParameter{37} => namelessParameter{37}.Dependencies.Model.FindEntityType(\"VSM.Models.Mechanic\").FindNavigation(\"ServiceRecords\")], 
                    fixup: (namelessParameter{38}, namelessParameter{39}) => 
                    {
                        namelessParameter{38}.<Mechanic>k__BackingField = namelessParameter{39};
                        return [LIFTABLE Constant: ClrICollectionAccessor<Mechanic, ICollection<ServiceRecord>, ServiceRecord> | Resolver: namelessParameter{40} => namelessParameter{40}.Dependencies.Model.FindEntityType(\"VSM.Models.Mechanic\").FindNavigation(\"ServiceRecords\").GetCollectionAccessor()].Add(
                            entity: namelessParameter{39}, 
                            value: namelessParameter{38}, 
                            forMaterialization: True);
                    }, 
                    trackingQuery: True);
                ShaperProcessingExpressionVisitor.IncludeReference<Bill, Bill, ServiceRecord>(
                    queryContext: queryContext, 
                    entity: (Bill)(resultContext.Values[0]), 
                    relatedEntity: (ServiceRecord)(resultContext.Values[1]), 
                    navigation: [LIFTABLE Constant: Navigation: Bill.ServiceRecord (ServiceRecord) ToPrincipal ServiceRecord Inverse: Bill | Resolver: namelessParameter{41} => namelessParameter{41}.Dependencies.Model.FindEntityType(\"VSM.Models.Bill\").FindNavigation(\"ServiceRecord\")], 
                    inverseNavigation: [LIFTABLE Constant: Navigation: ServiceRecord.Bill (Bill) ToDependent Bill Inverse: ServiceRecord | Resolver: namelessParameter{42} => namelessParameter{42}.Dependencies.Model.FindEntityType(\"VSM.Models.ServiceRecord\").FindNavigation(\"Bill\")], 
                    fixup: (namelessParameter{43}, namelessParameter{44}) => 
                    {
                        namelessParameter{43}.<ServiceRecord>k__BackingField = namelessParameter{44};
                        return namelessParameter{44}.<Bill>k__BackingField = namelessParameter{43};
                    }, 
                    trackingQuery: True);
            } : default(void);
            ShaperProcessingExpressionVisitor.PopulateIncludeCollection<Bill, BillCategoryDetail>(
                collectionId: 0, 
                queryContext: queryContext, 
                dbDataReader: dataReader, 
                resultCoordinator: resultCoordinator, 
                parentIdentifier: [LIFTABLE Constant: Func<QueryContext, DbDataReader, object[]> | Resolver: _ => (queryContext, dataReader) => new object[]
                { 
                    (object)(Guid?)dataReader.GetGuid(0), 
                    (object)(Guid?)dataReader.GetGuid(5), 
                    (object)(Guid?)dataReader.GetGuid(6), 
                    (object)(Guid?)dataReader.GetGuid(7), 
                    (object)(Guid?)dataReader.GetGuid(8), 
                    (object)(Guid?)dataReader.GetGuid(9) 
                }], 
                outerIdentifier: [LIFTABLE Constant: Func<QueryContext, DbDataReader, object[]> | Resolver: _ => (queryContext, dataReader) => new object[]
                { 
                    (object)(Guid?)dataReader.GetGuid(0), 
                    (object)(Guid?)dataReader.GetGuid(5), 
                    (object)(Guid?)dataReader.GetGuid(6), 
                    (object)(Guid?)dataReader.GetGuid(7), 
                    (object)(Guid?)dataReader.GetGuid(8), 
                    (object)(Guid?)dataReader.GetGuid(9) 
                }], 
                selfIdentifier: [LIFTABLE Constant: Func<QueryContext, DbDataReader, object[]> | Resolver: _ => (queryContext, dataReader) => new object[]{ (object)dataReader.IsDBNull(10) ? default(Guid?) : (Guid?)dataReader.GetGuid(10) }], 
                parentIdentifierValueComparers: [LIFTABLE Constant: Func<object, object, bool>[] { Func<object, object, bool>, Func<object, object, bool>, Func<object, object, bool>, Func<object, object, bool>, Func<object, object, bool>, Func<object, object, bool> } | Resolver: _ => new Func<object, object, bool>[]
                { 
                    (left, right) => left == null ? right == null : right != null && (Guid)left == (Guid)right, 
                    (left, right) => left == null ? right == null : right != null && (Guid)left == (Guid)right, 
                    (left, right) => left == null ? right == null : right != null && (Guid)left == (Guid)right, 
                    (left, right) => left == null ? right == null : right != null && (Guid)left == (Guid)right, 
                    (left, right) => left == null ? right == null : right != null && (Guid)left == (Guid)right, 
                    (left, right) => left == null ? right == null : right != null && (Guid)left == (Guid)right 
                }], 
                outerIdentifierValueComparers: [LIFTABLE Constant: Func<object, object, bool>[] { Func<object, object, bool>, Func<object, object, bool>, Func<object, object, bool>, Func<object, object, bool>, Func<object, object, bool>, Func<object, object, bool> } | Resolver: _ => new Func<object, object, bool>[]
                { 
                    (left, right) => left == null ? right == null : right != null && (Guid)left == (Guid)right, 
                    (left, right) => left == null ? right == null : right != null && (Guid)left == (Guid)right, 
                    (left, right) => left == null ? right == null : right != null && (Guid)left == (Guid)right, 
                    (left, right) => left == null ? right == null : right != null && (Guid)left == (Guid)right, 
                    (left, right) => left == null ? right == null : right != null && (Guid)left == (Guid)right, 
                    (left, right) => left == null ? right == null : right != null && (Guid)left == (Guid)right 
                }], 
                selfIdentifierValueComparers: [LIFTABLE Constant: Func<object, object, bool>[] { Func<object, object, bool> } | Resolver: _ => new Func<object, object, bool>[]{ (left, right) => left == null ? right == null : right != null && (Guid)left == (Guid)right }], 
                innerShaper: (queryContext, dataReader, resultContext, resultCoordinator) => 
                {
                    BillCategoryDetail entity;
                    entity = 
                    {
                        MaterializationContext materializationContext2;
                        IEntityType entityType2;
                        BillCategoryDetail instance2;
                        InternalEntityEntry entry2;
                        bool hasNullKey2;
                        materializationContext2 = new MaterializationContext(
                            [LIFTABLE Constant: ValueBuffer | Resolver: _ => (object)ValueBuffer.Empty], 
                            queryContext.Context
                        );
                        instance2 = default(BillCategoryDetail);
                        entry2 = queryContext.TryGetEntry(
                            key: [LIFTABLE Constant: Key: BillCategoryDetail.Id PK | Resolver: c => c.Dependencies.Model.FindEntityType(\"VSM.Models.BillCategoryDetail\").FindPrimaryKey()], 
                            keyValues: new object[]{ dataReader.IsDBNull(10) ? default(object) : (object)dataReader.GetGuid(10) }, 
                            throwOnNullKey: False, 
                            hasNullKey: hasNullKey2);
                        !(hasNullKey2) ? entry2 != default(InternalEntityEntry) ? 
                        {
                            entityType2 = entry2.EntityType;
                            return instance2 = (BillCategoryDetail)entry2.Entity;
                        } : 
                        {
                            ISnapshot shadowSnapshot2;
                            shadowSnapshot2 = [LIFTABLE Constant: Snapshot | Resolver: _ => Snapshot.Empty];
                            entityType2 = [LIFTABLE Constant: EntityType: BillCategoryDetail | Resolver: namelessParameter{45} => namelessParameter{45}.Dependencies.Model.FindEntityType(\"VSM.Models.BillCategoryDetail\")];
                            instance2 = switch (entityType2)
                            {
                                case [LIFTABLE Constant: EntityType: BillCategoryDetail | Resolver: namelessParameter{46} => namelessParameter{46}.Dependencies.Model.FindEntityType(\"VSM.Models.BillCategoryDetail\")]: 
                                    {
                                        return 
                                        {
                                            BillCategoryDetail instance;
                                            instance = new BillCategoryDetail();
                                            instance.<Id>k__BackingField = dataReader.IsDBNull(10) ? default(Guid) : dataReader.GetGuid(10);
                                            instance.<Amount>k__BackingField = dataReader.IsDBNull(11) ? default(float) : dataReader.GetFloat(11);
                                            instance.<BillId>k__BackingField = dataReader.IsDBNull(12) ? default(Guid) : dataReader.GetGuid(12);
                                            instance.<CategoryName>k__BackingField = dataReader.IsDBNull(13) ? default(string) : dataReader.GetString(13);
                                            (instance is IInjectableService) ? ((IInjectableService)instance).Injected(
                                                context: materializationContext2.Context, 
                                                entity: instance, 
                                                queryTrackingBehavior: TrackAll, 
                                                structuralType: [LIFTABLE Constant: EntityType: BillCategoryDetail | Resolver: namelessParameter{47} => namelessParameter{47}.Dependencies.Model.FindEntityType(\"VSM.Models.BillCategoryDetail\")]) : default(void);
                                            return instance;
                                        }}
                                default: 
                                    default(BillCategoryDetail)
                            }
                            ;
                            entry2 = entityType2 == default(IEntityType) ? default(InternalEntityEntry) : queryContext.StartTracking(
                                entityType: entityType2, 
                                entity: instance2, 
                                snapshot: shadowSnapshot2);
                            return instance2;
                        } : default(void);
                        return instance2;
                    };
                    return entity;
                }, 
                inverseNavigation: [LIFTABLE Constant: Navigation: BillCategoryDetail.Bill (Bill) ToPrincipal Bill Inverse: CategoryDetails | Resolver: namelessParameter{48} => namelessParameter{48}.Dependencies.Model.FindEntityType(\"VSM.Models.BillCategoryDetail\").FindNavigation(\"Bill\")], 
                fixup: (namelessParameter{49}, namelessParameter{50}) => 
                {
                    [LIFTABLE Constant: ClrICollectionAccessor<Bill, ICollection<BillCategoryDetail>, BillCategoryDetail> | Resolver: namelessParameter{51} => namelessParameter{51}.Dependencies.Model.FindEntityType(\"VSM.Models.Bill\").FindNavigation(\"CategoryDetails\").GetCollectionAccessor()].Add(
                        entity: namelessParameter{49}, 
                        value: namelessParameter{50}, 
                        forMaterialization: True);
                    return namelessParameter{50}.<Bill>k__BackingField = namelessParameter{49};
                }, 
                trackingQuery: True);
            ShaperProcessingExpressionVisitor.PopulateIncludeCollection<Service, ServiceCategory>(
                collectionId: 1, 
                queryContext: queryContext, 
                dbDataReader: dataReader, 
                resultCoordinator: resultCoordinator, 
                parentIdentifier: [LIFTABLE Constant: Func<QueryContext, DbDataReader, object[]> | Resolver: _ => (queryContext, dataReader) => new object[]
                { 
                    (object)(Guid?)dataReader.GetGuid(0), 
                    (object)(Guid?)dataReader.GetGuid(5), 
                    (object)(Guid?)dataReader.GetGuid(6), 
                    (object)(Guid?)dataReader.GetGuid(7), 
                    (object)(Guid?)dataReader.GetGuid(8), 
                    (object)(Guid?)dataReader.GetGuid(9) 
                }], 
                outerIdentifier: [LIFTABLE Constant: Func<QueryContext, DbDataReader, object[]> | Resolver: _ => (queryContext, dataReader) => new object[]
                { 
                    (object)(Guid?)dataReader.GetGuid(0), 
                    (object)(Guid?)dataReader.GetGuid(5), 
                    (object)(Guid?)dataReader.GetGuid(6), 
                    (object)(Guid?)dataReader.GetGuid(7), 
                    (object)(Guid?)dataReader.GetGuid(8), 
                    (object)(Guid?)dataReader.GetGuid(9), 
                    (object)dataReader.IsDBNull(10) ? default(Guid?) : (Guid?)dataReader.GetGuid(10) 
                }], 
                selfIdentifier: [LIFTABLE Constant: Func<QueryContext, DbDataReader, object[]> | Resolver: _ => (queryContext, dataReader) => new object[]
                { 
                    (object)dataReader.IsDBNull(23) ? default(Guid?) : (Guid?)dataReader.GetGuid(23), 
                    (object)dataReader.IsDBNull(24) ? default(Guid?) : (Guid?)dataReader.GetGuid(24), 
                    (object)dataReader.IsDBNull(25) ? default(Guid?) : (Guid?)dataReader.GetGuid(25) 
                }], 
                parentIdentifierValueComparers: [LIFTABLE Constant: Func<object, object, bool>[] { Func<object, object, bool>, Func<object, object, bool>, Func<object, object, bool>, Func<object, object, bool>, Func<object, object, bool>, Func<object, object, bool> } | Resolver: _ => new Func<object, object, bool>[]
                { 
                    (left, right) => left == null ? right == null : right != null && (Guid)left == (Guid)right, 
                    (left, right) => left == null ? right == null : right != null && (Guid)left == (Guid)right, 
                    (left, right) => left == null ? right == null : right != null && (Guid)left == (Guid)right, 
                    (left, right) => left == null ? right == null : right != null && (Guid)left == (Guid)right, 
                    (left, right) => left == null ? right == null : right != null && (Guid)left == (Guid)right, 
                    (left, right) => left == null ? right == null : right != null && (Guid)left == (Guid)right 
                }], 
                outerIdentifierValueComparers: [LIFTABLE Constant: Func<object, object, bool>[] { Func<object, object, bool>, Func<object, object, bool>, Func<object, object, bool>, Func<object, object, bool>, Func<object, object, bool>, Func<object, object, bool>, Func<object, object, bool> } | Resolver: _ => new Func<object, object, bool>[]
                { 
                    (left, right) => left == null ? right == null : right != null && (Guid)left == (Guid)right, 
                    (left, right) => left == null ? right == null : right != null && (Guid)left == (Guid)right, 
                    (left, right) => left == null ? right == null : right != null && (Guid)left == (Guid)right, 
                    (left, right) => left == null ? right == null : right != null && (Guid)left == (Guid)right, 
                    (left, right) => left == null ? right == null : right != null && (Guid)left == (Guid)right, 
                    (left, right) => left == null ? right == null : right != null && (Guid)left == (Guid)right, 
                    (left, right) => left == null ? right == null : right != null && (Guid)left == (Guid)right 
                }], 
                selfIdentifierValueComparers: [LIFTABLE Constant: Func<object, object, bool>[] { Func<object, object, bool>, Func<object, object, bool>, Func<object, object, bool> } | Resolver: _ => new Func<object, object, bool>[]
                { 
                    (left, right) => left == null ? right == null : right != null && (Guid)left == (Guid)right, 
                    (left, right) => left == null ? right == null : right != null && (Guid)left == (Guid)right, 
                    (left, right) => left == null ? right == null : right != null && (Guid)left == (Guid)right 
                }], 
                innerShaper: (queryContext, dataReader, resultContext, resultCoordinator) => 
                {
                    Dictionary<string, object> entity;
                    ServiceCategory entity;
                    entity = 
                    {
                        MaterializationContext materializationContext5;
                        IEntityType entityType5;
                        Dictionary<string, object> instance5;
                        InternalEntityEntry entry5;
                        bool hasNullKey5;
                        materializationContext5 = new MaterializationContext(
                            [LIFTABLE Constant: ValueBuffer | Resolver: _ => (object)ValueBuffer.Empty], 
                            queryContext.Context
                        );
                        instance5 = default(Dictionary<string, object>);
                        entry5 = queryContext.TryGetEntry(
                            key: [LIFTABLE Constant: Key: ServiceServiceCategory (Dictionary<string, object>).ServiceCategoriesCategoryID, ServiceServiceCategory (Dictionary<string, object>).ServicesServiceID PK | Resolver: c => c.Dependencies.Model.FindEntityType(\"ServiceServiceCategory\").FindPrimaryKey()], 
                            keyValues: new object[]
                            { 
                                dataReader.IsDBNull(23) ? default(object) : (object)dataReader.GetGuid(23), 
                                dataReader.IsDBNull(24) ? default(object) : (object)dataReader.GetGuid(24) 
                            }, 
                            throwOnNullKey: False, 
                            hasNullKey: hasNullKey5);
                        !(hasNullKey5) ? entry5 != default(InternalEntityEntry) ? 
                        {
                            entityType5 = entry5.EntityType;
                            return instance5 = (Dictionary<string, object>)entry5.Entity;
                        } : 
                        {
                            ISnapshot shadowSnapshot5;
                            shadowSnapshot5 = [LIFTABLE Constant: Snapshot | Resolver: _ => Snapshot.Empty];
                            entityType5 = [LIFTABLE Constant: EntityType: ServiceServiceCategory (Dictionary<string, object>) CLR Type: Dictionary<string, object> | Resolver: namelessParameter{52} => namelessParameter{52}.Dependencies.Model.FindEntityType(\"ServiceServiceCategory\")];
                            instance5 = switch (entityType5)
                            {
                                case [LIFTABLE Constant: EntityType: ServiceServiceCategory (Dictionary<string, object>) CLR Type: Dictionary<string, object> | Resolver: namelessParameter{53} => namelessParameter{53}.Dependencies.Model.FindEntityType(\"ServiceServiceCategory\")]: 
                                    {
                                        return 
                                        {
                                            Dictionary<string, object> instance;
                                            instance = new Dictionary<string, object>();
                                            instance[\"ServiceCategoriesCategoryID\"] = dataReader.IsDBNull(23) ? default(object) : (object)dataReader.GetGuid(23);
                                            instance[\"ServicesServiceID\"] = dataReader.IsDBNull(24) ? default(object) : (object)dataReader.GetGuid(24);
                                            (instance is IInjectableService) ? ((IInjectableService)instance).Injected(
                                                context: materializationContext5.Context, 
                                                entity: instance, 
                                                queryTrackingBehavior: TrackAll, 
                                                structuralType: [LIFTABLE Constant: EntityType: ServiceServiceCategory (Dictionary<string, object>) CLR Type: Dictionary<string, object> | Resolver: namelessParameter{54} => namelessParameter{54}.Dependencies.Model.FindEntityType(\"ServiceServiceCategory\")]) : default(void);
                                            return instance;
                                        }}
                                default: 
                                    default(Dictionary<string, object>)
                            }
                            ;
                            entry5 = entityType5 == default(IEntityType) ? default(InternalEntityEntry) : queryContext.StartTracking(
                                entityType: entityType5, 
                                entity: instance5, 
                                snapshot: shadowSnapshot5);
                            return instance5;
                        } : default(void);
                        return instance5;
                    };
                    entity = 
                    {
                        MaterializationContext materializationContext6;
                        IEntityType entityType6;
                        ServiceCategory instance6;
                        InternalEntityEntry entry6;
                        bool hasNullKey6;
                        materializationContext6 = new MaterializationContext(
                            [LIFTABLE Constant: ValueBuffer | Resolver: _ => (object)ValueBuffer.Empty], 
                            queryContext.Context
                        );
                        instance6 = default(ServiceCategory);
                        entry6 = queryContext.TryGetEntry(
                            key: [LIFTABLE Constant: Key: ServiceCategory.CategoryID PK | Resolver: c => c.Dependencies.Model.FindEntityType(\"VSM.Models.ServiceCategory\").FindPrimaryKey()], 
                            keyValues: new object[]{ dataReader.IsDBNull(25) ? default(object) : (object)dataReader.GetGuid(25) }, 
                            throwOnNullKey: False, 
                            hasNullKey: hasNullKey6);
                        !(hasNullKey6) ? entry6 != default(InternalEntityEntry) ? 
                        {
                            entityType6 = entry6.EntityType;
                            return instance6 = (ServiceCategory)entry6.Entity;
                        } : 
                        {
                            ISnapshot shadowSnapshot6;
                            shadowSnapshot6 = [LIFTABLE Constant: Snapshot | Resolver: _ => Snapshot.Empty];
                            entityType6 = [LIFTABLE Constant: EntityType: ServiceCategory | Resolver: namelessParameter{55} => namelessParameter{55}.Dependencies.Model.FindEntityType(\"VSM.Models.ServiceCategory\")];
                            instance6 = switch (entityType6)
                            {
                                case [LIFTABLE Constant: EntityType: ServiceCategory | Resolver: namelessParameter{56} => namelessParameter{56}.Dependencies.Model.FindEntityType(\"VSM.Models.ServiceCategory\")]: 
                                    {
                                        return 
                                        {
                                            ServiceCategory instance;
                                            instance = new ServiceCategory();
                                            instance.<CategoryID>k__BackingField = dataReader.IsDBNull(25) ? default(Guid) : dataReader.GetGuid(25);
                                            instance.<Amount>k__BackingField = dataReader.IsDBNull(26) ? default(float) : dataReader.GetFloat(26);
                                            instance.<Name>k__BackingField = dataReader.IsDBNull(27) ? default(string) : dataReader.GetString(27);
                                            instance.<Status>k__BackingField = dataReader.IsDBNull(28) ? default(string) : dataReader.GetString(28);
                                            (instance is IInjectableService) ? ((IInjectableService)instance).Injected(
                                                context: materializationContext6.Context, 
                                                entity: instance, 
                                                queryTrackingBehavior: TrackAll, 
                                                structuralType: [LIFTABLE Constant: EntityType: ServiceCategory | Resolver: namelessParameter{57} => namelessParameter{57}.Dependencies.Model.FindEntityType(\"VSM.Models.ServiceCategory\")]) : default(void);
                                            return instance;
                                        }}
                                default: 
                                    default(ServiceCategory)
                            }
                            ;
                            entry6 = entityType6 == default(IEntityType) ? default(InternalEntityEntry) : queryContext.StartTracking(
                                entityType: entityType6, 
                                entity: instance6, 
                                snapshot: shadowSnapshot6);
                            return instance6;
                        } : default(void);
                        return instance6;
                    };
                    return NavigationExpandingExpressionVisitor.FetchJoinEntity<Dictionary<string, object>, ServiceCategory>(
                        joinEntity: entity, 
                        targetEntity: entity);
                }, 
                inverseNavigation: [LIFTABLE Constant: SkipNavigation: ServiceCategory.Services (ICollection<Service>) CollectionService Inverse: ServiceCategories | Resolver: namelessParameter{58} => namelessParameter{58}.Dependencies.Model.FindEntityType(\"VSM.Models.ServiceCategory\").FindSkipNavigation(\"Services\")], 
                fixup: (namelessParameter{59}, namelessParameter{60}) => 
                {
                    [LIFTABLE Constant: ClrICollectionAccessor<Service, ICollection<ServiceCategory>, ServiceCategory> | Resolver: namelessParameter{61} => namelessParameter{61}.Dependencies.Model.FindEntityType(\"VSM.Models.Service\").FindSkipNavigation(\"ServiceCategories\").GetCollectionAccessor()].Add(
                        entity: namelessParameter{59}, 
                        value: namelessParameter{60}, 
                        forMaterialization: True);
                    return [LIFTABLE Constant: ClrICollectionAccessor<ServiceCategory, ICollection<Service>, Service> | Resolver: namelessParameter{62} => namelessParameter{62}.Dependencies.Model.FindEntityType(\"VSM.Models.ServiceCategory\").FindSkipNavigation(\"Services\").GetCollectionAccessor()].Add(
                        entity: namelessParameter{60}, 
                        value: namelessParameter{59}, 
                        forMaterialization: True);
                }, 
                trackingQuery: True);
            return IsTrue(resultCoordinator.ResultReady)
             ? (Bill)(resultContext.Values[0]) : default(Bill);
        }, 
        contextType: VSM.Contexts.VSMContext, 
        standAloneStateManager: False, 
        detailedErrorsEnabled: False, 
        threadSafetyChecksEnabled: True);
}"'
2025-07-18 10:55:59 [Debug] Creating DbConnection.
2025-07-18 10:55:59 [Debug] Created DbConnection. (0ms).
2025-07-18 10:55:59 [Debug] Opening connection to database '"VehicleServiceManagement"' on server '"tcp://localhost:5432"'.
2025-07-18 10:55:59 [Debug] Opened connection to database '"VehicleServiceManagement"' on server '"tcp://localhost:5432"'.
2025-07-18 10:55:59 [Debug] Creating DbCommand for '"ExecuteReader"'.
2025-07-18 10:55:59 [Debug] Created DbCommand for '"ExecuteReader"' (0ms).
2025-07-18 10:55:59 [Debug] Initialized DbCommand for '"ExecuteReader"' (3ms).
2025-07-18 10:55:59 [Debug] Executing DbCommand [Parameters=["@__search_0_contains='?', @__p_2='?' (DbType = Int32), @__p_1='?' (DbType = Int32)"], CommandType='Text', CommandTimeout='30']"
""SELECT s1.\"BillID\", s1.\"Amount\", s1.\"Description\", s1.\"ServiceRecordID\", s1.\"Status\", s1.\"ServiceRecordID0\", s1.\"CustomerID0\", s1.\"MechanicId0\", s0.\"ServiceID\", v.\"VehicleID\", b0.\"Id\", b0.\"Amount\", b0.\"BillId\", b0.\"CategoryName\", s1.\"BookingID\", s1.\"CustomerID\", s1.\"IsDeleted\", s1.\"MechanicId\", s1.\"ServiceID\", s1.\"Status0\", s0.\"Description\", s0.\"IsDeleted\", s0.\"VehicleID\", s4.\"ServiceCategoriesCategoryID\", s4.\"ServicesServiceID\", s4.\"CategoryID\", s4.\"Amount\", s4.\"Name\", s4.\"Status\", v.\"IsDeleted\", v.\"VechicleManufacturer\", v.\"VehicleModel\", v.\"VehicleNo\", v.\"VehicleType\", s1.\"Email\", s1.\"Name\", s1.\"Phone\", s1.\"Status1\", s1.\"Email0\", s1.\"Name0\", s1.\"Phone0\", s1.\"Status2\"
FROM (
    SELECT b.\"BillID\", b.\"Amount\", b.\"Description\", b.\"ServiceRecordID\", b.\"Status\", s.\"ServiceRecordID\" AS \"ServiceRecordID0\", s.\"BookingID\", s.\"CustomerID\", s.\"IsDeleted\", s.\"MechanicId\", s.\"ServiceID\", s.\"Status\" AS \"Status0\", c.\"CustomerID\" AS \"CustomerID0\", c.\"Email\", c.\"Name\", c.\"Phone\", c.\"Status\" AS \"Status1\", m.\"MechanicId\" AS \"MechanicId0\", m.\"Email\" AS \"Email0\", m.\"Name\" AS \"Name0\", m.\"Phone\" AS \"Phone0\", m.\"Status\" AS \"Status2\"
    FROM \"Bills\" AS b
    INNER JOIN \"serviceRecords\" AS s ON b.\"ServiceRecordID\" = s.\"ServiceRecordID\"
    INNER JOIN \"Customers\" AS c ON s.\"CustomerID\" = c.\"CustomerID\"
    INNER JOIN \"Mechanics\" AS m ON s.\"MechanicId\" = m.\"MechanicId\"
    WHERE c.\"Phone\" LIKE @__search_0_contains OR m.\"Phone\" LIKE @__search_0_contains
    LIMIT @__p_2 OFFSET @__p_1
) AS s1
INNER JOIN \"Services\" AS s0 ON s1.\"ServiceID\" = s0.\"ServiceID\"
INNER JOIN \"Vehicles\" AS v ON s0.\"VehicleID\" = v.\"VehicleID\"
LEFT JOIN \"BillCategoryDetail\" AS b0 ON s1.\"BillID\" = b0.\"BillId\"
LEFT JOIN (
    SELECT s2.\"ServiceCategoriesCategoryID\", s2.\"ServicesServiceID\", s3.\"CategoryID\", s3.\"Amount\", s3.\"Name\", s3.\"Status\"
    FROM \"ServiceServiceCategory\" AS s2
    INNER JOIN \"ServiceCategories\" AS s3 ON s2.\"ServiceCategoriesCategoryID\" = s3.\"CategoryID\"
) AS s4 ON s0.\"ServiceID\" = s4.\"ServicesServiceID\"
ORDER BY s1.\"BillID\", s1.\"ServiceRecordID0\", s1.\"CustomerID0\", s1.\"MechanicId0\", s0.\"ServiceID\", v.\"VehicleID\", b0.\"Id\", s4.\"ServiceCategoriesCategoryID\", s4.\"ServicesServiceID\""
2025-07-18 10:55:59 [Information] Executed DbCommand ("43"ms) [Parameters=["@__search_0_contains='?', @__p_2='?' (DbType = Int32), @__p_1='?' (DbType = Int32)"], CommandType='Text', CommandTimeout='30']"
""SELECT s1.\"BillID\", s1.\"Amount\", s1.\"Description\", s1.\"ServiceRecordID\", s1.\"Status\", s1.\"ServiceRecordID0\", s1.\"CustomerID0\", s1.\"MechanicId0\", s0.\"ServiceID\", v.\"VehicleID\", b0.\"Id\", b0.\"Amount\", b0.\"BillId\", b0.\"CategoryName\", s1.\"BookingID\", s1.\"CustomerID\", s1.\"IsDeleted\", s1.\"MechanicId\", s1.\"ServiceID\", s1.\"Status0\", s0.\"Description\", s0.\"IsDeleted\", s0.\"VehicleID\", s4.\"ServiceCategoriesCategoryID\", s4.\"ServicesServiceID\", s4.\"CategoryID\", s4.\"Amount\", s4.\"Name\", s4.\"Status\", v.\"IsDeleted\", v.\"VechicleManufacturer\", v.\"VehicleModel\", v.\"VehicleNo\", v.\"VehicleType\", s1.\"Email\", s1.\"Name\", s1.\"Phone\", s1.\"Status1\", s1.\"Email0\", s1.\"Name0\", s1.\"Phone0\", s1.\"Status2\"
FROM (
    SELECT b.\"BillID\", b.\"Amount\", b.\"Description\", b.\"ServiceRecordID\", b.\"Status\", s.\"ServiceRecordID\" AS \"ServiceRecordID0\", s.\"BookingID\", s.\"CustomerID\", s.\"IsDeleted\", s.\"MechanicId\", s.\"ServiceID\", s.\"Status\" AS \"Status0\", c.\"CustomerID\" AS \"CustomerID0\", c.\"Email\", c.\"Name\", c.\"Phone\", c.\"Status\" AS \"Status1\", m.\"MechanicId\" AS \"MechanicId0\", m.\"Email\" AS \"Email0\", m.\"Name\" AS \"Name0\", m.\"Phone\" AS \"Phone0\", m.\"Status\" AS \"Status2\"
    FROM \"Bills\" AS b
    INNER JOIN \"serviceRecords\" AS s ON b.\"ServiceRecordID\" = s.\"ServiceRecordID\"
    INNER JOIN \"Customers\" AS c ON s.\"CustomerID\" = c.\"CustomerID\"
    INNER JOIN \"Mechanics\" AS m ON s.\"MechanicId\" = m.\"MechanicId\"
    WHERE c.\"Phone\" LIKE @__search_0_contains OR m.\"Phone\" LIKE @__search_0_contains
    LIMIT @__p_2 OFFSET @__p_1
) AS s1
INNER JOIN \"Services\" AS s0 ON s1.\"ServiceID\" = s0.\"ServiceID\"
INNER JOIN \"Vehicles\" AS v ON s0.\"VehicleID\" = v.\"VehicleID\"
LEFT JOIN \"BillCategoryDetail\" AS b0 ON s1.\"BillID\" = b0.\"BillId\"
LEFT JOIN (
    SELECT s2.\"ServiceCategoriesCategoryID\", s2.\"ServicesServiceID\", s3.\"CategoryID\", s3.\"Amount\", s3.\"Name\", s3.\"Status\"
    FROM \"ServiceServiceCategory\" AS s2
    INNER JOIN \"ServiceCategories\" AS s3 ON s2.\"ServiceCategoriesCategoryID\" = s3.\"CategoryID\"
) AS s4 ON s0.\"ServiceID\" = s4.\"ServicesServiceID\"
ORDER BY s1.\"BillID\", s1.\"ServiceRecordID0\", s1.\"CustomerID0\", s1.\"MechanicId0\", s0.\"ServiceID\", v.\"VehicleID\", b0.\"Id\", s4.\"ServiceCategoriesCategoryID\", s4.\"ServicesServiceID\""
2025-07-18 10:55:59 [Debug] Context '"VSMContext"' started tracking '"Bill"' entity. Consider using 'DbContextOptionsBuilder.EnableSensitiveDataLogging' to see key values.
2025-07-18 10:55:59 [Information] Request starting "HTTP/2" "OPTIONS" "https"://"localhost:7176""""/api/v1/Analytics/dashboard""?phone=9876764321" - null null
2025-07-18 10:55:59 [Debug] 1 candidate(s) found for the request path '"/api/v1/Analytics/dashboard"'
2025-07-18 10:55:59 [Debug] Request matched endpoint '"405 HTTP Method Not Supported"'
2025-07-18 10:55:59 [Debug] AuthenticationScheme: "Bearer" was not authenticated.
2025-07-18 10:55:59 [Debug] Static files was skipped as the request already matched an endpoint.
2025-07-18 10:55:59 [Debug] Static files was skipped as the request already matched an endpoint.
2025-07-18 10:55:59 [Debug] The request has an origin header: '"http://localhost:4200"'.
2025-07-18 10:55:59 [Information] CORS policy execution successful.
2025-07-18 10:55:59 [Debug] The request is a preflight request.
2025-07-18 10:55:59 [Information] Request finished "HTTP/2" "OPTIONS" "https"://"localhost:7176""""/api/v1/Analytics/dashboard""?phone=9876764321" - 204 null null 0.8526ms
2025-07-18 10:55:59 [Information] Request starting "HTTP/2" "GET" "https"://"localhost:7176""""/api/v1/Analytics/dashboard""?phone=9876764321" - "application/json" null
2025-07-18 10:55:59 [Debug] 1 candidate(s) found for the request path '"/api/v1/Analytics/dashboard"'
2025-07-18 10:55:59 [Debug] Endpoint '"AnalyticsController.GetDashboardStats (VehicleServiceManagement)"' with route pattern '"api/v1/Analytics/dashboard"' is valid for the request path '"/api/v1/Analytics/dashboard"'
2025-07-18 10:55:59 [Debug] Request matched endpoint '"AnalyticsController.GetDashboardStats (VehicleServiceManagement)"'
2025-07-18 10:55:59 [Debug] Successfully validated the token.
2025-07-18 10:55:59 [Debug] AuthenticationScheme: "Bearer" was successfully authenticated.
2025-07-18 10:55:59 [Debug] Authorization was successful.
2025-07-18 10:55:59 [Debug] Static files was skipped as the request already matched an endpoint.
2025-07-18 10:55:59 [Debug] Static files was skipped as the request already matched an endpoint.
2025-07-18 10:55:59 [Debug] The request has an origin header: '"http://localhost:4200"'.
2025-07-18 10:55:59 [Information] CORS policy execution successful.
2025-07-18 10:55:59 [Information] Executing endpoint '"AnalyticsController.GetDashboardStats (VehicleServiceManagement)"'
2025-07-18 10:55:59 [Information] Route matched with "{action = \"GetDashboardStats\", controller = \"Analytics\"}". Executing controller action with signature "System.Threading.Tasks.Task`1[Microsoft.AspNetCore.Mvc.ActionResult`1[DashboardAnalyticsDto]] GetDashboardStats(System.String, System.Nullable`1[System.DateTime], System.Nullable`1[System.DateTime])" on controller "AnalyticsController" ("VehicleServiceManagement").
2025-07-18 10:55:59 [Debug] Execution plan of "authorization" filters (in the following order): ["None"]
2025-07-18 10:55:59 [Debug] Execution plan of "resource" filters (in the following order): ["None"]
2025-07-18 10:55:59 [Debug] Execution plan of "action" filters (in the following order): ["Microsoft.AspNetCore.Mvc.ModelBinding.UnsupportedContentTypeFilter (Order: -3000)", "Microsoft.AspNetCore.Mvc.Infrastructure.ModelStateInvalidFilter (Order: -2000)", "Microsoft.AspNetCore.Mvc.ReportApiVersionsAttribute (Order: 0)"]
2025-07-18 10:55:59 [Debug] Execution plan of "exception" filters (in the following order): ["None"]
2025-07-18 10:55:59 [Debug] Execution plan of "result" filters (in the following order): ["Microsoft.AspNetCore.Mvc.Infrastructure.ClientErrorResultFilter (Order: -2000)", "Microsoft.AspNetCore.Mvc.ReportApiVersionsAttribute (Order: 0)"]
2025-07-18 10:55:59 [Debug] Executing controller factory for controller "AnalyticsController" ("VehicleServiceManagement")
2025-07-18 10:55:59 [Debug] Executed controller factory for controller "AnalyticsController" ("VehicleServiceManagement")
2025-07-18 10:55:59 [Debug] Attempting to bind parameter '"phone"' of type '"System.String"' ...
2025-07-18 10:55:59 [Debug] Attempting to bind parameter '"phone"' of type '"System.String"' using the name '"phone"' in request data ...
2025-07-18 10:55:59 [Debug] Done attempting to bind parameter '"phone"' of type '"System.String"'.
2025-07-18 10:55:59 [Debug] Done attempting to bind parameter '"phone"' of type '"System.String"'.
2025-07-18 10:55:59 [Debug] Attempting to validate the bound parameter '"phone"' of type '"System.String"' ...
2025-07-18 10:55:59 [Debug] Done attempting to validate the bound parameter '"phone"' of type '"System.String"'.
2025-07-18 10:55:59 [Debug] Attempting to bind parameter '"from"' of type '"System.Nullable`1[System.DateTime]"' ...
2025-07-18 10:55:59 [Debug] Attempting to bind parameter '"from"' of type '"System.Nullable`1[System.DateTime]"' using the name '""' in request data ...
2025-07-18 10:55:59 [Debug] Could not find a value in the request with name '""' for binding parameter '"from"' of type '"System.Nullable`1[System.DateTime]"'.
2025-07-18 10:55:59 [Debug] Done attempting to bind parameter '"from"' of type '"System.Nullable`1[System.DateTime]"'.
2025-07-18 10:55:59 [Debug] Done attempting to bind parameter '"from"' of type '"System.Nullable`1[System.DateTime]"'.
2025-07-18 10:55:59 [Debug] Attempting to validate the bound parameter '"from"' of type '"System.Nullable`1[System.DateTime]"' ...
2025-07-18 10:55:59 [Debug] Done attempting to validate the bound parameter '"from"' of type '"System.Nullable`1[System.DateTime]"'.
2025-07-18 10:55:59 [Debug] Attempting to bind parameter '"to"' of type '"System.Nullable`1[System.DateTime]"' ...
2025-07-18 10:55:59 [Debug] Attempting to bind parameter '"to"' of type '"System.Nullable`1[System.DateTime]"' using the name '""' in request data ...
2025-07-18 10:55:59 [Debug] Could not find a value in the request with name '""' for binding parameter '"to"' of type '"System.Nullable`1[System.DateTime]"'.
2025-07-18 10:55:59 [Debug] Done attempting to bind parameter '"to"' of type '"System.Nullable`1[System.DateTime]"'.
2025-07-18 10:55:59 [Debug] Done attempting to bind parameter '"to"' of type '"System.Nullable`1[System.DateTime]"'.
2025-07-18 10:55:59 [Debug] Attempting to validate the bound parameter '"to"' of type '"System.Nullable`1[System.DateTime]"' ...
2025-07-18 10:55:59 [Debug] Done attempting to validate the bound parameter '"to"' of type '"System.Nullable`1[System.DateTime]"'.
2025-07-18 10:55:59 [Debug] Entity Framework Core "9.0.5" initialized '"VSMContext"' using provider '"Npgsql.EntityFrameworkCore.PostgreSQL":"9.0.4+fd2380957bee5cd86f336466af36b08c0163f1a5"' with options: "None"
2025-07-18 10:55:59 [Debug] Compiling query expression: "
"'"DbSet<Customer>()
    .Where(c => c.Phone == __phone_0)
    .Count()"'
2025-07-18 10:55:59 [Debug] Generated query execution expression: "
"'"queryContext => ShapedQueryCompilingExpressionVisitor.SingleAsync<int>(
    asyncEnumerable: SingleQueryingEnumerable.Create<int>(
        relationalQueryContext: (RelationalQueryContext)queryContext, 
        relationalCommandResolver: parameters => [LIFTABLE Constant: RelationalCommandCache.QueryExpression(
            Projection Mapping:
                EmptyProjectionMember -> 0
            SELECT CAST(count(*) AS integer)
            FROM Customers AS c
            WHERE c.Phone == @__phone_0) | Resolver: c => new RelationalCommandCache(
            c.Dependencies.MemoryCache, 
            c.RelationalDependencies.QuerySqlGeneratorFactory, 
            c.RelationalDependencies.RelationalParameterBasedSqlProcessorFactory, 
            Projection Mapping:
                EmptyProjectionMember -> 0
            SELECT CAST(count(*) AS integer)
            FROM Customers AS c
            WHERE c.Phone == @__phone_0, 
            False, 
            new HashSet<string>(
                new string[]{ }, 
                StringComparer.Ordinal
            )
        )].GetRelationalCommandTemplate(parameters), 
        readerColumns: null, 
        shaper: (queryContext, dataReader, resultContext, resultCoordinator) => 
        {
            int? value1;
            value1 = dataReader.IsDBNull(0) ? default(int?) : (int?)dataReader.GetInt32(0);
            return (int)value1;
        }, 
        contextType: VSM.Contexts.VSMContext, 
        standAloneStateManager: False, 
        detailedErrorsEnabled: False, 
        threadSafetyChecksEnabled: True), 
    cancellationToken: queryContext.CancellationToken)"'
2025-07-18 10:55:59 [Debug] Creating DbConnection.
2025-07-18 10:55:59 [Debug] Created DbConnection. (0ms).
2025-07-18 10:55:59 [Debug] Opening connection to database '"VehicleServiceManagement"' on server '"tcp://localhost:5432"'.
2025-07-18 10:55:59 [Debug] Opened connection to database '"VehicleServiceManagement"' on server '"tcp://localhost:5432"'.
2025-07-18 10:55:59 [Debug] Creating DbCommand for '"ExecuteReader"'.
2025-07-18 10:55:59 [Debug] Created DbCommand for '"ExecuteReader"' (0ms).
2025-07-18 10:55:59 [Debug] Initialized DbCommand for '"ExecuteReader"' (0ms).
2025-07-18 10:55:59 [Debug] Executing DbCommand [Parameters=["@__phone_0='?'"], CommandType='Text', CommandTimeout='30']"
""SELECT count(*)::int
FROM \"Customers\" AS c
WHERE c.\"Phone\" = @__phone_0"
2025-07-18 10:55:59 [Debug] The navigation '"Bill"."ServiceRecord"' was detected as changed. Consider using 'DbContextOptionsBuilder.EnableSensitiveDataLogging' to see key values.
2025-07-18 10:55:59 [Debug] Context '"VSMContext"' started tracking '"ServiceRecord"' entity. Consider using 'DbContextOptionsBuilder.EnableSensitiveDataLogging' to see key values.
2025-07-18 10:55:59 [Information] Executed DbCommand ("15"ms) [Parameters=["@__phone_0='?'"], CommandType='Text', CommandTimeout='30']"
""SELECT count(*)::int
FROM \"Customers\" AS c
WHERE c.\"Phone\" = @__phone_0"
2025-07-18 10:55:59 [Debug] Closing data reader to '"VehicleServiceManagement"' on server '"tcp://localhost:5432"'.
2025-07-18 10:55:59 [Debug] A data reader for '"VehicleServiceManagement"' on server '"tcp://localhost:5432"' is being disposed after spending 0ms reading results.
2025-07-18 10:55:59 [Debug] Closing connection to database '"VehicleServiceManagement"' on server '"tcp://localhost:5432"'.
2025-07-18 10:55:59 [Debug] Closed connection to database '"VehicleServiceManagement"' on server '"tcp://localhost:5432"' (0ms).
2025-07-18 10:55:59 [Debug] Compiling query expression: "
"'"DbSet<Customer>()
    .Where(c => c.Phone == __phone_0)
    .Count(c => c.Status == \"Active\")"'
2025-07-18 10:55:59 [Debug] Generated query execution expression: "
"'"queryContext => ShapedQueryCompilingExpressionVisitor.SingleAsync<int>(
    asyncEnumerable: SingleQueryingEnumerable.Create<int>(
        relationalQueryContext: (RelationalQueryContext)queryContext, 
        relationalCommandResolver: parameters => [LIFTABLE Constant: RelationalCommandCache.QueryExpression(
            Projection Mapping:
                EmptyProjectionMember -> 0
            SELECT CAST(count(*) AS integer)
            FROM Customers AS c
            WHERE (c.Phone == @__phone_0) && (c.Status == 'Active')) | Resolver: c => new RelationalCommandCache(
            c.Dependencies.MemoryCache, 
            c.RelationalDependencies.QuerySqlGeneratorFactory, 
            c.RelationalDependencies.RelationalParameterBasedSqlProcessorFactory, 
            Projection Mapping:
                EmptyProjectionMember -> 0
            SELECT CAST(count(*) AS integer)
            FROM Customers AS c
            WHERE (c.Phone == @__phone_0) && (c.Status == 'Active'), 
            False, 
            new HashSet<string>(
                new string[]{ }, 
                StringComparer.Ordinal
            )
        )].GetRelationalCommandTemplate(parameters), 
        readerColumns: null, 
        shaper: (queryContext, dataReader, resultContext, resultCoordinator) => 
        {
            int? value1;
            value1 = dataReader.IsDBNull(0) ? default(int?) : (int?)dataReader.GetInt32(0);
            return (int)value1;
        }, 
        contextType: VSM.Contexts.VSMContext, 
        standAloneStateManager: False, 
        detailedErrorsEnabled: False, 
        threadSafetyChecksEnabled: True), 
    cancellationToken: queryContext.CancellationToken)"'
2025-07-18 10:55:59 [Debug] Opening connection to database '"VehicleServiceManagement"' on server '"tcp://localhost:5432"'.
2025-07-18 10:55:59 [Debug] Opened connection to database '"VehicleServiceManagement"' on server '"tcp://localhost:5432"'.
2025-07-18 10:55:59 [Debug] Creating DbCommand for '"ExecuteReader"'.
2025-07-18 10:55:59 [Debug] Created DbCommand for '"ExecuteReader"' (0ms).
2025-07-18 10:55:59 [Debug] Initialized DbCommand for '"ExecuteReader"' (0ms).
2025-07-18 10:55:59 [Debug] Executing DbCommand [Parameters=["@__phone_0='?'"], CommandType='Text', CommandTimeout='30']"
""SELECT count(*)::int
FROM \"Customers\" AS c
WHERE c.\"Phone\" = @__phone_0 AND c.\"Status\" = 'Active'"
2025-07-18 10:55:59 [Information] Executed DbCommand ("1"ms) [Parameters=["@__phone_0='?'"], CommandType='Text', CommandTimeout='30']"
""SELECT count(*)::int
FROM \"Customers\" AS c
WHERE c.\"Phone\" = @__phone_0 AND c.\"Status\" = 'Active'"
2025-07-18 10:55:59 [Debug] Closing data reader to '"VehicleServiceManagement"' on server '"tcp://localhost:5432"'.
2025-07-18 10:55:59 [Debug] A data reader for '"VehicleServiceManagement"' on server '"tcp://localhost:5432"' is being disposed after spending 0ms reading results.
2025-07-18 10:55:59 [Debug] Closing connection to database '"VehicleServiceManagement"' on server '"tcp://localhost:5432"'.
2025-07-18 10:55:59 [Debug] Closed connection to database '"VehicleServiceManagement"' on server '"tcp://localhost:5432"' (0ms).
2025-07-18 10:55:59 [Debug] Compiling query expression: "
"'"DbSet<Mechanic>()
    .Where(m => m.Phone == __phone_0)
    .Count()"'
2025-07-18 10:55:59 [Debug] The navigation '"ServiceRecord"."Service"' was detected as changed. Consider using 'DbContextOptionsBuilder.EnableSensitiveDataLogging' to see key values.
2025-07-18 10:55:59 [Debug] Context '"VSMContext"' started tracking '"Service"' entity. Consider using 'DbContextOptionsBuilder.EnableSensitiveDataLogging' to see key values.
2025-07-18 10:55:59 [Debug] Generated query execution expression: "
"'"queryContext => ShapedQueryCompilingExpressionVisitor.SingleAsync<int>(
    asyncEnumerable: SingleQueryingEnumerable.Create<int>(
        relationalQueryContext: (RelationalQueryContext)queryContext, 
        relationalCommandResolver: parameters => [LIFTABLE Constant: RelationalCommandCache.QueryExpression(
            Projection Mapping:
                EmptyProjectionMember -> 0
            SELECT CAST(count(*) AS integer)
            FROM Mechanics AS m
            WHERE m.Phone == @__phone_0) | Resolver: c => new RelationalCommandCache(
            c.Dependencies.MemoryCache, 
            c.RelationalDependencies.QuerySqlGeneratorFactory, 
            c.RelationalDependencies.RelationalParameterBasedSqlProcessorFactory, 
            Projection Mapping:
                EmptyProjectionMember -> 0
            SELECT CAST(count(*) AS integer)
            FROM Mechanics AS m
            WHERE m.Phone == @__phone_0, 
            False, 
            new HashSet<string>(
                new string[]{ }, 
                StringComparer.Ordinal
            )
        )].GetRelationalCommandTemplate(parameters), 
        readerColumns: null, 
        shaper: (queryContext, dataReader, resultContext, resultCoordinator) => 
        {
            int? value1;
            value1 = dataReader.IsDBNull(0) ? default(int?) : (int?)dataReader.GetInt32(0);
            return (int)value1;
        }, 
        contextType: VSM.Contexts.VSMContext, 
        standAloneStateManager: False, 
        detailedErrorsEnabled: False, 
        threadSafetyChecksEnabled: True), 
    cancellationToken: queryContext.CancellationToken)"'
2025-07-18 10:55:59 [Debug] Opening connection to database '"VehicleServiceManagement"' on server '"tcp://localhost:5432"'.
2025-07-18 10:55:59 [Debug] Opened connection to database '"VehicleServiceManagement"' on server '"tcp://localhost:5432"'.
2025-07-18 10:55:59 [Debug] Creating DbCommand for '"ExecuteReader"'.
2025-07-18 10:55:59 [Debug] Created DbCommand for '"ExecuteReader"' (0ms).
2025-07-18 10:55:59 [Debug] Initialized DbCommand for '"ExecuteReader"' (0ms).
2025-07-18 10:55:59 [Debug] Executing DbCommand [Parameters=["@__phone_0='?'"], CommandType='Text', CommandTimeout='30']"
""SELECT count(*)::int
FROM \"Mechanics\" AS m
WHERE m.\"Phone\" = @__phone_0"
2025-07-18 10:55:59 [Information] Executed DbCommand ("1"ms) [Parameters=["@__phone_0='?'"], CommandType='Text', CommandTimeout='30']"
""SELECT count(*)::int
FROM \"Mechanics\" AS m
WHERE m.\"Phone\" = @__phone_0"
2025-07-18 10:55:59 [Debug] Closing data reader to '"VehicleServiceManagement"' on server '"tcp://localhost:5432"'.
2025-07-18 10:55:59 [Debug] A data reader for '"VehicleServiceManagement"' on server '"tcp://localhost:5432"' is being disposed after spending 0ms reading results.
2025-07-18 10:55:59 [Debug] Closing connection to database '"VehicleServiceManagement"' on server '"tcp://localhost:5432"'.
2025-07-18 10:55:59 [Debug] Closed connection to database '"VehicleServiceManagement"' on server '"tcp://localhost:5432"' (0ms).
2025-07-18 10:55:59 [Debug] Compiling query expression: "
"'"DbSet<Mechanic>()
    .Where(m => m.Phone == __phone_0)
    .Count(m => m.Status == \"Active\")"'
2025-07-18 10:55:59 [Debug] The navigation '"Service"."Vehicle"' was detected as changed. Consider using 'DbContextOptionsBuilder.EnableSensitiveDataLogging' to see key values.
2025-07-18 10:55:59 [Debug] Generated query execution expression: "
"'"queryContext => ShapedQueryCompilingExpressionVisitor.SingleAsync<int>(
    asyncEnumerable: SingleQueryingEnumerable.Create<int>(
        relationalQueryContext: (RelationalQueryContext)queryContext, 
        relationalCommandResolver: parameters => [LIFTABLE Constant: RelationalCommandCache.QueryExpression(
            Projection Mapping:
                EmptyProjectionMember -> 0
            SELECT CAST(count(*) AS integer)
            FROM Mechanics AS m
            WHERE (m.Phone == @__phone_0) && (m.Status == 'Active')) | Resolver: c => new RelationalCommandCache(
            c.Dependencies.MemoryCache, 
            c.RelationalDependencies.QuerySqlGeneratorFactory, 
            c.RelationalDependencies.RelationalParameterBasedSqlProcessorFactory, 
            Projection Mapping:
                EmptyProjectionMember -> 0
            SELECT CAST(count(*) AS integer)
            FROM Mechanics AS m
            WHERE (m.Phone == @__phone_0) && (m.Status == 'Active'), 
            False, 
            new HashSet<string>(
                new string[]{ }, 
                StringComparer.Ordinal
            )
        )].GetRelationalCommandTemplate(parameters), 
        readerColumns: null, 
        shaper: (queryContext, dataReader, resultContext, resultCoordinator) => 
        {
            int? value1;
            value1 = dataReader.IsDBNull(0) ? default(int?) : (int?)dataReader.GetInt32(0);
            return (int)value1;
        }, 
        contextType: VSM.Contexts.VSMContext, 
        standAloneStateManager: False, 
        detailedErrorsEnabled: False, 
        threadSafetyChecksEnabled: True), 
    cancellationToken: queryContext.CancellationToken)"'
2025-07-18 10:55:59 [Debug] Opening connection to database '"VehicleServiceManagement"' on server '"tcp://localhost:5432"'.
2025-07-18 10:55:59 [Debug] Opened connection to database '"VehicleServiceManagement"' on server '"tcp://localhost:5432"'.
2025-07-18 10:55:59 [Debug] Creating DbCommand for '"ExecuteReader"'.
2025-07-18 10:55:59 [Debug] Created DbCommand for '"ExecuteReader"' (0ms).
2025-07-18 10:55:59 [Debug] Initialized DbCommand for '"ExecuteReader"' (0ms).
2025-07-18 10:55:59 [Debug] Executing DbCommand [Parameters=["@__phone_0='?'"], CommandType='Text', CommandTimeout='30']"
""SELECT count(*)::int
FROM \"Mechanics\" AS m
WHERE m.\"Phone\" = @__phone_0 AND m.\"Status\" = 'Active'"
2025-07-18 10:55:59 [Debug] Context '"VSMContext"' started tracking '"Vehicle"' entity. Consider using 'DbContextOptionsBuilder.EnableSensitiveDataLogging' to see key values.
2025-07-18 10:55:59 [Information] Executed DbCommand ("1"ms) [Parameters=["@__phone_0='?'"], CommandType='Text', CommandTimeout='30']"
""SELECT count(*)::int
FROM \"Mechanics\" AS m
WHERE m.\"Phone\" = @__phone_0 AND m.\"Status\" = 'Active'"
2025-07-18 10:55:59 [Debug] Closing data reader to '"VehicleServiceManagement"' on server '"tcp://localhost:5432"'.
2025-07-18 10:55:59 [Debug] A data reader for '"VehicleServiceManagement"' on server '"tcp://localhost:5432"' is being disposed after spending 0ms reading results.
2025-07-18 10:55:59 [Debug] Closing connection to database '"VehicleServiceManagement"' on server '"tcp://localhost:5432"'.
2025-07-18 10:55:59 [Debug] Closed connection to database '"VehicleServiceManagement"' on server '"tcp://localhost:5432"' (0ms).
2025-07-18 10:55:59 [Debug] Compiling query expression: "
"'"DbSet<Booking>()
    .Include(b => b.Customer)
    .Where(b => b.Customer.Phone == __phone_0)
    .Count()"'
2025-07-18 10:55:59 [Debug] Generated query execution expression: "
"'"queryContext => ShapedQueryCompilingExpressionVisitor.SingleAsync<int>(
    asyncEnumerable: SingleQueryingEnumerable.Create<int>(
        relationalQueryContext: (RelationalQueryContext)queryContext, 
        relationalCommandResolver: parameters => [LIFTABLE Constant: RelationalCommandCache.QueryExpression(
            Projection Mapping:
                EmptyProjectionMember -> 0
            SELECT CAST(count(*) AS integer)
            FROM Bookings AS b
            INNER JOIN Customers AS c ON b.CustomerID == c.CustomerID
            WHERE c.Phone == @__phone_0) | Resolver: c => new RelationalCommandCache(
            c.Dependencies.MemoryCache, 
            c.RelationalDependencies.QuerySqlGeneratorFactory, 
            c.RelationalDependencies.RelationalParameterBasedSqlProcessorFactory, 
            Projection Mapping:
                EmptyProjectionMember -> 0
            SELECT CAST(count(*) AS integer)
            FROM Bookings AS b
            INNER JOIN Customers AS c ON b.CustomerID == c.CustomerID
            WHERE c.Phone == @__phone_0, 
            False, 
            new HashSet<string>(
                new string[]{ }, 
                StringComparer.Ordinal
            )
        )].GetRelationalCommandTemplate(parameters), 
        readerColumns: null, 
        shaper: (queryContext, dataReader, resultContext, resultCoordinator) => 
        {
            int? value1;
            value1 = dataReader.IsDBNull(0) ? default(int?) : (int?)dataReader.GetInt32(0);
            return (int)value1;
        }, 
        contextType: VSM.Contexts.VSMContext, 
        standAloneStateManager: False, 
        detailedErrorsEnabled: False, 
        threadSafetyChecksEnabled: True), 
    cancellationToken: queryContext.CancellationToken)"'
2025-07-18 10:55:59 [Debug] Opening connection to database '"VehicleServiceManagement"' on server '"tcp://localhost:5432"'.
2025-07-18 10:55:59 [Debug] Opened connection to database '"VehicleServiceManagement"' on server '"tcp://localhost:5432"'.
2025-07-18 10:55:59 [Debug] Creating DbCommand for '"ExecuteReader"'.
2025-07-18 10:55:59 [Debug] Created DbCommand for '"ExecuteReader"' (0ms).
2025-07-18 10:55:59 [Debug] Initialized DbCommand for '"ExecuteReader"' (0ms).
2025-07-18 10:55:59 [Debug] Executing DbCommand [Parameters=["@__phone_0='?'"], CommandType='Text', CommandTimeout='30']"
""SELECT count(*)::int
FROM \"Bookings\" AS b
INNER JOIN \"Customers\" AS c ON b.\"CustomerID\" = c.\"CustomerID\"
WHERE c.\"Phone\" = @__phone_0"
2025-07-18 10:55:59 [Information] Executed DbCommand ("1"ms) [Parameters=["@__phone_0='?'"], CommandType='Text', CommandTimeout='30']"
""SELECT count(*)::int
FROM \"Bookings\" AS b
INNER JOIN \"Customers\" AS c ON b.\"CustomerID\" = c.\"CustomerID\"
WHERE c.\"Phone\" = @__phone_0"
2025-07-18 10:55:59 [Debug] Closing data reader to '"VehicleServiceManagement"' on server '"tcp://localhost:5432"'.
2025-07-18 10:55:59 [Debug] A data reader for '"VehicleServiceManagement"' on server '"tcp://localhost:5432"' is being disposed after spending 0ms reading results.
2025-07-18 10:55:59 [Debug] Closing connection to database '"VehicleServiceManagement"' on server '"tcp://localhost:5432"'.
2025-07-18 10:55:59 [Debug] Closed connection to database '"VehicleServiceManagement"' on server '"tcp://localhost:5432"' (0ms).
2025-07-18 10:55:59 [Debug] Compiling query expression: "
"'"DbSet<Booking>()
    .Include(b => b.Customer)
    .Where(b => b.Customer.Phone == __phone_0)
    .Count(b => b.Status == \"Booked\")"'
2025-07-18 10:55:59 [Debug] The navigation '"ServiceRecord"."Customer"' was detected as changed. Consider using 'DbContextOptionsBuilder.EnableSensitiveDataLogging' to see key values.
2025-07-18 10:55:59 [Debug] Context '"VSMContext"' started tracking '"Customer"' entity. Consider using 'DbContextOptionsBuilder.EnableSensitiveDataLogging' to see key values.
2025-07-18 10:55:59 [Debug] Generated query execution expression: "
"'"queryContext => ShapedQueryCompilingExpressionVisitor.SingleAsync<int>(
    asyncEnumerable: SingleQueryingEnumerable.Create<int>(
        relationalQueryContext: (RelationalQueryContext)queryContext, 
        relationalCommandResolver: parameters => [LIFTABLE Constant: RelationalCommandCache.QueryExpression(
            Projection Mapping:
                EmptyProjectionMember -> 0
            SELECT CAST(count(*) AS integer)
            FROM Bookings AS b
            INNER JOIN Customers AS c ON b.CustomerID == c.CustomerID
            WHERE (c.Phone == @__phone_0) && (b.Status == 'Booked')) | Resolver: c => new RelationalCommandCache(
            c.Dependencies.MemoryCache, 
            c.RelationalDependencies.QuerySqlGeneratorFactory, 
            c.RelationalDependencies.RelationalParameterBasedSqlProcessorFactory, 
            Projection Mapping:
                EmptyProjectionMember -> 0
            SELECT CAST(count(*) AS integer)
            FROM Bookings AS b
            INNER JOIN Customers AS c ON b.CustomerID == c.CustomerID
            WHERE (c.Phone == @__phone_0) && (b.Status == 'Booked'), 
            False, 
            new HashSet<string>(
                new string[]{ }, 
                StringComparer.Ordinal
            )
        )].GetRelationalCommandTemplate(parameters), 
        readerColumns: null, 
        shaper: (queryContext, dataReader, resultContext, resultCoordinator) => 
        {
            int? value1;
            value1 = dataReader.IsDBNull(0) ? default(int?) : (int?)dataReader.GetInt32(0);
            return (int)value1;
        }, 
        contextType: VSM.Contexts.VSMContext, 
        standAloneStateManager: False, 
        detailedErrorsEnabled: False, 
        threadSafetyChecksEnabled: True), 
    cancellationToken: queryContext.CancellationToken)"'
2025-07-18 10:55:59 [Debug] Opening connection to database '"VehicleServiceManagement"' on server '"tcp://localhost:5432"'.
2025-07-18 10:55:59 [Debug] Opened connection to database '"VehicleServiceManagement"' on server '"tcp://localhost:5432"'.
2025-07-18 10:55:59 [Debug] Creating DbCommand for '"ExecuteReader"'.
2025-07-18 10:55:59 [Debug] Created DbCommand for '"ExecuteReader"' (0ms).
2025-07-18 10:55:59 [Debug] Initialized DbCommand for '"ExecuteReader"' (0ms).
2025-07-18 10:55:59 [Debug] Executing DbCommand [Parameters=["@__phone_0='?'"], CommandType='Text', CommandTimeout='30']"
""SELECT count(*)::int
FROM \"Bookings\" AS b
INNER JOIN \"Customers\" AS c ON b.\"CustomerID\" = c.\"CustomerID\"
WHERE c.\"Phone\" = @__phone_0 AND b.\"Status\" = 'Booked'"
2025-07-18 10:55:59 [Information] Executed DbCommand ("1"ms) [Parameters=["@__phone_0='?'"], CommandType='Text', CommandTimeout='30']"
""SELECT count(*)::int
FROM \"Bookings\" AS b
INNER JOIN \"Customers\" AS c ON b.\"CustomerID\" = c.\"CustomerID\"
WHERE c.\"Phone\" = @__phone_0 AND b.\"Status\" = 'Booked'"
2025-07-18 10:55:59 [Debug] Closing data reader to '"VehicleServiceManagement"' on server '"tcp://localhost:5432"'.
2025-07-18 10:55:59 [Debug] A data reader for '"VehicleServiceManagement"' on server '"tcp://localhost:5432"' is being disposed after spending 0ms reading results.
2025-07-18 10:55:59 [Debug] Closing connection to database '"VehicleServiceManagement"' on server '"tcp://localhost:5432"'.
2025-07-18 10:55:59 [Debug] Closed connection to database '"VehicleServiceManagement"' on server '"tcp://localhost:5432"' (0ms).
2025-07-18 10:55:59 [Debug] Compiling query expression: "
"'"DbSet<Booking>()
    .Include(b => b.Customer)
    .Where(b => b.Customer.Phone == __phone_0)
    .Count(b => b.Status == \"Cancelled\")"'
2025-07-18 10:55:59 [Debug] The navigation '"ServiceRecord"."Mechanic"' was detected as changed. Consider using 'DbContextOptionsBuilder.EnableSensitiveDataLogging' to see key values.
2025-07-18 10:55:59 [Debug] Generated query execution expression: "
"'"queryContext => ShapedQueryCompilingExpressionVisitor.SingleAsync<int>(
    asyncEnumerable: SingleQueryingEnumerable.Create<int>(
        relationalQueryContext: (RelationalQueryContext)queryContext, 
        relationalCommandResolver: parameters => [LIFTABLE Constant: RelationalCommandCache.QueryExpression(
            Projection Mapping:
                EmptyProjectionMember -> 0
            SELECT CAST(count(*) AS integer)
            FROM Bookings AS b
            INNER JOIN Customers AS c ON b.CustomerID == c.CustomerID
            WHERE (c.Phone == @__phone_0) && (b.Status == 'Cancelled')) | Resolver: c => new RelationalCommandCache(
            c.Dependencies.MemoryCache, 
            c.RelationalDependencies.QuerySqlGeneratorFactory, 
            c.RelationalDependencies.RelationalParameterBasedSqlProcessorFactory, 
            Projection Mapping:
                EmptyProjectionMember -> 0
            SELECT CAST(count(*) AS integer)
            FROM Bookings AS b
            INNER JOIN Customers AS c ON b.CustomerID == c.CustomerID
            WHERE (c.Phone == @__phone_0) && (b.Status == 'Cancelled'), 
            False, 
            new HashSet<string>(
                new string[]{ }, 
                StringComparer.Ordinal
            )
        )].GetRelationalCommandTemplate(parameters), 
        readerColumns: null, 
        shaper: (queryContext, dataReader, resultContext, resultCoordinator) => 
        {
            int? value1;
            value1 = dataReader.IsDBNull(0) ? default(int?) : (int?)dataReader.GetInt32(0);
            return (int)value1;
        }, 
        contextType: VSM.Contexts.VSMContext, 
        standAloneStateManager: False, 
        detailedErrorsEnabled: False, 
        threadSafetyChecksEnabled: True), 
    cancellationToken: queryContext.CancellationToken)"'
2025-07-18 10:55:59 [Debug] Context '"VSMContext"' started tracking '"Mechanic"' entity. Consider using 'DbContextOptionsBuilder.EnableSensitiveDataLogging' to see key values.
2025-07-18 10:55:59 [Debug] Opening connection to database '"VehicleServiceManagement"' on server '"tcp://localhost:5432"'.
2025-07-18 10:55:59 [Debug] Opened connection to database '"VehicleServiceManagement"' on server '"tcp://localhost:5432"'.
2025-07-18 10:55:59 [Debug] Creating DbCommand for '"ExecuteReader"'.
2025-07-18 10:55:59 [Debug] Created DbCommand for '"ExecuteReader"' (0ms).
2025-07-18 10:55:59 [Debug] Initialized DbCommand for '"ExecuteReader"' (0ms).
2025-07-18 10:55:59 [Debug] Executing DbCommand [Parameters=["@__phone_0='?'"], CommandType='Text', CommandTimeout='30']"
""SELECT count(*)::int
FROM \"Bookings\" AS b
INNER JOIN \"Customers\" AS c ON b.\"CustomerID\" = c.\"CustomerID\"
WHERE c.\"Phone\" = @__phone_0 AND b.\"Status\" = 'Cancelled'"
2025-07-18 10:55:59 [Information] Executed DbCommand ("14"ms) [Parameters=["@__phone_0='?'"], CommandType='Text', CommandTimeout='30']"
""SELECT count(*)::int
FROM \"Bookings\" AS b
INNER JOIN \"Customers\" AS c ON b.\"CustomerID\" = c.\"CustomerID\"
WHERE c.\"Phone\" = @__phone_0 AND b.\"Status\" = 'Cancelled'"
2025-07-18 10:55:59 [Debug] Closing data reader to '"VehicleServiceManagement"' on server '"tcp://localhost:5432"'.
2025-07-18 10:55:59 [Debug] A data reader for '"VehicleServiceManagement"' on server '"tcp://localhost:5432"' is being disposed after spending 0ms reading results.
2025-07-18 10:55:59 [Debug] Closing connection to database '"VehicleServiceManagement"' on server '"tcp://localhost:5432"'.
2025-07-18 10:55:59 [Debug] Closed connection to database '"VehicleServiceManagement"' on server '"tcp://localhost:5432"' (0ms).
2025-07-18 10:55:59 [Debug] Compiling query expression: "
"'"DbSet<Booking>()
    .Include(b => b.Customer)
    .Where(b => b.Customer.Phone == __phone_0)
    .Count(b => b.Status == \"Reviewed\")"'
2025-07-18 10:55:59 [Debug] Context '"VSMContext"' started tracking '"BillCategoryDetail"' entity. Consider using 'DbContextOptionsBuilder.EnableSensitiveDataLogging' to see key values.
2025-07-18 10:55:59 [Debug] Generated query execution expression: "
"'"queryContext => ShapedQueryCompilingExpressionVisitor.SingleAsync<int>(
    asyncEnumerable: SingleQueryingEnumerable.Create<int>(
        relationalQueryContext: (RelationalQueryContext)queryContext, 
        relationalCommandResolver: parameters => [LIFTABLE Constant: RelationalCommandCache.QueryExpression(
            Projection Mapping:
                EmptyProjectionMember -> 0
            SELECT CAST(count(*) AS integer)
            FROM Bookings AS b
            INNER JOIN Customers AS c ON b.CustomerID == c.CustomerID
            WHERE (c.Phone == @__phone_0) && (b.Status == 'Reviewed')) | Resolver: c => new RelationalCommandCache(
            c.Dependencies.MemoryCache, 
            c.RelationalDependencies.QuerySqlGeneratorFactory, 
            c.RelationalDependencies.RelationalParameterBasedSqlProcessorFactory, 
            Projection Mapping:
                EmptyProjectionMember -> 0
            SELECT CAST(count(*) AS integer)
            FROM Bookings AS b
            INNER JOIN Customers AS c ON b.CustomerID == c.CustomerID
            WHERE (c.Phone == @__phone_0) && (b.Status == 'Reviewed'), 
            False, 
            new HashSet<string>(
                new string[]{ }, 
                StringComparer.Ordinal
            )
        )].GetRelationalCommandTemplate(parameters), 
        readerColumns: null, 
        shaper: (queryContext, dataReader, resultContext, resultCoordinator) => 
        {
            int? value1;
            value1 = dataReader.IsDBNull(0) ? default(int?) : (int?)dataReader.GetInt32(0);
            return (int)value1;
        }, 
        contextType: VSM.Contexts.VSMContext, 
        standAloneStateManager: False, 
        detailedErrorsEnabled: False, 
        threadSafetyChecksEnabled: True), 
    cancellationToken: queryContext.CancellationToken)"'
2025-07-18 10:55:59 [Debug] Opening connection to database '"VehicleServiceManagement"' on server '"tcp://localhost:5432"'.
2025-07-18 10:55:59 [Debug] Opened connection to database '"VehicleServiceManagement"' on server '"tcp://localhost:5432"'.
2025-07-18 10:55:59 [Debug] Creating DbCommand for '"ExecuteReader"'.
2025-07-18 10:55:59 [Debug] Created DbCommand for '"ExecuteReader"' (0ms).
2025-07-18 10:55:59 [Debug] Initialized DbCommand for '"ExecuteReader"' (0ms).
2025-07-18 10:55:59 [Debug] Executing DbCommand [Parameters=["@__phone_0='?'"], CommandType='Text', CommandTimeout='30']"
""SELECT count(*)::int
FROM \"Bookings\" AS b
INNER JOIN \"Customers\" AS c ON b.\"CustomerID\" = c.\"CustomerID\"
WHERE c.\"Phone\" = @__phone_0 AND b.\"Status\" = 'Reviewed'"
2025-07-18 10:55:59 [Information] Executed DbCommand ("1"ms) [Parameters=["@__phone_0='?'"], CommandType='Text', CommandTimeout='30']"
""SELECT count(*)::int
FROM \"Bookings\" AS b
INNER JOIN \"Customers\" AS c ON b.\"CustomerID\" = c.\"CustomerID\"
WHERE c.\"Phone\" = @__phone_0 AND b.\"Status\" = 'Reviewed'"
2025-07-18 10:55:59 [Debug] Closing data reader to '"VehicleServiceManagement"' on server '"tcp://localhost:5432"'.
2025-07-18 10:55:59 [Debug] A data reader for '"VehicleServiceManagement"' on server '"tcp://localhost:5432"' is being disposed after spending 0ms reading results.
2025-07-18 10:55:59 [Debug] Closing connection to database '"VehicleServiceManagement"' on server '"tcp://localhost:5432"'.
2025-07-18 10:55:59 [Debug] Closed connection to database '"VehicleServiceManagement"' on server '"tcp://localhost:5432"' (0ms).
2025-07-18 10:55:59 [Debug] Compiling query expression: "
"'"DbSet<Bill>()
    .Include(b => b.ServiceRecord)
    .ThenInclude(sr => sr.Customer)
    .Include(b => b.ServiceRecord)
    .ThenInclude(sr => sr.Mechanic)
    .Where(b => b.ServiceRecord != null && b.ServiceRecord.Customer != null && b.ServiceRecord.Customer.Phone == __phone_0 || b.ServiceRecord.Mechanic != null && b.ServiceRecord.Mechanic.Phone == __phone_0)
    .Count()"'
2025-07-18 10:55:59 [Debug] Generated query execution expression: "
"'"queryContext => ShapedQueryCompilingExpressionVisitor.SingleAsync<int>(
    asyncEnumerable: SingleQueryingEnumerable.Create<int>(
        relationalQueryContext: (RelationalQueryContext)queryContext, 
        relationalCommandResolver: parameters => [LIFTABLE Constant: RelationalCommandCache.QueryExpression(
            Projection Mapping:
                EmptyProjectionMember -> 0
            SELECT CAST(count(*) AS integer)
            FROM Bills AS b
            INNER JOIN serviceRecords AS s ON b.ServiceRecordID == s.ServiceRecordID
            INNER JOIN Customers AS c ON s.CustomerID == c.CustomerID
            INNER JOIN Mechanics AS m ON s.MechanicId == m.MechanicId
            WHERE (s.ServiceRecordID != NULL) && (((c.CustomerID != NULL) && (c.Phone == @__phone_0)) || ((m.MechanicId != NULL) && (m.Phone == @__phone_0)))) | Resolver: c => new RelationalCommandCache(
            c.Dependencies.MemoryCache, 
            c.RelationalDependencies.QuerySqlGeneratorFactory, 
            c.RelationalDependencies.RelationalParameterBasedSqlProcessorFactory, 
            Projection Mapping:
                EmptyProjectionMember -> 0
            SELECT CAST(count(*) AS integer)
            FROM Bills AS b
            INNER JOIN serviceRecords AS s ON b.ServiceRecordID == s.ServiceRecordID
            INNER JOIN Customers AS c ON s.CustomerID == c.CustomerID
            INNER JOIN Mechanics AS m ON s.MechanicId == m.MechanicId
            WHERE (s.ServiceRecordID != NULL) && (((c.CustomerID != NULL) && (c.Phone == @__phone_0)) || ((m.MechanicId != NULL) && (m.Phone == @__phone_0))), 
            False, 
            new HashSet<string>(
                new string[]{ }, 
                StringComparer.Ordinal
            )
        )].GetRelationalCommandTemplate(parameters), 
        readerColumns: null, 
        shaper: (queryContext, dataReader, resultContext, resultCoordinator) => 
        {
            int? value1;
            value1 = dataReader.IsDBNull(0) ? default(int?) : (int?)dataReader.GetInt32(0);
            return (int)value1;
        }, 
        contextType: VSM.Contexts.VSMContext, 
        standAloneStateManager: False, 
        detailedErrorsEnabled: False, 
        threadSafetyChecksEnabled: True), 
    cancellationToken: queryContext.CancellationToken)"'
2025-07-18 10:55:59 [Debug] Opening connection to database '"VehicleServiceManagement"' on server '"tcp://localhost:5432"'.
2025-07-18 10:55:59 [Debug] Opened connection to database '"VehicleServiceManagement"' on server '"tcp://localhost:5432"'.
2025-07-18 10:55:59 [Debug] Creating DbCommand for '"ExecuteReader"'.
2025-07-18 10:55:59 [Debug] Created DbCommand for '"ExecuteReader"' (0ms).
2025-07-18 10:55:59 [Debug] Initialized DbCommand for '"ExecuteReader"' (0ms).
2025-07-18 10:55:59 [Debug] Executing DbCommand [Parameters=["@__phone_0='?'"], CommandType='Text', CommandTimeout='30']"
""SELECT count(*)::int
FROM \"Bills\" AS b
INNER JOIN \"serviceRecords\" AS s ON b.\"ServiceRecordID\" = s.\"ServiceRecordID\"
INNER JOIN \"Customers\" AS c ON s.\"CustomerID\" = c.\"CustomerID\"
INNER JOIN \"Mechanics\" AS m ON s.\"MechanicId\" = m.\"MechanicId\"
WHERE c.\"Phone\" = @__phone_0 OR m.\"Phone\" = @__phone_0"
2025-07-18 10:55:59 [Information] Executed DbCommand ("2"ms) [Parameters=["@__phone_0='?'"], CommandType='Text', CommandTimeout='30']"
""SELECT count(*)::int
FROM \"Bills\" AS b
INNER JOIN \"serviceRecords\" AS s ON b.\"ServiceRecordID\" = s.\"ServiceRecordID\"
INNER JOIN \"Customers\" AS c ON s.\"CustomerID\" = c.\"CustomerID\"
INNER JOIN \"Mechanics\" AS m ON s.\"MechanicId\" = m.\"MechanicId\"
WHERE c.\"Phone\" = @__phone_0 OR m.\"Phone\" = @__phone_0"
2025-07-18 10:55:59 [Debug] Closing data reader to '"VehicleServiceManagement"' on server '"tcp://localhost:5432"'.
2025-07-18 10:55:59 [Debug] A data reader for '"VehicleServiceManagement"' on server '"tcp://localhost:5432"' is being disposed after spending 0ms reading results.
2025-07-18 10:55:59 [Debug] Closing connection to database '"VehicleServiceManagement"' on server '"tcp://localhost:5432"'.
2025-07-18 10:55:59 [Debug] Closed connection to database '"VehicleServiceManagement"' on server '"tcp://localhost:5432"' (0ms).
2025-07-18 10:55:59 [Debug] Compiling query expression: "
"'"DbSet<Bill>()
    .Include(b => b.ServiceRecord)
    .ThenInclude(sr => sr.Customer)
    .Include(b => b.ServiceRecord)
    .ThenInclude(sr => sr.Mechanic)
    .Where(b => b.ServiceRecord != null && b.ServiceRecord.Customer != null && b.ServiceRecord.Customer.Phone == __phone_0 || b.ServiceRecord.Mechanic != null && b.ServiceRecord.Mechanic.Phone == __phone_0)
    .Count(b => b.Status == \"Dispatched\")"'
2025-07-18 10:55:59 [Debug] Generated query execution expression: "
"'"queryContext => ShapedQueryCompilingExpressionVisitor.SingleAsync<int>(
    asyncEnumerable: SingleQueryingEnumerable.Create<int>(
        relationalQueryContext: (RelationalQueryContext)queryContext, 
        relationalCommandResolver: parameters => [LIFTABLE Constant: RelationalCommandCache.QueryExpression(
            Projection Mapping:
                EmptyProjectionMember -> 0
            SELECT CAST(count(*) AS integer)
            FROM Bills AS b
            INNER JOIN serviceRecords AS s ON b.ServiceRecordID == s.ServiceRecordID
            INNER JOIN Customers AS c ON s.CustomerID == c.CustomerID
            INNER JOIN Mechanics AS m ON s.MechanicId == m.MechanicId
            WHERE ((s.ServiceRecordID != NULL) && (((c.CustomerID != NULL) && (c.Phone == @__phone_0)) || ((m.MechanicId != NULL) && (m.Phone == @__phone_0)))) && (b.Status == 'Dispatched')) | Resolver: c => new RelationalCommandCache(
            c.Dependencies.MemoryCache, 
            c.RelationalDependencies.QuerySqlGeneratorFactory, 
            c.RelationalDependencies.RelationalParameterBasedSqlProcessorFactory, 
            Projection Mapping:
                EmptyProjectionMember -> 0
            SELECT CAST(count(*) AS integer)
            FROM Bills AS b
            INNER JOIN serviceRecords AS s ON b.ServiceRecordID == s.ServiceRecordID
            INNER JOIN Customers AS c ON s.CustomerID == c.CustomerID
            INNER JOIN Mechanics AS m ON s.MechanicId == m.MechanicId
            WHERE ((s.ServiceRecordID != NULL) && (((c.CustomerID != NULL) && (c.Phone == @__phone_0)) || ((m.MechanicId != NULL) && (m.Phone == @__phone_0)))) && (b.Status == 'Dispatched'), 
            False, 
            new HashSet<string>(
                new string[]{ }, 
                StringComparer.Ordinal
            )
        )].GetRelationalCommandTemplate(parameters), 
        readerColumns: null, 
        shaper: (queryContext, dataReader, resultContext, resultCoordinator) => 
        {
            int? value1;
            value1 = dataReader.IsDBNull(0) ? default(int?) : (int?)dataReader.GetInt32(0);
            return (int)value1;
        }, 
        contextType: VSM.Contexts.VSMContext, 
        standAloneStateManager: False, 
        detailedErrorsEnabled: False, 
        threadSafetyChecksEnabled: True), 
    cancellationToken: queryContext.CancellationToken)"'
2025-07-18 10:55:59 [Debug] Context '"VSMContext"' started tracking '"ServiceServiceCategory"' entity. Consider using 'DbContextOptionsBuilder.EnableSensitiveDataLogging' to see key values.
2025-07-18 10:55:59 [Debug] Opening connection to database '"VehicleServiceManagement"' on server '"tcp://localhost:5432"'.
2025-07-18 10:55:59 [Debug] Opened connection to database '"VehicleServiceManagement"' on server '"tcp://localhost:5432"'.
2025-07-18 10:55:59 [Debug] Creating DbCommand for '"ExecuteReader"'.
2025-07-18 10:55:59 [Debug] Created DbCommand for '"ExecuteReader"' (0ms).
2025-07-18 10:55:59 [Debug] Initialized DbCommand for '"ExecuteReader"' (0ms).
2025-07-18 10:55:59 [Debug] Executing DbCommand [Parameters=["@__phone_0='?'"], CommandType='Text', CommandTimeout='30']"
""SELECT count(*)::int
FROM \"Bills\" AS b
INNER JOIN \"serviceRecords\" AS s ON b.\"ServiceRecordID\" = s.\"ServiceRecordID\"
INNER JOIN \"Customers\" AS c ON s.\"CustomerID\" = c.\"CustomerID\"
INNER JOIN \"Mechanics\" AS m ON s.\"MechanicId\" = m.\"MechanicId\"
WHERE (c.\"Phone\" = @__phone_0 OR m.\"Phone\" = @__phone_0) AND b.\"Status\" = 'Dispatched'"
2025-07-18 10:55:59 [Information] Executed DbCommand ("2"ms) [Parameters=["@__phone_0='?'"], CommandType='Text', CommandTimeout='30']"
""SELECT count(*)::int
FROM \"Bills\" AS b
INNER JOIN \"serviceRecords\" AS s ON b.\"ServiceRecordID\" = s.\"ServiceRecordID\"
INNER JOIN \"Customers\" AS c ON s.\"CustomerID\" = c.\"CustomerID\"
INNER JOIN \"Mechanics\" AS m ON s.\"MechanicId\" = m.\"MechanicId\"
WHERE (c.\"Phone\" = @__phone_0 OR m.\"Phone\" = @__phone_0) AND b.\"Status\" = 'Dispatched'"
2025-07-18 10:55:59 [Debug] Closing data reader to '"VehicleServiceManagement"' on server '"tcp://localhost:5432"'.
2025-07-18 10:55:59 [Debug] A data reader for '"VehicleServiceManagement"' on server '"tcp://localhost:5432"' is being disposed after spending 0ms reading results.
2025-07-18 10:55:59 [Debug] Closing connection to database '"VehicleServiceManagement"' on server '"tcp://localhost:5432"'.
2025-07-18 10:55:59 [Debug] Closed connection to database '"VehicleServiceManagement"' on server '"tcp://localhost:5432"' (0ms).
2025-07-18 10:55:59 [Debug] Compiling query expression: "
"'"DbSet<Bill>()
    .Include(b => b.ServiceRecord)
    .ThenInclude(sr => sr.Customer)
    .Include(b => b.ServiceRecord)
    .ThenInclude(sr => sr.Mechanic)
    .Where(b => b.ServiceRecord != null && b.ServiceRecord.Customer != null && b.ServiceRecord.Customer.Phone == __phone_0 || b.ServiceRecord.Mechanic != null && b.ServiceRecord.Mechanic.Phone == __phone_0)
    .Count(b => b.Status == \"Approved\")"'
2025-07-18 10:55:59 [Debug] Generated query execution expression: "
"'"queryContext => ShapedQueryCompilingExpressionVisitor.SingleAsync<int>(
    asyncEnumerable: SingleQueryingEnumerable.Create<int>(
        relationalQueryContext: (RelationalQueryContext)queryContext, 
        relationalCommandResolver: parameters => [LIFTABLE Constant: RelationalCommandCache.QueryExpression(
            Projection Mapping:
                EmptyProjectionMember -> 0
            SELECT CAST(count(*) AS integer)
            FROM Bills AS b
            INNER JOIN serviceRecords AS s ON b.ServiceRecordID == s.ServiceRecordID
            INNER JOIN Customers AS c ON s.CustomerID == c.CustomerID
            INNER JOIN Mechanics AS m ON s.MechanicId == m.MechanicId
            WHERE ((s.ServiceRecordID != NULL) && (((c.CustomerID != NULL) && (c.Phone == @__phone_0)) || ((m.MechanicId != NULL) && (m.Phone == @__phone_0)))) && (b.Status == 'Approved')) | Resolver: c => new RelationalCommandCache(
            c.Dependencies.MemoryCache, 
            c.RelationalDependencies.QuerySqlGeneratorFactory, 
            c.RelationalDependencies.RelationalParameterBasedSqlProcessorFactory, 
            Projection Mapping:
                EmptyProjectionMember -> 0
            SELECT CAST(count(*) AS integer)
            FROM Bills AS b
            INNER JOIN serviceRecords AS s ON b.ServiceRecordID == s.ServiceRecordID
            INNER JOIN Customers AS c ON s.CustomerID == c.CustomerID
            INNER JOIN Mechanics AS m ON s.MechanicId == m.MechanicId
            WHERE ((s.ServiceRecordID != NULL) && (((c.CustomerID != NULL) && (c.Phone == @__phone_0)) || ((m.MechanicId != NULL) && (m.Phone == @__phone_0)))) && (b.Status == 'Approved'), 
            False, 
            new HashSet<string>(
                new string[]{ }, 
                StringComparer.Ordinal
            )
        )].GetRelationalCommandTemplate(parameters), 
        readerColumns: null, 
        shaper: (queryContext, dataReader, resultContext, resultCoordinator) => 
        {
            int? value1;
            value1 = dataReader.IsDBNull(0) ? default(int?) : (int?)dataReader.GetInt32(0);
            return (int)value1;
        }, 
        contextType: VSM.Contexts.VSMContext, 
        standAloneStateManager: False, 
        detailedErrorsEnabled: False, 
        threadSafetyChecksEnabled: True), 
    cancellationToken: queryContext.CancellationToken)"'
2025-07-18 10:55:59 [Debug] Opening connection to database '"VehicleServiceManagement"' on server '"tcp://localhost:5432"'.
2025-07-18 10:55:59 [Debug] Opened connection to database '"VehicleServiceManagement"' on server '"tcp://localhost:5432"'.
2025-07-18 10:55:59 [Debug] Creating DbCommand for '"ExecuteReader"'.
2025-07-18 10:55:59 [Debug] Created DbCommand for '"ExecuteReader"' (0ms).
2025-07-18 10:55:59 [Debug] Initialized DbCommand for '"ExecuteReader"' (0ms).
2025-07-18 10:55:59 [Debug] Executing DbCommand [Parameters=["@__phone_0='?'"], CommandType='Text', CommandTimeout='30']"
""SELECT count(*)::int
FROM \"Bills\" AS b
INNER JOIN \"serviceRecords\" AS s ON b.\"ServiceRecordID\" = s.\"ServiceRecordID\"
INNER JOIN \"Customers\" AS c ON s.\"CustomerID\" = c.\"CustomerID\"
INNER JOIN \"Mechanics\" AS m ON s.\"MechanicId\" = m.\"MechanicId\"
WHERE (c.\"Phone\" = @__phone_0 OR m.\"Phone\" = @__phone_0) AND b.\"Status\" = 'Approved'"
2025-07-18 10:55:59 [Debug] Context '"VSMContext"' started tracking '"ServiceCategory"' entity. Consider using 'DbContextOptionsBuilder.EnableSensitiveDataLogging' to see key values.
2025-07-18 10:55:59 [Information] Executed DbCommand ("1"ms) [Parameters=["@__phone_0='?'"], CommandType='Text', CommandTimeout='30']"
""SELECT count(*)::int
FROM \"Bills\" AS b
INNER JOIN \"serviceRecords\" AS s ON b.\"ServiceRecordID\" = s.\"ServiceRecordID\"
INNER JOIN \"Customers\" AS c ON s.\"CustomerID\" = c.\"CustomerID\"
INNER JOIN \"Mechanics\" AS m ON s.\"MechanicId\" = m.\"MechanicId\"
WHERE (c.\"Phone\" = @__phone_0 OR m.\"Phone\" = @__phone_0) AND b.\"Status\" = 'Approved'"
2025-07-18 10:55:59 [Debug] Closing data reader to '"VehicleServiceManagement"' on server '"tcp://localhost:5432"'.
2025-07-18 10:55:59 [Debug] A data reader for '"VehicleServiceManagement"' on server '"tcp://localhost:5432"' is being disposed after spending 0ms reading results.
2025-07-18 10:55:59 [Debug] Closing connection to database '"VehicleServiceManagement"' on server '"tcp://localhost:5432"'.
2025-07-18 10:55:59 [Debug] Closed connection to database '"VehicleServiceManagement"' on server '"tcp://localhost:5432"' (0ms).
2025-07-18 10:55:59 [Debug] Compiling query expression: "
"'"DbSet<Bill>()
    .Include(b => b.ServiceRecord)
    .ThenInclude(sr => sr.Customer)
    .Include(b => b.ServiceRecord)
    .ThenInclude(sr => sr.Mechanic)
    .Where(b => b.ServiceRecord != null && b.ServiceRecord.Customer != null && b.ServiceRecord.Customer.Phone == __phone_0 || b.ServiceRecord.Mechanic != null && b.ServiceRecord.Mechanic.Phone == __phone_0)
    .Count(b => b.Status == \"Paid\")"'
2025-07-18 10:55:59 [Debug] Generated query execution expression: "
"'"queryContext => ShapedQueryCompilingExpressionVisitor.SingleAsync<int>(
    asyncEnumerable: SingleQueryingEnumerable.Create<int>(
        relationalQueryContext: (RelationalQueryContext)queryContext, 
        relationalCommandResolver: parameters => [LIFTABLE Constant: RelationalCommandCache.QueryExpression(
            Projection Mapping:
                EmptyProjectionMember -> 0
            SELECT CAST(count(*) AS integer)
            FROM Bills AS b
            INNER JOIN serviceRecords AS s ON b.ServiceRecordID == s.ServiceRecordID
            INNER JOIN Customers AS c ON s.CustomerID == c.CustomerID
            INNER JOIN Mechanics AS m ON s.MechanicId == m.MechanicId
            WHERE ((s.ServiceRecordID != NULL) && (((c.CustomerID != NULL) && (c.Phone == @__phone_0)) || ((m.MechanicId != NULL) && (m.Phone == @__phone_0)))) && (b.Status == 'Paid')) | Resolver: c => new RelationalCommandCache(
            c.Dependencies.MemoryCache, 
            c.RelationalDependencies.QuerySqlGeneratorFactory, 
            c.RelationalDependencies.RelationalParameterBasedSqlProcessorFactory, 
            Projection Mapping:
                EmptyProjectionMember -> 0
            SELECT CAST(count(*) AS integer)
            FROM Bills AS b
            INNER JOIN serviceRecords AS s ON b.ServiceRecordID == s.ServiceRecordID
            INNER JOIN Customers AS c ON s.CustomerID == c.CustomerID
            INNER JOIN Mechanics AS m ON s.MechanicId == m.MechanicId
            WHERE ((s.ServiceRecordID != NULL) && (((c.CustomerID != NULL) && (c.Phone == @__phone_0)) || ((m.MechanicId != NULL) && (m.Phone == @__phone_0)))) && (b.Status == 'Paid'), 
            False, 
            new HashSet<string>(
                new string[]{ }, 
                StringComparer.Ordinal
            )
        )].GetRelationalCommandTemplate(parameters), 
        readerColumns: null, 
        shaper: (queryContext, dataReader, resultContext, resultCoordinator) => 
        {
            int? value1;
            value1 = dataReader.IsDBNull(0) ? default(int?) : (int?)dataReader.GetInt32(0);
            return (int)value1;
        }, 
        contextType: VSM.Contexts.VSMContext, 
        standAloneStateManager: False, 
        detailedErrorsEnabled: False, 
        threadSafetyChecksEnabled: True), 
    cancellationToken: queryContext.CancellationToken)"'
2025-07-18 10:55:59 [Debug] Context '"VSMContext"' started tracking '"ServiceServiceCategory"' entity. Consider using 'DbContextOptionsBuilder.EnableSensitiveDataLogging' to see key values.
2025-07-18 10:55:59 [Debug] Context '"VSMContext"' started tracking '"ServiceCategory"' entity. Consider using 'DbContextOptionsBuilder.EnableSensitiveDataLogging' to see key values.
2025-07-18 10:55:59 [Debug] Context '"VSMContext"' started tracking '"ServiceServiceCategory"' entity. Consider using 'DbContextOptionsBuilder.EnableSensitiveDataLogging' to see key values.
2025-07-18 10:55:59 [Debug] Context '"VSMContext"' started tracking '"ServiceCategory"' entity. Consider using 'DbContextOptionsBuilder.EnableSensitiveDataLogging' to see key values.
2025-07-18 10:55:59 [Debug] Context '"VSMContext"' started tracking '"ServiceServiceCategory"' entity. Consider using 'DbContextOptionsBuilder.EnableSensitiveDataLogging' to see key values.
2025-07-18 10:55:59 [Debug] Context '"VSMContext"' started tracking '"ServiceCategory"' entity. Consider using 'DbContextOptionsBuilder.EnableSensitiveDataLogging' to see key values.
2025-07-18 10:55:59 [Debug] Context '"VSMContext"' started tracking '"ServiceServiceCategory"' entity. Consider using 'DbContextOptionsBuilder.EnableSensitiveDataLogging' to see key values.
2025-07-18 10:55:59 [Debug] Opening connection to database '"VehicleServiceManagement"' on server '"tcp://localhost:5432"'.
2025-07-18 10:55:59 [Debug] Context '"VSMContext"' started tracking '"ServiceCategory"' entity. Consider using 'DbContextOptionsBuilder.EnableSensitiveDataLogging' to see key values.
2025-07-18 10:55:59 [Debug] Opened connection to database '"VehicleServiceManagement"' on server '"tcp://localhost:5432"'.
2025-07-18 10:55:59 [Debug] Creating DbCommand for '"ExecuteReader"'.
2025-07-18 10:55:59 [Debug] Context '"VSMContext"' started tracking '"BillCategoryDetail"' entity. Consider using 'DbContextOptionsBuilder.EnableSensitiveDataLogging' to see key values.
2025-07-18 10:55:59 [Debug] Created DbCommand for '"ExecuteReader"' (0ms).
2025-07-18 10:55:59 [Debug] Initialized DbCommand for '"ExecuteReader"' (0ms).
2025-07-18 10:55:59 [Debug] Executing DbCommand [Parameters=["@__phone_0='?'"], CommandType='Text', CommandTimeout='30']"
""SELECT count(*)::int
FROM \"Bills\" AS b
INNER JOIN \"serviceRecords\" AS s ON b.\"ServiceRecordID\" = s.\"ServiceRecordID\"
INNER JOIN \"Customers\" AS c ON s.\"CustomerID\" = c.\"CustomerID\"
INNER JOIN \"Mechanics\" AS m ON s.\"MechanicId\" = m.\"MechanicId\"
WHERE (c.\"Phone\" = @__phone_0 OR m.\"Phone\" = @__phone_0) AND b.\"Status\" = 'Paid'"
2025-07-18 10:55:59 [Debug] Context '"VSMContext"' started tracking '"BillCategoryDetail"' entity. Consider using 'DbContextOptionsBuilder.EnableSensitiveDataLogging' to see key values.
2025-07-18 10:55:59 [Debug] Context '"VSMContext"' started tracking '"BillCategoryDetail"' entity. Consider using 'DbContextOptionsBuilder.EnableSensitiveDataLogging' to see key values.
2025-07-18 10:55:59 [Debug] Context '"VSMContext"' started tracking '"BillCategoryDetail"' entity. Consider using 'DbContextOptionsBuilder.EnableSensitiveDataLogging' to see key values.
2025-07-18 10:55:59 [Debug] Context '"VSMContext"' started tracking '"BillCategoryDetail"' entity. Consider using 'DbContextOptionsBuilder.EnableSensitiveDataLogging' to see key values.
2025-07-18 10:55:59 [Debug] Closing data reader to '"VehicleServiceManagement"' on server '"tcp://localhost:5432"'.
2025-07-18 10:55:59 [Debug] A data reader for '"VehicleServiceManagement"' on server '"tcp://localhost:5432"' is being disposed after spending 128ms reading results.
2025-07-18 10:55:59 [Debug] Closing connection to database '"VehicleServiceManagement"' on server '"tcp://localhost:5432"'.
2025-07-18 10:55:59 [Debug] Closed connection to database '"VehicleServiceManagement"' on server '"tcp://localhost:5432"' (0ms).
2025-07-18 10:55:59 [Debug] List of registered output formatters, in the following order: ["Microsoft.AspNetCore.Mvc.Formatters.HttpNoContentOutputFormatter", "Microsoft.AspNetCore.Mvc.Formatters.StringOutputFormatter", "Microsoft.AspNetCore.Mvc.Formatters.StreamOutputFormatter", "Microsoft.AspNetCore.Mvc.Formatters.SystemTextJsonOutputFormatter"]
2025-07-18 10:55:59 [Debug] No information found on request to perform content negotiation.
2025-07-18 10:55:59 [Debug] Attempting to select an output formatter without using a content type as no explicit content types were specified for the response.
2025-07-18 10:55:59 [Debug] Attempting to select the first formatter in the output formatters list which can write the result.
2025-07-18 10:55:59 [Debug] Selected output formatter '"Microsoft.AspNetCore.Mvc.Formatters.SystemTextJsonOutputFormatter"' and content type '"application/json"' to write the response.
2025-07-18 10:55:59 [Information] Executing "OkObjectResult", writing value of type '"System.Linq.Enumerable+ListSelectIterator`2[[VSM.Models.Bill, VehicleServiceManagement, Version=1.0.0.0, Culture=neutral, PublicKeyToken=null],[VSM.DTO.BillDisplayDto, VehicleServiceManagement, Version=1.0.0.0, Culture=neutral, PublicKeyToken=null]]"'.
2025-07-18 10:55:59 [Information] Executed DbCommand ("12"ms) [Parameters=["@__phone_0='?'"], CommandType='Text', CommandTimeout='30']"
""SELECT count(*)::int
FROM \"Bills\" AS b
INNER JOIN \"serviceRecords\" AS s ON b.\"ServiceRecordID\" = s.\"ServiceRecordID\"
INNER JOIN \"Customers\" AS c ON s.\"CustomerID\" = c.\"CustomerID\"
INNER JOIN \"Mechanics\" AS m ON s.\"MechanicId\" = m.\"MechanicId\"
WHERE (c.\"Phone\" = @__phone_0 OR m.\"Phone\" = @__phone_0) AND b.\"Status\" = 'Paid'"
2025-07-18 10:55:59 [Debug] Closing data reader to '"VehicleServiceManagement"' on server '"tcp://localhost:5432"'.
2025-07-18 10:55:59 [Debug] A data reader for '"VehicleServiceManagement"' on server '"tcp://localhost:5432"' is being disposed after spending 0ms reading results.
2025-07-18 10:55:59 [Debug] Closing connection to database '"VehicleServiceManagement"' on server '"tcp://localhost:5432"'.
2025-07-18 10:55:59 [Debug] Closed connection to database '"VehicleServiceManagement"' on server '"tcp://localhost:5432"' (0ms).
2025-07-18 10:55:59 [Information] Executed action "VSM.Controllers.BillController.GetAll (VehicleServiceManagement)" in 417.4195ms
2025-07-18 10:55:59 [Information] Executed endpoint '"VSM.Controllers.BillController.GetAll (VehicleServiceManagement)"'
2025-07-18 10:55:59 [Debug] '"VSMContext"' disposed.
2025-07-18 10:55:59 [Debug] Disposing connection to database '"VehicleServiceManagement"' on server '"tcp://localhost:5432"'.
2025-07-18 10:55:59 [Debug] Disposed connection to database '"VehicleServiceManagement"' on server '"tcp://localhost:5432"' (0ms).
2025-07-18 10:55:59 [Debug] Compiling query expression: "
"'"DbSet<ServiceRecord>()
    .Include(s => s.Mechanic)
    .Include(s => s.Customer)
    .Include(s => s.Booking)
    .Where(s => s.Customer != null && s.Customer.Phone == __phone_0 || s.Mechanic != null && s.Mechanic.Phone == __phone_0)
    .Count()"'
2025-07-18 10:55:59 [Information] Request finished "HTTP/2" "GET" "https"://"localhost:7176""""/api/v1/Bill""?page=1&pageSize=10&search=9876764321" - 200 null "application/json; charset=utf-8" 427.7432ms
2025-07-18 10:55:59 [Debug] Generated query execution expression: "
"'"queryContext => ShapedQueryCompilingExpressionVisitor.SingleAsync<int>(
    asyncEnumerable: SingleQueryingEnumerable.Create<int>(
        relationalQueryContext: (RelationalQueryContext)queryContext, 
        relationalCommandResolver: parameters => [LIFTABLE Constant: RelationalCommandCache.QueryExpression(
            Projection Mapping:
                EmptyProjectionMember -> 0
            SELECT CAST(count(*) AS integer)
            FROM serviceRecords AS s
            INNER JOIN Customers AS c ON s.CustomerID == c.CustomerID
            INNER JOIN Mechanics AS m ON s.MechanicId == m.MechanicId
            WHERE ((c.CustomerID != NULL) && (c.Phone == @__phone_0)) || ((m.MechanicId != NULL) && (m.Phone == @__phone_0))) | Resolver: c => new RelationalCommandCache(
            c.Dependencies.MemoryCache, 
            c.RelationalDependencies.QuerySqlGeneratorFactory, 
            c.RelationalDependencies.RelationalParameterBasedSqlProcessorFactory, 
            Projection Mapping:
                EmptyProjectionMember -> 0
            SELECT CAST(count(*) AS integer)
            FROM serviceRecords AS s
            INNER JOIN Customers AS c ON s.CustomerID == c.CustomerID
            INNER JOIN Mechanics AS m ON s.MechanicId == m.MechanicId
            WHERE ((c.CustomerID != NULL) && (c.Phone == @__phone_0)) || ((m.MechanicId != NULL) && (m.Phone == @__phone_0)), 
            False, 
            new HashSet<string>(
                new string[]{ }, 
                StringComparer.Ordinal
            )
        )].GetRelationalCommandTemplate(parameters), 
        readerColumns: null, 
        shaper: (queryContext, dataReader, resultContext, resultCoordinator) => 
        {
            int? value1;
            value1 = dataReader.IsDBNull(0) ? default(int?) : (int?)dataReader.GetInt32(0);
            return (int)value1;
        }, 
        contextType: VSM.Contexts.VSMContext, 
        standAloneStateManager: False, 
        detailedErrorsEnabled: False, 
        threadSafetyChecksEnabled: True), 
    cancellationToken: queryContext.CancellationToken)"'
2025-07-18 10:55:59 [Debug] Opening connection to database '"VehicleServiceManagement"' on server '"tcp://localhost:5432"'.
2025-07-18 10:55:59 [Debug] Opened connection to database '"VehicleServiceManagement"' on server '"tcp://localhost:5432"'.
2025-07-18 10:55:59 [Debug] Creating DbCommand for '"ExecuteReader"'.
2025-07-18 10:55:59 [Debug] Created DbCommand for '"ExecuteReader"' (0ms).
2025-07-18 10:55:59 [Debug] Initialized DbCommand for '"ExecuteReader"' (0ms).
2025-07-18 10:55:59 [Debug] Executing DbCommand [Parameters=["@__phone_0='?'"], CommandType='Text', CommandTimeout='30']"
""SELECT count(*)::int
FROM \"serviceRecords\" AS s
INNER JOIN \"Customers\" AS c ON s.\"CustomerID\" = c.\"CustomerID\"
INNER JOIN \"Mechanics\" AS m ON s.\"MechanicId\" = m.\"MechanicId\"
WHERE c.\"Phone\" = @__phone_0 OR m.\"Phone\" = @__phone_0"
2025-07-18 10:55:59 [Information] Executed DbCommand ("1"ms) [Parameters=["@__phone_0='?'"], CommandType='Text', CommandTimeout='30']"
""SELECT count(*)::int
FROM \"serviceRecords\" AS s
INNER JOIN \"Customers\" AS c ON s.\"CustomerID\" = c.\"CustomerID\"
INNER JOIN \"Mechanics\" AS m ON s.\"MechanicId\" = m.\"MechanicId\"
WHERE c.\"Phone\" = @__phone_0 OR m.\"Phone\" = @__phone_0"
2025-07-18 10:55:59 [Debug] Closing data reader to '"VehicleServiceManagement"' on server '"tcp://localhost:5432"'.
2025-07-18 10:55:59 [Debug] A data reader for '"VehicleServiceManagement"' on server '"tcp://localhost:5432"' is being disposed after spending 0ms reading results.
2025-07-18 10:55:59 [Debug] Closing connection to database '"VehicleServiceManagement"' on server '"tcp://localhost:5432"'.
2025-07-18 10:55:59 [Debug] Closed connection to database '"VehicleServiceManagement"' on server '"tcp://localhost:5432"' (0ms).
2025-07-18 10:55:59 [Debug] Compiling query expression: "
"'"DbSet<ServiceRecord>()
    .Include(s => s.Mechanic)
    .Include(s => s.Customer)
    .Include(s => s.Booking)
    .Where(s => s.Customer != null && s.Customer.Phone == __phone_0 || s.Mechanic != null && s.Mechanic.Phone == __phone_0)
    .Count(s => s.Status == \"Active\")"'
2025-07-18 10:55:59 [Debug] Generated query execution expression: "
"'"queryContext => ShapedQueryCompilingExpressionVisitor.SingleAsync<int>(
    asyncEnumerable: SingleQueryingEnumerable.Create<int>(
        relationalQueryContext: (RelationalQueryContext)queryContext, 
        relationalCommandResolver: parameters => [LIFTABLE Constant: RelationalCommandCache.QueryExpression(
            Projection Mapping:
                EmptyProjectionMember -> 0
            SELECT CAST(count(*) AS integer)
            FROM serviceRecords AS s
            INNER JOIN Customers AS c ON s.CustomerID == c.CustomerID
            INNER JOIN Mechanics AS m ON s.MechanicId == m.MechanicId
            WHERE (((c.CustomerID != NULL) && (c.Phone == @__phone_0)) || ((m.MechanicId != NULL) && (m.Phone == @__phone_0))) && (s.Status == 'Active')) | Resolver: c => new RelationalCommandCache(
            c.Dependencies.MemoryCache, 
            c.RelationalDependencies.QuerySqlGeneratorFactory, 
            c.RelationalDependencies.RelationalParameterBasedSqlProcessorFactory, 
            Projection Mapping:
                EmptyProjectionMember -> 0
            SELECT CAST(count(*) AS integer)
            FROM serviceRecords AS s
            INNER JOIN Customers AS c ON s.CustomerID == c.CustomerID
            INNER JOIN Mechanics AS m ON s.MechanicId == m.MechanicId
            WHERE (((c.CustomerID != NULL) && (c.Phone == @__phone_0)) || ((m.MechanicId != NULL) && (m.Phone == @__phone_0))) && (s.Status == 'Active'), 
            False, 
            new HashSet<string>(
                new string[]{ }, 
                StringComparer.Ordinal
            )
        )].GetRelationalCommandTemplate(parameters), 
        readerColumns: null, 
        shaper: (queryContext, dataReader, resultContext, resultCoordinator) => 
        {
            int? value1;
            value1 = dataReader.IsDBNull(0) ? default(int?) : (int?)dataReader.GetInt32(0);
            return (int)value1;
        }, 
        contextType: VSM.Contexts.VSMContext, 
        standAloneStateManager: False, 
        detailedErrorsEnabled: False, 
        threadSafetyChecksEnabled: True), 
    cancellationToken: queryContext.CancellationToken)"'
2025-07-18 10:55:59 [Debug] Opening connection to database '"VehicleServiceManagement"' on server '"tcp://localhost:5432"'.
2025-07-18 10:55:59 [Debug] Opened connection to database '"VehicleServiceManagement"' on server '"tcp://localhost:5432"'.
2025-07-18 10:55:59 [Debug] Creating DbCommand for '"ExecuteReader"'.
2025-07-18 10:55:59 [Debug] Created DbCommand for '"ExecuteReader"' (0ms).
2025-07-18 10:55:59 [Debug] Initialized DbCommand for '"ExecuteReader"' (0ms).
2025-07-18 10:55:59 [Debug] Executing DbCommand [Parameters=["@__phone_0='?'"], CommandType='Text', CommandTimeout='30']"
""SELECT count(*)::int
FROM \"serviceRecords\" AS s
INNER JOIN \"Customers\" AS c ON s.\"CustomerID\" = c.\"CustomerID\"
INNER JOIN \"Mechanics\" AS m ON s.\"MechanicId\" = m.\"MechanicId\"
WHERE (c.\"Phone\" = @__phone_0 OR m.\"Phone\" = @__phone_0) AND s.\"Status\" = 'Active'"
2025-07-18 10:55:59 [Information] Executed DbCommand ("1"ms) [Parameters=["@__phone_0='?'"], CommandType='Text', CommandTimeout='30']"
""SELECT count(*)::int
FROM \"serviceRecords\" AS s
INNER JOIN \"Customers\" AS c ON s.\"CustomerID\" = c.\"CustomerID\"
INNER JOIN \"Mechanics\" AS m ON s.\"MechanicId\" = m.\"MechanicId\"
WHERE (c.\"Phone\" = @__phone_0 OR m.\"Phone\" = @__phone_0) AND s.\"Status\" = 'Active'"
2025-07-18 10:55:59 [Debug] Closing data reader to '"VehicleServiceManagement"' on server '"tcp://localhost:5432"'.
2025-07-18 10:55:59 [Debug] A data reader for '"VehicleServiceManagement"' on server '"tcp://localhost:5432"' is being disposed after spending 0ms reading results.
2025-07-18 10:55:59 [Debug] Closing connection to database '"VehicleServiceManagement"' on server '"tcp://localhost:5432"'.
2025-07-18 10:55:59 [Debug] Closed connection to database '"VehicleServiceManagement"' on server '"tcp://localhost:5432"' (0ms).
2025-07-18 10:55:59 [Debug] Compiling query expression: "
"'"DbSet<ServiceRecord>()
    .Include(s => s.Mechanic)
    .Include(s => s.Customer)
    .Include(s => s.Booking)
    .Where(s => s.Customer != null && s.Customer.Phone == __phone_0 || s.Mechanic != null && s.Mechanic.Phone == __phone_0)
    .Count(s => s.Status == \"Completed\")"'
2025-07-18 10:55:59 [Debug] Generated query execution expression: "
"'"queryContext => ShapedQueryCompilingExpressionVisitor.SingleAsync<int>(
    asyncEnumerable: SingleQueryingEnumerable.Create<int>(
        relationalQueryContext: (RelationalQueryContext)queryContext, 
        relationalCommandResolver: parameters => [LIFTABLE Constant: RelationalCommandCache.QueryExpression(
            Projection Mapping:
                EmptyProjectionMember -> 0
            SELECT CAST(count(*) AS integer)
            FROM serviceRecords AS s
            INNER JOIN Customers AS c ON s.CustomerID == c.CustomerID
            INNER JOIN Mechanics AS m ON s.MechanicId == m.MechanicId
            WHERE (((c.CustomerID != NULL) && (c.Phone == @__phone_0)) || ((m.MechanicId != NULL) && (m.Phone == @__phone_0))) && (s.Status == 'Completed')) | Resolver: c => new RelationalCommandCache(
            c.Dependencies.MemoryCache, 
            c.RelationalDependencies.QuerySqlGeneratorFactory, 
            c.RelationalDependencies.RelationalParameterBasedSqlProcessorFactory, 
            Projection Mapping:
                EmptyProjectionMember -> 0
            SELECT CAST(count(*) AS integer)
            FROM serviceRecords AS s
            INNER JOIN Customers AS c ON s.CustomerID == c.CustomerID
            INNER JOIN Mechanics AS m ON s.MechanicId == m.MechanicId
            WHERE (((c.CustomerID != NULL) && (c.Phone == @__phone_0)) || ((m.MechanicId != NULL) && (m.Phone == @__phone_0))) && (s.Status == 'Completed'), 
            False, 
            new HashSet<string>(
                new string[]{ }, 
                StringComparer.Ordinal
            )
        )].GetRelationalCommandTemplate(parameters), 
        readerColumns: null, 
        shaper: (queryContext, dataReader, resultContext, resultCoordinator) => 
        {
            int? value1;
            value1 = dataReader.IsDBNull(0) ? default(int?) : (int?)dataReader.GetInt32(0);
            return (int)value1;
        }, 
        contextType: VSM.Contexts.VSMContext, 
        standAloneStateManager: False, 
        detailedErrorsEnabled: False, 
        threadSafetyChecksEnabled: True), 
    cancellationToken: queryContext.CancellationToken)"'
2025-07-18 10:55:59 [Debug] Opening connection to database '"VehicleServiceManagement"' on server '"tcp://localhost:5432"'.
2025-07-18 10:55:59 [Debug] Opened connection to database '"VehicleServiceManagement"' on server '"tcp://localhost:5432"'.
2025-07-18 10:55:59 [Debug] Creating DbCommand for '"ExecuteReader"'.
2025-07-18 10:55:59 [Debug] Created DbCommand for '"ExecuteReader"' (0ms).
2025-07-18 10:55:59 [Debug] Initialized DbCommand for '"ExecuteReader"' (0ms).
2025-07-18 10:55:59 [Debug] Executing DbCommand [Parameters=["@__phone_0='?'"], CommandType='Text', CommandTimeout='30']"
""SELECT count(*)::int
FROM \"serviceRecords\" AS s
INNER JOIN \"Customers\" AS c ON s.\"CustomerID\" = c.\"CustomerID\"
INNER JOIN \"Mechanics\" AS m ON s.\"MechanicId\" = m.\"MechanicId\"
WHERE (c.\"Phone\" = @__phone_0 OR m.\"Phone\" = @__phone_0) AND s.\"Status\" = 'Completed'"
2025-07-18 10:55:59 [Information] Executed DbCommand ("1"ms) [Parameters=["@__phone_0='?'"], CommandType='Text', CommandTimeout='30']"
""SELECT count(*)::int
FROM \"serviceRecords\" AS s
INNER JOIN \"Customers\" AS c ON s.\"CustomerID\" = c.\"CustomerID\"
INNER JOIN \"Mechanics\" AS m ON s.\"MechanicId\" = m.\"MechanicId\"
WHERE (c.\"Phone\" = @__phone_0 OR m.\"Phone\" = @__phone_0) AND s.\"Status\" = 'Completed'"
2025-07-18 10:55:59 [Debug] Closing data reader to '"VehicleServiceManagement"' on server '"tcp://localhost:5432"'.
2025-07-18 10:55:59 [Debug] A data reader for '"VehicleServiceManagement"' on server '"tcp://localhost:5432"' is being disposed after spending 0ms reading results.
2025-07-18 10:55:59 [Debug] Closing connection to database '"VehicleServiceManagement"' on server '"tcp://localhost:5432"'.
2025-07-18 10:55:59 [Debug] Closed connection to database '"VehicleServiceManagement"' on server '"tcp://localhost:5432"' (0ms).
2025-07-18 10:55:59 [Debug] Compiling query expression: "
"'"DbSet<ServiceRecord>()
    .Include(s => s.Mechanic)
    .Include(s => s.Customer)
    .Include(s => s.Booking)
    .Where(s => s.Customer != null && s.Customer.Phone == __phone_0 || s.Mechanic != null && s.Mechanic.Phone == __phone_0)
    .Count(s => s.Status == \"Aborted\")"'
2025-07-18 10:55:59 [Debug] Generated query execution expression: "
"'"queryContext => ShapedQueryCompilingExpressionVisitor.SingleAsync<int>(
    asyncEnumerable: SingleQueryingEnumerable.Create<int>(
        relationalQueryContext: (RelationalQueryContext)queryContext, 
        relationalCommandResolver: parameters => [LIFTABLE Constant: RelationalCommandCache.QueryExpression(
            Projection Mapping:
                EmptyProjectionMember -> 0
            SELECT CAST(count(*) AS integer)
            FROM serviceRecords AS s
            INNER JOIN Customers AS c ON s.CustomerID == c.CustomerID
            INNER JOIN Mechanics AS m ON s.MechanicId == m.MechanicId
            WHERE (((c.CustomerID != NULL) && (c.Phone == @__phone_0)) || ((m.MechanicId != NULL) && (m.Phone == @__phone_0))) && (s.Status == 'Aborted')) | Resolver: c => new RelationalCommandCache(
            c.Dependencies.MemoryCache, 
            c.RelationalDependencies.QuerySqlGeneratorFactory, 
            c.RelationalDependencies.RelationalParameterBasedSqlProcessorFactory, 
            Projection Mapping:
                EmptyProjectionMember -> 0
            SELECT CAST(count(*) AS integer)
            FROM serviceRecords AS s
            INNER JOIN Customers AS c ON s.CustomerID == c.CustomerID
            INNER JOIN Mechanics AS m ON s.MechanicId == m.MechanicId
            WHERE (((c.CustomerID != NULL) && (c.Phone == @__phone_0)) || ((m.MechanicId != NULL) && (m.Phone == @__phone_0))) && (s.Status == 'Aborted'), 
            False, 
            new HashSet<string>(
                new string[]{ }, 
                StringComparer.Ordinal
            )
        )].GetRelationalCommandTemplate(parameters), 
        readerColumns: null, 
        shaper: (queryContext, dataReader, resultContext, resultCoordinator) => 
        {
            int? value1;
            value1 = dataReader.IsDBNull(0) ? default(int?) : (int?)dataReader.GetInt32(0);
            return (int)value1;
        }, 
        contextType: VSM.Contexts.VSMContext, 
        standAloneStateManager: False, 
        detailedErrorsEnabled: False, 
        threadSafetyChecksEnabled: True), 
    cancellationToken: queryContext.CancellationToken)"'
2025-07-18 10:55:59 [Debug] Opening connection to database '"VehicleServiceManagement"' on server '"tcp://localhost:5432"'.
2025-07-18 10:55:59 [Debug] Opened connection to database '"VehicleServiceManagement"' on server '"tcp://localhost:5432"'.
2025-07-18 10:55:59 [Debug] Creating DbCommand for '"ExecuteReader"'.
2025-07-18 10:55:59 [Debug] Created DbCommand for '"ExecuteReader"' (0ms).
2025-07-18 10:55:59 [Debug] Initialized DbCommand for '"ExecuteReader"' (0ms).
2025-07-18 10:55:59 [Debug] Executing DbCommand [Parameters=["@__phone_0='?'"], CommandType='Text', CommandTimeout='30']"
""SELECT count(*)::int
FROM \"serviceRecords\" AS s
INNER JOIN \"Customers\" AS c ON s.\"CustomerID\" = c.\"CustomerID\"
INNER JOIN \"Mechanics\" AS m ON s.\"MechanicId\" = m.\"MechanicId\"
WHERE (c.\"Phone\" = @__phone_0 OR m.\"Phone\" = @__phone_0) AND s.\"Status\" = 'Aborted'"
2025-07-18 10:55:59 [Information] Executed DbCommand ("1"ms) [Parameters=["@__phone_0='?'"], CommandType='Text', CommandTimeout='30']"
""SELECT count(*)::int
FROM \"serviceRecords\" AS s
INNER JOIN \"Customers\" AS c ON s.\"CustomerID\" = c.\"CustomerID\"
INNER JOIN \"Mechanics\" AS m ON s.\"MechanicId\" = m.\"MechanicId\"
WHERE (c.\"Phone\" = @__phone_0 OR m.\"Phone\" = @__phone_0) AND s.\"Status\" = 'Aborted'"
2025-07-18 10:55:59 [Debug] Closing data reader to '"VehicleServiceManagement"' on server '"tcp://localhost:5432"'.
2025-07-18 10:55:59 [Debug] A data reader for '"VehicleServiceManagement"' on server '"tcp://localhost:5432"' is being disposed after spending 0ms reading results.
2025-07-18 10:55:59 [Debug] Closing connection to database '"VehicleServiceManagement"' on server '"tcp://localhost:5432"'.
2025-07-18 10:55:59 [Debug] Closed connection to database '"VehicleServiceManagement"' on server '"tcp://localhost:5432"' (0ms).
2025-07-18 10:55:59 [Debug] Compiling query expression: "
"'"DbSet<Bill>()
    .Include(b => b.ServiceRecord)
    .ThenInclude(sr => sr.Customer)
    .Include(b => b.ServiceRecord)
    .ThenInclude(sr => sr.Mechanic)
    .Where(b => b.ServiceRecord != null && b.ServiceRecord.Customer != null && b.ServiceRecord.Customer.Phone == __phone_0 || b.ServiceRecord.Mechanic != null && b.ServiceRecord.Mechanic.Phone == __phone_0)
    .Where(b => b.ServiceRecord != null && b.ServiceRecord.Customer != null)
    .GroupBy(b => b.ServiceRecord.Customer.Phone)
    .Select(g => new { 
        Phone = g.Key, 
        Total = g
            .Sum(b => b.Amount)
     })"'
2025-07-18 10:55:59 [Debug] Generated query execution expression: "
"'"queryContext => SingleQueryingEnumerable.Create<<>f__AnonymousType0<string, float>>(
    relationalQueryContext: (RelationalQueryContext)queryContext, 
    relationalCommandResolver: parameters => [LIFTABLE Constant: RelationalCommandCache.QueryExpression(
        Projection Mapping:
            Phone -> 0
            Total -> 1
        SELECT c.Phone, sum(b.Amount) AS Total
        FROM Bills AS b
        INNER JOIN serviceRecords AS s ON b.ServiceRecordID == s.ServiceRecordID
        INNER JOIN Customers AS c ON s.CustomerID == c.CustomerID
        INNER JOIN Mechanics AS m ON s.MechanicId == m.MechanicId
        WHERE ((s.ServiceRecordID != NULL) && (((c.CustomerID != NULL) && (c.Phone == @__phone_0)) || ((m.MechanicId != NULL) && (m.Phone == @__phone_0)))) && ((s.ServiceRecordID != NULL) && (c.CustomerID != NULL))
        GROUP BY c.Phone) | Resolver: c => new RelationalCommandCache(
        c.Dependencies.MemoryCache, 
        c.RelationalDependencies.QuerySqlGeneratorFactory, 
        c.RelationalDependencies.RelationalParameterBasedSqlProcessorFactory, 
        Projection Mapping:
            Phone -> 0
            Total -> 1
        SELECT c.Phone, sum(b.Amount) AS Total
        FROM Bills AS b
        INNER JOIN serviceRecords AS s ON b.ServiceRecordID == s.ServiceRecordID
        INNER JOIN Customers AS c ON s.CustomerID == c.CustomerID
        INNER JOIN Mechanics AS m ON s.MechanicId == m.MechanicId
        WHERE ((s.ServiceRecordID != NULL) && (((c.CustomerID != NULL) && (c.Phone == @__phone_0)) || ((m.MechanicId != NULL) && (m.Phone == @__phone_0)))) && ((s.ServiceRecordID != NULL) && (c.CustomerID != NULL))
        GROUP BY c.Phone, 
        False, 
        new HashSet<string>(
            new string[]{ }, 
            StringComparer.Ordinal
        )
    )].GetRelationalCommandTemplate(parameters), 
    readerColumns: null, 
    shaper: (queryContext, dataReader, resultContext, resultCoordinator) => 
    {
        string value1;
        float? value2;
        value1 = dataReader.GetString(0);
        value2 = dataReader.IsDBNull(1) ? default(float?) : (float?)dataReader.GetFloat(1);
        return new { 
            Phone = value1, 
            Total = (float)value2
         };
    }, 
    contextType: VSM.Contexts.VSMContext, 
    standAloneStateManager: False, 
    detailedErrorsEnabled: False, 
    threadSafetyChecksEnabled: True)"'
2025-07-18 10:55:59 [Debug] Opening connection to database '"VehicleServiceManagement"' on server '"tcp://localhost:5432"'.
2025-07-18 10:55:59 [Debug] Opened connection to database '"VehicleServiceManagement"' on server '"tcp://localhost:5432"'.
2025-07-18 10:55:59 [Debug] Creating DbCommand for '"ExecuteReader"'.
2025-07-18 10:55:59 [Debug] Created DbCommand for '"ExecuteReader"' (0ms).
2025-07-18 10:55:59 [Debug] Initialized DbCommand for '"ExecuteReader"' (0ms).
2025-07-18 10:55:59 [Debug] Executing DbCommand [Parameters=["@__phone_0='?'"], CommandType='Text', CommandTimeout='30']"
""SELECT c.\"Phone\", COALESCE(sum(b.\"Amount\"), 0) AS \"Total\"
FROM \"Bills\" AS b
INNER JOIN \"serviceRecords\" AS s ON b.\"ServiceRecordID\" = s.\"ServiceRecordID\"
INNER JOIN \"Customers\" AS c ON s.\"CustomerID\" = c.\"CustomerID\"
INNER JOIN \"Mechanics\" AS m ON s.\"MechanicId\" = m.\"MechanicId\"
WHERE c.\"Phone\" = @__phone_0 OR m.\"Phone\" = @__phone_0
GROUP BY c.\"Phone\""
2025-07-18 10:55:59 [Information] Executed DbCommand ("10"ms) [Parameters=["@__phone_0='?'"], CommandType='Text', CommandTimeout='30']"
""SELECT c.\"Phone\", COALESCE(sum(b.\"Amount\"), 0) AS \"Total\"
FROM \"Bills\" AS b
INNER JOIN \"serviceRecords\" AS s ON b.\"ServiceRecordID\" = s.\"ServiceRecordID\"
INNER JOIN \"Customers\" AS c ON s.\"CustomerID\" = c.\"CustomerID\"
INNER JOIN \"Mechanics\" AS m ON s.\"MechanicId\" = m.\"MechanicId\"
WHERE c.\"Phone\" = @__phone_0 OR m.\"Phone\" = @__phone_0
GROUP BY c.\"Phone\""
2025-07-18 10:55:59 [Debug] Closing data reader to '"VehicleServiceManagement"' on server '"tcp://localhost:5432"'.
2025-07-18 10:55:59 [Debug] A data reader for '"VehicleServiceManagement"' on server '"tcp://localhost:5432"' is being disposed after spending 0ms reading results.
2025-07-18 10:55:59 [Debug] Closing connection to database '"VehicleServiceManagement"' on server '"tcp://localhost:5432"'.
2025-07-18 10:55:59 [Debug] Closed connection to database '"VehicleServiceManagement"' on server '"tcp://localhost:5432"' (0ms).
2025-07-18 10:55:59 [Debug] Compiling query expression: "
"'"DbSet<ServiceRecord>()
    .Include(s => s.Mechanic)
    .Include(s => s.Customer)
    .Include(s => s.Booking)
    .Where(s => s.Customer != null && s.Customer.Phone == __phone_0 || s.Mechanic != null && s.Mechanic.Phone == __phone_0)
    .Where(s => s.Mechanic != null)
    .GroupBy(s => new { 
        Phone = s.Mechanic.Phone, 
        Name = s.Mechanic.Name
     })
    .Select(g => new MechanicServiceStatsDto{ 
        MechanicPhone = g.Key.Phone, 
        MechanicName = g.Key.Name, 
        Active = g
            .Count(x => x.Status == \"Active\"), 
        Completed = g
            .Count(x => x.Status == \"Completed\"), 
        Aborted = g
            .Count(x => x.Status == \"Aborted\") 
    }
    )"'
2025-07-18 10:55:59 [Debug] Generated query execution expression: "
"'"queryContext => SingleQueryingEnumerable.Create<MechanicServiceStatsDto>(
    relationalQueryContext: (RelationalQueryContext)queryContext, 
    relationalCommandResolver: parameters => [LIFTABLE Constant: RelationalCommandCache.QueryExpression(
        Projection Mapping:
            MechanicPhone -> 0
            MechanicName -> 1
            Active -> 2
            Completed -> 3
            Aborted -> 4
        SELECT m.Phone AS MechanicPhone, m.Name AS MechanicName, CAST(count(*) FILTER (WHERE s.Status == 'Active') AS integer) AS Active, CAST(count(*) FILTER (WHERE s.Status == 'Completed') AS integer) AS Completed, CAST(count(*) FILTER (WHERE s.Status == 'Aborted') AS integer) AS Aborted
        FROM serviceRecords AS s
        INNER JOIN Customers AS c ON s.CustomerID == c.CustomerID
        INNER JOIN Mechanics AS m ON s.MechanicId == m.MechanicId
        WHERE (((c.CustomerID != NULL) && (c.Phone == @__phone_0)) || ((m.MechanicId != NULL) && (m.Phone == @__phone_0))) && (m.MechanicId != NULL)
        GROUP BY m.Phone, m.Name) | Resolver: c => new RelationalCommandCache(
        c.Dependencies.MemoryCache, 
        c.RelationalDependencies.QuerySqlGeneratorFactory, 
        c.RelationalDependencies.RelationalParameterBasedSqlProcessorFactory, 
        Projection Mapping:
            MechanicPhone -> 0
            MechanicName -> 1
            Active -> 2
            Completed -> 3
            Aborted -> 4
        SELECT m.Phone AS MechanicPhone, m.Name AS MechanicName, CAST(count(*) FILTER (WHERE s.Status == 'Active') AS integer) AS Active, CAST(count(*) FILTER (WHERE s.Status == 'Completed') AS integer) AS Completed, CAST(count(*) FILTER (WHERE s.Status == 'Aborted') AS integer) AS Aborted
        FROM serviceRecords AS s
        INNER JOIN Customers AS c ON s.CustomerID == c.CustomerID
        INNER JOIN Mechanics AS m ON s.MechanicId == m.MechanicId
        WHERE (((c.CustomerID != NULL) && (c.Phone == @__phone_0)) || ((m.MechanicId != NULL) && (m.Phone == @__phone_0))) && (m.MechanicId != NULL)
        GROUP BY m.Phone, m.Name, 
        False, 
        new HashSet<string>(
            new string[]{ }, 
            StringComparer.Ordinal
        )
    )].GetRelationalCommandTemplate(parameters), 
    readerColumns: null, 
    shaper: (queryContext, dataReader, resultContext, resultCoordinator) => 
    {
        string value1;
        string value2;
        int? value3;
        int? value4;
        int? value5;
        value1 = dataReader.GetString(0);
        value2 = dataReader.GetString(1);
        value3 = dataReader.IsDBNull(2) ? default(int?) : (int?)dataReader.GetInt32(2);
        value4 = dataReader.IsDBNull(3) ? default(int?) : (int?)dataReader.GetInt32(3);
        value5 = dataReader.IsDBNull(4) ? default(int?) : (int?)dataReader.GetInt32(4);
        return new MechanicServiceStatsDto{ 
            MechanicPhone = value1, 
            MechanicName = value2, 
            Active = (int)value3, 
            Completed = (int)value4, 
            Aborted = (int)value5 
        }
        ;
    }, 
    contextType: VSM.Contexts.VSMContext, 
    standAloneStateManager: False, 
    detailedErrorsEnabled: False, 
    threadSafetyChecksEnabled: True)"'
2025-07-18 10:55:59 [Debug] Opening connection to database '"VehicleServiceManagement"' on server '"tcp://localhost:5432"'.
2025-07-18 10:55:59 [Debug] Opened connection to database '"VehicleServiceManagement"' on server '"tcp://localhost:5432"'.
2025-07-18 10:55:59 [Debug] Creating DbCommand for '"ExecuteReader"'.
2025-07-18 10:55:59 [Debug] Created DbCommand for '"ExecuteReader"' (0ms).
2025-07-18 10:55:59 [Debug] Initialized DbCommand for '"ExecuteReader"' (0ms).
2025-07-18 10:55:59 [Debug] Executing DbCommand [Parameters=["@__phone_0='?'"], CommandType='Text', CommandTimeout='30']"
""SELECT m.\"Phone\" AS \"MechanicPhone\", m.\"Name\" AS \"MechanicName\", count(*) FILTER (WHERE s.\"Status\" = 'Active')::int AS \"Active\", count(*) FILTER (WHERE s.\"Status\" = 'Completed')::int AS \"Completed\", count(*) FILTER (WHERE s.\"Status\" = 'Aborted')::int AS \"Aborted\"
FROM \"serviceRecords\" AS s
INNER JOIN \"Customers\" AS c ON s.\"CustomerID\" = c.\"CustomerID\"
INNER JOIN \"Mechanics\" AS m ON s.\"MechanicId\" = m.\"MechanicId\"
WHERE c.\"Phone\" = @__phone_0 OR m.\"Phone\" = @__phone_0
GROUP BY m.\"Phone\", m.\"Name\""
2025-07-18 10:55:59 [Information] Executed DbCommand ("1"ms) [Parameters=["@__phone_0='?'"], CommandType='Text', CommandTimeout='30']"
""SELECT m.\"Phone\" AS \"MechanicPhone\", m.\"Name\" AS \"MechanicName\", count(*) FILTER (WHERE s.\"Status\" = 'Active')::int AS \"Active\", count(*) FILTER (WHERE s.\"Status\" = 'Completed')::int AS \"Completed\", count(*) FILTER (WHERE s.\"Status\" = 'Aborted')::int AS \"Aborted\"
FROM \"serviceRecords\" AS s
INNER JOIN \"Customers\" AS c ON s.\"CustomerID\" = c.\"CustomerID\"
INNER JOIN \"Mechanics\" AS m ON s.\"MechanicId\" = m.\"MechanicId\"
WHERE c.\"Phone\" = @__phone_0 OR m.\"Phone\" = @__phone_0
GROUP BY m.\"Phone\", m.\"Name\""
2025-07-18 10:55:59 [Debug] Closing data reader to '"VehicleServiceManagement"' on server '"tcp://localhost:5432"'.
2025-07-18 10:55:59 [Debug] A data reader for '"VehicleServiceManagement"' on server '"tcp://localhost:5432"' is being disposed after spending 0ms reading results.
2025-07-18 10:55:59 [Debug] Closing connection to database '"VehicleServiceManagement"' on server '"tcp://localhost:5432"'.
2025-07-18 10:55:59 [Debug] Closed connection to database '"VehicleServiceManagement"' on server '"tcp://localhost:5432"' (0ms).
2025-07-18 10:55:59 [Debug] Compiling query expression: "
"'"DbSet<Booking>()
    .Include(b => b.Customer)
    .Where(b => b.Customer.Phone == __phone_0)
    .GroupBy(b => b.Slot.Date)
    .Select(g => new { 
        Date = g.Key, 
        Count = g
            .Count()
     })"'
2025-07-18 10:55:59 [Debug] Generated query execution expression: "
"'"queryContext => SingleQueryingEnumerable.Create<<>f__AnonymousType2<DateTime, int>>(
    relationalQueryContext: (RelationalQueryContext)queryContext, 
    relationalCommandResolver: parameters => [LIFTABLE Constant: RelationalCommandCache.QueryExpression(
        Projection Mapping:
            Date -> 0
            Count -> 1
        SELECT s.Key AS Date, CAST(count(*) AS integer) AS Count
        FROM 
        (
            SELECT date_trunc('day', b.Slot, 'UTC') AS Key
            FROM Bookings AS b
            INNER JOIN Customers AS c ON b.CustomerID == c.CustomerID
            WHERE c.Phone == @__phone_0
        ) AS s
        GROUP BY s.Key) | Resolver: c => new RelationalCommandCache(
        c.Dependencies.MemoryCache, 
        c.RelationalDependencies.QuerySqlGeneratorFactory, 
        c.RelationalDependencies.RelationalParameterBasedSqlProcessorFactory, 
        Projection Mapping:
            Date -> 0
            Count -> 1
        SELECT s.Key AS Date, CAST(count(*) AS integer) AS Count
        FROM 
        (
            SELECT date_trunc('day', b.Slot, 'UTC') AS Key
            FROM Bookings AS b
            INNER JOIN Customers AS c ON b.CustomerID == c.CustomerID
            WHERE c.Phone == @__phone_0
        ) AS s
        GROUP BY s.Key, 
        False, 
        new HashSet<string>(
            new string[]{ }, 
            StringComparer.Ordinal
        )
    )].GetRelationalCommandTemplate(parameters), 
    readerColumns: null, 
    shaper: (queryContext, dataReader, resultContext, resultCoordinator) => 
    {
        DateTime? value1;
        int? value2;
        value1 = dataReader.IsDBNull(0) ? default(DateTime?) : (DateTime?)dataReader.GetDateTime(0);
        value2 = dataReader.IsDBNull(1) ? default(int?) : (int?)dataReader.GetInt32(1);
        return new { 
            Date = (DateTime)value1, 
            Count = (int)value2
         };
    }, 
    contextType: VSM.Contexts.VSMContext, 
    standAloneStateManager: False, 
    detailedErrorsEnabled: False, 
    threadSafetyChecksEnabled: True)"'
2025-07-18 10:55:59 [Debug] Opening connection to database '"VehicleServiceManagement"' on server '"tcp://localhost:5432"'.
2025-07-18 10:55:59 [Debug] Opened connection to database '"VehicleServiceManagement"' on server '"tcp://localhost:5432"'.
2025-07-18 10:55:59 [Debug] Creating DbCommand for '"ExecuteReader"'.
2025-07-18 10:55:59 [Debug] Created DbCommand for '"ExecuteReader"' (0ms).
2025-07-18 10:55:59 [Debug] Initialized DbCommand for '"ExecuteReader"' (0ms).
2025-07-18 10:55:59 [Debug] Executing DbCommand [Parameters=["@__phone_0='?'"], CommandType='Text', CommandTimeout='30']"
""SELECT s.\"Key\" AS \"Date\", count(*)::int AS \"Count\"
FROM (
    SELECT date_trunc('day', b.\"Slot\", 'UTC') AS \"Key\"
    FROM \"Bookings\" AS b
    INNER JOIN \"Customers\" AS c ON b.\"CustomerID\" = c.\"CustomerID\"
    WHERE c.\"Phone\" = @__phone_0
) AS s
GROUP BY s.\"Key\""
2025-07-18 10:55:59 [Information] Executed DbCommand ("1"ms) [Parameters=["@__phone_0='?'"], CommandType='Text', CommandTimeout='30']"
""SELECT s.\"Key\" AS \"Date\", count(*)::int AS \"Count\"
FROM (
    SELECT date_trunc('day', b.\"Slot\", 'UTC') AS \"Key\"
    FROM \"Bookings\" AS b
    INNER JOIN \"Customers\" AS c ON b.\"CustomerID\" = c.\"CustomerID\"
    WHERE c.\"Phone\" = @__phone_0
) AS s
GROUP BY s.\"Key\""
2025-07-18 10:55:59 [Debug] Closing data reader to '"VehicleServiceManagement"' on server '"tcp://localhost:5432"'.
2025-07-18 10:55:59 [Debug] A data reader for '"VehicleServiceManagement"' on server '"tcp://localhost:5432"' is being disposed after spending 0ms reading results.
2025-07-18 10:55:59 [Debug] Closing connection to database '"VehicleServiceManagement"' on server '"tcp://localhost:5432"'.
2025-07-18 10:55:59 [Debug] Closed connection to database '"VehicleServiceManagement"' on server '"tcp://localhost:5432"' (0ms).
2025-07-18 10:55:59 [Debug] Compiling query expression: "
"'"DbSet<ServiceRecord>()
    .Include(s => s.Mechanic)
    .Include(s => s.Customer)
    .Include(s => s.Booking)
    .Where(s => s.Customer != null && s.Customer.Phone == __phone_0 || s.Mechanic != null && s.Mechanic.Phone == __phone_0)
    .Where(s => s.Booking != null)
    .GroupBy(s => s.Booking.Slot.Date)
    .Select(g => new { 
        Date = g.Key, 
        Count = g
            .Count()
     })"'
2025-07-18 10:55:59 [Debug] Generated query execution expression: "
"'"queryContext => SingleQueryingEnumerable.Create<<>f__AnonymousType2<DateTime, int>>(
    relationalQueryContext: (RelationalQueryContext)queryContext, 
    relationalCommandResolver: parameters => [LIFTABLE Constant: RelationalCommandCache.QueryExpression(
        Projection Mapping:
            Date -> 0
            Count -> 1
        SELECT s0.Key AS Date, CAST(count(*) AS integer) AS Count
        FROM 
        (
            SELECT date_trunc('day', b.Slot, 'UTC') AS Key
            FROM serviceRecords AS s
            INNER JOIN Customers AS c ON s.CustomerID == c.CustomerID
            INNER JOIN Mechanics AS m ON s.MechanicId == m.MechanicId
            INNER JOIN Bookings AS b ON s.BookingID == b.BookingID
            WHERE (((c.CustomerID != NULL) && (c.Phone == @__phone_0)) || ((m.MechanicId != NULL) && (m.Phone == @__phone_0))) && (b.BookingID != NULL)
        ) AS s0
        GROUP BY s0.Key) | Resolver: c => new RelationalCommandCache(
        c.Dependencies.MemoryCache, 
        c.RelationalDependencies.QuerySqlGeneratorFactory, 
        c.RelationalDependencies.RelationalParameterBasedSqlProcessorFactory, 
        Projection Mapping:
            Date -> 0
            Count -> 1
        SELECT s0.Key AS Date, CAST(count(*) AS integer) AS Count
        FROM 
        (
            SELECT date_trunc('day', b.Slot, 'UTC') AS Key
            FROM serviceRecords AS s
            INNER JOIN Customers AS c ON s.CustomerID == c.CustomerID
            INNER JOIN Mechanics AS m ON s.MechanicId == m.MechanicId
            INNER JOIN Bookings AS b ON s.BookingID == b.BookingID
            WHERE (((c.CustomerID != NULL) && (c.Phone == @__phone_0)) || ((m.MechanicId != NULL) && (m.Phone == @__phone_0))) && (b.BookingID != NULL)
        ) AS s0
        GROUP BY s0.Key, 
        False, 
        new HashSet<string>(
            new string[]{ }, 
            StringComparer.Ordinal
        )
    )].GetRelationalCommandTemplate(parameters), 
    readerColumns: null, 
    shaper: (queryContext, dataReader, resultContext, resultCoordinator) => 
    {
        DateTime? value1;
        int? value2;
        value1 = dataReader.IsDBNull(0) ? default(DateTime?) : (DateTime?)dataReader.GetDateTime(0);
        value2 = dataReader.IsDBNull(1) ? default(int?) : (int?)dataReader.GetInt32(1);
        return new { 
            Date = (DateTime)value1, 
            Count = (int)value2
         };
    }, 
    contextType: VSM.Contexts.VSMContext, 
    standAloneStateManager: False, 
    detailedErrorsEnabled: False, 
    threadSafetyChecksEnabled: True)"'
2025-07-18 10:55:59 [Debug] Opening connection to database '"VehicleServiceManagement"' on server '"tcp://localhost:5432"'.
2025-07-18 10:55:59 [Debug] Opened connection to database '"VehicleServiceManagement"' on server '"tcp://localhost:5432"'.
2025-07-18 10:55:59 [Debug] Creating DbCommand for '"ExecuteReader"'.
2025-07-18 10:55:59 [Debug] Created DbCommand for '"ExecuteReader"' (0ms).
2025-07-18 10:55:59 [Debug] Initialized DbCommand for '"ExecuteReader"' (0ms).
2025-07-18 10:55:59 [Debug] Executing DbCommand [Parameters=["@__phone_0='?'"], CommandType='Text', CommandTimeout='30']"
""SELECT s0.\"Key\" AS \"Date\", count(*)::int AS \"Count\"
FROM (
    SELECT date_trunc('day', b.\"Slot\", 'UTC') AS \"Key\"
    FROM \"serviceRecords\" AS s
    INNER JOIN \"Customers\" AS c ON s.\"CustomerID\" = c.\"CustomerID\"
    INNER JOIN \"Mechanics\" AS m ON s.\"MechanicId\" = m.\"MechanicId\"
    INNER JOIN \"Bookings\" AS b ON s.\"BookingID\" = b.\"BookingID\"
    WHERE c.\"Phone\" = @__phone_0 OR m.\"Phone\" = @__phone_0
) AS s0
GROUP BY s0.\"Key\""
2025-07-18 10:55:59 [Information] Executed DbCommand ("18"ms) [Parameters=["@__phone_0='?'"], CommandType='Text', CommandTimeout='30']"
""SELECT s0.\"Key\" AS \"Date\", count(*)::int AS \"Count\"
FROM (
    SELECT date_trunc('day', b.\"Slot\", 'UTC') AS \"Key\"
    FROM \"serviceRecords\" AS s
    INNER JOIN \"Customers\" AS c ON s.\"CustomerID\" = c.\"CustomerID\"
    INNER JOIN \"Mechanics\" AS m ON s.\"MechanicId\" = m.\"MechanicId\"
    INNER JOIN \"Bookings\" AS b ON s.\"BookingID\" = b.\"BookingID\"
    WHERE c.\"Phone\" = @__phone_0 OR m.\"Phone\" = @__phone_0
) AS s0
GROUP BY s0.\"Key\""
2025-07-18 10:55:59 [Debug] Closing data reader to '"VehicleServiceManagement"' on server '"tcp://localhost:5432"'.
2025-07-18 10:55:59 [Debug] A data reader for '"VehicleServiceManagement"' on server '"tcp://localhost:5432"' is being disposed after spending 0ms reading results.
2025-07-18 10:55:59 [Debug] Closing connection to database '"VehicleServiceManagement"' on server '"tcp://localhost:5432"'.
2025-07-18 10:55:59 [Debug] Closed connection to database '"VehicleServiceManagement"' on server '"tcp://localhost:5432"' (0ms).
2025-07-18 10:55:59 [Debug] List of registered output formatters, in the following order: ["Microsoft.AspNetCore.Mvc.Formatters.HttpNoContentOutputFormatter", "Microsoft.AspNetCore.Mvc.Formatters.StringOutputFormatter", "Microsoft.AspNetCore.Mvc.Formatters.StreamOutputFormatter", "Microsoft.AspNetCore.Mvc.Formatters.SystemTextJsonOutputFormatter"]
2025-07-18 10:55:59 [Debug] No information found on request to perform content negotiation.
2025-07-18 10:55:59 [Debug] Attempting to select an output formatter without using a content type as no explicit content types were specified for the response.
2025-07-18 10:55:59 [Debug] Attempting to select the first formatter in the output formatters list which can write the result.
2025-07-18 10:55:59 [Debug] Selected output formatter '"Microsoft.AspNetCore.Mvc.Formatters.SystemTextJsonOutputFormatter"' and content type '"application/json"' to write the response.
2025-07-18 10:55:59 [Information] Executing "OkObjectResult", writing value of type '"DashboardAnalyticsDto"'.
2025-07-18 10:55:59 [Information] Executed action "AnalyticsController.GetDashboardStats (VehicleServiceManagement)" in 224.6064ms
2025-07-18 10:55:59 [Information] Executed endpoint '"AnalyticsController.GetDashboardStats (VehicleServiceManagement)"'
2025-07-18 10:55:59 [Debug] '"VSMContext"' disposed.
2025-07-18 10:55:59 [Debug] Disposing connection to database '"VehicleServiceManagement"' on server '"tcp://localhost:5432"'.
2025-07-18 10:55:59 [Debug] Disposed connection to database '"VehicleServiceManagement"' on server '"tcp://localhost:5432"' (0ms).
2025-07-18 10:55:59 [Information] Request finished "HTTP/2" "GET" "https"://"localhost:7176""""/api/v1/Analytics/dashboard""?phone=9876764321" - 200 null "application/json; charset=utf-8" 228.2047ms
2025-07-18 10:56:01 [Information] Request starting "HTTP/2" "OPTIONS" "https"://"localhost:7176""""/api/v1/Booking/slots""" - null null
2025-07-18 10:56:01 [Information] Request starting "HTTP/2" "GET" "https"://"localhost:7176""""/api/v1/Customer/email/sg@gmail.com""" - "application/json" null
2025-07-18 10:56:01 [Debug] 1 candidate(s) found for the request path '"/api/v1/Customer/email/sg@gmail.com"'
2025-07-18 10:56:01 [Debug] 1 candidate(s) found for the request path '"/api/v1/Booking/slots"'
2025-07-18 10:56:01 [Debug] Endpoint '"VSM.Controllers.CustomerController.GetByEmail (VehicleServiceManagement)"' with route pattern '"api/v{version:apiVersion}/Customer/email/{email}"' is valid for the request path '"/api/v1/Customer/email/sg@gmail.com"'
2025-07-18 10:56:01 [Debug] Request matched endpoint '"405 HTTP Method Not Supported"'
2025-07-18 10:56:01 [Debug] Request matched endpoint '"VSM.Controllers.CustomerController.GetByEmail (VehicleServiceManagement)"'
2025-07-18 10:56:01 [Debug] AuthenticationScheme: "Bearer" was not authenticated.
2025-07-18 10:56:01 [Debug] Static files was skipped as the request already matched an endpoint.
2025-07-18 10:56:01 [Debug] Static files was skipped as the request already matched an endpoint.
2025-07-18 10:56:01 [Debug] Successfully validated the token.
2025-07-18 10:56:01 [Debug] The request has an origin header: '"http://localhost:4200"'.
2025-07-18 10:56:01 [Debug] AuthenticationScheme: "Bearer" was successfully authenticated.
2025-07-18 10:56:01 [Information] CORS policy execution successful.
2025-07-18 10:56:01 [Debug] The request is a preflight request.
2025-07-18 10:56:01 [Debug] Authorization was successful.
2025-07-18 10:56:01 [Information] Request finished "HTTP/2" "OPTIONS" "https"://"localhost:7176""""/api/v1/Booking/slots""" - 204 null null 1.5721ms
2025-07-18 10:56:01 [Debug] Static files was skipped as the request already matched an endpoint.
2025-07-18 10:56:01 [Debug] Static files was skipped as the request already matched an endpoint.
2025-07-18 10:56:01 [Debug] The request has an origin header: '"http://localhost:4200"'.
2025-07-18 10:56:01 [Information] CORS policy execution successful.
2025-07-18 10:56:01 [Information] Executing endpoint '"VSM.Controllers.CustomerController.GetByEmail (VehicleServiceManagement)"'
2025-07-18 10:56:01 [Information] Route matched with "{action = \"GetByEmail\", controller = \"Customer\"}". Executing controller action with signature "System.Threading.Tasks.Task`1[Microsoft.AspNetCore.Mvc.ActionResult`1[VSM.DTO.CustomerDisplayDto]] GetByEmail(System.String)" on controller "VSM.Controllers.CustomerController" ("VehicleServiceManagement").
2025-07-18 10:56:01 [Debug] Execution plan of "authorization" filters (in the following order): ["None"]
2025-07-18 10:56:01 [Debug] Execution plan of "resource" filters (in the following order): ["None"]
2025-07-18 10:56:01 [Debug] Execution plan of "action" filters (in the following order): ["Microsoft.AspNetCore.Mvc.ModelBinding.UnsupportedContentTypeFilter (Order: -3000)", "Microsoft.AspNetCore.Mvc.Infrastructure.ModelStateInvalidFilter (Order: -2000)", "Microsoft.AspNetCore.Mvc.ReportApiVersionsAttribute (Order: 0)"]
2025-07-18 10:56:01 [Debug] Execution plan of "exception" filters (in the following order): ["None"]
2025-07-18 10:56:01 [Debug] Execution plan of "result" filters (in the following order): ["Microsoft.AspNetCore.Mvc.Infrastructure.ClientErrorResultFilter (Order: -2000)", "Microsoft.AspNetCore.Mvc.ReportApiVersionsAttribute (Order: 0)"]
2025-07-18 10:56:01 [Debug] Executing controller factory for controller "VSM.Controllers.CustomerController" ("VehicleServiceManagement")
2025-07-18 10:56:01 [Information] Request starting "HTTP/2" "GET" "https"://"localhost:7176""""/api/v1/Booking/slots""" - "application/json" null
2025-07-18 10:56:01 [Debug] 2 candidate(s) found for the request path '"/api/v1/Booking/slots"'
2025-07-18 10:56:01 [Debug] Endpoint '"VSM.Controllers.BookingController.GetAvailableSlots (VehicleServiceManagement)"' with route pattern '"api/v{version:apiVersion}/Booking/slots"' is valid for the request path '"/api/v1/Booking/slots"'
2025-07-18 10:56:01 [Debug] Executed controller factory for controller "VSM.Controllers.CustomerController" ("VehicleServiceManagement")
2025-07-18 10:56:01 [Debug] Endpoint '"VSM.Controllers.BookingController.GetById (VehicleServiceManagement)"' with route pattern '"api/v{version:apiVersion}/Booking/{id}"' is valid for the request path '"/api/v1/Booking/slots"'
2025-07-18 10:56:01 [Debug] Request matched endpoint '"VSM.Controllers.BookingController.GetAvailableSlots (VehicleServiceManagement)"'
2025-07-18 10:56:01 [Debug] Attempting to bind parameter '"email"' of type '"System.String"' ...
2025-07-18 10:56:01 [Debug] Attempting to bind parameter '"email"' of type '"System.String"' using the name '"email"' in request data ...
2025-07-18 10:56:01 [Debug] Done attempting to bind parameter '"email"' of type '"System.String"'.
2025-07-18 10:56:01 [Debug] Successfully validated the token.
2025-07-18 10:56:01 [Debug] Done attempting to bind parameter '"email"' of type '"System.String"'.
2025-07-18 10:56:01 [Debug] Attempting to validate the bound parameter '"email"' of type '"System.String"' ...
2025-07-18 10:56:01 [Debug] AuthenticationScheme: "Bearer" was successfully authenticated.
2025-07-18 10:56:01 [Debug] Done attempting to validate the bound parameter '"email"' of type '"System.String"'.
2025-07-18 10:56:01 [Debug] Authorization was successful.
2025-07-18 10:56:01 [Debug] Static files was skipped as the request already matched an endpoint.
2025-07-18 10:56:01 [Debug] Static files was skipped as the request already matched an endpoint.
2025-07-18 10:56:01 [Debug] The request has an origin header: '"http://localhost:4200"'.
2025-07-18 10:56:01 [Information] CORS policy execution successful.
2025-07-18 10:56:01 [Information] Executing endpoint '"VSM.Controllers.BookingController.GetAvailableSlots (VehicleServiceManagement)"'
2025-07-18 10:56:01 [Debug] Entity Framework Core "9.0.5" initialized '"VSMContext"' using provider '"Npgsql.EntityFrameworkCore.PostgreSQL":"9.0.4+fd2380957bee5cd86f336466af36b08c0163f1a5"' with options: "None"
2025-07-18 10:56:01 [Debug] Creating DbConnection.
2025-07-18 10:56:01 [Debug] Created DbConnection. (0ms).
2025-07-18 10:56:01 [Debug] Opening connection to database '"VehicleServiceManagement"' on server '"tcp://localhost:5432"'.
2025-07-18 10:56:01 [Debug] Opened connection to database '"VehicleServiceManagement"' on server '"tcp://localhost:5432"'.
2025-07-18 10:56:01 [Debug] Creating DbCommand for '"ExecuteReader"'.
2025-07-18 10:56:01 [Debug] Created DbCommand for '"ExecuteReader"' (0ms).
2025-07-18 10:56:01 [Debug] Initialized DbCommand for '"ExecuteReader"' (0ms).
2025-07-18 10:56:01 [Debug] Executing DbCommand [Parameters=[""], CommandType='Text', CommandTimeout='30']"
""SELECT c.\"CustomerID\", c.\"Email\", c.\"Name\", c.\"Phone\", c.\"Status\"
FROM \"Customers\" AS c"
2025-07-18 10:56:01 [Information] Route matched with "{action = \"GetAvailableSlots\", controller = \"Booking\"}". Executing controller action with signature "System.Threading.Tasks.Task`1[Microsoft.AspNetCore.Mvc.ActionResult`1[System.Collections.Generic.List`1[System.String]]] GetAvailableSlots()" on controller "VSM.Controllers.BookingController" ("VehicleServiceManagement").
2025-07-18 10:56:01 [Debug] Execution plan of "authorization" filters (in the following order): ["None"]
2025-07-18 10:56:01 [Debug] Execution plan of "resource" filters (in the following order): ["None"]
2025-07-18 10:56:01 [Debug] Execution plan of "action" filters (in the following order): ["Microsoft.AspNetCore.Mvc.ModelBinding.UnsupportedContentTypeFilter (Order: -3000)", "Microsoft.AspNetCore.Mvc.Infrastructure.ModelStateInvalidFilter (Order: -2000)", "Microsoft.AspNetCore.Mvc.ReportApiVersionsAttribute (Order: 0)"]
2025-07-18 10:56:01 [Debug] Execution plan of "exception" filters (in the following order): ["None"]
2025-07-18 10:56:01 [Debug] Execution plan of "result" filters (in the following order): ["Microsoft.AspNetCore.Mvc.Infrastructure.ClientErrorResultFilter (Order: -2000)", "Microsoft.AspNetCore.Mvc.ReportApiVersionsAttribute (Order: 0)"]
2025-07-18 10:56:01 [Debug] Executing controller factory for controller "VSM.Controllers.BookingController" ("VehicleServiceManagement")
2025-07-18 10:56:01 [Debug] Executed controller factory for controller "VSM.Controllers.BookingController" ("VehicleServiceManagement")
2025-07-18 10:56:01 [Debug] Entity Framework Core "9.0.5" initialized '"VSMContext"' using provider '"Npgsql.EntityFrameworkCore.PostgreSQL":"9.0.4+fd2380957bee5cd86f336466af36b08c0163f1a5"' with options: "None"
2025-07-18 10:56:01 [Debug] Creating DbConnection.
2025-07-18 10:56:01 [Debug] Created DbConnection. (0ms).
2025-07-18 10:56:01 [Debug] Opening connection to database '"VehicleServiceManagement"' on server '"tcp://localhost:5432"'.
2025-07-18 10:56:01 [Debug] Opened connection to database '"VehicleServiceManagement"' on server '"tcp://localhost:5432"'.
2025-07-18 10:56:01 [Debug] Creating DbCommand for '"ExecuteReader"'.
2025-07-18 10:56:01 [Debug] Created DbCommand for '"ExecuteReader"' (0ms).
2025-07-18 10:56:01 [Debug] Initialized DbCommand for '"ExecuteReader"' (0ms).
2025-07-18 10:56:01 [Debug] Executing DbCommand [Parameters=[""], CommandType='Text', CommandTimeout='30']"
""SELECT b.\"BookingID\", b.\"BookedAt\", b.\"CustomerID\", b.\"DeliveryTime\", b.\"Imageurl\", b.\"IsDeleted\", b.\"Slot\", b.\"Status\", c.\"CustomerID\", c.\"Email\", c.\"Name\", c.\"Phone\", c.\"Status\"
FROM \"Bookings\" AS b
INNER JOIN \"Customers\" AS c ON b.\"CustomerID\" = c.\"CustomerID\"
ORDER BY CASE
    WHEN b.\"Status\" = 'Booked' THEN 0
    WHEN b.\"Status\" = 'Reviewed' THEN 1
    WHEN b.\"Status\" = 'Cancelled' THEN 2
    ELSE 3
END"
2025-07-18 10:56:01 [Information] Executed DbCommand ("13"ms) [Parameters=[""], CommandType='Text', CommandTimeout='30']"
""SELECT c.\"CustomerID\", c.\"Email\", c.\"Name\", c.\"Phone\", c.\"Status\"
FROM \"Customers\" AS c"
2025-07-18 10:56:01 [Debug] Context '"VSMContext"' started tracking '"Customer"' entity. Consider using 'DbContextOptionsBuilder.EnableSensitiveDataLogging' to see key values.
2025-07-18 10:56:01 [Debug] Context '"VSMContext"' started tracking '"Customer"' entity. Consider using 'DbContextOptionsBuilder.EnableSensitiveDataLogging' to see key values.
2025-07-18 10:56:01 [Information] Executed DbCommand ("4"ms) [Parameters=[""], CommandType='Text', CommandTimeout='30']"
""SELECT b.\"BookingID\", b.\"BookedAt\", b.\"CustomerID\", b.\"DeliveryTime\", b.\"Imageurl\", b.\"IsDeleted\", b.\"Slot\", b.\"Status\", c.\"CustomerID\", c.\"Email\", c.\"Name\", c.\"Phone\", c.\"Status\"
FROM \"Bookings\" AS b
INNER JOIN \"Customers\" AS c ON b.\"CustomerID\" = c.\"CustomerID\"
ORDER BY CASE
    WHEN b.\"Status\" = 'Booked' THEN 0
    WHEN b.\"Status\" = 'Reviewed' THEN 1
    WHEN b.\"Status\" = 'Cancelled' THEN 2
    ELSE 3
END"
2025-07-18 10:56:01 [Debug] Context '"VSMContext"' started tracking '"Customer"' entity. Consider using 'DbContextOptionsBuilder.EnableSensitiveDataLogging' to see key values.
2025-07-18 10:56:01 [Debug] Context '"VSMContext"' started tracking '"Customer"' entity. Consider using 'DbContextOptionsBuilder.EnableSensitiveDataLogging' to see key values.
2025-07-18 10:56:01 [Debug] Context '"VSMContext"' started tracking '"Booking"' entity. Consider using 'DbContextOptionsBuilder.EnableSensitiveDataLogging' to see key values.
2025-07-18 10:56:01 [Debug] Closing data reader to '"VehicleServiceManagement"' on server '"tcp://localhost:5432"'.
2025-07-18 10:56:01 [Debug] A data reader for '"VehicleServiceManagement"' on server '"tcp://localhost:5432"' is being disposed after spending 0ms reading results.
2025-07-18 10:56:01 [Debug] Closing connection to database '"VehicleServiceManagement"' on server '"tcp://localhost:5432"'.
2025-07-18 10:56:01 [Debug] The navigation '"Booking"."Customer"' was detected as changed. Consider using 'DbContextOptionsBuilder.EnableSensitiveDataLogging' to see key values.
2025-07-18 10:56:01 [Debug] Closed connection to database '"VehicleServiceManagement"' on server '"tcp://localhost:5432"' (0ms).
2025-07-18 10:56:01 [Debug] Context '"VSMContext"' started tracking '"Customer"' entity. Consider using 'DbContextOptionsBuilder.EnableSensitiveDataLogging' to see key values.
2025-07-18 10:56:01 [Debug] List of registered output formatters, in the following order: ["Microsoft.AspNetCore.Mvc.Formatters.HttpNoContentOutputFormatter", "Microsoft.AspNetCore.Mvc.Formatters.StringOutputFormatter", "Microsoft.AspNetCore.Mvc.Formatters.StreamOutputFormatter", "Microsoft.AspNetCore.Mvc.Formatters.SystemTextJsonOutputFormatter"]
2025-07-18 10:56:01 [Debug] Context '"VSMContext"' started tracking '"Booking"' entity. Consider using 'DbContextOptionsBuilder.EnableSensitiveDataLogging' to see key values.
2025-07-18 10:56:01 [Debug] No information found on request to perform content negotiation.
2025-07-18 10:56:01 [Debug] Attempting to select an output formatter without using a content type as no explicit content types were specified for the response.
2025-07-18 10:56:01 [Debug] The navigation '"Booking"."Customer"' was detected as changed. Consider using 'DbContextOptionsBuilder.EnableSensitiveDataLogging' to see key values.
2025-07-18 10:56:01 [Debug] Attempting to select the first formatter in the output formatters list which can write the result.
2025-07-18 10:56:01 [Debug] Context '"VSMContext"' started tracking '"Customer"' entity. Consider using 'DbContextOptionsBuilder.EnableSensitiveDataLogging' to see key values.
2025-07-18 10:56:01 [Debug] Selected output formatter '"Microsoft.AspNetCore.Mvc.Formatters.SystemTextJsonOutputFormatter"' and content type '"application/json"' to write the response.
2025-07-18 10:56:01 [Debug] Context '"VSMContext"' started tracking '"Booking"' entity. Consider using 'DbContextOptionsBuilder.EnableSensitiveDataLogging' to see key values.
2025-07-18 10:56:01 [Information] Executing "OkObjectResult", writing value of type '"VSM.DTO.CustomerDisplayDto"'.
2025-07-18 10:56:01 [Debug] Context '"VSMContext"' started tracking '"Booking"' entity. Consider using 'DbContextOptionsBuilder.EnableSensitiveDataLogging' to see key values.
2025-07-18 10:56:01 [Debug] Context '"VSMContext"' started tracking '"Booking"' entity. Consider using 'DbContextOptionsBuilder.EnableSensitiveDataLogging' to see key values.
2025-07-18 10:56:01 [Information] Executed action "VSM.Controllers.CustomerController.GetByEmail (VehicleServiceManagement)" in 21.7765ms
2025-07-18 10:56:01 [Information] Executed endpoint '"VSM.Controllers.CustomerController.GetByEmail (VehicleServiceManagement)"'
2025-07-18 10:56:01 [Debug] Context '"VSMContext"' started tracking '"Booking"' entity. Consider using 'DbContextOptionsBuilder.EnableSensitiveDataLogging' to see key values.
2025-07-18 10:56:01 [Debug] '"VSMContext"' disposed.
2025-07-18 10:56:01 [Debug] Disposing connection to database '"VehicleServiceManagement"' on server '"tcp://localhost:5432"'.
2025-07-18 10:56:01 [Debug] Context '"VSMContext"' started tracking '"Booking"' entity. Consider using 'DbContextOptionsBuilder.EnableSensitiveDataLogging' to see key values.
2025-07-18 10:56:01 [Debug] Disposed connection to database '"VehicleServiceManagement"' on server '"tcp://localhost:5432"' (0ms).
2025-07-18 10:56:01 [Information] Request finished "HTTP/2" "GET" "https"://"localhost:7176""""/api/v1/Customer/email/sg@gmail.com""" - 200 null "application/json; charset=utf-8" 24.9248ms
2025-07-18 10:56:01 [Debug] Context '"VSMContext"' started tracking '"Booking"' entity. Consider using 'DbContextOptionsBuilder.EnableSensitiveDataLogging' to see key values.
2025-07-18 10:56:01 [Debug] Context '"VSMContext"' started tracking '"Booking"' entity. Consider using 'DbContextOptionsBuilder.EnableSensitiveDataLogging' to see key values.
2025-07-18 10:56:01 [Debug] Context '"VSMContext"' started tracking '"Booking"' entity. Consider using 'DbContextOptionsBuilder.EnableSensitiveDataLogging' to see key values.
2025-07-18 10:56:01 [Debug] The navigation '"Booking"."Customer"' was detected as changed. Consider using 'DbContextOptionsBuilder.EnableSensitiveDataLogging' to see key values.
2025-07-18 10:56:01 [Debug] Context '"VSMContext"' started tracking '"Customer"' entity. Consider using 'DbContextOptionsBuilder.EnableSensitiveDataLogging' to see key values.
2025-07-18 10:56:01 [Debug] Context '"VSMContext"' started tracking '"Booking"' entity. Consider using 'DbContextOptionsBuilder.EnableSensitiveDataLogging' to see key values.
2025-07-18 10:56:01 [Debug] The navigation '"Booking"."Customer"' was detected as changed. Consider using 'DbContextOptionsBuilder.EnableSensitiveDataLogging' to see key values.
2025-07-18 10:56:01 [Debug] Context '"VSMContext"' started tracking '"Customer"' entity. Consider using 'DbContextOptionsBuilder.EnableSensitiveDataLogging' to see key values.
2025-07-18 10:56:01 [Debug] Context '"VSMContext"' started tracking '"Booking"' entity. Consider using 'DbContextOptionsBuilder.EnableSensitiveDataLogging' to see key values.
2025-07-18 10:56:01 [Debug] Context '"VSMContext"' started tracking '"Booking"' entity. Consider using 'DbContextOptionsBuilder.EnableSensitiveDataLogging' to see key values.
2025-07-18 10:56:01 [Debug] Context '"VSMContext"' started tracking '"Booking"' entity. Consider using 'DbContextOptionsBuilder.EnableSensitiveDataLogging' to see key values.
2025-07-18 10:56:01 [Debug] Context '"VSMContext"' started tracking '"Booking"' entity. Consider using 'DbContextOptionsBuilder.EnableSensitiveDataLogging' to see key values.
2025-07-18 10:56:01 [Debug] Context '"VSMContext"' started tracking '"Booking"' entity. Consider using 'DbContextOptionsBuilder.EnableSensitiveDataLogging' to see key values.
2025-07-18 10:56:01 [Information] Request starting "HTTP/2" "GET" "https"://"localhost:7176""""/api/v1/Booking""" - "application/json" null
2025-07-18 10:56:01 [Debug] Context '"VSMContext"' started tracking '"Booking"' entity. Consider using 'DbContextOptionsBuilder.EnableSensitiveDataLogging' to see key values.
2025-07-18 10:56:01 [Debug] 1 candidate(s) found for the request path '"/api/v1/Booking"'
2025-07-18 10:56:01 [Debug] Endpoint '"VSM.Controllers.BookingController.GetAll (VehicleServiceManagement)"' with route pattern '"api/v{version:apiVersion}/Booking"' is valid for the request path '"/api/v1/Booking"'
2025-07-18 10:56:01 [Debug] Context '"VSMContext"' started tracking '"Booking"' entity. Consider using 'DbContextOptionsBuilder.EnableSensitiveDataLogging' to see key values.
2025-07-18 10:56:01 [Debug] Request matched endpoint '"VSM.Controllers.BookingController.GetAll (VehicleServiceManagement)"'
2025-07-18 10:56:01 [Debug] Context '"VSMContext"' started tracking '"Booking"' entity. Consider using 'DbContextOptionsBuilder.EnableSensitiveDataLogging' to see key values.
2025-07-18 10:56:01 [Debug] Context '"VSMContext"' started tracking '"Booking"' entity. Consider using 'DbContextOptionsBuilder.EnableSensitiveDataLogging' to see key values.
2025-07-18 10:56:01 [Debug] Context '"VSMContext"' started tracking '"Booking"' entity. Consider using 'DbContextOptionsBuilder.EnableSensitiveDataLogging' to see key values.
2025-07-18 10:56:01 [Debug] Successfully validated the token.
2025-07-18 10:56:01 [Debug] AuthenticationScheme: "Bearer" was successfully authenticated.
2025-07-18 10:56:01 [Debug] Context '"VSMContext"' started tracking '"Booking"' entity. Consider using 'DbContextOptionsBuilder.EnableSensitiveDataLogging' to see key values.
2025-07-18 10:56:01 [Debug] Authorization was successful.
2025-07-18 10:56:01 [Debug] Static files was skipped as the request already matched an endpoint.
2025-07-18 10:56:01 [Debug] Context '"VSMContext"' started tracking '"Booking"' entity. Consider using 'DbContextOptionsBuilder.EnableSensitiveDataLogging' to see key values.
2025-07-18 10:56:01 [Debug] Static files was skipped as the request already matched an endpoint.
2025-07-18 10:56:01 [Debug] The request has an origin header: '"http://localhost:4200"'.
2025-07-18 10:56:01 [Information] CORS policy execution successful.
2025-07-18 10:56:01 [Information] Executing endpoint '"VSM.Controllers.BookingController.GetAll (VehicleServiceManagement)"'
2025-07-18 10:56:01 [Debug] Context '"VSMContext"' started tracking '"Booking"' entity. Consider using 'DbContextOptionsBuilder.EnableSensitiveDataLogging' to see key values.
2025-07-18 10:56:01 [Information] Route matched with "{action = \"GetAll\", controller = \"Booking\"}". Executing controller action with signature "System.Threading.Tasks.Task`1[Microsoft.AspNetCore.Mvc.ActionResult`1[System.Collections.Generic.IEnumerable`1[VSM.DTO.BookingDisplayDto]]] GetAll()" on controller "VSM.Controllers.BookingController" ("VehicleServiceManagement").
2025-07-18 10:56:01 [Debug] Execution plan of "authorization" filters (in the following order): ["None"]
2025-07-18 10:56:01 [Debug] Execution plan of "resource" filters (in the following order): ["None"]
2025-07-18 10:56:01 [Debug] Context '"VSMContext"' started tracking '"Booking"' entity. Consider using 'DbContextOptionsBuilder.EnableSensitiveDataLogging' to see key values.
2025-07-18 10:56:01 [Debug] Execution plan of "action" filters (in the following order): ["Microsoft.AspNetCore.Mvc.ModelBinding.UnsupportedContentTypeFilter (Order: -3000)", "Microsoft.AspNetCore.Mvc.Infrastructure.ModelStateInvalidFilter (Order: -2000)", "Microsoft.AspNetCore.Mvc.ReportApiVersionsAttribute (Order: 0)"]
2025-07-18 10:56:01 [Debug] Execution plan of "exception" filters (in the following order): ["None"]
2025-07-18 10:56:01 [Debug] Execution plan of "result" filters (in the following order): ["Microsoft.AspNetCore.Mvc.Infrastructure.ClientErrorResultFilter (Order: -2000)", "Microsoft.AspNetCore.Mvc.ReportApiVersionsAttribute (Order: 0)"]
2025-07-18 10:56:01 [Debug] Executing controller factory for controller "VSM.Controllers.BookingController" ("VehicleServiceManagement")
2025-07-18 10:56:01 [Debug] Context '"VSMContext"' started tracking '"Booking"' entity. Consider using 'DbContextOptionsBuilder.EnableSensitiveDataLogging' to see key values.
2025-07-18 10:56:01 [Debug] Context '"VSMContext"' started tracking '"Booking"' entity. Consider using 'DbContextOptionsBuilder.EnableSensitiveDataLogging' to see key values.
2025-07-18 10:56:01 [Debug] Context '"VSMContext"' started tracking '"Booking"' entity. Consider using 'DbContextOptionsBuilder.EnableSensitiveDataLogging' to see key values.
2025-07-18 10:56:01 [Debug] Context '"VSMContext"' started tracking '"Booking"' entity. Consider using 'DbContextOptionsBuilder.EnableSensitiveDataLogging' to see key values.
2025-07-18 10:56:01 [Debug] Context '"VSMContext"' started tracking '"Booking"' entity. Consider using 'DbContextOptionsBuilder.EnableSensitiveDataLogging' to see key values.
2025-07-18 10:56:01 [Debug] Context '"VSMContext"' started tracking '"Booking"' entity. Consider using 'DbContextOptionsBuilder.EnableSensitiveDataLogging' to see key values.
2025-07-18 10:56:01 [Debug] Context '"VSMContext"' started tracking '"Booking"' entity. Consider using 'DbContextOptionsBuilder.EnableSensitiveDataLogging' to see key values.
2025-07-18 10:56:01 [Debug] Context '"VSMContext"' started tracking '"Booking"' entity. Consider using 'DbContextOptionsBuilder.EnableSensitiveDataLogging' to see key values.
2025-07-18 10:56:01 [Debug] Context '"VSMContext"' started tracking '"Booking"' entity. Consider using 'DbContextOptionsBuilder.EnableSensitiveDataLogging' to see key values.
2025-07-18 10:56:01 [Debug] Context '"VSMContext"' started tracking '"Booking"' entity. Consider using 'DbContextOptionsBuilder.EnableSensitiveDataLogging' to see key values.
2025-07-18 10:56:01 [Debug] Context '"VSMContext"' started tracking '"Booking"' entity. Consider using 'DbContextOptionsBuilder.EnableSensitiveDataLogging' to see key values.
2025-07-18 10:56:01 [Debug] Closing data reader to '"VehicleServiceManagement"' on server '"tcp://localhost:5432"'.
2025-07-18 10:56:01 [Debug] A data reader for '"VehicleServiceManagement"' on server '"tcp://localhost:5432"' is being disposed after spending 9ms reading results.
2025-07-18 10:56:01 [Debug] Closing connection to database '"VehicleServiceManagement"' on server '"tcp://localhost:5432"'.
2025-07-18 10:56:01 [Debug] Closed connection to database '"VehicleServiceManagement"' on server '"tcp://localhost:5432"' (0ms).
2025-07-18 10:56:01 [Debug] Executed controller factory for controller "VSM.Controllers.BookingController" ("VehicleServiceManagement")
2025-07-18 10:56:01 [Debug] Entity Framework Core "9.0.5" initialized '"VSMContext"' using provider '"Npgsql.EntityFrameworkCore.PostgreSQL":"9.0.4+fd2380957bee5cd86f336466af36b08c0163f1a5"' with options: "None"
2025-07-18 10:56:01 [Debug] Creating DbConnection.
2025-07-18 10:56:01 [Debug] Created DbConnection. (0ms).
2025-07-18 10:56:01 [Debug] Opening connection to database '"VehicleServiceManagement"' on server '"tcp://localhost:5432"'.
2025-07-18 10:56:01 [Debug] Opened connection to database '"VehicleServiceManagement"' on server '"tcp://localhost:5432"'.
2025-07-18 10:56:01 [Debug] Creating DbCommand for '"ExecuteReader"'.
2025-07-18 10:56:01 [Debug] Created DbCommand for '"ExecuteReader"' (0ms).
2025-07-18 10:56:01 [Debug] Initialized DbCommand for '"ExecuteReader"' (0ms).
2025-07-18 10:56:01 [Debug] Executing DbCommand [Parameters=[""], CommandType='Text', CommandTimeout='30']"
""SELECT b.\"BookingID\", b.\"BookedAt\", b.\"CustomerID\", b.\"DeliveryTime\", b.\"Imageurl\", b.\"IsDeleted\", b.\"Slot\", b.\"Status\", c.\"CustomerID\", c.\"Email\", c.\"Name\", c.\"Phone\", c.\"Status\"
FROM \"Bookings\" AS b
INNER JOIN \"Customers\" AS c ON b.\"CustomerID\" = c.\"CustomerID\"
ORDER BY CASE
    WHEN b.\"Status\" = 'Booked' THEN 0
    WHEN b.\"Status\" = 'Reviewed' THEN 1
    WHEN b.\"Status\" = 'Cancelled' THEN 2
    ELSE 3
END"
2025-07-18 10:56:01 [Information] Executed DbCommand ("2"ms) [Parameters=[""], CommandType='Text', CommandTimeout='30']"
""SELECT b.\"BookingID\", b.\"BookedAt\", b.\"CustomerID\", b.\"DeliveryTime\", b.\"Imageurl\", b.\"IsDeleted\", b.\"Slot\", b.\"Status\", c.\"CustomerID\", c.\"Email\", c.\"Name\", c.\"Phone\", c.\"Status\"
FROM \"Bookings\" AS b
INNER JOIN \"Customers\" AS c ON b.\"CustomerID\" = c.\"CustomerID\"
ORDER BY CASE
    WHEN b.\"Status\" = 'Booked' THEN 0
    WHEN b.\"Status\" = 'Reviewed' THEN 1
    WHEN b.\"Status\" = 'Cancelled' THEN 2
    ELSE 3
END"
2025-07-18 10:56:01 [Debug] Context '"VSMContext"' started tracking '"Booking"' entity. Consider using 'DbContextOptionsBuilder.EnableSensitiveDataLogging' to see key values.
2025-07-18 10:56:01 [Debug] The navigation '"Booking"."Customer"' was detected as changed. Consider using 'DbContextOptionsBuilder.EnableSensitiveDataLogging' to see key values.
2025-07-18 10:56:01 [Debug] Context '"VSMContext"' started tracking '"Customer"' entity. Consider using 'DbContextOptionsBuilder.EnableSensitiveDataLogging' to see key values.
2025-07-18 10:56:01 [Debug] Context '"VSMContext"' started tracking '"Booking"' entity. Consider using 'DbContextOptionsBuilder.EnableSensitiveDataLogging' to see key values.
2025-07-18 10:56:01 [Debug] The navigation '"Booking"."Customer"' was detected as changed. Consider using 'DbContextOptionsBuilder.EnableSensitiveDataLogging' to see key values.
2025-07-18 10:56:01 [Debug] Context '"VSMContext"' started tracking '"Customer"' entity. Consider using 'DbContextOptionsBuilder.EnableSensitiveDataLogging' to see key values.
2025-07-18 10:56:01 [Debug] Context '"VSMContext"' started tracking '"Booking"' entity. Consider using 'DbContextOptionsBuilder.EnableSensitiveDataLogging' to see key values.
2025-07-18 10:56:01 [Debug] Context '"VSMContext"' started tracking '"Booking"' entity. Consider using 'DbContextOptionsBuilder.EnableSensitiveDataLogging' to see key values.
2025-07-18 10:56:01 [Debug] Context '"VSMContext"' started tracking '"Booking"' entity. Consider using 'DbContextOptionsBuilder.EnableSensitiveDataLogging' to see key values.
2025-07-18 10:56:01 [Debug] Context '"VSMContext"' started tracking '"Booking"' entity. Consider using 'DbContextOptionsBuilder.EnableSensitiveDataLogging' to see key values.
2025-07-18 10:56:01 [Debug] Context '"VSMContext"' started tracking '"Booking"' entity. Consider using 'DbContextOptionsBuilder.EnableSensitiveDataLogging' to see key values.
2025-07-18 10:56:01 [Debug] Context '"VSMContext"' started tracking '"Booking"' entity. Consider using 'DbContextOptionsBuilder.EnableSensitiveDataLogging' to see key values.
2025-07-18 10:56:01 [Debug] Context '"VSMContext"' started tracking '"Booking"' entity. Consider using 'DbContextOptionsBuilder.EnableSensitiveDataLogging' to see key values.
2025-07-18 10:56:01 [Debug] Context '"VSMContext"' started tracking '"Booking"' entity. Consider using 'DbContextOptionsBuilder.EnableSensitiveDataLogging' to see key values.
2025-07-18 10:56:01 [Debug] The navigation '"Booking"."Customer"' was detected as changed. Consider using 'DbContextOptionsBuilder.EnableSensitiveDataLogging' to see key values.
2025-07-18 10:56:01 [Debug] Context '"VSMContext"' started tracking '"Customer"' entity. Consider using 'DbContextOptionsBuilder.EnableSensitiveDataLogging' to see key values.
2025-07-18 10:56:01 [Debug] Context '"VSMContext"' started tracking '"Booking"' entity. Consider using 'DbContextOptionsBuilder.EnableSensitiveDataLogging' to see key values.
2025-07-18 10:56:01 [Debug] The navigation '"Booking"."Customer"' was detected as changed. Consider using 'DbContextOptionsBuilder.EnableSensitiveDataLogging' to see key values.
2025-07-18 10:56:01 [Debug] Context '"VSMContext"' started tracking '"Customer"' entity. Consider using 'DbContextOptionsBuilder.EnableSensitiveDataLogging' to see key values.
2025-07-18 10:56:01 [Debug] Context '"VSMContext"' started tracking '"Booking"' entity. Consider using 'DbContextOptionsBuilder.EnableSensitiveDataLogging' to see key values.
2025-07-18 10:56:01 [Debug] List of registered output formatters, in the following order: ["Microsoft.AspNetCore.Mvc.Formatters.HttpNoContentOutputFormatter", "Microsoft.AspNetCore.Mvc.Formatters.StringOutputFormatter", "Microsoft.AspNetCore.Mvc.Formatters.StreamOutputFormatter", "Microsoft.AspNetCore.Mvc.Formatters.SystemTextJsonOutputFormatter"]
2025-07-18 10:56:01 [Debug] Context '"VSMContext"' started tracking '"Booking"' entity. Consider using 'DbContextOptionsBuilder.EnableSensitiveDataLogging' to see key values.
2025-07-18 10:56:01 [Debug] No information found on request to perform content negotiation.
2025-07-18 10:56:01 [Debug] Attempting to select an output formatter without using a content type as no explicit content types were specified for the response.
2025-07-18 10:56:01 [Debug] Attempting to select the first formatter in the output formatters list which can write the result.
2025-07-18 10:56:01 [Debug] Context '"VSMContext"' started tracking '"Booking"' entity. Consider using 'DbContextOptionsBuilder.EnableSensitiveDataLogging' to see key values.
2025-07-18 10:56:01 [Debug] Selected output formatter '"Microsoft.AspNetCore.Mvc.Formatters.SystemTextJsonOutputFormatter"' and content type '"application/json"' to write the response.
2025-07-18 10:56:01 [Information] Executing "OkObjectResult", writing value of type '"System.Collections.Generic.List`1[[System.String, System.Private.CoreLib, Version=9.0.0.0, Culture=neutral, PublicKeyToken=7cec85d7bea7798e]]"'.
2025-07-18 10:56:01 [Debug] Context '"VSMContext"' started tracking '"Booking"' entity. Consider using 'DbContextOptionsBuilder.EnableSensitiveDataLogging' to see key values.
2025-07-18 10:56:01 [Debug] Context '"VSMContext"' started tracking '"Booking"' entity. Consider using 'DbContextOptionsBuilder.EnableSensitiveDataLogging' to see key values.
2025-07-18 10:56:01 [Debug] Context '"VSMContext"' started tracking '"Booking"' entity. Consider using 'DbContextOptionsBuilder.EnableSensitiveDataLogging' to see key values.
2025-07-18 10:56:01 [Debug] Context '"VSMContext"' started tracking '"Booking"' entity. Consider using 'DbContextOptionsBuilder.EnableSensitiveDataLogging' to see key values.
2025-07-18 10:56:01 [Debug] Context '"VSMContext"' started tracking '"Booking"' entity. Consider using 'DbContextOptionsBuilder.EnableSensitiveDataLogging' to see key values.
2025-07-18 10:56:01 [Debug] Context '"VSMContext"' started tracking '"Booking"' entity. Consider using 'DbContextOptionsBuilder.EnableSensitiveDataLogging' to see key values.
2025-07-18 10:56:01 [Debug] Context '"VSMContext"' started tracking '"Booking"' entity. Consider using 'DbContextOptionsBuilder.EnableSensitiveDataLogging' to see key values.
2025-07-18 10:56:01 [Debug] Context '"VSMContext"' started tracking '"Booking"' entity. Consider using 'DbContextOptionsBuilder.EnableSensitiveDataLogging' to see key values.
2025-07-18 10:56:01 [Debug] Context '"VSMContext"' started tracking '"Booking"' entity. Consider using 'DbContextOptionsBuilder.EnableSensitiveDataLogging' to see key values.
2025-07-18 10:56:01 [Information] Executed action "VSM.Controllers.BookingController.GetAvailableSlots (VehicleServiceManagement)" in 33.6119ms
2025-07-18 10:56:01 [Debug] Context '"VSMContext"' started tracking '"Booking"' entity. Consider using 'DbContextOptionsBuilder.EnableSensitiveDataLogging' to see key values.
2025-07-18 10:56:01 [Information] Executed endpoint '"VSM.Controllers.BookingController.GetAvailableSlots (VehicleServiceManagement)"'
2025-07-18 10:56:01 [Debug] '"VSMContext"' disposed.
2025-07-18 10:56:01 [Debug] Disposing connection to database '"VehicleServiceManagement"' on server '"tcp://localhost:5432"'.
2025-07-18 10:56:01 [Debug] Disposed connection to database '"VehicleServiceManagement"' on server '"tcp://localhost:5432"' (0ms).
2025-07-18 10:56:01 [Debug] Context '"VSMContext"' started tracking '"Booking"' entity. Consider using 'DbContextOptionsBuilder.EnableSensitiveDataLogging' to see key values.
2025-07-18 10:56:01 [Information] Request finished "HTTP/2" "GET" "https"://"localhost:7176""""/api/v1/Booking/slots""" - 200 null "application/json; charset=utf-8" 43.6508ms
2025-07-18 10:56:01 [Debug] Context '"VSMContext"' started tracking '"Booking"' entity. Consider using 'DbContextOptionsBuilder.EnableSensitiveDataLogging' to see key values.
2025-07-18 10:56:01 [Debug] Context '"VSMContext"' started tracking '"Booking"' entity. Consider using 'DbContextOptionsBuilder.EnableSensitiveDataLogging' to see key values.
2025-07-18 10:56:01 [Debug] Context '"VSMContext"' started tracking '"Booking"' entity. Consider using 'DbContextOptionsBuilder.EnableSensitiveDataLogging' to see key values.
2025-07-18 10:56:01 [Debug] Context '"VSMContext"' started tracking '"Booking"' entity. Consider using 'DbContextOptionsBuilder.EnableSensitiveDataLogging' to see key values.
2025-07-18 10:56:01 [Debug] Context '"VSMContext"' started tracking '"Booking"' entity. Consider using 'DbContextOptionsBuilder.EnableSensitiveDataLogging' to see key values.
2025-07-18 10:56:01 [Debug] Context '"VSMContext"' started tracking '"Booking"' entity. Consider using 'DbContextOptionsBuilder.EnableSensitiveDataLogging' to see key values.
2025-07-18 10:56:01 [Debug] Context '"VSMContext"' started tracking '"Booking"' entity. Consider using 'DbContextOptionsBuilder.EnableSensitiveDataLogging' to see key values.
2025-07-18 10:56:01 [Debug] Context '"VSMContext"' started tracking '"Booking"' entity. Consider using 'DbContextOptionsBuilder.EnableSensitiveDataLogging' to see key values.
2025-07-18 10:56:01 [Debug] Context '"VSMContext"' started tracking '"Booking"' entity. Consider using 'DbContextOptionsBuilder.EnableSensitiveDataLogging' to see key values.
2025-07-18 10:56:01 [Debug] Context '"VSMContext"' started tracking '"Booking"' entity. Consider using 'DbContextOptionsBuilder.EnableSensitiveDataLogging' to see key values.
2025-07-18 10:56:01 [Debug] Context '"VSMContext"' started tracking '"Booking"' entity. Consider using 'DbContextOptionsBuilder.EnableSensitiveDataLogging' to see key values.
2025-07-18 10:56:01 [Debug] Closing data reader to '"VehicleServiceManagement"' on server '"tcp://localhost:5432"'.
2025-07-18 10:56:01 [Debug] A data reader for '"VehicleServiceManagement"' on server '"tcp://localhost:5432"' is being disposed after spending 10ms reading results.
2025-07-18 10:56:01 [Debug] Closing connection to database '"VehicleServiceManagement"' on server '"tcp://localhost:5432"'.
2025-07-18 10:56:01 [Debug] Closed connection to database '"VehicleServiceManagement"' on server '"tcp://localhost:5432"' (0ms).
2025-07-18 10:56:01 [Debug] List of registered output formatters, in the following order: ["Microsoft.AspNetCore.Mvc.Formatters.HttpNoContentOutputFormatter", "Microsoft.AspNetCore.Mvc.Formatters.StringOutputFormatter", "Microsoft.AspNetCore.Mvc.Formatters.StreamOutputFormatter", "Microsoft.AspNetCore.Mvc.Formatters.SystemTextJsonOutputFormatter"]
2025-07-18 10:56:01 [Debug] No information found on request to perform content negotiation.
2025-07-18 10:56:01 [Debug] Attempting to select an output formatter without using a content type as no explicit content types were specified for the response.
2025-07-18 10:56:01 [Debug] Attempting to select the first formatter in the output formatters list which can write the result.
2025-07-18 10:56:01 [Debug] Selected output formatter '"Microsoft.AspNetCore.Mvc.Formatters.SystemTextJsonOutputFormatter"' and content type '"application/json"' to write the response.
2025-07-18 10:56:01 [Information] Executing "OkObjectResult", writing value of type '"System.Linq.Enumerable+ListWhereIterator`1[[VSM.Models.Booking, VehicleServiceManagement, Version=1.0.0.0, Culture=neutral, PublicKeyToken=null]]"'.
2025-07-18 10:56:01 [Debug] Connection id ""0HNE5NE9BLR6E"" accepted.
2025-07-18 10:56:01 [Debug] Connection id ""0HNE5NE9BLR6E"" started.
2025-07-18 10:56:01 [Information] Executed action "VSM.Controllers.BookingController.GetAll (VehicleServiceManagement)" in 37.4543ms
2025-07-18 10:56:01 [Information] Executed endpoint '"VSM.Controllers.BookingController.GetAll (VehicleServiceManagement)"'
2025-07-18 10:56:01 [Debug] '"VSMContext"' disposed.
2025-07-18 10:56:01 [Debug] Disposing connection to database '"VehicleServiceManagement"' on server '"tcp://localhost:5432"'.
2025-07-18 10:56:01 [Debug] Disposed connection to database '"VehicleServiceManagement"' on server '"tcp://localhost:5432"' (0ms).
2025-07-18 10:56:01 [Information] Request finished "HTTP/2" "GET" "https"://"localhost:7176""""/api/v1/Booking""" - 200 null "application/json; charset=utf-8" 40.6388ms
2025-07-18 10:56:01 [Debug] Connection "0HNE5NE9BLR6E" established using the following protocol: Tls12
2025-07-18 10:56:01 [Information] Request starting "HTTP/2" "GET" "https"://"localhost:7176""""/BookingImages/9975c3df-4f9c-491f-8210-1ff763ff74d3_pexels-mikebirdy-112460.jpg""" - null null
2025-07-18 10:56:01 [Information] Request starting "HTTP/2" "GET" "https"://"localhost:7176""""/BookingImages/283c28d5-43c9-4b7f-885f-b7b5b486e83d_pexels-mikebirdy-112460.jpg""" - null null
2025-07-18 10:56:01 [Debug] No candidates found for the request path '"/BookingImages/9975c3df-4f9c-491f-8210-1ff763ff74d3_pexels-mikebirdy-112460.jpg"'
2025-07-18 10:56:01 [Debug] No candidates found for the request path '"/BookingImages/283c28d5-43c9-4b7f-885f-b7b5b486e83d_pexels-mikebirdy-112460.jpg"'
2025-07-18 10:56:01 [Debug] Request did not match any endpoints
2025-07-18 10:56:01 [Debug] Request did not match any endpoints
2025-07-18 10:56:01 [Debug] AuthenticationScheme: "Bearer" was not authenticated.
2025-07-18 10:56:01 [Debug] AuthenticationScheme: "Bearer" was not authenticated.
2025-07-18 10:56:01 [Debug] The request path "" does not match the path filter
2025-07-18 10:56:01 [Debug] The request path "" does not match the path filter
2025-07-18 10:56:01 [Debug] The request path "/9975c3df-4f9c-491f-8210-1ff763ff74d3_pexels-mikebirdy-112460.jpg" does not match an existing file
2025-07-18 10:56:01 [Debug] The request path "/283c28d5-43c9-4b7f-885f-b7b5b486e83d_pexels-mikebirdy-112460.jpg" does not match an existing file
2025-07-18 10:56:01 [Information] Request finished "HTTP/2" "GET" "https"://"localhost:7176""""/BookingImages/283c28d5-43c9-4b7f-885f-b7b5b486e83d_pexels-mikebirdy-112460.jpg""" - 404 0 null 2.2905ms
2025-07-18 10:56:01 [Information] Request finished "HTTP/2" "GET" "https"://"localhost:7176""""/BookingImages/9975c3df-4f9c-491f-8210-1ff763ff74d3_pexels-mikebirdy-112460.jpg""" - 404 0 null 2.287ms
2025-07-18 10:56:01 [Information] Request reached the end of the middleware pipeline without being handled by application code. Request path: "GET" "https"://"localhost:7176""""/BookingImages/283c28d5-43c9-4b7f-885f-b7b5b486e83d_pexels-mikebirdy-112460.jpg", Response status code: 404
2025-07-18 10:56:01 [Information] Request reached the end of the middleware pipeline without being handled by application code. Request path: "GET" "https"://"localhost:7176""""/BookingImages/9975c3df-4f9c-491f-8210-1ff763ff74d3_pexels-mikebirdy-112460.jpg", Response status code: 404
2025-07-18 10:56:07 [Information] Request starting "HTTP/2" "OPTIONS" "https"://"localhost:7176""""/api/v1/Bill""?page=1&pageSize=100" - null null
2025-07-18 10:56:07 [Debug] 1 candidate(s) found for the request path '"/api/v1/Bill"'
2025-07-18 10:56:07 [Debug] Request matched endpoint '"405 HTTP Method Not Supported"'
2025-07-18 10:56:07 [Debug] AuthenticationScheme: "Bearer" was not authenticated.
2025-07-18 10:56:07 [Debug] Static files was skipped as the request already matched an endpoint.
2025-07-18 10:56:07 [Debug] Static files was skipped as the request already matched an endpoint.
2025-07-18 10:56:07 [Debug] The request has an origin header: '"http://localhost:4200"'.
2025-07-18 10:56:07 [Information] CORS policy execution successful.
2025-07-18 10:56:07 [Debug] The request is a preflight request.
2025-07-18 10:56:07 [Information] Request finished "HTTP/2" "OPTIONS" "https"://"localhost:7176""""/api/v1/Bill""?page=1&pageSize=100" - 204 null null 2.8962ms
2025-07-18 10:56:07 [Information] Request starting "HTTP/2" "GET" "https"://"localhost:7176""""/api/v1/Bill""?page=1&pageSize=100" - "application/json" null
2025-07-18 10:56:07 [Debug] 1 candidate(s) found for the request path '"/api/v1/Bill"'
2025-07-18 10:56:07 [Debug] Endpoint '"VSM.Controllers.BillController.GetAll (VehicleServiceManagement)"' with route pattern '"api/v{version:apiVersion}/Bill"' is valid for the request path '"/api/v1/Bill"'
2025-07-18 10:56:07 [Debug] Request matched endpoint '"VSM.Controllers.BillController.GetAll (VehicleServiceManagement)"'
2025-07-18 10:56:07 [Debug] Successfully validated the token.
2025-07-18 10:56:07 [Debug] AuthenticationScheme: "Bearer" was successfully authenticated.
2025-07-18 10:56:07 [Debug] Authorization was successful.
2025-07-18 10:56:07 [Debug] Static files was skipped as the request already matched an endpoint.
2025-07-18 10:56:07 [Debug] Static files was skipped as the request already matched an endpoint.
2025-07-18 10:56:07 [Debug] The request has an origin header: '"http://localhost:4200"'.
2025-07-18 10:56:07 [Information] CORS policy execution successful.
2025-07-18 10:56:07 [Information] Executing endpoint '"VSM.Controllers.BillController.GetAll (VehicleServiceManagement)"'
2025-07-18 10:56:07 [Information] Route matched with "{action = \"GetAll\", controller = \"Bill\"}". Executing controller action with signature "System.Threading.Tasks.Task`1[Microsoft.AspNetCore.Mvc.ActionResult`1[System.Collections.Generic.IEnumerable`1[VSM.DTO.BillDisplayDto]]] GetAll(Int32, Int32, System.String)" on controller "VSM.Controllers.BillController" ("VehicleServiceManagement").
2025-07-18 10:56:07 [Debug] Execution plan of "authorization" filters (in the following order): ["None"]
2025-07-18 10:56:07 [Debug] Execution plan of "resource" filters (in the following order): ["None"]
2025-07-18 10:56:07 [Debug] Execution plan of "action" filters (in the following order): ["Microsoft.AspNetCore.Mvc.ModelBinding.UnsupportedContentTypeFilter (Order: -3000)", "Microsoft.AspNetCore.Mvc.Infrastructure.ModelStateInvalidFilter (Order: -2000)", "Microsoft.AspNetCore.Mvc.ReportApiVersionsAttribute (Order: 0)"]
2025-07-18 10:56:07 [Debug] Execution plan of "exception" filters (in the following order): ["None"]
2025-07-18 10:56:07 [Debug] Execution plan of "result" filters (in the following order): ["Microsoft.AspNetCore.Mvc.Infrastructure.ClientErrorResultFilter (Order: -2000)", "Microsoft.AspNetCore.Mvc.ReportApiVersionsAttribute (Order: 0)"]
2025-07-18 10:56:07 [Debug] Executing controller factory for controller "VSM.Controllers.BillController" ("VehicleServiceManagement")
2025-07-18 10:56:07 [Debug] Executed controller factory for controller "VSM.Controllers.BillController" ("VehicleServiceManagement")
2025-07-18 10:56:07 [Debug] Attempting to bind parameter '"page"' of type '"System.Int32"' ...
2025-07-18 10:56:07 [Debug] Attempting to bind parameter '"page"' of type '"System.Int32"' using the name '"page"' in request data ...
2025-07-18 10:56:07 [Debug] Done attempting to bind parameter '"page"' of type '"System.Int32"'.
2025-07-18 10:56:07 [Debug] Done attempting to bind parameter '"page"' of type '"System.Int32"'.
2025-07-18 10:56:07 [Debug] Attempting to validate the bound parameter '"page"' of type '"System.Int32"' ...
2025-07-18 10:56:07 [Debug] Done attempting to validate the bound parameter '"page"' of type '"System.Int32"'.
2025-07-18 10:56:07 [Debug] Attempting to bind parameter '"pageSize"' of type '"System.Int32"' ...
2025-07-18 10:56:07 [Debug] Attempting to bind parameter '"pageSize"' of type '"System.Int32"' using the name '"pageSize"' in request data ...
2025-07-18 10:56:07 [Debug] Done attempting to bind parameter '"pageSize"' of type '"System.Int32"'.
2025-07-18 10:56:07 [Debug] Done attempting to bind parameter '"pageSize"' of type '"System.Int32"'.
2025-07-18 10:56:07 [Debug] Attempting to validate the bound parameter '"pageSize"' of type '"System.Int32"' ...
2025-07-18 10:56:07 [Debug] Done attempting to validate the bound parameter '"pageSize"' of type '"System.Int32"'.
2025-07-18 10:56:07 [Debug] Attempting to bind parameter '"search"' of type '"System.String"' ...
2025-07-18 10:56:07 [Debug] Attempting to bind parameter '"search"' of type '"System.String"' using the name '""' in request data ...
2025-07-18 10:56:07 [Debug] Could not find a value in the request with name '""' for binding parameter '"search"' of type '"System.String"'.
2025-07-18 10:56:07 [Debug] Done attempting to bind parameter '"search"' of type '"System.String"'.
2025-07-18 10:56:07 [Debug] Done attempting to bind parameter '"search"' of type '"System.String"'.
2025-07-18 10:56:07 [Debug] Attempting to validate the bound parameter '"search"' of type '"System.String"' ...
2025-07-18 10:56:07 [Debug] Done attempting to validate the bound parameter '"search"' of type '"System.String"'.
2025-07-18 10:56:07 [Debug] Entity Framework Core "9.0.5" initialized '"VSMContext"' using provider '"Npgsql.EntityFrameworkCore.PostgreSQL":"9.0.4+fd2380957bee5cd86f336466af36b08c0163f1a5"' with options: "None"
2025-07-18 10:56:07 [Debug] Compiling query expression: "
"'"DbSet<Bill>()
    .Include(b => b.CategoryDetails)
    .Include(b => b.ServiceRecord)
    .ThenInclude(sr => sr.Service)
    .ThenInclude(s => s.ServiceCategories)
    .Include(b => b.ServiceRecord)
    .ThenInclude(sr => sr.Service)
    .ThenInclude(s => s.Vehicle)
    .Include(b => b.ServiceRecord)
    .ThenInclude(sr => sr.Customer)
    .Include(b => b.ServiceRecord)
    .ThenInclude(sr => sr.Mechanic)
    .Skip(__p_0)
    .Take(__p_1)"'
2025-07-18 10:56:07 [Debug] Including navigation: '"Bill.CategoryDetails"'.
2025-07-18 10:56:07 [Debug] Including navigation: '"Bill.ServiceRecord"'.
2025-07-18 10:56:07 [Debug] Including navigation: '"ServiceRecord.Service"'.
2025-07-18 10:56:07 [Debug] Including navigation: '"Service.ServiceCategories"'.
2025-07-18 10:56:07 [Debug] Including navigation: '"Service.Vehicle"'.
2025-07-18 10:56:07 [Debug] Including navigation: '"ServiceRecord.Customer"'.
2025-07-18 10:56:07 [Debug] Including navigation: '"ServiceRecord.Mechanic"'.
2025-07-18 10:56:07 [Warning] The query uses a row limiting operator ('Skip'/'Take') without an 'OrderBy' operator. This may lead to unpredictable results. If the 'Distinct' operator is used after 'OrderBy', then make sure to use the 'OrderBy' operator after 'Distinct' as the ordering would otherwise get erased.
2025-07-18 10:56:07 [Warning] The query uses a row limiting operator ('Skip'/'Take') without an 'OrderBy' operator. This may lead to unpredictable results. If the 'Distinct' operator is used after 'OrderBy', then make sure to use the 'OrderBy' operator after 'Distinct' as the ordering would otherwise get erased.
2025-07-18 10:56:07 [Warning] Compiling a query which loads related collections for more than one collection navigation, either via 'Include' or through projection, but no 'QuerySplittingBehavior' has been configured. By default, Entity Framework will use 'QuerySplittingBehavior.SingleQuery', which can potentially result in slow query performance. See https://go.microsoft.com/fwlink/?linkid=2134277 for more information. To identify the query that's triggering this warning call 'ConfigureWarnings(w => w.Throw(RelationalEventId.MultipleCollectionIncludeWarning))'.
2025-07-18 10:56:07 [Debug] Generated query execution expression: "
"'"queryContext => SingleQueryingEnumerable.Create<Bill>(
    relationalQueryContext: (RelationalQueryContext)queryContext, 
    relationalCommandResolver: parameters => [LIFTABLE Constant: RelationalCommandCache.QueryExpression(
        Client Projections:
            0 -> Dictionary<IProperty, int> { [Property: Bill.BillID (Guid) Required PK AfterSave:Throw ValueGenerated.OnAdd, 0], [Property: Bill.Amount (float) Required, 1], [Property: Bill.Description (string) Required, 2], [Property: Bill.ServiceRecordID (Guid) Required FK Index, 3], [Property: Bill.Status (string) Required, 4] }
            1 -> 0
            2 -> 5
            3 -> 6
            4 -> 7
            5 -> 8
            6 -> 9
            7 -> Dictionary<IProperty, int> { [Property: BillCategoryDetail.Id (Guid) Required PK AfterSave:Throw ValueGenerated.OnAdd, 10], [Property: BillCategoryDetail.Amount (float) Required, 11], [Property: BillCategoryDetail.BillId (Guid) Required FK Index, 12], [Property: BillCategoryDetail.CategoryName (string) Required, 13] }
            8 -> 10
            9 -> Dictionary<IProperty, int> { [Property: ServiceRecord.ServiceRecordID (Guid) Required PK AfterSave:Throw ValueGenerated.OnAdd, 5], [Property: ServiceRecord.BookingID (Guid) Required FK Index, 14], [Property: ServiceRecord.CustomerID (Guid) Required FK Index, 15], [Property: ServiceRecord.IsDeleted (bool) Required, 16], [Property: ServiceRecord.MechanicId (Guid) Required FK Index, 17], [Property: ServiceRecord.ServiceID (Guid) Required FK Index, 18], [Property: ServiceRecord.Status (string) Required, 19] }
            10 -> Dictionary<IProperty, int> { [Property: Service.ServiceID (Guid) Required PK AfterSave:Throw ValueGenerated.OnAdd, 6], [Property: Service.Description (string) Required, 20], [Property: Service.IsDeleted (bool) Required, 21], [Property: Service.VehicleID (Guid) Required FK Index, 22] }
            11 -> Dictionary<IProperty, int> { [Property: ServiceServiceCategory (Dictionary<string, object>).ServiceCategoriesCategoryID (no field, Guid) Indexer Required PK FK AfterSave:Throw, 23], [Property: ServiceServiceCategory (Dictionary<string, object>).ServicesServiceID (no field, Guid) Indexer Required PK FK Index AfterSave:Throw, 24] }
            12 -> Dictionary<IProperty, int> { [Property: ServiceCategory.CategoryID (Guid) Required PK AfterSave:Throw ValueGenerated.OnAdd, 25], [Property: ServiceCategory.Amount (float) Required, 26], [Property: ServiceCategory.Name (string) Required, 27], [Property: ServiceCategory.Status (string) Required, 28] }
            13 -> 23
            14 -> 24
            15 -> 25
            16 -> Dictionary<IProperty, int> { [Property: Vehicle.VehicleID (Guid) Required PK AfterSave:Throw ValueGenerated.OnAdd, 7], [Property: Vehicle.IsDeleted (bool) Required, 29], [Property: Vehicle.VechicleManufacturer (string) Required, 30], [Property: Vehicle.VehicleModel (string) Required, 31], [Property: Vehicle.VehicleNo (string) Required, 32], [Property: Vehicle.VehicleType (string) Required, 33] }
            17 -> Dictionary<IProperty, int> { [Property: Customer.CustomerID (Guid) Required PK AfterSave:Throw ValueGenerated.OnAdd, 8], [Property: Customer.Email (string) Required FK Index, 34], [Property: Customer.Name (string) Required, 35], [Property: Customer.Phone (string) Required, 36], [Property: Customer.Status (string) Required, 37] }
            18 -> Dictionary<IProperty, int> { [Property: Mechanic.MechanicId (Guid) Required PK AfterSave:Throw ValueGenerated.OnAdd, 9], [Property: Mechanic.Email (string) Required FK Index, 38], [Property: Mechanic.Name (string) Required, 39], [Property: Mechanic.Phone (string) Required, 40], [Property: Mechanic.Status (string) Required, 41] }
        SELECT b0.BillID, b0.Amount, b0.Description, b0.ServiceRecordID, b0.Status, s.ServiceRecordID, s0.ServiceID, v.VehicleID, c.CustomerID, m.MechanicId, b1.Id, b1.Amount, b1.BillId, b1.CategoryName, s.BookingID, s.CustomerID, s.IsDeleted, s.MechanicId, s.ServiceID, s.Status, s0.Description, s0.IsDeleted, s0.VehicleID, s3.ServiceCategoriesCategoryID, s3.ServicesServiceID, s3.CategoryID, s3.Amount, s3.Name, s3.Status, v.IsDeleted, v.VechicleManufacturer, v.VehicleModel, v.VehicleNo, v.VehicleType, c.Email, c.Name, c.Phone, c.Status, m.Email, m.Name, m.Phone, m.Status
        FROM 
        (
            SELECT b.BillID, b.Amount, b.Description, b.ServiceRecordID, b.Status
            FROM Bills AS b
            OFFSET @__p_0 ROWS FETCH NEXT @__p_1 ROWS ONLY
        ) AS b0
        INNER JOIN serviceRecords AS s ON b0.ServiceRecordID == s.ServiceRecordID
        INNER JOIN Services AS s0 ON s.ServiceID == s0.ServiceID
        INNER JOIN Vehicles AS v ON s0.VehicleID == v.VehicleID
        INNER JOIN Customers AS c ON s.CustomerID == c.CustomerID
        INNER JOIN Mechanics AS m ON s.MechanicId == m.MechanicId
        LEFT JOIN BillCategoryDetail AS b1 ON b0.BillID == b1.BillId
        LEFT JOIN 
        (
            SELECT s1.ServiceCategoriesCategoryID, s1.ServicesServiceID, s2.CategoryID, s2.Amount, s2.Name, s2.Status
            FROM ServiceServiceCategory AS s1
            INNER JOIN ServiceCategories AS s2 ON s1.ServiceCategoriesCategoryID == s2.CategoryID
        ) AS s3 ON s0.ServiceID == s3.ServicesServiceID
        ORDER BY b0.BillID ASC, s.ServiceRecordID ASC, s0.ServiceID ASC, v.VehicleID ASC, c.CustomerID ASC, m.MechanicId ASC, b1.Id ASC, s3.ServiceCategoriesCategoryID ASC, s3.ServicesServiceID ASC) | Resolver: c => new RelationalCommandCache(
        c.Dependencies.MemoryCache, 
        c.RelationalDependencies.QuerySqlGeneratorFactory, 
        c.RelationalDependencies.RelationalParameterBasedSqlProcessorFactory, 
        Client Projections:
            0 -> Dictionary<IProperty, int> { [Property: Bill.BillID (Guid) Required PK AfterSave:Throw ValueGenerated.OnAdd, 0], [Property: Bill.Amount (float) Required, 1], [Property: Bill.Description (string) Required, 2], [Property: Bill.ServiceRecordID (Guid) Required FK Index, 3], [Property: Bill.Status (string) Required, 4] }
            1 -> 0
            2 -> 5
            3 -> 6
            4 -> 7
            5 -> 8
            6 -> 9
            7 -> Dictionary<IProperty, int> { [Property: BillCategoryDetail.Id (Guid) Required PK AfterSave:Throw ValueGenerated.OnAdd, 10], [Property: BillCategoryDetail.Amount (float) Required, 11], [Property: BillCategoryDetail.BillId (Guid) Required FK Index, 12], [Property: BillCategoryDetail.CategoryName (string) Required, 13] }
            8 -> 10
            9 -> Dictionary<IProperty, int> { [Property: ServiceRecord.ServiceRecordID (Guid) Required PK AfterSave:Throw ValueGenerated.OnAdd, 5], [Property: ServiceRecord.BookingID (Guid) Required FK Index, 14], [Property: ServiceRecord.CustomerID (Guid) Required FK Index, 15], [Property: ServiceRecord.IsDeleted (bool) Required, 16], [Property: ServiceRecord.MechanicId (Guid) Required FK Index, 17], [Property: ServiceRecord.ServiceID (Guid) Required FK Index, 18], [Property: ServiceRecord.Status (string) Required, 19] }
            10 -> Dictionary<IProperty, int> { [Property: Service.ServiceID (Guid) Required PK AfterSave:Throw ValueGenerated.OnAdd, 6], [Property: Service.Description (string) Required, 20], [Property: Service.IsDeleted (bool) Required, 21], [Property: Service.VehicleID (Guid) Required FK Index, 22] }
            11 -> Dictionary<IProperty, int> { [Property: ServiceServiceCategory (Dictionary<string, object>).ServiceCategoriesCategoryID (no field, Guid) Indexer Required PK FK AfterSave:Throw, 23], [Property: ServiceServiceCategory (Dictionary<string, object>).ServicesServiceID (no field, Guid) Indexer Required PK FK Index AfterSave:Throw, 24] }
            12 -> Dictionary<IProperty, int> { [Property: ServiceCategory.CategoryID (Guid) Required PK AfterSave:Throw ValueGenerated.OnAdd, 25], [Property: ServiceCategory.Amount (float) Required, 26], [Property: ServiceCategory.Name (string) Required, 27], [Property: ServiceCategory.Status (string) Required, 28] }
            13 -> 23
            14 -> 24
            15 -> 25
            16 -> Dictionary<IProperty, int> { [Property: Vehicle.VehicleID (Guid) Required PK AfterSave:Throw ValueGenerated.OnAdd, 7], [Property: Vehicle.IsDeleted (bool) Required, 29], [Property: Vehicle.VechicleManufacturer (string) Required, 30], [Property: Vehicle.VehicleModel (string) Required, 31], [Property: Vehicle.VehicleNo (string) Required, 32], [Property: Vehicle.VehicleType (string) Required, 33] }
            17 -> Dictionary<IProperty, int> { [Property: Customer.CustomerID (Guid) Required PK AfterSave:Throw ValueGenerated.OnAdd, 8], [Property: Customer.Email (string) Required FK Index, 34], [Property: Customer.Name (string) Required, 35], [Property: Customer.Phone (string) Required, 36], [Property: Customer.Status (string) Required, 37] }
            18 -> Dictionary<IProperty, int> { [Property: Mechanic.MechanicId (Guid) Required PK AfterSave:Throw ValueGenerated.OnAdd, 9], [Property: Mechanic.Email (string) Required FK Index, 38], [Property: Mechanic.Name (string) Required, 39], [Property: Mechanic.Phone (string) Required, 40], [Property: Mechanic.Status (string) Required, 41] }
        SELECT b0.BillID, b0.Amount, b0.Description, b0.ServiceRecordID, b0.Status, s.ServiceRecordID, s0.ServiceID, v.VehicleID, c.CustomerID, m.MechanicId, b1.Id, b1.Amount, b1.BillId, b1.CategoryName, s.BookingID, s.CustomerID, s.IsDeleted, s.MechanicId, s.ServiceID, s.Status, s0.Description, s0.IsDeleted, s0.VehicleID, s3.ServiceCategoriesCategoryID, s3.ServicesServiceID, s3.CategoryID, s3.Amount, s3.Name, s3.Status, v.IsDeleted, v.VechicleManufacturer, v.VehicleModel, v.VehicleNo, v.VehicleType, c.Email, c.Name, c.Phone, c.Status, m.Email, m.Name, m.Phone, m.Status
        FROM 
        (
            SELECT b.BillID, b.Amount, b.Description, b.ServiceRecordID, b.Status
            FROM Bills AS b
            OFFSET @__p_0 ROWS FETCH NEXT @__p_1 ROWS ONLY
        ) AS b0
        INNER JOIN serviceRecords AS s ON b0.ServiceRecordID == s.ServiceRecordID
        INNER JOIN Services AS s0 ON s.ServiceID == s0.ServiceID
        INNER JOIN Vehicles AS v ON s0.VehicleID == v.VehicleID
        INNER JOIN Customers AS c ON s.CustomerID == c.CustomerID
        INNER JOIN Mechanics AS m ON s.MechanicId == m.MechanicId
        LEFT JOIN BillCategoryDetail AS b1 ON b0.BillID == b1.BillId
        LEFT JOIN 
        (
            SELECT s1.ServiceCategoriesCategoryID, s1.ServicesServiceID, s2.CategoryID, s2.Amount, s2.Name, s2.Status
            FROM ServiceServiceCategory AS s1
            INNER JOIN ServiceCategories AS s2 ON s1.ServiceCategoriesCategoryID == s2.CategoryID
        ) AS s3 ON s0.ServiceID == s3.ServicesServiceID
        ORDER BY b0.BillID ASC, s.ServiceRecordID ASC, s0.ServiceID ASC, v.VehicleID ASC, c.CustomerID ASC, m.MechanicId ASC, b1.Id ASC, s3.ServiceCategoriesCategoryID ASC, s3.ServicesServiceID ASC, 
        False, 
        new HashSet<string>(
            new string[]{ }, 
            StringComparer.Ordinal
        )
    )].GetRelationalCommandTemplate(parameters), 
    readerColumns: null, 
    shaper: (queryContext, dataReader, resultContext, resultCoordinator) => 
    {
        resultContext.Values == null ? 
        {
            Bill entity;
            ServiceRecord entity;
            Service entity;
            Vehicle entity;
            Customer entity;
            Mechanic entity;
            entity = 
            {
                MaterializationContext materializationContext1;
                IEntityType entityType1;
                Bill instance1;
                InternalEntityEntry entry1;
                bool hasNullKey1;
                materializationContext1 = new MaterializationContext(
                    [LIFTABLE Constant: ValueBuffer | Resolver: _ => (object)ValueBuffer.Empty], 
                    queryContext.Context
                );
                instance1 = default(Bill);
                entry1 = queryContext.TryGetEntry(
                    key: [LIFTABLE Constant: Key: Bill.BillID PK | Resolver: c => c.Dependencies.Model.FindEntityType(\"VSM.Models.Bill\").FindPrimaryKey()], 
                    keyValues: new object[]{ (object)dataReader.GetGuid(0) }, 
                    throwOnNullKey: True, 
                    hasNullKey: hasNullKey1);
                !(hasNullKey1) ? entry1 != default(InternalEntityEntry) ? 
                {
                    entityType1 = entry1.EntityType;
                    return instance1 = (Bill)entry1.Entity;
                } : 
                {
                    ISnapshot shadowSnapshot1;
                    shadowSnapshot1 = [LIFTABLE Constant: Snapshot | Resolver: _ => Snapshot.Empty];
                    entityType1 = [LIFTABLE Constant: EntityType: Bill | Resolver: namelessParameter{0} => namelessParameter{0}.Dependencies.Model.FindEntityType(\"VSM.Models.Bill\")];
                    instance1 = switch (entityType1)
                    {
                        case [LIFTABLE Constant: EntityType: Bill | Resolver: namelessParameter{1} => namelessParameter{1}.Dependencies.Model.FindEntityType(\"VSM.Models.Bill\")]: 
                            {
                                return 
                                {
                                    Bill instance;
                                    instance = new Bill();
                                    instance.<BillID>k__BackingField = dataReader.GetGuid(0);
                                    instance.<Amount>k__BackingField = dataReader.GetFloat(1);
                                    instance.<Description>k__BackingField = dataReader.GetString(2);
                                    instance.<ServiceRecordID>k__BackingField = dataReader.GetGuid(3);
                                    instance.<Status>k__BackingField = dataReader.GetString(4);
                                    (instance is IInjectableService) ? ((IInjectableService)instance).Injected(
                                        context: materializationContext1.Context, 
                                        entity: instance, 
                                        queryTrackingBehavior: TrackAll, 
                                        structuralType: [LIFTABLE Constant: EntityType: Bill | Resolver: namelessParameter{2} => namelessParameter{2}.Dependencies.Model.FindEntityType(\"VSM.Models.Bill\")]) : default(void);
                                    return instance;
                                }}
                        default: 
                            default(Bill)
                    }
                    ;
                    entry1 = entityType1 == default(IEntityType) ? default(InternalEntityEntry) : queryContext.StartTracking(
                        entityType: entityType1, 
                        entity: instance1, 
                        snapshot: shadowSnapshot1);
                    return instance1;
                } : default(void);
                return instance1;
            };
            entity = 
            {
                MaterializationContext materializationContext3;
                IEntityType entityType3;
                ServiceRecord instance3;
                InternalEntityEntry entry3;
                bool hasNullKey3;
                materializationContext3 = new MaterializationContext(
                    [LIFTABLE Constant: ValueBuffer | Resolver: _ => (object)ValueBuffer.Empty], 
                    queryContext.Context
                );
                instance3 = default(ServiceRecord);
                entry3 = queryContext.TryGetEntry(
                    key: [LIFTABLE Constant: Key: ServiceRecord.ServiceRecordID PK | Resolver: c => c.Dependencies.Model.FindEntityType(\"VSM.Models.ServiceRecord\").FindPrimaryKey()], 
                    keyValues: new object[]{ (object)dataReader.GetGuid(5) }, 
                    throwOnNullKey: True, 
                    hasNullKey: hasNullKey3);
                !(hasNullKey3) ? entry3 != default(InternalEntityEntry) ? 
                {
                    entityType3 = entry3.EntityType;
                    return instance3 = (ServiceRecord)entry3.Entity;
                } : 
                {
                    ISnapshot shadowSnapshot3;
                    shadowSnapshot3 = [LIFTABLE Constant: Snapshot | Resolver: _ => Snapshot.Empty];
                    entityType3 = [LIFTABLE Constant: EntityType: ServiceRecord | Resolver: namelessParameter{3} => namelessParameter{3}.Dependencies.Model.FindEntityType(\"VSM.Models.ServiceRecord\")];
                    instance3 = switch (entityType3)
                    {
                        case [LIFTABLE Constant: EntityType: ServiceRecord | Resolver: namelessParameter{4} => namelessParameter{4}.Dependencies.Model.FindEntityType(\"VSM.Models.ServiceRecord\")]: 
                            {
                                return 
                                {
                                    ServiceRecord instance;
                                    instance = new ServiceRecord();
                                    instance.<ServiceRecordID>k__BackingField = dataReader.GetGuid(5);
                                    instance.<BookingID>k__BackingField = dataReader.GetGuid(14);
                                    instance.<CustomerID>k__BackingField = dataReader.GetGuid(15);
                                    instance.<IsDeleted>k__BackingField = dataReader.GetBoolean(16);
                                    instance.<MechanicId>k__BackingField = dataReader.GetGuid(17);
                                    instance.<ServiceID>k__BackingField = dataReader.GetGuid(18);
                                    instance.<Status>k__BackingField = dataReader.GetString(19);
                                    (instance is IInjectableService) ? ((IInjectableService)instance).Injected(
                                        context: materializationContext3.Context, 
                                        entity: instance, 
                                        queryTrackingBehavior: TrackAll, 
                                        structuralType: [LIFTABLE Constant: EntityType: ServiceRecord | Resolver: namelessParameter{5} => namelessParameter{5}.Dependencies.Model.FindEntityType(\"VSM.Models.ServiceRecord\")]) : default(void);
                                    return instance;
                                }}
                        default: 
                            default(ServiceRecord)
                    }
                    ;
                    entry3 = entityType3 == default(IEntityType) ? default(InternalEntityEntry) : queryContext.StartTracking(
                        entityType: entityType3, 
                        entity: instance3, 
                        snapshot: shadowSnapshot3);
                    return instance3;
                } : default(void);
                return instance3;
            };
            entity = 
            {
                MaterializationContext materializationContext4;
                IEntityType entityType4;
                Service instance4;
                InternalEntityEntry entry4;
                bool hasNullKey4;
                materializationContext4 = new MaterializationContext(
                    [LIFTABLE Constant: ValueBuffer | Resolver: _ => (object)ValueBuffer.Empty], 
                    queryContext.Context
                );
                instance4 = default(Service);
                entry4 = queryContext.TryGetEntry(
                    key: [LIFTABLE Constant: Key: Service.ServiceID PK | Resolver: c => c.Dependencies.Model.FindEntityType(\"VSM.Models.Service\").FindPrimaryKey()], 
                    keyValues: new object[]{ (object)dataReader.GetGuid(6) }, 
                    throwOnNullKey: True, 
                    hasNullKey: hasNullKey4);
                !(hasNullKey4) ? entry4 != default(InternalEntityEntry) ? 
                {
                    entityType4 = entry4.EntityType;
                    return instance4 = (Service)entry4.Entity;
                } : 
                {
                    ISnapshot shadowSnapshot4;
                    shadowSnapshot4 = [LIFTABLE Constant: Snapshot | Resolver: _ => Snapshot.Empty];
                    entityType4 = [LIFTABLE Constant: EntityType: Service | Resolver: namelessParameter{6} => namelessParameter{6}.Dependencies.Model.FindEntityType(\"VSM.Models.Service\")];
                    instance4 = switch (entityType4)
                    {
                        case [LIFTABLE Constant: EntityType: Service | Resolver: namelessParameter{7} => namelessParameter{7}.Dependencies.Model.FindEntityType(\"VSM.Models.Service\")]: 
                            {
                                return 
                                {
                                    Service instance;
                                    instance = new Service();
                                    instance.<ServiceID>k__BackingField = dataReader.GetGuid(6);
                                    instance.<Description>k__BackingField = dataReader.GetString(20);
                                    instance.<IsDeleted>k__BackingField = dataReader.GetBoolean(21);
                                    instance.<VehicleID>k__BackingField = dataReader.GetGuid(22);
                                    (instance is IInjectableService) ? ((IInjectableService)instance).Injected(
                                        context: materializationContext4.Context, 
                                        entity: instance, 
                                        queryTrackingBehavior: TrackAll, 
                                        structuralType: [LIFTABLE Constant: EntityType: Service | Resolver: namelessParameter{8} => namelessParameter{8}.Dependencies.Model.FindEntityType(\"VSM.Models.Service\")]) : default(void);
                                    return instance;
                                }}
                        default: 
                            default(Service)
                    }
                    ;
                    entry4 = entityType4 == default(IEntityType) ? default(InternalEntityEntry) : queryContext.StartTracking(
                        entityType: entityType4, 
                        entity: instance4, 
                        snapshot: shadowSnapshot4);
                    return instance4;
                } : default(void);
                return instance4;
            };
            entity = 
            {
                MaterializationContext materializationContext7;
                IEntityType entityType7;
                Vehicle instance7;
                InternalEntityEntry entry7;
                bool hasNullKey7;
                materializationContext7 = new MaterializationContext(
                    [LIFTABLE Constant: ValueBuffer | Resolver: _ => (object)ValueBuffer.Empty], 
                    queryContext.Context
                );
                instance7 = default(Vehicle);
                entry7 = queryContext.TryGetEntry(
                    key: [LIFTABLE Constant: Key: Vehicle.VehicleID PK | Resolver: c => c.Dependencies.Model.FindEntityType(\"VSM.Models.Vehicle\").FindPrimaryKey()], 
                    keyValues: new object[]{ (object)dataReader.GetGuid(7) }, 
                    throwOnNullKey: True, 
                    hasNullKey: hasNullKey7);
                !(hasNullKey7) ? entry7 != default(InternalEntityEntry) ? 
                {
                    entityType7 = entry7.EntityType;
                    return instance7 = (Vehicle)entry7.Entity;
                } : 
                {
                    ISnapshot shadowSnapshot7;
                    shadowSnapshot7 = [LIFTABLE Constant: Snapshot | Resolver: _ => Snapshot.Empty];
                    entityType7 = [LIFTABLE Constant: EntityType: Vehicle | Resolver: namelessParameter{9} => namelessParameter{9}.Dependencies.Model.FindEntityType(\"VSM.Models.Vehicle\")];
                    instance7 = switch (entityType7)
                    {
                        case [LIFTABLE Constant: EntityType: Vehicle | Resolver: namelessParameter{10} => namelessParameter{10}.Dependencies.Model.FindEntityType(\"VSM.Models.Vehicle\")]: 
                            {
                                return 
                                {
                                    Vehicle instance;
                                    instance = new Vehicle();
                                    instance.<VehicleID>k__BackingField = dataReader.GetGuid(7);
                                    instance.<IsDeleted>k__BackingField = dataReader.GetBoolean(29);
                                    instance.<VechicleManufacturer>k__BackingField = dataReader.GetString(30);
                                    instance.<VehicleModel>k__BackingField = dataReader.GetString(31);
                                    instance.<VehicleNo>k__BackingField = dataReader.GetString(32);
                                    instance.<VehicleType>k__BackingField = dataReader.GetString(33);
                                    (instance is IInjectableService) ? ((IInjectableService)instance).Injected(
                                        context: materializationContext7.Context, 
                                        entity: instance, 
                                        queryTrackingBehavior: TrackAll, 
                                        structuralType: [LIFTABLE Constant: EntityType: Vehicle | Resolver: namelessParameter{11} => namelessParameter{11}.Dependencies.Model.FindEntityType(\"VSM.Models.Vehicle\")]) : default(void);
                                    return instance;
                                }}
                        default: 
                            default(Vehicle)
                    }
                    ;
                    entry7 = entityType7 == default(IEntityType) ? default(InternalEntityEntry) : queryContext.StartTracking(
                        entityType: entityType7, 
                        entity: instance7, 
                        snapshot: shadowSnapshot7);
                    return instance7;
                } : default(void);
                return instance7;
            };
            entity = 
            {
                MaterializationContext materializationContext8;
                IEntityType entityType8;
                Customer instance8;
                InternalEntityEntry entry8;
                bool hasNullKey8;
                materializationContext8 = new MaterializationContext(
                    [LIFTABLE Constant: ValueBuffer | Resolver: _ => (object)ValueBuffer.Empty], 
                    queryContext.Context
                );
                instance8 = default(Customer);
                entry8 = queryContext.TryGetEntry(
                    key: [LIFTABLE Constant: Key: Customer.CustomerID PK | Resolver: c => c.Dependencies.Model.FindEntityType(\"VSM.Models.Customer\").FindPrimaryKey()], 
                    keyValues: new object[]{ (object)dataReader.GetGuid(8) }, 
                    throwOnNullKey: True, 
                    hasNullKey: hasNullKey8);
                !(hasNullKey8) ? entry8 != default(InternalEntityEntry) ? 
                {
                    entityType8 = entry8.EntityType;
                    return instance8 = (Customer)entry8.Entity;
                } : 
                {
                    ISnapshot shadowSnapshot8;
                    shadowSnapshot8 = [LIFTABLE Constant: Snapshot | Resolver: _ => Snapshot.Empty];
                    entityType8 = [LIFTABLE Constant: EntityType: Customer | Resolver: namelessParameter{12} => namelessParameter{12}.Dependencies.Model.FindEntityType(\"VSM.Models.Customer\")];
                    instance8 = switch (entityType8)
                    {
                        case [LIFTABLE Constant: EntityType: Customer | Resolver: namelessParameter{13} => namelessParameter{13}.Dependencies.Model.FindEntityType(\"VSM.Models.Customer\")]: 
                            {
                                return 
                                {
                                    Customer instance;
                                    instance = new Customer();
                                    instance.<CustomerID>k__BackingField = dataReader.GetGuid(8);
                                    instance.<Email>k__BackingField = dataReader.GetString(34);
                                    instance.<Name>k__BackingField = dataReader.GetString(35);
                                    instance.<Phone>k__BackingField = dataReader.GetString(36);
                                    instance.<Status>k__BackingField = dataReader.GetString(37);
                                    (instance is IInjectableService) ? ((IInjectableService)instance).Injected(
                                        context: materializationContext8.Context, 
                                        entity: instance, 
                                        queryTrackingBehavior: TrackAll, 
                                        structuralType: [LIFTABLE Constant: EntityType: Customer | Resolver: namelessParameter{14} => namelessParameter{14}.Dependencies.Model.FindEntityType(\"VSM.Models.Customer\")]) : default(void);
                                    return instance;
                                }}
                        default: 
                            default(Customer)
                    }
                    ;
                    entry8 = entityType8 == default(IEntityType) ? default(InternalEntityEntry) : queryContext.StartTracking(
                        entityType: entityType8, 
                        entity: instance8, 
                        snapshot: shadowSnapshot8);
                    return instance8;
                } : default(void);
                return instance8;
            };
            entity = 
            {
                MaterializationContext materializationContext9;
                IEntityType entityType9;
                Mechanic instance9;
                InternalEntityEntry entry9;
                bool hasNullKey9;
                materializationContext9 = new MaterializationContext(
                    [LIFTABLE Constant: ValueBuffer | Resolver: _ => (object)ValueBuffer.Empty], 
                    queryContext.Context
                );
                instance9 = default(Mechanic);
                entry9 = queryContext.TryGetEntry(
                    key: [LIFTABLE Constant: Key: Mechanic.MechanicId PK | Resolver: c => c.Dependencies.Model.FindEntityType(\"VSM.Models.Mechanic\").FindPrimaryKey()], 
                    keyValues: new object[]{ (object)dataReader.GetGuid(9) }, 
                    throwOnNullKey: True, 
                    hasNullKey: hasNullKey9);
                !(hasNullKey9) ? entry9 != default(InternalEntityEntry) ? 
                {
                    entityType9 = entry9.EntityType;
                    return instance9 = (Mechanic)entry9.Entity;
                } : 
                {
                    ISnapshot shadowSnapshot9;
                    shadowSnapshot9 = [LIFTABLE Constant: Snapshot | Resolver: _ => Snapshot.Empty];
                    entityType9 = [LIFTABLE Constant: EntityType: Mechanic | Resolver: namelessParameter{15} => namelessParameter{15}.Dependencies.Model.FindEntityType(\"VSM.Models.Mechanic\")];
                    instance9 = switch (entityType9)
                    {
                        case [LIFTABLE Constant: EntityType: Mechanic | Resolver: namelessParameter{16} => namelessParameter{16}.Dependencies.Model.FindEntityType(\"VSM.Models.Mechanic\")]: 
                            {
                                return 
                                {
                                    Mechanic instance;
                                    instance = new Mechanic();
                                    instance.<MechanicId>k__BackingField = dataReader.GetGuid(9);
                                    instance.<Email>k__BackingField = dataReader.GetString(38);
                                    instance.<Name>k__BackingField = dataReader.GetString(39);
                                    instance.<Phone>k__BackingField = dataReader.GetString(40);
                                    instance.<Status>k__BackingField = dataReader.GetString(41);
                                    (instance is IInjectableService) ? ((IInjectableService)instance).Injected(
                                        context: materializationContext9.Context, 
                                        entity: instance, 
                                        queryTrackingBehavior: TrackAll, 
                                        structuralType: [LIFTABLE Constant: EntityType: Mechanic | Resolver: namelessParameter{17} => namelessParameter{17}.Dependencies.Model.FindEntityType(\"VSM.Models.Mechanic\")]) : default(void);
                                    return instance;
                                }}
                        default: 
                            default(Mechanic)
                    }
                    ;
                    entry9 = entityType9 == default(IEntityType) ? default(InternalEntityEntry) : queryContext.StartTracking(
                        entityType: entityType9, 
                        entity: instance9, 
                        snapshot: shadowSnapshot9);
                    return instance9;
                } : default(void);
                return instance9;
            };
            resultContext.Values = new object[]
            { 
                entity, 
                entity, 
                entity, 
                entity, 
                entity, 
                entity 
            };
            ShaperProcessingExpressionVisitor.InitializeIncludeCollection<Bill, Bill>(
                collectionId: 0, 
                queryContext: queryContext, 
                dbDataReader: dataReader, 
                resultCoordinator: resultCoordinator, 
                entity: (Bill)(resultContext.Values[0]), 
                parentIdentifier: [LIFTABLE Constant: Func<QueryContext, DbDataReader, object[]> | Resolver: _ => (queryContext, dataReader) => new object[]
                { 
                    (object)(Guid?)dataReader.GetGuid(0), 
                    (object)(Guid?)dataReader.GetGuid(5), 
                    (object)(Guid?)dataReader.GetGuid(6), 
                    (object)(Guid?)dataReader.GetGuid(7), 
                    (object)(Guid?)dataReader.GetGuid(8), 
                    (object)(Guid?)dataReader.GetGuid(9) 
                }], 
                outerIdentifier: [LIFTABLE Constant: Func<QueryContext, DbDataReader, object[]> | Resolver: _ => (queryContext, dataReader) => new object[]
                { 
                    (object)(Guid?)dataReader.GetGuid(0), 
                    (object)(Guid?)dataReader.GetGuid(5), 
                    (object)(Guid?)dataReader.GetGuid(6), 
                    (object)(Guid?)dataReader.GetGuid(7), 
                    (object)(Guid?)dataReader.GetGuid(8), 
                    (object)(Guid?)dataReader.GetGuid(9) 
                }], 
                navigation: [LIFTABLE Constant: Navigation: Bill.CategoryDetails (ICollection<BillCategoryDetail>) Collection ToDependent BillCategoryDetail Inverse: Bill | Resolver: namelessParameter{18} => namelessParameter{18}.Dependencies.Model.FindEntityType(\"VSM.Models.Bill\").FindNavigation(\"CategoryDetails\")], 
                clrCollectionAccessor: [LIFTABLE Constant: ClrICollectionAccessor<Bill, ICollection<BillCategoryDetail>, BillCategoryDetail> | Resolver: namelessParameter{19} => namelessParameter{19}.Dependencies.Model.FindEntityType(\"VSM.Models.Bill\").FindNavigation(\"CategoryDetails\").GetCollectionAccessor()], 
                trackingQuery: True, 
                setLoaded: True);
            ShaperProcessingExpressionVisitor.InitializeIncludeCollection<Service, Service>(
                collectionId: 1, 
                queryContext: queryContext, 
                dbDataReader: dataReader, 
                resultCoordinator: resultCoordinator, 
                entity: (Service)(resultContext.Values[2]), 
                parentIdentifier: [LIFTABLE Constant: Func<QueryContext, DbDataReader, object[]> | Resolver: _ => (queryContext, dataReader) => new object[]
                { 
                    (object)(Guid?)dataReader.GetGuid(0), 
                    (object)(Guid?)dataReader.GetGuid(5), 
                    (object)(Guid?)dataReader.GetGuid(6), 
                    (object)(Guid?)dataReader.GetGuid(7), 
                    (object)(Guid?)dataReader.GetGuid(8), 
                    (object)(Guid?)dataReader.GetGuid(9) 
                }], 
                outerIdentifier: [LIFTABLE Constant: Func<QueryContext, DbDataReader, object[]> | Resolver: _ => (queryContext, dataReader) => new object[]
                { 
                    (object)(Guid?)dataReader.GetGuid(0), 
                    (object)(Guid?)dataReader.GetGuid(5), 
                    (object)(Guid?)dataReader.GetGuid(6), 
                    (object)(Guid?)dataReader.GetGuid(7), 
                    (object)(Guid?)dataReader.GetGuid(8), 
                    (object)(Guid?)dataReader.GetGuid(9), 
                    (object)dataReader.IsDBNull(10) ? default(Guid?) : (Guid?)dataReader.GetGuid(10) 
                }], 
                navigation: [LIFTABLE Constant: SkipNavigation: Service.ServiceCategories (ICollection<ServiceCategory>) CollectionServiceCategory Inverse: Services | Resolver: namelessParameter{20} => namelessParameter{20}.Dependencies.Model.FindEntityType(\"VSM.Models.Service\").FindSkipNavigation(\"ServiceCategories\")], 
                clrCollectionAccessor: [LIFTABLE Constant: ClrICollectionAccessor<Service, ICollection<ServiceCategory>, ServiceCategory> | Resolver: namelessParameter{21} => namelessParameter{21}.Dependencies.Model.FindEntityType(\"VSM.Models.Service\").FindSkipNavigation(\"ServiceCategories\").GetCollectionAccessor()], 
                trackingQuery: True, 
                setLoaded: True);
            ShaperProcessingExpressionVisitor.IncludeReference<Service, Service, Vehicle>(
                queryContext: queryContext, 
                entity: (Service)(resultContext.Values[2]), 
                relatedEntity: (Vehicle)(resultContext.Values[3]), 
                navigation: [LIFTABLE Constant: Navigation: Service.Vehicle (Vehicle) ToPrincipal Vehicle Inverse: Services | Resolver: namelessParameter{22} => namelessParameter{22}.Dependencies.Model.FindEntityType(\"VSM.Models.Service\").FindNavigation(\"Vehicle\")], 
                inverseNavigation: [LIFTABLE Constant: Navigation: Vehicle.Services (ICollection<Service>) Collection ToDependent Service Inverse: Vehicle | Resolver: namelessParameter{23} => namelessParameter{23}.Dependencies.Model.FindEntityType(\"VSM.Models.Vehicle\").FindNavigation(\"Services\")], 
                fixup: (namelessParameter{24}, namelessParameter{25}) => 
                {
                    namelessParameter{24}.<Vehicle>k__BackingField = namelessParameter{25};
                    return [LIFTABLE Constant: ClrICollectionAccessor<Vehicle, ICollection<Service>, Service> | Resolver: namelessParameter{26} => namelessParameter{26}.Dependencies.Model.FindEntityType(\"VSM.Models.Vehicle\").FindNavigation(\"Services\").GetCollectionAccessor()].Add(
                        entity: namelessParameter{25}, 
                        value: namelessParameter{24}, 
                        forMaterialization: True);
                }, 
                trackingQuery: True);
            ShaperProcessingExpressionVisitor.IncludeReference<ServiceRecord, ServiceRecord, Service>(
                queryContext: queryContext, 
                entity: (ServiceRecord)(resultContext.Values[1]), 
                relatedEntity: (Service)(resultContext.Values[2]), 
                navigation: [LIFTABLE Constant: Navigation: ServiceRecord.Service (Service) ToPrincipal Service Inverse: ServiceRecord | Resolver: namelessParameter{27} => namelessParameter{27}.Dependencies.Model.FindEntityType(\"VSM.Models.ServiceRecord\").FindNavigation(\"Service\")], 
                inverseNavigation: [LIFTABLE Constant: Navigation: Service.ServiceRecord (ServiceRecord) ToDependent ServiceRecord Inverse: Service | Resolver: namelessParameter{28} => namelessParameter{28}.Dependencies.Model.FindEntityType(\"VSM.Models.Service\").FindNavigation(\"ServiceRecord\")], 
                fixup: (namelessParameter{29}, namelessParameter{30}) => 
                {
                    namelessParameter{29}.<Service>k__BackingField = namelessParameter{30};
                    return namelessParameter{30}.<ServiceRecord>k__BackingField = namelessParameter{29};
                }, 
                trackingQuery: True);
            ShaperProcessingExpressionVisitor.IncludeReference<ServiceRecord, ServiceRecord, Customer>(
                queryContext: queryContext, 
                entity: (ServiceRecord)(resultContext.Values[1]), 
                relatedEntity: (Customer)(resultContext.Values[4]), 
                navigation: [LIFTABLE Constant: Navigation: ServiceRecord.Customer (Customer) ToPrincipal Customer Inverse: ServiceRecords | Resolver: namelessParameter{31} => namelessParameter{31}.Dependencies.Model.FindEntityType(\"VSM.Models.ServiceRecord\").FindNavigation(\"Customer\")], 
                inverseNavigation: [LIFTABLE Constant: Navigation: Customer.ServiceRecords (ICollection<ServiceRecord>) Collection ToDependent ServiceRecord Inverse: Customer | Resolver: namelessParameter{32} => namelessParameter{32}.Dependencies.Model.FindEntityType(\"VSM.Models.Customer\").FindNavigation(\"ServiceRecords\")], 
                fixup: (namelessParameter{33}, namelessParameter{34}) => 
                {
                    namelessParameter{33}.<Customer>k__BackingField = namelessParameter{34};
                    return [LIFTABLE Constant: ClrICollectionAccessor<Customer, ICollection<ServiceRecord>, ServiceRecord> | Resolver: namelessParameter{35} => namelessParameter{35}.Dependencies.Model.FindEntityType(\"VSM.Models.Customer\").FindNavigation(\"ServiceRecords\").GetCollectionAccessor()].Add(
                        entity: namelessParameter{34}, 
                        value: namelessParameter{33}, 
                        forMaterialization: True);
                }, 
                trackingQuery: True);
            ShaperProcessingExpressionVisitor.IncludeReference<ServiceRecord, ServiceRecord, Mechanic>(
                queryContext: queryContext, 
                entity: (ServiceRecord)(resultContext.Values[1]), 
                relatedEntity: (Mechanic)(resultContext.Values[5]), 
                navigation: [LIFTABLE Constant: Navigation: ServiceRecord.Mechanic (Mechanic) ToPrincipal Mechanic Inverse: ServiceRecords | Resolver: namelessParameter{36} => namelessParameter{36}.Dependencies.Model.FindEntityType(\"VSM.Models.ServiceRecord\").FindNavigation(\"Mechanic\")], 
                inverseNavigation: [LIFTABLE Constant: Navigation: Mechanic.ServiceRecords (ICollection<ServiceRecord>) Collection ToDependent ServiceRecord Inverse: Mechanic | Resolver: namelessParameter{37} => namelessParameter{37}.Dependencies.Model.FindEntityType(\"VSM.Models.Mechanic\").FindNavigation(\"ServiceRecords\")], 
                fixup: (namelessParameter{38}, namelessParameter{39}) => 
                {
                    namelessParameter{38}.<Mechanic>k__BackingField = namelessParameter{39};
                    return [LIFTABLE Constant: ClrICollectionAccessor<Mechanic, ICollection<ServiceRecord>, ServiceRecord> | Resolver: namelessParameter{40} => namelessParameter{40}.Dependencies.Model.FindEntityType(\"VSM.Models.Mechanic\").FindNavigation(\"ServiceRecords\").GetCollectionAccessor()].Add(
                        entity: namelessParameter{39}, 
                        value: namelessParameter{38}, 
                        forMaterialization: True);
                }, 
                trackingQuery: True);
            ShaperProcessingExpressionVisitor.IncludeReference<Bill, Bill, ServiceRecord>(
                queryContext: queryContext, 
                entity: (Bill)(resultContext.Values[0]), 
                relatedEntity: (ServiceRecord)(resultContext.Values[1]), 
                navigation: [LIFTABLE Constant: Navigation: Bill.ServiceRecord (ServiceRecord) ToPrincipal ServiceRecord Inverse: Bill | Resolver: namelessParameter{41} => namelessParameter{41}.Dependencies.Model.FindEntityType(\"VSM.Models.Bill\").FindNavigation(\"ServiceRecord\")], 
                inverseNavigation: [LIFTABLE Constant: Navigation: ServiceRecord.Bill (Bill) ToDependent Bill Inverse: ServiceRecord | Resolver: namelessParameter{42} => namelessParameter{42}.Dependencies.Model.FindEntityType(\"VSM.Models.ServiceRecord\").FindNavigation(\"Bill\")], 
                fixup: (namelessParameter{43}, namelessParameter{44}) => 
                {
                    namelessParameter{43}.<ServiceRecord>k__BackingField = namelessParameter{44};
                    return namelessParameter{44}.<Bill>k__BackingField = namelessParameter{43};
                }, 
                trackingQuery: True);
        } : default(void);
        ShaperProcessingExpressionVisitor.PopulateIncludeCollection<Bill, BillCategoryDetail>(
            collectionId: 0, 
            queryContext: queryContext, 
            dbDataReader: dataReader, 
            resultCoordinator: resultCoordinator, 
            parentIdentifier: [LIFTABLE Constant: Func<QueryContext, DbDataReader, object[]> | Resolver: _ => (queryContext, dataReader) => new object[]
            { 
                (object)(Guid?)dataReader.GetGuid(0), 
                (object)(Guid?)dataReader.GetGuid(5), 
                (object)(Guid?)dataReader.GetGuid(6), 
                (object)(Guid?)dataReader.GetGuid(7), 
                (object)(Guid?)dataReader.GetGuid(8), 
                (object)(Guid?)dataReader.GetGuid(9) 
            }], 
            outerIdentifier: [LIFTABLE Constant: Func<QueryContext, DbDataReader, object[]> | Resolver: _ => (queryContext, dataReader) => new object[]
            { 
                (object)(Guid?)dataReader.GetGuid(0), 
                (object)(Guid?)dataReader.GetGuid(5), 
                (object)(Guid?)dataReader.GetGuid(6), 
                (object)(Guid?)dataReader.GetGuid(7), 
                (object)(Guid?)dataReader.GetGuid(8), 
                (object)(Guid?)dataReader.GetGuid(9) 
            }], 
            selfIdentifier: [LIFTABLE Constant: Func<QueryContext, DbDataReader, object[]> | Resolver: _ => (queryContext, dataReader) => new object[]{ (object)dataReader.IsDBNull(10) ? default(Guid?) : (Guid?)dataReader.GetGuid(10) }], 
            parentIdentifierValueComparers: [LIFTABLE Constant: Func<object, object, bool>[] { Func<object, object, bool>, Func<object, object, bool>, Func<object, object, bool>, Func<object, object, bool>, Func<object, object, bool>, Func<object, object, bool> } | Resolver: _ => new Func<object, object, bool>[]
            { 
                (left, right) => left == null ? right == null : right != null && (Guid)left == (Guid)right, 
                (left, right) => left == null ? right == null : right != null && (Guid)left == (Guid)right, 
                (left, right) => left == null ? right == null : right != null && (Guid)left == (Guid)right, 
                (left, right) => left == null ? right == null : right != null && (Guid)left == (Guid)right, 
                (left, right) => left == null ? right == null : right != null && (Guid)left == (Guid)right, 
                (left, right) => left == null ? right == null : right != null && (Guid)left == (Guid)right 
            }], 
            outerIdentifierValueComparers: [LIFTABLE Constant: Func<object, object, bool>[] { Func<object, object, bool>, Func<object, object, bool>, Func<object, object, bool>, Func<object, object, bool>, Func<object, object, bool>, Func<object, object, bool> } | Resolver: _ => new Func<object, object, bool>[]
            { 
                (left, right) => left == null ? right == null : right != null && (Guid)left == (Guid)right, 
                (left, right) => left == null ? right == null : right != null && (Guid)left == (Guid)right, 
                (left, right) => left == null ? right == null : right != null && (Guid)left == (Guid)right, 
                (left, right) => left == null ? right == null : right != null && (Guid)left == (Guid)right, 
                (left, right) => left == null ? right == null : right != null && (Guid)left == (Guid)right, 
                (left, right) => left == null ? right == null : right != null && (Guid)left == (Guid)right 
            }], 
            selfIdentifierValueComparers: [LIFTABLE Constant: Func<object, object, bool>[] { Func<object, object, bool> } | Resolver: _ => new Func<object, object, bool>[]{ (left, right) => left == null ? right == null : right != null && (Guid)left == (Guid)right }], 
            innerShaper: (queryContext, dataReader, resultContext, resultCoordinator) => 
            {
                BillCategoryDetail entity;
                entity = 
                {
                    MaterializationContext materializationContext2;
                    IEntityType entityType2;
                    BillCategoryDetail instance2;
                    InternalEntityEntry entry2;
                    bool hasNullKey2;
                    materializationContext2 = new MaterializationContext(
                        [LIFTABLE Constant: ValueBuffer | Resolver: _ => (object)ValueBuffer.Empty], 
                        queryContext.Context
                    );
                    instance2 = default(BillCategoryDetail);
                    entry2 = queryContext.TryGetEntry(
                        key: [LIFTABLE Constant: Key: BillCategoryDetail.Id PK | Resolver: c => c.Dependencies.Model.FindEntityType(\"VSM.Models.BillCategoryDetail\").FindPrimaryKey()], 
                        keyValues: new object[]{ dataReader.IsDBNull(10) ? default(object) : (object)dataReader.GetGuid(10) }, 
                        throwOnNullKey: False, 
                        hasNullKey: hasNullKey2);
                    !(hasNullKey2) ? entry2 != default(InternalEntityEntry) ? 
                    {
                        entityType2 = entry2.EntityType;
                        return instance2 = (BillCategoryDetail)entry2.Entity;
                    } : 
                    {
                        ISnapshot shadowSnapshot2;
                        shadowSnapshot2 = [LIFTABLE Constant: Snapshot | Resolver: _ => Snapshot.Empty];
                        entityType2 = [LIFTABLE Constant: EntityType: BillCategoryDetail | Resolver: namelessParameter{45} => namelessParameter{45}.Dependencies.Model.FindEntityType(\"VSM.Models.BillCategoryDetail\")];
                        instance2 = switch (entityType2)
                        {
                            case [LIFTABLE Constant: EntityType: BillCategoryDetail | Resolver: namelessParameter{46} => namelessParameter{46}.Dependencies.Model.FindEntityType(\"VSM.Models.BillCategoryDetail\")]: 
                                {
                                    return 
                                    {
                                        BillCategoryDetail instance;
                                        instance = new BillCategoryDetail();
                                        instance.<Id>k__BackingField = dataReader.IsDBNull(10) ? default(Guid) : dataReader.GetGuid(10);
                                        instance.<Amount>k__BackingField = dataReader.IsDBNull(11) ? default(float) : dataReader.GetFloat(11);
                                        instance.<BillId>k__BackingField = dataReader.IsDBNull(12) ? default(Guid) : dataReader.GetGuid(12);
                                        instance.<CategoryName>k__BackingField = dataReader.IsDBNull(13) ? default(string) : dataReader.GetString(13);
                                        (instance is IInjectableService) ? ((IInjectableService)instance).Injected(
                                            context: materializationContext2.Context, 
                                            entity: instance, 
                                            queryTrackingBehavior: TrackAll, 
                                            structuralType: [LIFTABLE Constant: EntityType: BillCategoryDetail | Resolver: namelessParameter{47} => namelessParameter{47}.Dependencies.Model.FindEntityType(\"VSM.Models.BillCategoryDetail\")]) : default(void);
                                        return instance;
                                    }}
                            default: 
                                default(BillCategoryDetail)
                        }
                        ;
                        entry2 = entityType2 == default(IEntityType) ? default(InternalEntityEntry) : queryContext.StartTracking(
                            entityType: entityType2, 
                            entity: instance2, 
                            snapshot: shadowSnapshot2);
                        return instance2;
                    } : default(void);
                    return instance2;
                };
                return entity;
            }, 
            inverseNavigation: [LIFTABLE Constant: Navigation: BillCategoryDetail.Bill (Bill) ToPrincipal Bill Inverse: CategoryDetails | Resolver: namelessParameter{48} => namelessParameter{48}.Dependencies.Model.FindEntityType(\"VSM.Models.BillCategoryDetail\").FindNavigation(\"Bill\")], 
            fixup: (namelessParameter{49}, namelessParameter{50}) => 
            {
                [LIFTABLE Constant: ClrICollectionAccessor<Bill, ICollection<BillCategoryDetail>, BillCategoryDetail> | Resolver: namelessParameter{51} => namelessParameter{51}.Dependencies.Model.FindEntityType(\"VSM.Models.Bill\").FindNavigation(\"CategoryDetails\").GetCollectionAccessor()].Add(
                    entity: namelessParameter{49}, 
                    value: namelessParameter{50}, 
                    forMaterialization: True);
                return namelessParameter{50}.<Bill>k__BackingField = namelessParameter{49};
            }, 
            trackingQuery: True);
        ShaperProcessingExpressionVisitor.PopulateIncludeCollection<Service, ServiceCategory>(
            collectionId: 1, 
            queryContext: queryContext, 
            dbDataReader: dataReader, 
            resultCoordinator: resultCoordinator, 
            parentIdentifier: [LIFTABLE Constant: Func<QueryContext, DbDataReader, object[]> | Resolver: _ => (queryContext, dataReader) => new object[]
            { 
                (object)(Guid?)dataReader.GetGuid(0), 
                (object)(Guid?)dataReader.GetGuid(5), 
                (object)(Guid?)dataReader.GetGuid(6), 
                (object)(Guid?)dataReader.GetGuid(7), 
                (object)(Guid?)dataReader.GetGuid(8), 
                (object)(Guid?)dataReader.GetGuid(9) 
            }], 
            outerIdentifier: [LIFTABLE Constant: Func<QueryContext, DbDataReader, object[]> | Resolver: _ => (queryContext, dataReader) => new object[]
            { 
                (object)(Guid?)dataReader.GetGuid(0), 
                (object)(Guid?)dataReader.GetGuid(5), 
                (object)(Guid?)dataReader.GetGuid(6), 
                (object)(Guid?)dataReader.GetGuid(7), 
                (object)(Guid?)dataReader.GetGuid(8), 
                (object)(Guid?)dataReader.GetGuid(9), 
                (object)dataReader.IsDBNull(10) ? default(Guid?) : (Guid?)dataReader.GetGuid(10) 
            }], 
            selfIdentifier: [LIFTABLE Constant: Func<QueryContext, DbDataReader, object[]> | Resolver: _ => (queryContext, dataReader) => new object[]
            { 
                (object)dataReader.IsDBNull(23) ? default(Guid?) : (Guid?)dataReader.GetGuid(23), 
                (object)dataReader.IsDBNull(24) ? default(Guid?) : (Guid?)dataReader.GetGuid(24), 
                (object)dataReader.IsDBNull(25) ? default(Guid?) : (Guid?)dataReader.GetGuid(25) 
            }], 
            parentIdentifierValueComparers: [LIFTABLE Constant: Func<object, object, bool>[] { Func<object, object, bool>, Func<object, object, bool>, Func<object, object, bool>, Func<object, object, bool>, Func<object, object, bool>, Func<object, object, bool> } | Resolver: _ => new Func<object, object, bool>[]
            { 
                (left, right) => left == null ? right == null : right != null && (Guid)left == (Guid)right, 
                (left, right) => left == null ? right == null : right != null && (Guid)left == (Guid)right, 
                (left, right) => left == null ? right == null : right != null && (Guid)left == (Guid)right, 
                (left, right) => left == null ? right == null : right != null && (Guid)left == (Guid)right, 
                (left, right) => left == null ? right == null : right != null && (Guid)left == (Guid)right, 
                (left, right) => left == null ? right == null : right != null && (Guid)left == (Guid)right 
            }], 
            outerIdentifierValueComparers: [LIFTABLE Constant: Func<object, object, bool>[] { Func<object, object, bool>, Func<object, object, bool>, Func<object, object, bool>, Func<object, object, bool>, Func<object, object, bool>, Func<object, object, bool>, Func<object, object, bool> } | Resolver: _ => new Func<object, object, bool>[]
            { 
                (left, right) => left == null ? right == null : right != null && (Guid)left == (Guid)right, 
                (left, right) => left == null ? right == null : right != null && (Guid)left == (Guid)right, 
                (left, right) => left == null ? right == null : right != null && (Guid)left == (Guid)right, 
                (left, right) => left == null ? right == null : right != null && (Guid)left == (Guid)right, 
                (left, right) => left == null ? right == null : right != null && (Guid)left == (Guid)right, 
                (left, right) => left == null ? right == null : right != null && (Guid)left == (Guid)right, 
                (left, right) => left == null ? right == null : right != null && (Guid)left == (Guid)right 
            }], 
            selfIdentifierValueComparers: [LIFTABLE Constant: Func<object, object, bool>[] { Func<object, object, bool>, Func<object, object, bool>, Func<object, object, bool> } | Resolver: _ => new Func<object, object, bool>[]
            { 
                (left, right) => left == null ? right == null : right != null && (Guid)left == (Guid)right, 
                (left, right) => left == null ? right == null : right != null && (Guid)left == (Guid)right, 
                (left, right) => left == null ? right == null : right != null && (Guid)left == (Guid)right 
            }], 
            innerShaper: (queryContext, dataReader, resultContext, resultCoordinator) => 
            {
                Dictionary<string, object> entity;
                ServiceCategory entity;
                entity = 
                {
                    MaterializationContext materializationContext5;
                    IEntityType entityType5;
                    Dictionary<string, object> instance5;
                    InternalEntityEntry entry5;
                    bool hasNullKey5;
                    materializationContext5 = new MaterializationContext(
                        [LIFTABLE Constant: ValueBuffer | Resolver: _ => (object)ValueBuffer.Empty], 
                        queryContext.Context
                    );
                    instance5 = default(Dictionary<string, object>);
                    entry5 = queryContext.TryGetEntry(
                        key: [LIFTABLE Constant: Key: ServiceServiceCategory (Dictionary<string, object>).ServiceCategoriesCategoryID, ServiceServiceCategory (Dictionary<string, object>).ServicesServiceID PK | Resolver: c => c.Dependencies.Model.FindEntityType(\"ServiceServiceCategory\").FindPrimaryKey()], 
                        keyValues: new object[]
                        { 
                            dataReader.IsDBNull(23) ? default(object) : (object)dataReader.GetGuid(23), 
                            dataReader.IsDBNull(24) ? default(object) : (object)dataReader.GetGuid(24) 
                        }, 
                        throwOnNullKey: False, 
                        hasNullKey: hasNullKey5);
                    !(hasNullKey5) ? entry5 != default(InternalEntityEntry) ? 
                    {
                        entityType5 = entry5.EntityType;
                        return instance5 = (Dictionary<string, object>)entry5.Entity;
                    } : 
                    {
                        ISnapshot shadowSnapshot5;
                        shadowSnapshot5 = [LIFTABLE Constant: Snapshot | Resolver: _ => Snapshot.Empty];
                        entityType5 = [LIFTABLE Constant: EntityType: ServiceServiceCategory (Dictionary<string, object>) CLR Type: Dictionary<string, object> | Resolver: namelessParameter{52} => namelessParameter{52}.Dependencies.Model.FindEntityType(\"ServiceServiceCategory\")];
                        instance5 = switch (entityType5)
                        {
                            case [LIFTABLE Constant: EntityType: ServiceServiceCategory (Dictionary<string, object>) CLR Type: Dictionary<string, object> | Resolver: namelessParameter{53} => namelessParameter{53}.Dependencies.Model.FindEntityType(\"ServiceServiceCategory\")]: 
                                {
                                    return 
                                    {
                                        Dictionary<string, object> instance;
                                        instance = new Dictionary<string, object>();
                                        instance[\"ServiceCategoriesCategoryID\"] = dataReader.IsDBNull(23) ? default(object) : (object)dataReader.GetGuid(23);
                                        instance[\"ServicesServiceID\"] = dataReader.IsDBNull(24) ? default(object) : (object)dataReader.GetGuid(24);
                                        (instance is IInjectableService) ? ((IInjectableService)instance).Injected(
                                            context: materializationContext5.Context, 
                                            entity: instance, 
                                            queryTrackingBehavior: TrackAll, 
                                            structuralType: [LIFTABLE Constant: EntityType: ServiceServiceCategory (Dictionary<string, object>) CLR Type: Dictionary<string, object> | Resolver: namelessParameter{54} => namelessParameter{54}.Dependencies.Model.FindEntityType(\"ServiceServiceCategory\")]) : default(void);
                                        return instance;
                                    }}
                            default: 
                                default(Dictionary<string, object>)
                        }
                        ;
                        entry5 = entityType5 == default(IEntityType) ? default(InternalEntityEntry) : queryContext.StartTracking(
                            entityType: entityType5, 
                            entity: instance5, 
                            snapshot: shadowSnapshot5);
                        return instance5;
                    } : default(void);
                    return instance5;
                };
                entity = 
                {
                    MaterializationContext materializationContext6;
                    IEntityType entityType6;
                    ServiceCategory instance6;
                    InternalEntityEntry entry6;
                    bool hasNullKey6;
                    materializationContext6 = new MaterializationContext(
                        [LIFTABLE Constant: ValueBuffer | Resolver: _ => (object)ValueBuffer.Empty], 
                        queryContext.Context
                    );
                    instance6 = default(ServiceCategory);
                    entry6 = queryContext.TryGetEntry(
                        key: [LIFTABLE Constant: Key: ServiceCategory.CategoryID PK | Resolver: c => c.Dependencies.Model.FindEntityType(\"VSM.Models.ServiceCategory\").FindPrimaryKey()], 
                        keyValues: new object[]{ dataReader.IsDBNull(25) ? default(object) : (object)dataReader.GetGuid(25) }, 
                        throwOnNullKey: False, 
                        hasNullKey: hasNullKey6);
                    !(hasNullKey6) ? entry6 != default(InternalEntityEntry) ? 
                    {
                        entityType6 = entry6.EntityType;
                        return instance6 = (ServiceCategory)entry6.Entity;
                    } : 
                    {
                        ISnapshot shadowSnapshot6;
                        shadowSnapshot6 = [LIFTABLE Constant: Snapshot | Resolver: _ => Snapshot.Empty];
                        entityType6 = [LIFTABLE Constant: EntityType: ServiceCategory | Resolver: namelessParameter{55} => namelessParameter{55}.Dependencies.Model.FindEntityType(\"VSM.Models.ServiceCategory\")];
                        instance6 = switch (entityType6)
                        {
                            case [LIFTABLE Constant: EntityType: ServiceCategory | Resolver: namelessParameter{56} => namelessParameter{56}.Dependencies.Model.FindEntityType(\"VSM.Models.ServiceCategory\")]: 
                                {
                                    return 
                                    {
                                        ServiceCategory instance;
                                        instance = new ServiceCategory();
                                        instance.<CategoryID>k__BackingField = dataReader.IsDBNull(25) ? default(Guid) : dataReader.GetGuid(25);
                                        instance.<Amount>k__BackingField = dataReader.IsDBNull(26) ? default(float) : dataReader.GetFloat(26);
                                        instance.<Name>k__BackingField = dataReader.IsDBNull(27) ? default(string) : dataReader.GetString(27);
                                        instance.<Status>k__BackingField = dataReader.IsDBNull(28) ? default(string) : dataReader.GetString(28);
                                        (instance is IInjectableService) ? ((IInjectableService)instance).Injected(
                                            context: materializationContext6.Context, 
                                            entity: instance, 
                                            queryTrackingBehavior: TrackAll, 
                                            structuralType: [LIFTABLE Constant: EntityType: ServiceCategory | Resolver: namelessParameter{57} => namelessParameter{57}.Dependencies.Model.FindEntityType(\"VSM.Models.ServiceCategory\")]) : default(void);
                                        return instance;
                                    }}
                            default: 
                                default(ServiceCategory)
                        }
                        ;
                        entry6 = entityType6 == default(IEntityType) ? default(InternalEntityEntry) : queryContext.StartTracking(
                            entityType: entityType6, 
                            entity: instance6, 
                            snapshot: shadowSnapshot6);
                        return instance6;
                    } : default(void);
                    return instance6;
                };
                return NavigationExpandingExpressionVisitor.FetchJoinEntity<Dictionary<string, object>, ServiceCategory>(
                    joinEntity: entity, 
                    targetEntity: entity);
            }, 
            inverseNavigation: [LIFTABLE Constant: SkipNavigation: ServiceCategory.Services (ICollection<Service>) CollectionService Inverse: ServiceCategories | Resolver: namelessParameter{58} => namelessParameter{58}.Dependencies.Model.FindEntityType(\"VSM.Models.ServiceCategory\").FindSkipNavigation(\"Services\")], 
            fixup: (namelessParameter{59}, namelessParameter{60}) => 
            {
                [LIFTABLE Constant: ClrICollectionAccessor<Service, ICollection<ServiceCategory>, ServiceCategory> | Resolver: namelessParameter{61} => namelessParameter{61}.Dependencies.Model.FindEntityType(\"VSM.Models.Service\").FindSkipNavigation(\"ServiceCategories\").GetCollectionAccessor()].Add(
                    entity: namelessParameter{59}, 
                    value: namelessParameter{60}, 
                    forMaterialization: True);
                return [LIFTABLE Constant: ClrICollectionAccessor<ServiceCategory, ICollection<Service>, Service> | Resolver: namelessParameter{62} => namelessParameter{62}.Dependencies.Model.FindEntityType(\"VSM.Models.ServiceCategory\").FindSkipNavigation(\"Services\").GetCollectionAccessor()].Add(
                    entity: namelessParameter{60}, 
                    value: namelessParameter{59}, 
                    forMaterialization: True);
            }, 
            trackingQuery: True);
        return IsTrue(resultCoordinator.ResultReady)
         ? (Bill)(resultContext.Values[0]) : default(Bill);
    }, 
    contextType: VSM.Contexts.VSMContext, 
    standAloneStateManager: False, 
    detailedErrorsEnabled: False, 
    threadSafetyChecksEnabled: True)"'
2025-07-18 10:56:07 [Debug] Creating DbConnection.
2025-07-18 10:56:07 [Debug] Created DbConnection. (0ms).
2025-07-18 10:56:07 [Debug] Opening connection to database '"VehicleServiceManagement"' on server '"tcp://localhost:5432"'.
2025-07-18 10:56:07 [Debug] Opened connection to database '"VehicleServiceManagement"' on server '"tcp://localhost:5432"'.
2025-07-18 10:56:07 [Debug] Creating DbCommand for '"ExecuteReader"'.
2025-07-18 10:56:07 [Debug] Created DbCommand for '"ExecuteReader"' (0ms).
2025-07-18 10:56:07 [Debug] Initialized DbCommand for '"ExecuteReader"' (0ms).
2025-07-18 10:56:07 [Debug] Executing DbCommand [Parameters=["@__p_1='?' (DbType = Int32), @__p_0='?' (DbType = Int32)"], CommandType='Text', CommandTimeout='30']"
""SELECT b0.\"BillID\", b0.\"Amount\", b0.\"Description\", b0.\"ServiceRecordID\", b0.\"Status\", s.\"ServiceRecordID\", s0.\"ServiceID\", v.\"VehicleID\", c.\"CustomerID\", m.\"MechanicId\", b1.\"Id\", b1.\"Amount\", b1.\"BillId\", b1.\"CategoryName\", s.\"BookingID\", s.\"CustomerID\", s.\"IsDeleted\", s.\"MechanicId\", s.\"ServiceID\", s.\"Status\", s0.\"Description\", s0.\"IsDeleted\", s0.\"VehicleID\", s3.\"ServiceCategoriesCategoryID\", s3.\"ServicesServiceID\", s3.\"CategoryID\", s3.\"Amount\", s3.\"Name\", s3.\"Status\", v.\"IsDeleted\", v.\"VechicleManufacturer\", v.\"VehicleModel\", v.\"VehicleNo\", v.\"VehicleType\", c.\"Email\", c.\"Name\", c.\"Phone\", c.\"Status\", m.\"Email\", m.\"Name\", m.\"Phone\", m.\"Status\"
FROM (
    SELECT b.\"BillID\", b.\"Amount\", b.\"Description\", b.\"ServiceRecordID\", b.\"Status\"
    FROM \"Bills\" AS b
    LIMIT @__p_1 OFFSET @__p_0
) AS b0
INNER JOIN \"serviceRecords\" AS s ON b0.\"ServiceRecordID\" = s.\"ServiceRecordID\"
INNER JOIN \"Services\" AS s0 ON s.\"ServiceID\" = s0.\"ServiceID\"
INNER JOIN \"Vehicles\" AS v ON s0.\"VehicleID\" = v.\"VehicleID\"
INNER JOIN \"Customers\" AS c ON s.\"CustomerID\" = c.\"CustomerID\"
INNER JOIN \"Mechanics\" AS m ON s.\"MechanicId\" = m.\"MechanicId\"
LEFT JOIN \"BillCategoryDetail\" AS b1 ON b0.\"BillID\" = b1.\"BillId\"
LEFT JOIN (
    SELECT s1.\"ServiceCategoriesCategoryID\", s1.\"ServicesServiceID\", s2.\"CategoryID\", s2.\"Amount\", s2.\"Name\", s2.\"Status\"
    FROM \"ServiceServiceCategory\" AS s1
    INNER JOIN \"ServiceCategories\" AS s2 ON s1.\"ServiceCategoriesCategoryID\" = s2.\"CategoryID\"
) AS s3 ON s0.\"ServiceID\" = s3.\"ServicesServiceID\"
ORDER BY b0.\"BillID\", s.\"ServiceRecordID\", s0.\"ServiceID\", v.\"VehicleID\", c.\"CustomerID\", m.\"MechanicId\", b1.\"Id\", s3.\"ServiceCategoriesCategoryID\", s3.\"ServicesServiceID\""
2025-07-18 10:56:07 [Information] Executed DbCommand ("16"ms) [Parameters=["@__p_1='?' (DbType = Int32), @__p_0='?' (DbType = Int32)"], CommandType='Text', CommandTimeout='30']"
""SELECT b0.\"BillID\", b0.\"Amount\", b0.\"Description\", b0.\"ServiceRecordID\", b0.\"Status\", s.\"ServiceRecordID\", s0.\"ServiceID\", v.\"VehicleID\", c.\"CustomerID\", m.\"MechanicId\", b1.\"Id\", b1.\"Amount\", b1.\"BillId\", b1.\"CategoryName\", s.\"BookingID\", s.\"CustomerID\", s.\"IsDeleted\", s.\"MechanicId\", s.\"ServiceID\", s.\"Status\", s0.\"Description\", s0.\"IsDeleted\", s0.\"VehicleID\", s3.\"ServiceCategoriesCategoryID\", s3.\"ServicesServiceID\", s3.\"CategoryID\", s3.\"Amount\", s3.\"Name\", s3.\"Status\", v.\"IsDeleted\", v.\"VechicleManufacturer\", v.\"VehicleModel\", v.\"VehicleNo\", v.\"VehicleType\", c.\"Email\", c.\"Name\", c.\"Phone\", c.\"Status\", m.\"Email\", m.\"Name\", m.\"Phone\", m.\"Status\"
FROM (
    SELECT b.\"BillID\", b.\"Amount\", b.\"Description\", b.\"ServiceRecordID\", b.\"Status\"
    FROM \"Bills\" AS b
    LIMIT @__p_1 OFFSET @__p_0
) AS b0
INNER JOIN \"serviceRecords\" AS s ON b0.\"ServiceRecordID\" = s.\"ServiceRecordID\"
INNER JOIN \"Services\" AS s0 ON s.\"ServiceID\" = s0.\"ServiceID\"
INNER JOIN \"Vehicles\" AS v ON s0.\"VehicleID\" = v.\"VehicleID\"
INNER JOIN \"Customers\" AS c ON s.\"CustomerID\" = c.\"CustomerID\"
INNER JOIN \"Mechanics\" AS m ON s.\"MechanicId\" = m.\"MechanicId\"
LEFT JOIN \"BillCategoryDetail\" AS b1 ON b0.\"BillID\" = b1.\"BillId\"
LEFT JOIN (
    SELECT s1.\"ServiceCategoriesCategoryID\", s1.\"ServicesServiceID\", s2.\"CategoryID\", s2.\"Amount\", s2.\"Name\", s2.\"Status\"
    FROM \"ServiceServiceCategory\" AS s1
    INNER JOIN \"ServiceCategories\" AS s2 ON s1.\"ServiceCategoriesCategoryID\" = s2.\"CategoryID\"
) AS s3 ON s0.\"ServiceID\" = s3.\"ServicesServiceID\"
ORDER BY b0.\"BillID\", s.\"ServiceRecordID\", s0.\"ServiceID\", v.\"VehicleID\", c.\"CustomerID\", m.\"MechanicId\", b1.\"Id\", s3.\"ServiceCategoriesCategoryID\", s3.\"ServicesServiceID\""
2025-07-18 10:56:07 [Debug] Context '"VSMContext"' started tracking '"Bill"' entity. Consider using 'DbContextOptionsBuilder.EnableSensitiveDataLogging' to see key values.
2025-07-18 10:56:07 [Debug] The navigation '"Bill"."ServiceRecord"' was detected as changed. Consider using 'DbContextOptionsBuilder.EnableSensitiveDataLogging' to see key values.
2025-07-18 10:56:07 [Debug] Context '"VSMContext"' started tracking '"ServiceRecord"' entity. Consider using 'DbContextOptionsBuilder.EnableSensitiveDataLogging' to see key values.
2025-07-18 10:56:07 [Debug] The navigation '"ServiceRecord"."Service"' was detected as changed. Consider using 'DbContextOptionsBuilder.EnableSensitiveDataLogging' to see key values.
2025-07-18 10:56:07 [Debug] Context '"VSMContext"' started tracking '"Service"' entity. Consider using 'DbContextOptionsBuilder.EnableSensitiveDataLogging' to see key values.
2025-07-18 10:56:07 [Debug] The navigation '"Service"."Vehicle"' was detected as changed. Consider using 'DbContextOptionsBuilder.EnableSensitiveDataLogging' to see key values.
2025-07-18 10:56:07 [Debug] Context '"VSMContext"' started tracking '"Vehicle"' entity. Consider using 'DbContextOptionsBuilder.EnableSensitiveDataLogging' to see key values.
2025-07-18 10:56:07 [Debug] The navigation '"ServiceRecord"."Customer"' was detected as changed. Consider using 'DbContextOptionsBuilder.EnableSensitiveDataLogging' to see key values.
2025-07-18 10:56:07 [Debug] Context '"VSMContext"' started tracking '"Customer"' entity. Consider using 'DbContextOptionsBuilder.EnableSensitiveDataLogging' to see key values.
2025-07-18 10:56:07 [Debug] The navigation '"ServiceRecord"."Mechanic"' was detected as changed. Consider using 'DbContextOptionsBuilder.EnableSensitiveDataLogging' to see key values.
2025-07-18 10:56:07 [Debug] Context '"VSMContext"' started tracking '"Mechanic"' entity. Consider using 'DbContextOptionsBuilder.EnableSensitiveDataLogging' to see key values.
2025-07-18 10:56:07 [Debug] Context '"VSMContext"' started tracking '"BillCategoryDetail"' entity. Consider using 'DbContextOptionsBuilder.EnableSensitiveDataLogging' to see key values.
2025-07-18 10:56:07 [Debug] Context '"VSMContext"' started tracking '"ServiceServiceCategory"' entity. Consider using 'DbContextOptionsBuilder.EnableSensitiveDataLogging' to see key values.
2025-07-18 10:56:07 [Debug] Context '"VSMContext"' started tracking '"ServiceCategory"' entity. Consider using 'DbContextOptionsBuilder.EnableSensitiveDataLogging' to see key values.
2025-07-18 10:56:07 [Debug] Context '"VSMContext"' started tracking '"ServiceServiceCategory"' entity. Consider using 'DbContextOptionsBuilder.EnableSensitiveDataLogging' to see key values.
2025-07-18 10:56:07 [Debug] Context '"VSMContext"' started tracking '"ServiceCategory"' entity. Consider using 'DbContextOptionsBuilder.EnableSensitiveDataLogging' to see key values.
2025-07-18 10:56:07 [Debug] Context '"VSMContext"' started tracking '"ServiceServiceCategory"' entity. Consider using 'DbContextOptionsBuilder.EnableSensitiveDataLogging' to see key values.
2025-07-18 10:56:07 [Debug] Context '"VSMContext"' started tracking '"ServiceCategory"' entity. Consider using 'DbContextOptionsBuilder.EnableSensitiveDataLogging' to see key values.
2025-07-18 10:56:07 [Debug] Context '"VSMContext"' started tracking '"ServiceServiceCategory"' entity. Consider using 'DbContextOptionsBuilder.EnableSensitiveDataLogging' to see key values.
2025-07-18 10:56:07 [Debug] Context '"VSMContext"' started tracking '"ServiceCategory"' entity. Consider using 'DbContextOptionsBuilder.EnableSensitiveDataLogging' to see key values.
2025-07-18 10:56:07 [Debug] Context '"VSMContext"' started tracking '"ServiceServiceCategory"' entity. Consider using 'DbContextOptionsBuilder.EnableSensitiveDataLogging' to see key values.
2025-07-18 10:56:07 [Debug] Context '"VSMContext"' started tracking '"ServiceCategory"' entity. Consider using 'DbContextOptionsBuilder.EnableSensitiveDataLogging' to see key values.
2025-07-18 10:56:07 [Debug] Context '"VSMContext"' started tracking '"BillCategoryDetail"' entity. Consider using 'DbContextOptionsBuilder.EnableSensitiveDataLogging' to see key values.
2025-07-18 10:56:07 [Debug] Context '"VSMContext"' started tracking '"BillCategoryDetail"' entity. Consider using 'DbContextOptionsBuilder.EnableSensitiveDataLogging' to see key values.
2025-07-18 10:56:07 [Debug] Context '"VSMContext"' started tracking '"BillCategoryDetail"' entity. Consider using 'DbContextOptionsBuilder.EnableSensitiveDataLogging' to see key values.
2025-07-18 10:56:07 [Debug] Context '"VSMContext"' started tracking '"BillCategoryDetail"' entity. Consider using 'DbContextOptionsBuilder.EnableSensitiveDataLogging' to see key values.
2025-07-18 10:56:07 [Debug] Context '"VSMContext"' started tracking '"BillCategoryDetail"' entity. Consider using 'DbContextOptionsBuilder.EnableSensitiveDataLogging' to see key values.
2025-07-18 10:56:07 [Debug] Context '"VSMContext"' started tracking '"Bill"' entity. Consider using 'DbContextOptionsBuilder.EnableSensitiveDataLogging' to see key values.
2025-07-18 10:56:07 [Debug] The navigation '"Bill"."ServiceRecord"' was detected as changed. Consider using 'DbContextOptionsBuilder.EnableSensitiveDataLogging' to see key values.
2025-07-18 10:56:07 [Debug] Context '"VSMContext"' started tracking '"ServiceRecord"' entity. Consider using 'DbContextOptionsBuilder.EnableSensitiveDataLogging' to see key values.
2025-07-18 10:56:07 [Debug] The navigation '"Service"."ServiceRecord"' was detected as changed. Consider using 'DbContextOptionsBuilder.EnableSensitiveDataLogging' to see key values.
2025-07-18 10:56:07 [Debug] The navigation '"ServiceRecord"."Service"' was detected as changed. Consider using 'DbContextOptionsBuilder.EnableSensitiveDataLogging' to see key values.
2025-07-18 10:56:07 [Debug] Context '"VSMContext"' started tracking '"Service"' entity. Consider using 'DbContextOptionsBuilder.EnableSensitiveDataLogging' to see key values.
2025-07-18 10:56:07 [Debug] The navigation '"ServiceRecord"."Customer"' was detected as changed. Consider using 'DbContextOptionsBuilder.EnableSensitiveDataLogging' to see key values.
2025-07-18 10:56:07 [Debug] Context '"VSMContext"' started tracking '"Customer"' entity. Consider using 'DbContextOptionsBuilder.EnableSensitiveDataLogging' to see key values.
2025-07-18 10:56:07 [Debug] The navigation '"ServiceRecord"."Mechanic"' was detected as changed. Consider using 'DbContextOptionsBuilder.EnableSensitiveDataLogging' to see key values.
2025-07-18 10:56:07 [Debug] Context '"VSMContext"' started tracking '"Mechanic"' entity. Consider using 'DbContextOptionsBuilder.EnableSensitiveDataLogging' to see key values.
2025-07-18 10:56:07 [Debug] Context '"VSMContext"' started tracking '"BillCategoryDetail"' entity. Consider using 'DbContextOptionsBuilder.EnableSensitiveDataLogging' to see key values.
2025-07-18 10:56:07 [Debug] Context '"VSMContext"' started tracking '"ServiceServiceCategory"' entity. Consider using 'DbContextOptionsBuilder.EnableSensitiveDataLogging' to see key values.
2025-07-18 10:56:07 [Debug] Context '"VSMContext"' started tracking '"ServiceServiceCategory"' entity. Consider using 'DbContextOptionsBuilder.EnableSensitiveDataLogging' to see key values.
2025-07-18 10:56:07 [Debug] Context '"VSMContext"' started tracking '"ServiceServiceCategory"' entity. Consider using 'DbContextOptionsBuilder.EnableSensitiveDataLogging' to see key values.
2025-07-18 10:56:07 [Debug] Context '"VSMContext"' started tracking '"ServiceServiceCategory"' entity. Consider using 'DbContextOptionsBuilder.EnableSensitiveDataLogging' to see key values.
2025-07-18 10:56:07 [Debug] Context '"VSMContext"' started tracking '"BillCategoryDetail"' entity. Consider using 'DbContextOptionsBuilder.EnableSensitiveDataLogging' to see key values.
2025-07-18 10:56:07 [Debug] Context '"VSMContext"' started tracking '"BillCategoryDetail"' entity. Consider using 'DbContextOptionsBuilder.EnableSensitiveDataLogging' to see key values.
2025-07-18 10:56:07 [Debug] Context '"VSMContext"' started tracking '"BillCategoryDetail"' entity. Consider using 'DbContextOptionsBuilder.EnableSensitiveDataLogging' to see key values.
2025-07-18 10:56:07 [Debug] Context '"VSMContext"' started tracking '"BillCategoryDetail"' entity. Consider using 'DbContextOptionsBuilder.EnableSensitiveDataLogging' to see key values.
2025-07-18 10:56:07 [Debug] Context '"VSMContext"' started tracking '"Bill"' entity. Consider using 'DbContextOptionsBuilder.EnableSensitiveDataLogging' to see key values.
2025-07-18 10:56:07 [Debug] The navigation '"Bill"."ServiceRecord"' was detected as changed. Consider using 'DbContextOptionsBuilder.EnableSensitiveDataLogging' to see key values.
2025-07-18 10:56:07 [Debug] Context '"VSMContext"' started tracking '"ServiceRecord"' entity. Consider using 'DbContextOptionsBuilder.EnableSensitiveDataLogging' to see key values.
2025-07-18 10:56:07 [Debug] The navigation '"ServiceRecord"."Service"' was detected as changed. Consider using 'DbContextOptionsBuilder.EnableSensitiveDataLogging' to see key values.
2025-07-18 10:56:07 [Debug] Context '"VSMContext"' started tracking '"Service"' entity. Consider using 'DbContextOptionsBuilder.EnableSensitiveDataLogging' to see key values.
2025-07-18 10:56:07 [Debug] The navigation '"Service"."Vehicle"' was detected as changed. Consider using 'DbContextOptionsBuilder.EnableSensitiveDataLogging' to see key values.
2025-07-18 10:56:07 [Debug] Context '"VSMContext"' started tracking '"Vehicle"' entity. Consider using 'DbContextOptionsBuilder.EnableSensitiveDataLogging' to see key values.
2025-07-18 10:56:07 [Debug] The navigation '"ServiceRecord"."Customer"' was detected as changed. Consider using 'DbContextOptionsBuilder.EnableSensitiveDataLogging' to see key values.
2025-07-18 10:56:07 [Debug] Context '"VSMContext"' started tracking '"Customer"' entity. Consider using 'DbContextOptionsBuilder.EnableSensitiveDataLogging' to see key values.
2025-07-18 10:56:07 [Debug] The navigation '"ServiceRecord"."Mechanic"' was detected as changed. Consider using 'DbContextOptionsBuilder.EnableSensitiveDataLogging' to see key values.
2025-07-18 10:56:07 [Debug] Context '"VSMContext"' started tracking '"Mechanic"' entity. Consider using 'DbContextOptionsBuilder.EnableSensitiveDataLogging' to see key values.
2025-07-18 10:56:07 [Debug] Context '"VSMContext"' started tracking '"BillCategoryDetail"' entity. Consider using 'DbContextOptionsBuilder.EnableSensitiveDataLogging' to see key values.
2025-07-18 10:56:07 [Debug] Context '"VSMContext"' started tracking '"ServiceServiceCategory"' entity. Consider using 'DbContextOptionsBuilder.EnableSensitiveDataLogging' to see key values.
2025-07-18 10:56:07 [Debug] Context '"VSMContext"' started tracking '"ServiceServiceCategory"' entity. Consider using 'DbContextOptionsBuilder.EnableSensitiveDataLogging' to see key values.
2025-07-18 10:56:07 [Debug] Context '"VSMContext"' started tracking '"ServiceServiceCategory"' entity. Consider using 'DbContextOptionsBuilder.EnableSensitiveDataLogging' to see key values.
2025-07-18 10:56:07 [Debug] Context '"VSMContext"' started tracking '"ServiceServiceCategory"' entity. Consider using 'DbContextOptionsBuilder.EnableSensitiveDataLogging' to see key values.
2025-07-18 10:56:07 [Debug] Context '"VSMContext"' started tracking '"BillCategoryDetail"' entity. Consider using 'DbContextOptionsBuilder.EnableSensitiveDataLogging' to see key values.
2025-07-18 10:56:07 [Debug] Context '"VSMContext"' started tracking '"BillCategoryDetail"' entity. Consider using 'DbContextOptionsBuilder.EnableSensitiveDataLogging' to see key values.
2025-07-18 10:56:07 [Debug] Context '"VSMContext"' started tracking '"BillCategoryDetail"' entity. Consider using 'DbContextOptionsBuilder.EnableSensitiveDataLogging' to see key values.
2025-07-18 10:56:07 [Debug] Context '"VSMContext"' started tracking '"BillCategoryDetail"' entity. Consider using 'DbContextOptionsBuilder.EnableSensitiveDataLogging' to see key values.
2025-07-18 10:56:07 [Debug] Context '"VSMContext"' started tracking '"Bill"' entity. Consider using 'DbContextOptionsBuilder.EnableSensitiveDataLogging' to see key values.
2025-07-18 10:56:07 [Debug] The navigation '"ServiceRecord"."Mechanic"' was detected as changed. Consider using 'DbContextOptionsBuilder.EnableSensitiveDataLogging' to see key values.
2025-07-18 10:56:07 [Debug] The navigation '"ServiceRecord"."Bill"' was detected as changed. Consider using 'DbContextOptionsBuilder.EnableSensitiveDataLogging' to see key values.
2025-07-18 10:56:07 [Debug] The navigation '"Bill"."ServiceRecord"' was detected as changed. Consider using 'DbContextOptionsBuilder.EnableSensitiveDataLogging' to see key values.
2025-07-18 10:56:07 [Debug] Context '"VSMContext"' started tracking '"ServiceRecord"' entity. Consider using 'DbContextOptionsBuilder.EnableSensitiveDataLogging' to see key values.
2025-07-18 10:56:07 [Debug] The navigation '"ServiceRecord"."Service"' was detected as changed. Consider using 'DbContextOptionsBuilder.EnableSensitiveDataLogging' to see key values.
2025-07-18 10:56:07 [Debug] Context '"VSMContext"' started tracking '"Service"' entity. Consider using 'DbContextOptionsBuilder.EnableSensitiveDataLogging' to see key values.
2025-07-18 10:56:07 [Debug] The navigation '"Service"."Vehicle"' was detected as changed. Consider using 'DbContextOptionsBuilder.EnableSensitiveDataLogging' to see key values.
2025-07-18 10:56:07 [Debug] Context '"VSMContext"' started tracking '"Vehicle"' entity. Consider using 'DbContextOptionsBuilder.EnableSensitiveDataLogging' to see key values.
2025-07-18 10:56:07 [Debug] Context '"VSMContext"' started tracking '"BillCategoryDetail"' entity. Consider using 'DbContextOptionsBuilder.EnableSensitiveDataLogging' to see key values.
2025-07-18 10:56:07 [Debug] Context '"VSMContext"' started tracking '"ServiceServiceCategory"' entity. Consider using 'DbContextOptionsBuilder.EnableSensitiveDataLogging' to see key values.
2025-07-18 10:56:07 [Debug] Context '"VSMContext"' started tracking '"BillCategoryDetail"' entity. Consider using 'DbContextOptionsBuilder.EnableSensitiveDataLogging' to see key values.
2025-07-18 10:56:07 [Debug] Context '"VSMContext"' started tracking '"Bill"' entity. Consider using 'DbContextOptionsBuilder.EnableSensitiveDataLogging' to see key values.
2025-07-18 10:56:07 [Debug] The navigation '"ServiceRecord"."Mechanic"' was detected as changed. Consider using 'DbContextOptionsBuilder.EnableSensitiveDataLogging' to see key values.
2025-07-18 10:56:07 [Debug] The navigation '"ServiceRecord"."Bill"' was detected as changed. Consider using 'DbContextOptionsBuilder.EnableSensitiveDataLogging' to see key values.
2025-07-18 10:56:07 [Debug] The navigation '"Bill"."ServiceRecord"' was detected as changed. Consider using 'DbContextOptionsBuilder.EnableSensitiveDataLogging' to see key values.
2025-07-18 10:56:07 [Debug] Context '"VSMContext"' started tracking '"ServiceRecord"' entity. Consider using 'DbContextOptionsBuilder.EnableSensitiveDataLogging' to see key values.
2025-07-18 10:56:07 [Debug] The navigation '"Service"."ServiceRecord"' was detected as changed. Consider using 'DbContextOptionsBuilder.EnableSensitiveDataLogging' to see key values.
2025-07-18 10:56:07 [Debug] The navigation '"ServiceRecord"."Service"' was detected as changed. Consider using 'DbContextOptionsBuilder.EnableSensitiveDataLogging' to see key values.
2025-07-18 10:56:07 [Debug] Context '"VSMContext"' started tracking '"Service"' entity. Consider using 'DbContextOptionsBuilder.EnableSensitiveDataLogging' to see key values.
2025-07-18 10:56:07 [Debug] Context '"VSMContext"' started tracking '"BillCategoryDetail"' entity. Consider using 'DbContextOptionsBuilder.EnableSensitiveDataLogging' to see key values.
2025-07-18 10:56:07 [Debug] Context '"VSMContext"' started tracking '"ServiceServiceCategory"' entity. Consider using 'DbContextOptionsBuilder.EnableSensitiveDataLogging' to see key values.
2025-07-18 10:56:07 [Debug] Context '"VSMContext"' started tracking '"ServiceServiceCategory"' entity. Consider using 'DbContextOptionsBuilder.EnableSensitiveDataLogging' to see key values.
2025-07-18 10:56:07 [Debug] Context '"VSMContext"' started tracking '"BillCategoryDetail"' entity. Consider using 'DbContextOptionsBuilder.EnableSensitiveDataLogging' to see key values.
2025-07-18 10:56:07 [Debug] Context '"VSMContext"' started tracking '"BillCategoryDetail"' entity. Consider using 'DbContextOptionsBuilder.EnableSensitiveDataLogging' to see key values.
2025-07-18 10:56:07 [Debug] Context '"VSMContext"' started tracking '"Bill"' entity. Consider using 'DbContextOptionsBuilder.EnableSensitiveDataLogging' to see key values.
2025-07-18 10:56:07 [Debug] The navigation '"ServiceRecord"."Mechanic"' was detected as changed. Consider using 'DbContextOptionsBuilder.EnableSensitiveDataLogging' to see key values.
2025-07-18 10:56:07 [Debug] The navigation '"ServiceRecord"."Bill"' was detected as changed. Consider using 'DbContextOptionsBuilder.EnableSensitiveDataLogging' to see key values.
2025-07-18 10:56:07 [Debug] The navigation '"Bill"."ServiceRecord"' was detected as changed. Consider using 'DbContextOptionsBuilder.EnableSensitiveDataLogging' to see key values.
2025-07-18 10:56:07 [Debug] Context '"VSMContext"' started tracking '"ServiceRecord"' entity. Consider using 'DbContextOptionsBuilder.EnableSensitiveDataLogging' to see key values.
2025-07-18 10:56:07 [Debug] The navigation '"ServiceRecord"."Service"' was detected as changed. Consider using 'DbContextOptionsBuilder.EnableSensitiveDataLogging' to see key values.
2025-07-18 10:56:07 [Debug] Context '"VSMContext"' started tracking '"Service"' entity. Consider using 'DbContextOptionsBuilder.EnableSensitiveDataLogging' to see key values.
2025-07-18 10:56:07 [Debug] The navigation '"Service"."Vehicle"' was detected as changed. Consider using 'DbContextOptionsBuilder.EnableSensitiveDataLogging' to see key values.
2025-07-18 10:56:07 [Debug] Context '"VSMContext"' started tracking '"Vehicle"' entity. Consider using 'DbContextOptionsBuilder.EnableSensitiveDataLogging' to see key values.
2025-07-18 10:56:07 [Debug] Context '"VSMContext"' started tracking '"BillCategoryDetail"' entity. Consider using 'DbContextOptionsBuilder.EnableSensitiveDataLogging' to see key values.
2025-07-18 10:56:07 [Debug] Context '"VSMContext"' started tracking '"ServiceServiceCategory"' entity. Consider using 'DbContextOptionsBuilder.EnableSensitiveDataLogging' to see key values.
2025-07-18 10:56:07 [Debug] Context '"VSMContext"' started tracking '"ServiceServiceCategory"' entity. Consider using 'DbContextOptionsBuilder.EnableSensitiveDataLogging' to see key values.
2025-07-18 10:56:07 [Debug] Context '"VSMContext"' started tracking '"ServiceServiceCategory"' entity. Consider using 'DbContextOptionsBuilder.EnableSensitiveDataLogging' to see key values.
2025-07-18 10:56:07 [Debug] Context '"VSMContext"' started tracking '"ServiceServiceCategory"' entity. Consider using 'DbContextOptionsBuilder.EnableSensitiveDataLogging' to see key values.
2025-07-18 10:56:07 [Debug] Context '"VSMContext"' started tracking '"ServiceServiceCategory"' entity. Consider using 'DbContextOptionsBuilder.EnableSensitiveDataLogging' to see key values.
2025-07-18 10:56:07 [Debug] Context '"VSMContext"' started tracking '"BillCategoryDetail"' entity. Consider using 'DbContextOptionsBuilder.EnableSensitiveDataLogging' to see key values.
2025-07-18 10:56:07 [Debug] Context '"VSMContext"' started tracking '"BillCategoryDetail"' entity. Consider using 'DbContextOptionsBuilder.EnableSensitiveDataLogging' to see key values.
2025-07-18 10:56:07 [Debug] Context '"VSMContext"' started tracking '"BillCategoryDetail"' entity. Consider using 'DbContextOptionsBuilder.EnableSensitiveDataLogging' to see key values.
2025-07-18 10:56:07 [Debug] Context '"VSMContext"' started tracking '"BillCategoryDetail"' entity. Consider using 'DbContextOptionsBuilder.EnableSensitiveDataLogging' to see key values.
2025-07-18 10:56:07 [Debug] Context '"VSMContext"' started tracking '"BillCategoryDetail"' entity. Consider using 'DbContextOptionsBuilder.EnableSensitiveDataLogging' to see key values.
2025-07-18 10:56:07 [Debug] Context '"VSMContext"' started tracking '"Bill"' entity. Consider using 'DbContextOptionsBuilder.EnableSensitiveDataLogging' to see key values.
2025-07-18 10:56:07 [Debug] The navigation '"ServiceRecord"."Mechanic"' was detected as changed. Consider using 'DbContextOptionsBuilder.EnableSensitiveDataLogging' to see key values.
2025-07-18 10:56:07 [Debug] The navigation '"ServiceRecord"."Bill"' was detected as changed. Consider using 'DbContextOptionsBuilder.EnableSensitiveDataLogging' to see key values.
2025-07-18 10:56:07 [Debug] The navigation '"Bill"."ServiceRecord"' was detected as changed. Consider using 'DbContextOptionsBuilder.EnableSensitiveDataLogging' to see key values.
2025-07-18 10:56:07 [Debug] Context '"VSMContext"' started tracking '"ServiceRecord"' entity. Consider using 'DbContextOptionsBuilder.EnableSensitiveDataLogging' to see key values.
2025-07-18 10:56:07 [Debug] The navigation '"Service"."ServiceRecord"' was detected as changed. Consider using 'DbContextOptionsBuilder.EnableSensitiveDataLogging' to see key values.
2025-07-18 10:56:07 [Debug] The navigation '"ServiceRecord"."Service"' was detected as changed. Consider using 'DbContextOptionsBuilder.EnableSensitiveDataLogging' to see key values.
2025-07-18 10:56:07 [Debug] Context '"VSMContext"' started tracking '"Service"' entity. Consider using 'DbContextOptionsBuilder.EnableSensitiveDataLogging' to see key values.
2025-07-18 10:56:07 [Debug] Context '"VSMContext"' started tracking '"BillCategoryDetail"' entity. Consider using 'DbContextOptionsBuilder.EnableSensitiveDataLogging' to see key values.
2025-07-18 10:56:07 [Debug] Context '"VSMContext"' started tracking '"ServiceServiceCategory"' entity. Consider using 'DbContextOptionsBuilder.EnableSensitiveDataLogging' to see key values.
2025-07-18 10:56:07 [Debug] Context '"VSMContext"' started tracking '"ServiceServiceCategory"' entity. Consider using 'DbContextOptionsBuilder.EnableSensitiveDataLogging' to see key values.
2025-07-18 10:56:07 [Debug] Context '"VSMContext"' started tracking '"ServiceServiceCategory"' entity. Consider using 'DbContextOptionsBuilder.EnableSensitiveDataLogging' to see key values.
2025-07-18 10:56:07 [Debug] Context '"VSMContext"' started tracking '"BillCategoryDetail"' entity. Consider using 'DbContextOptionsBuilder.EnableSensitiveDataLogging' to see key values.
2025-07-18 10:56:07 [Debug] Context '"VSMContext"' started tracking '"BillCategoryDetail"' entity. Consider using 'DbContextOptionsBuilder.EnableSensitiveDataLogging' to see key values.
2025-07-18 10:56:07 [Debug] Context '"VSMContext"' started tracking '"BillCategoryDetail"' entity. Consider using 'DbContextOptionsBuilder.EnableSensitiveDataLogging' to see key values.
2025-07-18 10:56:07 [Debug] Context '"VSMContext"' started tracking '"Bill"' entity. Consider using 'DbContextOptionsBuilder.EnableSensitiveDataLogging' to see key values.
2025-07-18 10:56:07 [Debug] The navigation '"ServiceRecord"."Bill"' was detected as changed. Consider using 'DbContextOptionsBuilder.EnableSensitiveDataLogging' to see key values.
2025-07-18 10:56:07 [Debug] The navigation '"Bill"."ServiceRecord"' was detected as changed. Consider using 'DbContextOptionsBuilder.EnableSensitiveDataLogging' to see key values.
2025-07-18 10:56:07 [Debug] Context '"VSMContext"' started tracking '"ServiceRecord"' entity. Consider using 'DbContextOptionsBuilder.EnableSensitiveDataLogging' to see key values.
2025-07-18 10:56:07 [Debug] The navigation '"Service"."ServiceRecord"' was detected as changed. Consider using 'DbContextOptionsBuilder.EnableSensitiveDataLogging' to see key values.
2025-07-18 10:56:07 [Debug] The navigation '"ServiceRecord"."Service"' was detected as changed. Consider using 'DbContextOptionsBuilder.EnableSensitiveDataLogging' to see key values.
2025-07-18 10:56:07 [Debug] Context '"VSMContext"' started tracking '"Service"' entity. Consider using 'DbContextOptionsBuilder.EnableSensitiveDataLogging' to see key values.
2025-07-18 10:56:07 [Debug] The navigation '"ServiceRecord"."Customer"' was detected as changed. Consider using 'DbContextOptionsBuilder.EnableSensitiveDataLogging' to see key values.
2025-07-18 10:56:07 [Debug] Context '"VSMContext"' started tracking '"Customer"' entity. Consider using 'DbContextOptionsBuilder.EnableSensitiveDataLogging' to see key values.
2025-07-18 10:56:07 [Debug] Context '"VSMContext"' started tracking '"BillCategoryDetail"' entity. Consider using 'DbContextOptionsBuilder.EnableSensitiveDataLogging' to see key values.
2025-07-18 10:56:07 [Debug] Context '"VSMContext"' started tracking '"ServiceServiceCategory"' entity. Consider using 'DbContextOptionsBuilder.EnableSensitiveDataLogging' to see key values.
2025-07-18 10:56:07 [Debug] Context '"VSMContext"' started tracking '"ServiceServiceCategory"' entity. Consider using 'DbContextOptionsBuilder.EnableSensitiveDataLogging' to see key values.
2025-07-18 10:56:07 [Debug] Context '"VSMContext"' started tracking '"ServiceServiceCategory"' entity. Consider using 'DbContextOptionsBuilder.EnableSensitiveDataLogging' to see key values.
2025-07-18 10:56:07 [Debug] Context '"VSMContext"' started tracking '"BillCategoryDetail"' entity. Consider using 'DbContextOptionsBuilder.EnableSensitiveDataLogging' to see key values.
2025-07-18 10:56:07 [Debug] Context '"VSMContext"' started tracking '"BillCategoryDetail"' entity. Consider using 'DbContextOptionsBuilder.EnableSensitiveDataLogging' to see key values.
2025-07-18 10:56:07 [Debug] Context '"VSMContext"' started tracking '"BillCategoryDetail"' entity. Consider using 'DbContextOptionsBuilder.EnableSensitiveDataLogging' to see key values.
2025-07-18 10:56:07 [Debug] Context '"VSMContext"' started tracking '"Bill"' entity. Consider using 'DbContextOptionsBuilder.EnableSensitiveDataLogging' to see key values.
2025-07-18 10:56:07 [Debug] The navigation '"ServiceRecord"."Mechanic"' was detected as changed. Consider using 'DbContextOptionsBuilder.EnableSensitiveDataLogging' to see key values.
2025-07-18 10:56:07 [Debug] The navigation '"ServiceRecord"."Bill"' was detected as changed. Consider using 'DbContextOptionsBuilder.EnableSensitiveDataLogging' to see key values.
2025-07-18 10:56:07 [Debug] The navigation '"Bill"."ServiceRecord"' was detected as changed. Consider using 'DbContextOptionsBuilder.EnableSensitiveDataLogging' to see key values.
2025-07-18 10:56:07 [Debug] Context '"VSMContext"' started tracking '"ServiceRecord"' entity. Consider using 'DbContextOptionsBuilder.EnableSensitiveDataLogging' to see key values.
2025-07-18 10:56:07 [Debug] The navigation '"ServiceRecord"."Service"' was detected as changed. Consider using 'DbContextOptionsBuilder.EnableSensitiveDataLogging' to see key values.
2025-07-18 10:56:07 [Debug] Context '"VSMContext"' started tracking '"Service"' entity. Consider using 'DbContextOptionsBuilder.EnableSensitiveDataLogging' to see key values.
2025-07-18 10:56:07 [Debug] The navigation '"Service"."Vehicle"' was detected as changed. Consider using 'DbContextOptionsBuilder.EnableSensitiveDataLogging' to see key values.
2025-07-18 10:56:07 [Debug] Context '"VSMContext"' started tracking '"Vehicle"' entity. Consider using 'DbContextOptionsBuilder.EnableSensitiveDataLogging' to see key values.
2025-07-18 10:56:07 [Debug] Context '"VSMContext"' started tracking '"BillCategoryDetail"' entity. Consider using 'DbContextOptionsBuilder.EnableSensitiveDataLogging' to see key values.
2025-07-18 10:56:07 [Debug] Context '"VSMContext"' started tracking '"ServiceServiceCategory"' entity. Consider using 'DbContextOptionsBuilder.EnableSensitiveDataLogging' to see key values.
2025-07-18 10:56:07 [Debug] Context '"VSMContext"' started tracking '"ServiceServiceCategory"' entity. Consider using 'DbContextOptionsBuilder.EnableSensitiveDataLogging' to see key values.
2025-07-18 10:56:07 [Debug] Context '"VSMContext"' started tracking '"ServiceServiceCategory"' entity. Consider using 'DbContextOptionsBuilder.EnableSensitiveDataLogging' to see key values.
2025-07-18 10:56:07 [Debug] Context '"VSMContext"' started tracking '"BillCategoryDetail"' entity. Consider using 'DbContextOptionsBuilder.EnableSensitiveDataLogging' to see key values.
2025-07-18 10:56:07 [Debug] Context '"VSMContext"' started tracking '"BillCategoryDetail"' entity. Consider using 'DbContextOptionsBuilder.EnableSensitiveDataLogging' to see key values.
2025-07-18 10:56:07 [Debug] Context '"VSMContext"' started tracking '"BillCategoryDetail"' entity. Consider using 'DbContextOptionsBuilder.EnableSensitiveDataLogging' to see key values.
2025-07-18 10:56:07 [Debug] Context '"VSMContext"' started tracking '"Bill"' entity. Consider using 'DbContextOptionsBuilder.EnableSensitiveDataLogging' to see key values.
2025-07-18 10:56:07 [Debug] The navigation '"ServiceRecord"."Mechanic"' was detected as changed. Consider using 'DbContextOptionsBuilder.EnableSensitiveDataLogging' to see key values.
2025-07-18 10:56:07 [Debug] The navigation '"ServiceRecord"."Bill"' was detected as changed. Consider using 'DbContextOptionsBuilder.EnableSensitiveDataLogging' to see key values.
2025-07-18 10:56:07 [Debug] The navigation '"Bill"."ServiceRecord"' was detected as changed. Consider using 'DbContextOptionsBuilder.EnableSensitiveDataLogging' to see key values.
2025-07-18 10:56:07 [Debug] Context '"VSMContext"' started tracking '"ServiceRecord"' entity. Consider using 'DbContextOptionsBuilder.EnableSensitiveDataLogging' to see key values.
2025-07-18 10:56:07 [Debug] The navigation '"Service"."ServiceRecord"' was detected as changed. Consider using 'DbContextOptionsBuilder.EnableSensitiveDataLogging' to see key values.
2025-07-18 10:56:07 [Debug] The navigation '"ServiceRecord"."Service"' was detected as changed. Consider using 'DbContextOptionsBuilder.EnableSensitiveDataLogging' to see key values.
2025-07-18 10:56:07 [Debug] Context '"VSMContext"' started tracking '"Service"' entity. Consider using 'DbContextOptionsBuilder.EnableSensitiveDataLogging' to see key values.
2025-07-18 10:56:07 [Debug] Context '"VSMContext"' started tracking '"BillCategoryDetail"' entity. Consider using 'DbContextOptionsBuilder.EnableSensitiveDataLogging' to see key values.
2025-07-18 10:56:07 [Debug] Context '"VSMContext"' started tracking '"ServiceServiceCategory"' entity. Consider using 'DbContextOptionsBuilder.EnableSensitiveDataLogging' to see key values.
2025-07-18 10:56:07 [Debug] Context '"VSMContext"' started tracking '"ServiceServiceCategory"' entity. Consider using 'DbContextOptionsBuilder.EnableSensitiveDataLogging' to see key values.
2025-07-18 10:56:07 [Debug] Context '"VSMContext"' started tracking '"BillCategoryDetail"' entity. Consider using 'DbContextOptionsBuilder.EnableSensitiveDataLogging' to see key values.
2025-07-18 10:56:07 [Debug] Context '"VSMContext"' started tracking '"BillCategoryDetail"' entity. Consider using 'DbContextOptionsBuilder.EnableSensitiveDataLogging' to see key values.
2025-07-18 10:56:07 [Debug] Closing data reader to '"VehicleServiceManagement"' on server '"tcp://localhost:5432"'.
2025-07-18 10:56:07 [Debug] A data reader for '"VehicleServiceManagement"' on server '"tcp://localhost:5432"' is being disposed after spending 27ms reading results.
2025-07-18 10:56:07 [Debug] Closing connection to database '"VehicleServiceManagement"' on server '"tcp://localhost:5432"'.
2025-07-18 10:56:07 [Debug] Closed connection to database '"VehicleServiceManagement"' on server '"tcp://localhost:5432"' (0ms).
2025-07-18 10:56:07 [Debug] List of registered output formatters, in the following order: ["Microsoft.AspNetCore.Mvc.Formatters.HttpNoContentOutputFormatter", "Microsoft.AspNetCore.Mvc.Formatters.StringOutputFormatter", "Microsoft.AspNetCore.Mvc.Formatters.StreamOutputFormatter", "Microsoft.AspNetCore.Mvc.Formatters.SystemTextJsonOutputFormatter"]
2025-07-18 10:56:07 [Debug] No information found on request to perform content negotiation.
2025-07-18 10:56:07 [Debug] Attempting to select an output formatter without using a content type as no explicit content types were specified for the response.
2025-07-18 10:56:07 [Debug] Attempting to select the first formatter in the output formatters list which can write the result.
2025-07-18 10:56:07 [Debug] Selected output formatter '"Microsoft.AspNetCore.Mvc.Formatters.SystemTextJsonOutputFormatter"' and content type '"application/json"' to write the response.
2025-07-18 10:56:07 [Information] Executing "OkObjectResult", writing value of type '"System.Linq.Enumerable+ListSelectIterator`2[[VSM.Models.Bill, VehicleServiceManagement, Version=1.0.0.0, Culture=neutral, PublicKeyToken=null],[VSM.DTO.BillDisplayDto, VehicleServiceManagement, Version=1.0.0.0, Culture=neutral, PublicKeyToken=null]]"'.
2025-07-18 10:56:07 [Information] Executed action "VSM.Controllers.BillController.GetAll (VehicleServiceManagement)" in 273.4493ms
2025-07-18 10:56:07 [Information] Executed endpoint '"VSM.Controllers.BillController.GetAll (VehicleServiceManagement)"'
2025-07-18 10:56:07 [Debug] '"VSMContext"' disposed.
2025-07-18 10:56:07 [Debug] Disposing connection to database '"VehicleServiceManagement"' on server '"tcp://localhost:5432"'.
2025-07-18 10:56:07 [Debug] Disposed connection to database '"VehicleServiceManagement"' on server '"tcp://localhost:5432"' (0ms).
2025-07-18 10:56:07 [Information] Request finished "HTTP/2" "GET" "https"://"localhost:7176""""/api/v1/Bill""?page=1&pageSize=100" - 200 null "application/json; charset=utf-8" 288.4149ms
2025-07-18 10:56:09 [Information] Request starting "HTTP/2" "OPTIONS" "https"://"localhost:7176""""/api/v1/Bill/1ee4c64d-3364-41e0-b8f7-df129cdd66ac/download-pdf""" - null null
2025-07-18 10:56:09 [Debug] 1 candidate(s) found for the request path '"/api/v1/Bill/1ee4c64d-3364-41e0-b8f7-df129cdd66ac/download-pdf"'
2025-07-18 10:56:09 [Debug] Request matched endpoint '"405 HTTP Method Not Supported"'
2025-07-18 10:56:09 [Debug] AuthenticationScheme: "Bearer" was not authenticated.
2025-07-18 10:56:09 [Debug] Static files was skipped as the request already matched an endpoint.
2025-07-18 10:56:09 [Debug] Static files was skipped as the request already matched an endpoint.
2025-07-18 10:56:09 [Debug] The request has an origin header: '"http://localhost:4200"'.
2025-07-18 10:56:09 [Information] CORS policy execution successful.
2025-07-18 10:56:09 [Debug] The request is a preflight request.
2025-07-18 10:56:09 [Information] Request finished "HTTP/2" "OPTIONS" "https"://"localhost:7176""""/api/v1/Bill/1ee4c64d-3364-41e0-b8f7-df129cdd66ac/download-pdf""" - 204 null null 0.5597ms
2025-07-18 10:56:09 [Information] Request starting "HTTP/2" "GET" "https"://"localhost:7176""""/api/v1/Bill/1ee4c64d-3364-41e0-b8f7-df129cdd66ac/download-pdf""" - null null
2025-07-18 10:56:09 [Debug] 1 candidate(s) found for the request path '"/api/v1/Bill/1ee4c64d-3364-41e0-b8f7-df129cdd66ac/download-pdf"'
2025-07-18 10:56:09 [Debug] Endpoint '"VSM.Controllers.BillController.DownloadBillPdf (VehicleServiceManagement)"' with route pattern '"api/v{version:apiVersion}/Bill/{billId}/download-pdf"' is valid for the request path '"/api/v1/Bill/1ee4c64d-3364-41e0-b8f7-df129cdd66ac/download-pdf"'
2025-07-18 10:56:09 [Debug] Request matched endpoint '"VSM.Controllers.BillController.DownloadBillPdf (VehicleServiceManagement)"'
2025-07-18 10:56:09 [Debug] Successfully validated the token.
2025-07-18 10:56:09 [Debug] AuthenticationScheme: "Bearer" was successfully authenticated.
2025-07-18 10:56:09 [Debug] Authorization was successful.
2025-07-18 10:56:09 [Debug] Static files was skipped as the request already matched an endpoint.
2025-07-18 10:56:09 [Debug] Static files was skipped as the request already matched an endpoint.
2025-07-18 10:56:09 [Debug] The request has an origin header: '"http://localhost:4200"'.
2025-07-18 10:56:09 [Information] CORS policy execution successful.
2025-07-18 10:56:09 [Information] Executing endpoint '"VSM.Controllers.BillController.DownloadBillPdf (VehicleServiceManagement)"'
2025-07-18 10:56:09 [Information] Route matched with "{action = \"DownloadBillPdf\", controller = \"Bill\"}". Executing controller action with signature "System.Threading.Tasks.Task`1[Microsoft.AspNetCore.Mvc.IActionResult] DownloadBillPdf(System.Guid)" on controller "VSM.Controllers.BillController" ("VehicleServiceManagement").
2025-07-18 10:56:09 [Debug] Execution plan of "authorization" filters (in the following order): ["None"]
2025-07-18 10:56:09 [Debug] Execution plan of "resource" filters (in the following order): ["None"]
2025-07-18 10:56:09 [Debug] Execution plan of "action" filters (in the following order): ["Microsoft.AspNetCore.Mvc.ModelBinding.UnsupportedContentTypeFilter (Order: -3000)", "Microsoft.AspNetCore.Mvc.Infrastructure.ModelStateInvalidFilter (Order: -2000)", "Microsoft.AspNetCore.Mvc.ReportApiVersionsAttribute (Order: 0)"]
2025-07-18 10:56:09 [Debug] Execution plan of "exception" filters (in the following order): ["None"]
2025-07-18 10:56:09 [Debug] Execution plan of "result" filters (in the following order): ["Microsoft.AspNetCore.Mvc.Infrastructure.ClientErrorResultFilter (Order: -2000)", "Microsoft.AspNetCore.Mvc.ReportApiVersionsAttribute (Order: 0)"]
2025-07-18 10:56:09 [Debug] Executing controller factory for controller "VSM.Controllers.BillController" ("VehicleServiceManagement")
2025-07-18 10:56:09 [Debug] Executed controller factory for controller "VSM.Controllers.BillController" ("VehicleServiceManagement")
2025-07-18 10:56:09 [Debug] Attempting to bind parameter '"billId"' of type '"System.Guid"' ...
2025-07-18 10:56:09 [Debug] Attempting to bind parameter '"billId"' of type '"System.Guid"' using the name '"billId"' in request data ...
2025-07-18 10:56:09 [Debug] Done attempting to bind parameter '"billId"' of type '"System.Guid"'.
2025-07-18 10:56:09 [Debug] Done attempting to bind parameter '"billId"' of type '"System.Guid"'.
2025-07-18 10:56:09 [Debug] Attempting to validate the bound parameter '"billId"' of type '"System.Guid"' ...
2025-07-18 10:56:09 [Debug] Done attempting to validate the bound parameter '"billId"' of type '"System.Guid"'.
2025-07-18 10:56:09 [Debug] Entity Framework Core "9.0.5" initialized '"VSMContext"' using provider '"Npgsql.EntityFrameworkCore.PostgreSQL":"9.0.4+fd2380957bee5cd86f336466af36b08c0163f1a5"' with options: "None"
2025-07-18 10:56:09 [Debug] Compiling query expression: "
"'"DbSet<Bill>()
    .Include(b => b.CategoryDetails)
    .Include(b => b.ServiceRecord)
    .ThenInclude(sr => sr.Service)
    .ThenInclude(s => s.ServiceCategories)
    .Include(b => b.ServiceRecord)
    .ThenInclude(sr => sr.Customer)
    .SingleOrDefault(b => b.BillID == __key_0)"'
2025-07-18 10:56:09 [Debug] Including navigation: '"Bill.CategoryDetails"'.
2025-07-18 10:56:09 [Debug] Including navigation: '"Bill.ServiceRecord"'.
2025-07-18 10:56:09 [Debug] Including navigation: '"ServiceRecord.Service"'.
2025-07-18 10:56:09 [Debug] Including navigation: '"Service.ServiceCategories"'.
2025-07-18 10:56:09 [Debug] Including navigation: '"ServiceRecord.Customer"'.
2025-07-18 10:56:09 [Warning] Compiling a query which loads related collections for more than one collection navigation, either via 'Include' or through projection, but no 'QuerySplittingBehavior' has been configured. By default, Entity Framework will use 'QuerySplittingBehavior.SingleQuery', which can potentially result in slow query performance. See https://go.microsoft.com/fwlink/?linkid=2134277 for more information. To identify the query that's triggering this warning call 'ConfigureWarnings(w => w.Throw(RelationalEventId.MultipleCollectionIncludeWarning))'.
2025-07-18 10:56:09 [Debug] Generated query execution expression: "
"'"queryContext => ShapedQueryCompilingExpressionVisitor.SingleOrDefaultAsync<Bill>(
    asyncEnumerable: SingleQueryingEnumerable.Create<Bill>(
        relationalQueryContext: (RelationalQueryContext)queryContext, 
        relationalCommandResolver: parameters => [LIFTABLE Constant: RelationalCommandCache.QueryExpression(
            Client Projections:
                0 -> Dictionary<IProperty, int> { [Property: Bill.BillID (Guid) Required PK AfterSave:Throw ValueGenerated.OnAdd, 0], [Property: Bill.Amount (float) Required, 1], [Property: Bill.Description (string) Required, 2], [Property: Bill.ServiceRecordID (Guid) Required FK Index, 3], [Property: Bill.Status (string) Required, 4] }
                1 -> 0
                2 -> 5
                3 -> 6
                4 -> 7
                5 -> Dictionary<IProperty, int> { [Property: BillCategoryDetail.Id (Guid) Required PK AfterSave:Throw ValueGenerated.OnAdd, 8], [Property: BillCategoryDetail.Amount (float) Required, 9], [Property: BillCategoryDetail.BillId (Guid) Required FK Index, 10], [Property: BillCategoryDetail.CategoryName (string) Required, 11] }
                6 -> 8
                7 -> Dictionary<IProperty, int> { [Property: ServiceRecord.ServiceRecordID (Guid) Required PK AfterSave:Throw ValueGenerated.OnAdd, 5], [Property: ServiceRecord.BookingID (Guid) Required FK Index, 12], [Property: ServiceRecord.CustomerID (Guid) Required FK Index, 13], [Property: ServiceRecord.IsDeleted (bool) Required, 14], [Property: ServiceRecord.MechanicId (Guid) Required FK Index, 15], [Property: ServiceRecord.ServiceID (Guid) Required FK Index, 16], [Property: ServiceRecord.Status (string) Required, 17] }
                8 -> Dictionary<IProperty, int> { [Property: Service.ServiceID (Guid) Required PK AfterSave:Throw ValueGenerated.OnAdd, 6], [Property: Service.Description (string) Required, 18], [Property: Service.IsDeleted (bool) Required, 19], [Property: Service.VehicleID (Guid) Required FK Index, 20] }
                9 -> Dictionary<IProperty, int> { [Property: ServiceServiceCategory (Dictionary<string, object>).ServiceCategoriesCategoryID (no field, Guid) Indexer Required PK FK AfterSave:Throw, 21], [Property: ServiceServiceCategory (Dictionary<string, object>).ServicesServiceID (no field, Guid) Indexer Required PK FK Index AfterSave:Throw, 22] }
                10 -> Dictionary<IProperty, int> { [Property: ServiceCategory.CategoryID (Guid) Required PK AfterSave:Throw ValueGenerated.OnAdd, 23], [Property: ServiceCategory.Amount (float) Required, 24], [Property: ServiceCategory.Name (string) Required, 25], [Property: ServiceCategory.Status (string) Required, 26] }
                11 -> 21
                12 -> 22
                13 -> 23
                14 -> Dictionary<IProperty, int> { [Property: Customer.CustomerID (Guid) Required PK AfterSave:Throw ValueGenerated.OnAdd, 7], [Property: Customer.Email (string) Required FK Index, 27], [Property: Customer.Name (string) Required, 28], [Property: Customer.Phone (string) Required, 29], [Property: Customer.Status (string) Required, 30] }
            SELECT s3.BillID, s3.Amount, s3.Description, s3.ServiceRecordID, s3.Status, s3.ServiceRecordID0, s3.ServiceID0, s3.CustomerID0, b0.Id, b0.Amount, b0.BillId, b0.CategoryName, s3.BookingID, s3.CustomerID, s3.IsDeleted, s3.MechanicId, s3.ServiceID, s3.Status0, s3.Description0, s3.IsDeleted0, s3.VehicleID, s4.ServiceCategoriesCategoryID, s4.ServicesServiceID, s4.CategoryID, s4.Amount, s4.Name, s4.Status, s3.Email, s3.Name, s3.Phone, s3.Status1
            FROM 
            (
                SELECT TOP(2) b.BillID, b.Amount, b.Description, b.ServiceRecordID, b.Status, s.ServiceRecordID AS ServiceRecordID0, s.BookingID, s.CustomerID, s.IsDeleted, s.MechanicId, s.ServiceID, s.Status AS Status0, s0.ServiceID AS ServiceID0, s0.Description AS Description0, s0.IsDeleted AS IsDeleted0, s0.VehicleID, c.CustomerID AS CustomerID0, c.Email, c.Name, c.Phone, c.Status AS Status1
                FROM Bills AS b
                INNER JOIN serviceRecords AS s ON b.ServiceRecordID == s.ServiceRecordID
                INNER JOIN Services AS s0 ON s.ServiceID == s0.ServiceID
                INNER JOIN Customers AS c ON s.CustomerID == c.CustomerID
                WHERE b.BillID == @__key_0
            ) AS s3
            LEFT JOIN BillCategoryDetail AS b0 ON s3.BillID == b0.BillId
            LEFT JOIN 
            (
                SELECT s1.ServiceCategoriesCategoryID, s1.ServicesServiceID, s2.CategoryID, s2.Amount, s2.Name, s2.Status
                FROM ServiceServiceCategory AS s1
                INNER JOIN ServiceCategories AS s2 ON s1.ServiceCategoriesCategoryID == s2.CategoryID
            ) AS s4 ON s3.ServiceID0 == s4.ServicesServiceID
            ORDER BY s3.BillID ASC, s3.ServiceRecordID0 ASC, s3.ServiceID0 ASC, s3.CustomerID0 ASC, b0.Id ASC, s4.ServiceCategoriesCategoryID ASC, s4.ServicesServiceID ASC) | Resolver: c => new RelationalCommandCache(
            c.Dependencies.MemoryCache, 
            c.RelationalDependencies.QuerySqlGeneratorFactory, 
            c.RelationalDependencies.RelationalParameterBasedSqlProcessorFactory, 
            Client Projections:
                0 -> Dictionary<IProperty, int> { [Property: Bill.BillID (Guid) Required PK AfterSave:Throw ValueGenerated.OnAdd, 0], [Property: Bill.Amount (float) Required, 1], [Property: Bill.Description (string) Required, 2], [Property: Bill.ServiceRecordID (Guid) Required FK Index, 3], [Property: Bill.Status (string) Required, 4] }
                1 -> 0
                2 -> 5
                3 -> 6
                4 -> 7
                5 -> Dictionary<IProperty, int> { [Property: BillCategoryDetail.Id (Guid) Required PK AfterSave:Throw ValueGenerated.OnAdd, 8], [Property: BillCategoryDetail.Amount (float) Required, 9], [Property: BillCategoryDetail.BillId (Guid) Required FK Index, 10], [Property: BillCategoryDetail.CategoryName (string) Required, 11] }
                6 -> 8
                7 -> Dictionary<IProperty, int> { [Property: ServiceRecord.ServiceRecordID (Guid) Required PK AfterSave:Throw ValueGenerated.OnAdd, 5], [Property: ServiceRecord.BookingID (Guid) Required FK Index, 12], [Property: ServiceRecord.CustomerID (Guid) Required FK Index, 13], [Property: ServiceRecord.IsDeleted (bool) Required, 14], [Property: ServiceRecord.MechanicId (Guid) Required FK Index, 15], [Property: ServiceRecord.ServiceID (Guid) Required FK Index, 16], [Property: ServiceRecord.Status (string) Required, 17] }
                8 -> Dictionary<IProperty, int> { [Property: Service.ServiceID (Guid) Required PK AfterSave:Throw ValueGenerated.OnAdd, 6], [Property: Service.Description (string) Required, 18], [Property: Service.IsDeleted (bool) Required, 19], [Property: Service.VehicleID (Guid) Required FK Index, 20] }
                9 -> Dictionary<IProperty, int> { [Property: ServiceServiceCategory (Dictionary<string, object>).ServiceCategoriesCategoryID (no field, Guid) Indexer Required PK FK AfterSave:Throw, 21], [Property: ServiceServiceCategory (Dictionary<string, object>).ServicesServiceID (no field, Guid) Indexer Required PK FK Index AfterSave:Throw, 22] }
                10 -> Dictionary<IProperty, int> { [Property: ServiceCategory.CategoryID (Guid) Required PK AfterSave:Throw ValueGenerated.OnAdd, 23], [Property: ServiceCategory.Amount (float) Required, 24], [Property: ServiceCategory.Name (string) Required, 25], [Property: ServiceCategory.Status (string) Required, 26] }
                11 -> 21
                12 -> 22
                13 -> 23
                14 -> Dictionary<IProperty, int> { [Property: Customer.CustomerID (Guid) Required PK AfterSave:Throw ValueGenerated.OnAdd, 7], [Property: Customer.Email (string) Required FK Index, 27], [Property: Customer.Name (string) Required, 28], [Property: Customer.Phone (string) Required, 29], [Property: Customer.Status (string) Required, 30] }
            SELECT s3.BillID, s3.Amount, s3.Description, s3.ServiceRecordID, s3.Status, s3.ServiceRecordID0, s3.ServiceID0, s3.CustomerID0, b0.Id, b0.Amount, b0.BillId, b0.CategoryName, s3.BookingID, s3.CustomerID, s3.IsDeleted, s3.MechanicId, s3.ServiceID, s3.Status0, s3.Description0, s3.IsDeleted0, s3.VehicleID, s4.ServiceCategoriesCategoryID, s4.ServicesServiceID, s4.CategoryID, s4.Amount, s4.Name, s4.Status, s3.Email, s3.Name, s3.Phone, s3.Status1
            FROM 
            (
                SELECT TOP(2) b.BillID, b.Amount, b.Description, b.ServiceRecordID, b.Status, s.ServiceRecordID AS ServiceRecordID0, s.BookingID, s.CustomerID, s.IsDeleted, s.MechanicId, s.ServiceID, s.Status AS Status0, s0.ServiceID AS ServiceID0, s0.Description AS Description0, s0.IsDeleted AS IsDeleted0, s0.VehicleID, c.CustomerID AS CustomerID0, c.Email, c.Name, c.Phone, c.Status AS Status1
                FROM Bills AS b
                INNER JOIN serviceRecords AS s ON b.ServiceRecordID == s.ServiceRecordID
                INNER JOIN Services AS s0 ON s.ServiceID == s0.ServiceID
                INNER JOIN Customers AS c ON s.CustomerID == c.CustomerID
                WHERE b.BillID == @__key_0
            ) AS s3
            LEFT JOIN BillCategoryDetail AS b0 ON s3.BillID == b0.BillId
            LEFT JOIN 
            (
                SELECT s1.ServiceCategoriesCategoryID, s1.ServicesServiceID, s2.CategoryID, s2.Amount, s2.Name, s2.Status
                FROM ServiceServiceCategory AS s1
                INNER JOIN ServiceCategories AS s2 ON s1.ServiceCategoriesCategoryID == s2.CategoryID
            ) AS s4 ON s3.ServiceID0 == s4.ServicesServiceID
            ORDER BY s3.BillID ASC, s3.ServiceRecordID0 ASC, s3.ServiceID0 ASC, s3.CustomerID0 ASC, b0.Id ASC, s4.ServiceCategoriesCategoryID ASC, s4.ServicesServiceID ASC, 
            False, 
            new HashSet<string>(
                new string[]{ }, 
                StringComparer.Ordinal
            )
        )].GetRelationalCommandTemplate(parameters), 
        readerColumns: null, 
        shaper: (queryContext, dataReader, resultContext, resultCoordinator) => 
        {
            resultContext.Values == null ? 
            {
                Bill entity;
                ServiceRecord entity;
                Service entity;
                Customer entity;
                entity = 
                {
                    MaterializationContext materializationContext1;
                    IEntityType entityType1;
                    Bill instance1;
                    InternalEntityEntry entry1;
                    bool hasNullKey1;
                    materializationContext1 = new MaterializationContext(
                        [LIFTABLE Constant: ValueBuffer | Resolver: _ => (object)ValueBuffer.Empty], 
                        queryContext.Context
                    );
                    instance1 = default(Bill);
                    entry1 = queryContext.TryGetEntry(
                        key: [LIFTABLE Constant: Key: Bill.BillID PK | Resolver: c => c.Dependencies.Model.FindEntityType(\"VSM.Models.Bill\").FindPrimaryKey()], 
                        keyValues: new object[]{ (object)dataReader.GetGuid(0) }, 
                        throwOnNullKey: True, 
                        hasNullKey: hasNullKey1);
                    !(hasNullKey1) ? entry1 != default(InternalEntityEntry) ? 
                    {
                        entityType1 = entry1.EntityType;
                        return instance1 = (Bill)entry1.Entity;
                    } : 
                    {
                        ISnapshot shadowSnapshot1;
                        shadowSnapshot1 = [LIFTABLE Constant: Snapshot | Resolver: _ => Snapshot.Empty];
                        entityType1 = [LIFTABLE Constant: EntityType: Bill | Resolver: namelessParameter{0} => namelessParameter{0}.Dependencies.Model.FindEntityType(\"VSM.Models.Bill\")];
                        instance1 = switch (entityType1)
                        {
                            case [LIFTABLE Constant: EntityType: Bill | Resolver: namelessParameter{1} => namelessParameter{1}.Dependencies.Model.FindEntityType(\"VSM.Models.Bill\")]: 
                                {
                                    return 
                                    {
                                        Bill instance;
                                        instance = new Bill();
                                        instance.<BillID>k__BackingField = dataReader.GetGuid(0);
                                        instance.<Amount>k__BackingField = dataReader.GetFloat(1);
                                        instance.<Description>k__BackingField = dataReader.GetString(2);
                                        instance.<ServiceRecordID>k__BackingField = dataReader.GetGuid(3);
                                        instance.<Status>k__BackingField = dataReader.GetString(4);
                                        (instance is IInjectableService) ? ((IInjectableService)instance).Injected(
                                            context: materializationContext1.Context, 
                                            entity: instance, 
                                            queryTrackingBehavior: TrackAll, 
                                            structuralType: [LIFTABLE Constant: EntityType: Bill | Resolver: namelessParameter{2} => namelessParameter{2}.Dependencies.Model.FindEntityType(\"VSM.Models.Bill\")]) : default(void);
                                        return instance;
                                    }}
                            default: 
                                default(Bill)
                        }
                        ;
                        entry1 = entityType1 == default(IEntityType) ? default(InternalEntityEntry) : queryContext.StartTracking(
                            entityType: entityType1, 
                            entity: instance1, 
                            snapshot: shadowSnapshot1);
                        return instance1;
                    } : default(void);
                    return instance1;
                };
                entity = 
                {
                    MaterializationContext materializationContext3;
                    IEntityType entityType3;
                    ServiceRecord instance3;
                    InternalEntityEntry entry3;
                    bool hasNullKey3;
                    materializationContext3 = new MaterializationContext(
                        [LIFTABLE Constant: ValueBuffer | Resolver: _ => (object)ValueBuffer.Empty], 
                        queryContext.Context
                    );
                    instance3 = default(ServiceRecord);
                    entry3 = queryContext.TryGetEntry(
                        key: [LIFTABLE Constant: Key: ServiceRecord.ServiceRecordID PK | Resolver: c => c.Dependencies.Model.FindEntityType(\"VSM.Models.ServiceRecord\").FindPrimaryKey()], 
                        keyValues: new object[]{ (object)dataReader.GetGuid(5) }, 
                        throwOnNullKey: True, 
                        hasNullKey: hasNullKey3);
                    !(hasNullKey3) ? entry3 != default(InternalEntityEntry) ? 
                    {
                        entityType3 = entry3.EntityType;
                        return instance3 = (ServiceRecord)entry3.Entity;
                    } : 
                    {
                        ISnapshot shadowSnapshot3;
                        shadowSnapshot3 = [LIFTABLE Constant: Snapshot | Resolver: _ => Snapshot.Empty];
                        entityType3 = [LIFTABLE Constant: EntityType: ServiceRecord | Resolver: namelessParameter{3} => namelessParameter{3}.Dependencies.Model.FindEntityType(\"VSM.Models.ServiceRecord\")];
                        instance3 = switch (entityType3)
                        {
                            case [LIFTABLE Constant: EntityType: ServiceRecord | Resolver: namelessParameter{4} => namelessParameter{4}.Dependencies.Model.FindEntityType(\"VSM.Models.ServiceRecord\")]: 
                                {
                                    return 
                                    {
                                        ServiceRecord instance;
                                        instance = new ServiceRecord();
                                        instance.<ServiceRecordID>k__BackingField = dataReader.GetGuid(5);
                                        instance.<BookingID>k__BackingField = dataReader.GetGuid(12);
                                        instance.<CustomerID>k__BackingField = dataReader.GetGuid(13);
                                        instance.<IsDeleted>k__BackingField = dataReader.GetBoolean(14);
                                        instance.<MechanicId>k__BackingField = dataReader.GetGuid(15);
                                        instance.<ServiceID>k__BackingField = dataReader.GetGuid(16);
                                        instance.<Status>k__BackingField = dataReader.GetString(17);
                                        (instance is IInjectableService) ? ((IInjectableService)instance).Injected(
                                            context: materializationContext3.Context, 
                                            entity: instance, 
                                            queryTrackingBehavior: TrackAll, 
                                            structuralType: [LIFTABLE Constant: EntityType: ServiceRecord | Resolver: namelessParameter{5} => namelessParameter{5}.Dependencies.Model.FindEntityType(\"VSM.Models.ServiceRecord\")]) : default(void);
                                        return instance;
                                    }}
                            default: 
                                default(ServiceRecord)
                        }
                        ;
                        entry3 = entityType3 == default(IEntityType) ? default(InternalEntityEntry) : queryContext.StartTracking(
                            entityType: entityType3, 
                            entity: instance3, 
                            snapshot: shadowSnapshot3);
                        return instance3;
                    } : default(void);
                    return instance3;
                };
                entity = 
                {
                    MaterializationContext materializationContext4;
                    IEntityType entityType4;
                    Service instance4;
                    InternalEntityEntry entry4;
                    bool hasNullKey4;
                    materializationContext4 = new MaterializationContext(
                        [LIFTABLE Constant: ValueBuffer | Resolver: _ => (object)ValueBuffer.Empty], 
                        queryContext.Context
                    );
                    instance4 = default(Service);
                    entry4 = queryContext.TryGetEntry(
                        key: [LIFTABLE Constant: Key: Service.ServiceID PK | Resolver: c => c.Dependencies.Model.FindEntityType(\"VSM.Models.Service\").FindPrimaryKey()], 
                        keyValues: new object[]{ (object)dataReader.GetGuid(6) }, 
                        throwOnNullKey: True, 
                        hasNullKey: hasNullKey4);
                    !(hasNullKey4) ? entry4 != default(InternalEntityEntry) ? 
                    {
                        entityType4 = entry4.EntityType;
                        return instance4 = (Service)entry4.Entity;
                    } : 
                    {
                        ISnapshot shadowSnapshot4;
                        shadowSnapshot4 = [LIFTABLE Constant: Snapshot | Resolver: _ => Snapshot.Empty];
                        entityType4 = [LIFTABLE Constant: EntityType: Service | Resolver: namelessParameter{6} => namelessParameter{6}.Dependencies.Model.FindEntityType(\"VSM.Models.Service\")];
                        instance4 = switch (entityType4)
                        {
                            case [LIFTABLE Constant: EntityType: Service | Resolver: namelessParameter{7} => namelessParameter{7}.Dependencies.Model.FindEntityType(\"VSM.Models.Service\")]: 
                                {
                                    return 
                                    {
                                        Service instance;
                                        instance = new Service();
                                        instance.<ServiceID>k__BackingField = dataReader.GetGuid(6);
                                        instance.<Description>k__BackingField = dataReader.GetString(18);
                                        instance.<IsDeleted>k__BackingField = dataReader.GetBoolean(19);
                                        instance.<VehicleID>k__BackingField = dataReader.GetGuid(20);
                                        (instance is IInjectableService) ? ((IInjectableService)instance).Injected(
                                            context: materializationContext4.Context, 
                                            entity: instance, 
                                            queryTrackingBehavior: TrackAll, 
                                            structuralType: [LIFTABLE Constant: EntityType: Service | Resolver: namelessParameter{8} => namelessParameter{8}.Dependencies.Model.FindEntityType(\"VSM.Models.Service\")]) : default(void);
                                        return instance;
                                    }}
                            default: 
                                default(Service)
                        }
                        ;
                        entry4 = entityType4 == default(IEntityType) ? default(InternalEntityEntry) : queryContext.StartTracking(
                            entityType: entityType4, 
                            entity: instance4, 
                            snapshot: shadowSnapshot4);
                        return instance4;
                    } : default(void);
                    return instance4;
                };
                entity = 
                {
                    MaterializationContext materializationContext7;
                    IEntityType entityType7;
                    Customer instance7;
                    InternalEntityEntry entry7;
                    bool hasNullKey7;
                    materializationContext7 = new MaterializationContext(
                        [LIFTABLE Constant: ValueBuffer | Resolver: _ => (object)ValueBuffer.Empty], 
                        queryContext.Context
                    );
                    instance7 = default(Customer);
                    entry7 = queryContext.TryGetEntry(
                        key: [LIFTABLE Constant: Key: Customer.CustomerID PK | Resolver: c => c.Dependencies.Model.FindEntityType(\"VSM.Models.Customer\").FindPrimaryKey()], 
                        keyValues: new object[]{ (object)dataReader.GetGuid(7) }, 
                        throwOnNullKey: True, 
                        hasNullKey: hasNullKey7);
                    !(hasNullKey7) ? entry7 != default(InternalEntityEntry) ? 
                    {
                        entityType7 = entry7.EntityType;
                        return instance7 = (Customer)entry7.Entity;
                    } : 
                    {
                        ISnapshot shadowSnapshot7;
                        shadowSnapshot7 = [LIFTABLE Constant: Snapshot | Resolver: _ => Snapshot.Empty];
                        entityType7 = [LIFTABLE Constant: EntityType: Customer | Resolver: namelessParameter{9} => namelessParameter{9}.Dependencies.Model.FindEntityType(\"VSM.Models.Customer\")];
                        instance7 = switch (entityType7)
                        {
                            case [LIFTABLE Constant: EntityType: Customer | Resolver: namelessParameter{10} => namelessParameter{10}.Dependencies.Model.FindEntityType(\"VSM.Models.Customer\")]: 
                                {
                                    return 
                                    {
                                        Customer instance;
                                        instance = new Customer();
                                        instance.<CustomerID>k__BackingField = dataReader.GetGuid(7);
                                        instance.<Email>k__BackingField = dataReader.GetString(27);
                                        instance.<Name>k__BackingField = dataReader.GetString(28);
                                        instance.<Phone>k__BackingField = dataReader.GetString(29);
                                        instance.<Status>k__BackingField = dataReader.GetString(30);
                                        (instance is IInjectableService) ? ((IInjectableService)instance).Injected(
                                            context: materializationContext7.Context, 
                                            entity: instance, 
                                            queryTrackingBehavior: TrackAll, 
                                            structuralType: [LIFTABLE Constant: EntityType: Customer | Resolver: namelessParameter{11} => namelessParameter{11}.Dependencies.Model.FindEntityType(\"VSM.Models.Customer\")]) : default(void);
                                        return instance;
                                    }}
                            default: 
                                default(Customer)
                        }
                        ;
                        entry7 = entityType7 == default(IEntityType) ? default(InternalEntityEntry) : queryContext.StartTracking(
                            entityType: entityType7, 
                            entity: instance7, 
                            snapshot: shadowSnapshot7);
                        return instance7;
                    } : default(void);
                    return instance7;
                };
                resultContext.Values = new object[]
                { 
                    entity, 
                    entity, 
                    entity, 
                    entity 
                };
                ShaperProcessingExpressionVisitor.InitializeIncludeCollection<Bill, Bill>(
                    collectionId: 0, 
                    queryContext: queryContext, 
                    dbDataReader: dataReader, 
                    resultCoordinator: resultCoordinator, 
                    entity: (Bill)(resultContext.Values[0]), 
                    parentIdentifier: [LIFTABLE Constant: Func<QueryContext, DbDataReader, object[]> | Resolver: _ => (queryContext, dataReader) => new object[]
                    { 
                        (object)(Guid?)dataReader.GetGuid(0), 
                        (object)(Guid?)dataReader.GetGuid(5), 
                        (object)(Guid?)dataReader.GetGuid(6), 
                        (object)(Guid?)dataReader.GetGuid(7) 
                    }], 
                    outerIdentifier: [LIFTABLE Constant: Func<QueryContext, DbDataReader, object[]> | Resolver: _ => (queryContext, dataReader) => new object[]
                    { 
                        (object)(Guid?)dataReader.GetGuid(0), 
                        (object)(Guid?)dataReader.GetGuid(5), 
                        (object)(Guid?)dataReader.GetGuid(6), 
                        (object)(Guid?)dataReader.GetGuid(7) 
                    }], 
                    navigation: [LIFTABLE Constant: Navigation: Bill.CategoryDetails (ICollection<BillCategoryDetail>) Collection ToDependent BillCategoryDetail Inverse: Bill | Resolver: namelessParameter{12} => namelessParameter{12}.Dependencies.Model.FindEntityType(\"VSM.Models.Bill\").FindNavigation(\"CategoryDetails\")], 
                    clrCollectionAccessor: [LIFTABLE Constant: ClrICollectionAccessor<Bill, ICollection<BillCategoryDetail>, BillCategoryDetail> | Resolver: namelessParameter{13} => namelessParameter{13}.Dependencies.Model.FindEntityType(\"VSM.Models.Bill\").FindNavigation(\"CategoryDetails\").GetCollectionAccessor()], 
                    trackingQuery: True, 
                    setLoaded: True);
                ShaperProcessingExpressionVisitor.InitializeIncludeCollection<Service, Service>(
                    collectionId: 1, 
                    queryContext: queryContext, 
                    dbDataReader: dataReader, 
                    resultCoordinator: resultCoordinator, 
                    entity: (Service)(resultContext.Values[2]), 
                    parentIdentifier: [LIFTABLE Constant: Func<QueryContext, DbDataReader, object[]> | Resolver: _ => (queryContext, dataReader) => new object[]
                    { 
                        (object)(Guid?)dataReader.GetGuid(0), 
                        (object)(Guid?)dataReader.GetGuid(5), 
                        (object)(Guid?)dataReader.GetGuid(6), 
                        (object)(Guid?)dataReader.GetGuid(7) 
                    }], 
                    outerIdentifier: [LIFTABLE Constant: Func<QueryContext, DbDataReader, object[]> | Resolver: _ => (queryContext, dataReader) => new object[]
                    { 
                        (object)(Guid?)dataReader.GetGuid(0), 
                        (object)(Guid?)dataReader.GetGuid(5), 
                        (object)(Guid?)dataReader.GetGuid(6), 
                        (object)(Guid?)dataReader.GetGuid(7), 
                        (object)dataReader.IsDBNull(8) ? default(Guid?) : (Guid?)dataReader.GetGuid(8) 
                    }], 
                    navigation: [LIFTABLE Constant: SkipNavigation: Service.ServiceCategories (ICollection<ServiceCategory>) CollectionServiceCategory Inverse: Services | Resolver: namelessParameter{14} => namelessParameter{14}.Dependencies.Model.FindEntityType(\"VSM.Models.Service\").FindSkipNavigation(\"ServiceCategories\")], 
                    clrCollectionAccessor: [LIFTABLE Constant: ClrICollectionAccessor<Service, ICollection<ServiceCategory>, ServiceCategory> | Resolver: namelessParameter{15} => namelessParameter{15}.Dependencies.Model.FindEntityType(\"VSM.Models.Service\").FindSkipNavigation(\"ServiceCategories\").GetCollectionAccessor()], 
                    trackingQuery: True, 
                    setLoaded: True);
                ShaperProcessingExpressionVisitor.IncludeReference<ServiceRecord, ServiceRecord, Service>(
                    queryContext: queryContext, 
                    entity: (ServiceRecord)(resultContext.Values[1]), 
                    relatedEntity: (Service)(resultContext.Values[2]), 
                    navigation: [LIFTABLE Constant: Navigation: ServiceRecord.Service (Service) ToPrincipal Service Inverse: ServiceRecord | Resolver: namelessParameter{16} => namelessParameter{16}.Dependencies.Model.FindEntityType(\"VSM.Models.ServiceRecord\").FindNavigation(\"Service\")], 
                    inverseNavigation: [LIFTABLE Constant: Navigation: Service.ServiceRecord (ServiceRecord) ToDependent ServiceRecord Inverse: Service | Resolver: namelessParameter{17} => namelessParameter{17}.Dependencies.Model.FindEntityType(\"VSM.Models.Service\").FindNavigation(\"ServiceRecord\")], 
                    fixup: (namelessParameter{18}, namelessParameter{19}) => 
                    {
                        namelessParameter{18}.<Service>k__BackingField = namelessParameter{19};
                        return namelessParameter{19}.<ServiceRecord>k__BackingField = namelessParameter{18};
                    }, 
                    trackingQuery: True);
                ShaperProcessingExpressionVisitor.IncludeReference<ServiceRecord, ServiceRecord, Customer>(
                    queryContext: queryContext, 
                    entity: (ServiceRecord)(resultContext.Values[1]), 
                    relatedEntity: (Customer)(resultContext.Values[3]), 
                    navigation: [LIFTABLE Constant: Navigation: ServiceRecord.Customer (Customer) ToPrincipal Customer Inverse: ServiceRecords | Resolver: namelessParameter{20} => namelessParameter{20}.Dependencies.Model.FindEntityType(\"VSM.Models.ServiceRecord\").FindNavigation(\"Customer\")], 
                    inverseNavigation: [LIFTABLE Constant: Navigation: Customer.ServiceRecords (ICollection<ServiceRecord>) Collection ToDependent ServiceRecord Inverse: Customer | Resolver: namelessParameter{21} => namelessParameter{21}.Dependencies.Model.FindEntityType(\"VSM.Models.Customer\").FindNavigation(\"ServiceRecords\")], 
                    fixup: (namelessParameter{22}, namelessParameter{23}) => 
                    {
                        namelessParameter{22}.<Customer>k__BackingField = namelessParameter{23};
                        return [LIFTABLE Constant: ClrICollectionAccessor<Customer, ICollection<ServiceRecord>, ServiceRecord> | Resolver: namelessParameter{24} => namelessParameter{24}.Dependencies.Model.FindEntityType(\"VSM.Models.Customer\").FindNavigation(\"ServiceRecords\").GetCollectionAccessor()].Add(
                            entity: namelessParameter{23}, 
                            value: namelessParameter{22}, 
                            forMaterialization: True);
                    }, 
                    trackingQuery: True);
                ShaperProcessingExpressionVisitor.IncludeReference<Bill, Bill, ServiceRecord>(
                    queryContext: queryContext, 
                    entity: (Bill)(resultContext.Values[0]), 
                    relatedEntity: (ServiceRecord)(resultContext.Values[1]), 
                    navigation: [LIFTABLE Constant: Navigation: Bill.ServiceRecord (ServiceRecord) ToPrincipal ServiceRecord Inverse: Bill | Resolver: namelessParameter{25} => namelessParameter{25}.Dependencies.Model.FindEntityType(\"VSM.Models.Bill\").FindNavigation(\"ServiceRecord\")], 
                    inverseNavigation: [LIFTABLE Constant: Navigation: ServiceRecord.Bill (Bill) ToDependent Bill Inverse: ServiceRecord | Resolver: namelessParameter{26} => namelessParameter{26}.Dependencies.Model.FindEntityType(\"VSM.Models.ServiceRecord\").FindNavigation(\"Bill\")], 
                    fixup: (namelessParameter{27}, namelessParameter{28}) => 
                    {
                        namelessParameter{27}.<ServiceRecord>k__BackingField = namelessParameter{28};
                        return namelessParameter{28}.<Bill>k__BackingField = namelessParameter{27};
                    }, 
                    trackingQuery: True);
            } : default(void);
            ShaperProcessingExpressionVisitor.PopulateIncludeCollection<Bill, BillCategoryDetail>(
                collectionId: 0, 
                queryContext: queryContext, 
                dbDataReader: dataReader, 
                resultCoordinator: resultCoordinator, 
                parentIdentifier: [LIFTABLE Constant: Func<QueryContext, DbDataReader, object[]> | Resolver: _ => (queryContext, dataReader) => new object[]
                { 
                    (object)(Guid?)dataReader.GetGuid(0), 
                    (object)(Guid?)dataReader.GetGuid(5), 
                    (object)(Guid?)dataReader.GetGuid(6), 
                    (object)(Guid?)dataReader.GetGuid(7) 
                }], 
                outerIdentifier: [LIFTABLE Constant: Func<QueryContext, DbDataReader, object[]> | Resolver: _ => (queryContext, dataReader) => new object[]
                { 
                    (object)(Guid?)dataReader.GetGuid(0), 
                    (object)(Guid?)dataReader.GetGuid(5), 
                    (object)(Guid?)dataReader.GetGuid(6), 
                    (object)(Guid?)dataReader.GetGuid(7) 
                }], 
                selfIdentifier: [LIFTABLE Constant: Func<QueryContext, DbDataReader, object[]> | Resolver: _ => (queryContext, dataReader) => new object[]{ (object)dataReader.IsDBNull(8) ? default(Guid?) : (Guid?)dataReader.GetGuid(8) }], 
                parentIdentifierValueComparers: [LIFTABLE Constant: Func<object, object, bool>[] { Func<object, object, bool>, Func<object, object, bool>, Func<object, object, bool>, Func<object, object, bool> } | Resolver: _ => new Func<object, object, bool>[]
                { 
                    (left, right) => left == null ? right == null : right != null && (Guid)left == (Guid)right, 
                    (left, right) => left == null ? right == null : right != null && (Guid)left == (Guid)right, 
                    (left, right) => left == null ? right == null : right != null && (Guid)left == (Guid)right, 
                    (left, right) => left == null ? right == null : right != null && (Guid)left == (Guid)right 
                }], 
                outerIdentifierValueComparers: [LIFTABLE Constant: Func<object, object, bool>[] { Func<object, object, bool>, Func<object, object, bool>, Func<object, object, bool>, Func<object, object, bool> } | Resolver: _ => new Func<object, object, bool>[]
                { 
                    (left, right) => left == null ? right == null : right != null && (Guid)left == (Guid)right, 
                    (left, right) => left == null ? right == null : right != null && (Guid)left == (Guid)right, 
                    (left, right) => left == null ? right == null : right != null && (Guid)left == (Guid)right, 
                    (left, right) => left == null ? right == null : right != null && (Guid)left == (Guid)right 
                }], 
                selfIdentifierValueComparers: [LIFTABLE Constant: Func<object, object, bool>[] { Func<object, object, bool> } | Resolver: _ => new Func<object, object, bool>[]{ (left, right) => left == null ? right == null : right != null && (Guid)left == (Guid)right }], 
                innerShaper: (queryContext, dataReader, resultContext, resultCoordinator) => 
                {
                    BillCategoryDetail entity;
                    entity = 
                    {
                        MaterializationContext materializationContext2;
                        IEntityType entityType2;
                        BillCategoryDetail instance2;
                        InternalEntityEntry entry2;
                        bool hasNullKey2;
                        materializationContext2 = new MaterializationContext(
                            [LIFTABLE Constant: ValueBuffer | Resolver: _ => (object)ValueBuffer.Empty], 
                            queryContext.Context
                        );
                        instance2 = default(BillCategoryDetail);
                        entry2 = queryContext.TryGetEntry(
                            key: [LIFTABLE Constant: Key: BillCategoryDetail.Id PK | Resolver: c => c.Dependencies.Model.FindEntityType(\"VSM.Models.BillCategoryDetail\").FindPrimaryKey()], 
                            keyValues: new object[]{ dataReader.IsDBNull(8) ? default(object) : (object)dataReader.GetGuid(8) }, 
                            throwOnNullKey: False, 
                            hasNullKey: hasNullKey2);
                        !(hasNullKey2) ? entry2 != default(InternalEntityEntry) ? 
                        {
                            entityType2 = entry2.EntityType;
                            return instance2 = (BillCategoryDetail)entry2.Entity;
                        } : 
                        {
                            ISnapshot shadowSnapshot2;
                            shadowSnapshot2 = [LIFTABLE Constant: Snapshot | Resolver: _ => Snapshot.Empty];
                            entityType2 = [LIFTABLE Constant: EntityType: BillCategoryDetail | Resolver: namelessParameter{29} => namelessParameter{29}.Dependencies.Model.FindEntityType(\"VSM.Models.BillCategoryDetail\")];
                            instance2 = switch (entityType2)
                            {
                                case [LIFTABLE Constant: EntityType: BillCategoryDetail | Resolver: namelessParameter{30} => namelessParameter{30}.Dependencies.Model.FindEntityType(\"VSM.Models.BillCategoryDetail\")]: 
                                    {
                                        return 
                                        {
                                            BillCategoryDetail instance;
                                            instance = new BillCategoryDetail();
                                            instance.<Id>k__BackingField = dataReader.IsDBNull(8) ? default(Guid) : dataReader.GetGuid(8);
                                            instance.<Amount>k__BackingField = dataReader.IsDBNull(9) ? default(float) : dataReader.GetFloat(9);
                                            instance.<BillId>k__BackingField = dataReader.IsDBNull(10) ? default(Guid) : dataReader.GetGuid(10);
                                            instance.<CategoryName>k__BackingField = dataReader.IsDBNull(11) ? default(string) : dataReader.GetString(11);
                                            (instance is IInjectableService) ? ((IInjectableService)instance).Injected(
                                                context: materializationContext2.Context, 
                                                entity: instance, 
                                                queryTrackingBehavior: TrackAll, 
                                                structuralType: [LIFTABLE Constant: EntityType: BillCategoryDetail | Resolver: namelessParameter{31} => namelessParameter{31}.Dependencies.Model.FindEntityType(\"VSM.Models.BillCategoryDetail\")]) : default(void);
                                            return instance;
                                        }}
                                default: 
                                    default(BillCategoryDetail)
                            }
                            ;
                            entry2 = entityType2 == default(IEntityType) ? default(InternalEntityEntry) : queryContext.StartTracking(
                                entityType: entityType2, 
                                entity: instance2, 
                                snapshot: shadowSnapshot2);
                            return instance2;
                        } : default(void);
                        return instance2;
                    };
                    return entity;
                }, 
                inverseNavigation: [LIFTABLE Constant: Navigation: BillCategoryDetail.Bill (Bill) ToPrincipal Bill Inverse: CategoryDetails | Resolver: namelessParameter{32} => namelessParameter{32}.Dependencies.Model.FindEntityType(\"VSM.Models.BillCategoryDetail\").FindNavigation(\"Bill\")], 
                fixup: (namelessParameter{33}, namelessParameter{34}) => 
                {
                    [LIFTABLE Constant: ClrICollectionAccessor<Bill, ICollection<BillCategoryDetail>, BillCategoryDetail> | Resolver: namelessParameter{35} => namelessParameter{35}.Dependencies.Model.FindEntityType(\"VSM.Models.Bill\").FindNavigation(\"CategoryDetails\").GetCollectionAccessor()].Add(
                        entity: namelessParameter{33}, 
                        value: namelessParameter{34}, 
                        forMaterialization: True);
                    return namelessParameter{34}.<Bill>k__BackingField = namelessParameter{33};
                }, 
                trackingQuery: True);
            ShaperProcessingExpressionVisitor.PopulateIncludeCollection<Service, ServiceCategory>(
                collectionId: 1, 
                queryContext: queryContext, 
                dbDataReader: dataReader, 
                resultCoordinator: resultCoordinator, 
                parentIdentifier: [LIFTABLE Constant: Func<QueryContext, DbDataReader, object[]> | Resolver: _ => (queryContext, dataReader) => new object[]
                { 
                    (object)(Guid?)dataReader.GetGuid(0), 
                    (object)(Guid?)dataReader.GetGuid(5), 
                    (object)(Guid?)dataReader.GetGuid(6), 
                    (object)(Guid?)dataReader.GetGuid(7) 
                }], 
                outerIdentifier: [LIFTABLE Constant: Func<QueryContext, DbDataReader, object[]> | Resolver: _ => (queryContext, dataReader) => new object[]
                { 
                    (object)(Guid?)dataReader.GetGuid(0), 
                    (object)(Guid?)dataReader.GetGuid(5), 
                    (object)(Guid?)dataReader.GetGuid(6), 
                    (object)(Guid?)dataReader.GetGuid(7), 
                    (object)dataReader.IsDBNull(8) ? default(Guid?) : (Guid?)dataReader.GetGuid(8) 
                }], 
                selfIdentifier: [LIFTABLE Constant: Func<QueryContext, DbDataReader, object[]> | Resolver: _ => (queryContext, dataReader) => new object[]
                { 
                    (object)dataReader.IsDBNull(21) ? default(Guid?) : (Guid?)dataReader.GetGuid(21), 
                    (object)dataReader.IsDBNull(22) ? default(Guid?) : (Guid?)dataReader.GetGuid(22), 
                    (object)dataReader.IsDBNull(23) ? default(Guid?) : (Guid?)dataReader.GetGuid(23) 
                }], 
                parentIdentifierValueComparers: [LIFTABLE Constant: Func<object, object, bool>[] { Func<object, object, bool>, Func<object, object, bool>, Func<object, object, bool>, Func<object, object, bool> } | Resolver: _ => new Func<object, object, bool>[]
                { 
                    (left, right) => left == null ? right == null : right != null && (Guid)left == (Guid)right, 
                    (left, right) => left == null ? right == null : right != null && (Guid)left == (Guid)right, 
                    (left, right) => left == null ? right == null : right != null && (Guid)left == (Guid)right, 
                    (left, right) => left == null ? right == null : right != null && (Guid)left == (Guid)right 
                }], 
                outerIdentifierValueComparers: [LIFTABLE Constant: Func<object, object, bool>[] { Func<object, object, bool>, Func<object, object, bool>, Func<object, object, bool>, Func<object, object, bool>, Func<object, object, bool> } | Resolver: _ => new Func<object, object, bool>[]
                { 
                    (left, right) => left == null ? right == null : right != null && (Guid)left == (Guid)right, 
                    (left, right) => left == null ? right == null : right != null && (Guid)left == (Guid)right, 
                    (left, right) => left == null ? right == null : right != null && (Guid)left == (Guid)right, 
                    (left, right) => left == null ? right == null : right != null && (Guid)left == (Guid)right, 
                    (left, right) => left == null ? right == null : right != null && (Guid)left == (Guid)right 
                }], 
                selfIdentifierValueComparers: [LIFTABLE Constant: Func<object, object, bool>[] { Func<object, object, bool>, Func<object, object, bool>, Func<object, object, bool> } | Resolver: _ => new Func<object, object, bool>[]
                { 
                    (left, right) => left == null ? right == null : right != null && (Guid)left == (Guid)right, 
                    (left, right) => left == null ? right == null : right != null && (Guid)left == (Guid)right, 
                    (left, right) => left == null ? right == null : right != null && (Guid)left == (Guid)right 
                }], 
                innerShaper: (queryContext, dataReader, resultContext, resultCoordinator) => 
                {
                    Dictionary<string, object> entity;
                    ServiceCategory entity;
                    entity = 
                    {
                        MaterializationContext materializationContext5;
                        IEntityType entityType5;
                        Dictionary<string, object> instance5;
                        InternalEntityEntry entry5;
                        bool hasNullKey5;
                        materializationContext5 = new MaterializationContext(
                            [LIFTABLE Constant: ValueBuffer | Resolver: _ => (object)ValueBuffer.Empty], 
                            queryContext.Context
                        );
                        instance5 = default(Dictionary<string, object>);
                        entry5 = queryContext.TryGetEntry(
                            key: [LIFTABLE Constant: Key: ServiceServiceCategory (Dictionary<string, object>).ServiceCategoriesCategoryID, ServiceServiceCategory (Dictionary<string, object>).ServicesServiceID PK | Resolver: c => c.Dependencies.Model.FindEntityType(\"ServiceServiceCategory\").FindPrimaryKey()], 
                            keyValues: new object[]
                            { 
                                dataReader.IsDBNull(21) ? default(object) : (object)dataReader.GetGuid(21), 
                                dataReader.IsDBNull(22) ? default(object) : (object)dataReader.GetGuid(22) 
                            }, 
                            throwOnNullKey: False, 
                            hasNullKey: hasNullKey5);
                        !(hasNullKey5) ? entry5 != default(InternalEntityEntry) ? 
                        {
                            entityType5 = entry5.EntityType;
                            return instance5 = (Dictionary<string, object>)entry5.Entity;
                        } : 
                        {
                            ISnapshot shadowSnapshot5;
                            shadowSnapshot5 = [LIFTABLE Constant: Snapshot | Resolver: _ => Snapshot.Empty];
                            entityType5 = [LIFTABLE Constant: EntityType: ServiceServiceCategory (Dictionary<string, object>) CLR Type: Dictionary<string, object> | Resolver: namelessParameter{36} => namelessParameter{36}.Dependencies.Model.FindEntityType(\"ServiceServiceCategory\")];
                            instance5 = switch (entityType5)
                            {
                                case [LIFTABLE Constant: EntityType: ServiceServiceCategory (Dictionary<string, object>) CLR Type: Dictionary<string, object> | Resolver: namelessParameter{37} => namelessParameter{37}.Dependencies.Model.FindEntityType(\"ServiceServiceCategory\")]: 
                                    {
                                        return 
                                        {
                                            Dictionary<string, object> instance;
                                            instance = new Dictionary<string, object>();
                                            instance[\"ServiceCategoriesCategoryID\"] = dataReader.IsDBNull(21) ? default(object) : (object)dataReader.GetGuid(21);
                                            instance[\"ServicesServiceID\"] = dataReader.IsDBNull(22) ? default(object) : (object)dataReader.GetGuid(22);
                                            (instance is IInjectableService) ? ((IInjectableService)instance).Injected(
                                                context: materializationContext5.Context, 
                                                entity: instance, 
                                                queryTrackingBehavior: TrackAll, 
                                                structuralType: [LIFTABLE Constant: EntityType: ServiceServiceCategory (Dictionary<string, object>) CLR Type: Dictionary<string, object> | Resolver: namelessParameter{38} => namelessParameter{38}.Dependencies.Model.FindEntityType(\"ServiceServiceCategory\")]) : default(void);
                                            return instance;
                                        }}
                                default: 
                                    default(Dictionary<string, object>)
                            }
                            ;
                            entry5 = entityType5 == default(IEntityType) ? default(InternalEntityEntry) : queryContext.StartTracking(
                                entityType: entityType5, 
                                entity: instance5, 
                                snapshot: shadowSnapshot5);
                            return instance5;
                        } : default(void);
                        return instance5;
                    };
                    entity = 
                    {
                        MaterializationContext materializationContext6;
                        IEntityType entityType6;
                        ServiceCategory instance6;
                        InternalEntityEntry entry6;
                        bool hasNullKey6;
                        materializationContext6 = new MaterializationContext(
                            [LIFTABLE Constant: ValueBuffer | Resolver: _ => (object)ValueBuffer.Empty], 
                            queryContext.Context
                        );
                        instance6 = default(ServiceCategory);
                        entry6 = queryContext.TryGetEntry(
                            key: [LIFTABLE Constant: Key: ServiceCategory.CategoryID PK | Resolver: c => c.Dependencies.Model.FindEntityType(\"VSM.Models.ServiceCategory\").FindPrimaryKey()], 
                            keyValues: new object[]{ dataReader.IsDBNull(23) ? default(object) : (object)dataReader.GetGuid(23) }, 
                            throwOnNullKey: False, 
                            hasNullKey: hasNullKey6);
                        !(hasNullKey6) ? entry6 != default(InternalEntityEntry) ? 
                        {
                            entityType6 = entry6.EntityType;
                            return instance6 = (ServiceCategory)entry6.Entity;
                        } : 
                        {
                            ISnapshot shadowSnapshot6;
                            shadowSnapshot6 = [LIFTABLE Constant: Snapshot | Resolver: _ => Snapshot.Empty];
                            entityType6 = [LIFTABLE Constant: EntityType: ServiceCategory | Resolver: namelessParameter{39} => namelessParameter{39}.Dependencies.Model.FindEntityType(\"VSM.Models.ServiceCategory\")];
                            instance6 = switch (entityType6)
                            {
                                case [LIFTABLE Constant: EntityType: ServiceCategory | Resolver: namelessParameter{40} => namelessParameter{40}.Dependencies.Model.FindEntityType(\"VSM.Models.ServiceCategory\")]: 
                                    {
                                        return 
                                        {
                                            ServiceCategory instance;
                                            instance = new ServiceCategory();
                                            instance.<CategoryID>k__BackingField = dataReader.IsDBNull(23) ? default(Guid) : dataReader.GetGuid(23);
                                            instance.<Amount>k__BackingField = dataReader.IsDBNull(24) ? default(float) : dataReader.GetFloat(24);
                                            instance.<Name>k__BackingField = dataReader.IsDBNull(25) ? default(string) : dataReader.GetString(25);
                                            instance.<Status>k__BackingField = dataReader.IsDBNull(26) ? default(string) : dataReader.GetString(26);
                                            (instance is IInjectableService) ? ((IInjectableService)instance).Injected(
                                                context: materializationContext6.Context, 
                                                entity: instance, 
                                                queryTrackingBehavior: TrackAll, 
                                                structuralType: [LIFTABLE Constant: EntityType: ServiceCategory | Resolver: namelessParameter{41} => namelessParameter{41}.Dependencies.Model.FindEntityType(\"VSM.Models.ServiceCategory\")]) : default(void);
                                            return instance;
                                        }}
                                default: 
                                    default(ServiceCategory)
                            }
                            ;
                            entry6 = entityType6 == default(IEntityType) ? default(InternalEntityEntry) : queryContext.StartTracking(
                                entityType: entityType6, 
                                entity: instance6, 
                                snapshot: shadowSnapshot6);
                            return instance6;
                        } : default(void);
                        return instance6;
                    };
                    return NavigationExpandingExpressionVisitor.FetchJoinEntity<Dictionary<string, object>, ServiceCategory>(
                        joinEntity: entity, 
                        targetEntity: entity);
                }, 
                inverseNavigation: [LIFTABLE Constant: SkipNavigation: ServiceCategory.Services (ICollection<Service>) CollectionService Inverse: ServiceCategories | Resolver: namelessParameter{42} => namelessParameter{42}.Dependencies.Model.FindEntityType(\"VSM.Models.ServiceCategory\").FindSkipNavigation(\"Services\")], 
                fixup: (namelessParameter{43}, namelessParameter{44}) => 
                {
                    [LIFTABLE Constant: ClrICollectionAccessor<Service, ICollection<ServiceCategory>, ServiceCategory> | Resolver: namelessParameter{45} => namelessParameter{45}.Dependencies.Model.FindEntityType(\"VSM.Models.Service\").FindSkipNavigation(\"ServiceCategories\").GetCollectionAccessor()].Add(
                        entity: namelessParameter{43}, 
                        value: namelessParameter{44}, 
                        forMaterialization: True);
                    return [LIFTABLE Constant: ClrICollectionAccessor<ServiceCategory, ICollection<Service>, Service> | Resolver: namelessParameter{46} => namelessParameter{46}.Dependencies.Model.FindEntityType(\"VSM.Models.ServiceCategory\").FindSkipNavigation(\"Services\").GetCollectionAccessor()].Add(
                        entity: namelessParameter{44}, 
                        value: namelessParameter{43}, 
                        forMaterialization: True);
                }, 
                trackingQuery: True);
            return IsTrue(resultCoordinator.ResultReady)
             ? (Bill)(resultContext.Values[0]) : default(Bill);
        }, 
        contextType: VSM.Contexts.VSMContext, 
        standAloneStateManager: False, 
        detailedErrorsEnabled: False, 
        threadSafetyChecksEnabled: True), 
    cancellationToken: queryContext.CancellationToken)"'
2025-07-18 10:56:09 [Debug] Creating DbConnection.
2025-07-18 10:56:09 [Debug] Created DbConnection. (0ms).
2025-07-18 10:56:09 [Debug] Opening connection to database '"VehicleServiceManagement"' on server '"tcp://localhost:5432"'.
2025-07-18 10:56:09 [Debug] Opened connection to database '"VehicleServiceManagement"' on server '"tcp://localhost:5432"'.
2025-07-18 10:56:09 [Debug] Creating DbCommand for '"ExecuteReader"'.
2025-07-18 10:56:09 [Debug] Created DbCommand for '"ExecuteReader"' (0ms).
2025-07-18 10:56:09 [Debug] Initialized DbCommand for '"ExecuteReader"' (0ms).
2025-07-18 10:56:09 [Debug] Executing DbCommand [Parameters=["@__key_0='?' (DbType = Guid)"], CommandType='Text', CommandTimeout='30']"
""SELECT s3.\"BillID\", s3.\"Amount\", s3.\"Description\", s3.\"ServiceRecordID\", s3.\"Status\", s3.\"ServiceRecordID0\", s3.\"ServiceID0\", s3.\"CustomerID0\", b0.\"Id\", b0.\"Amount\", b0.\"BillId\", b0.\"CategoryName\", s3.\"BookingID\", s3.\"CustomerID\", s3.\"IsDeleted\", s3.\"MechanicId\", s3.\"ServiceID\", s3.\"Status0\", s3.\"Description0\", s3.\"IsDeleted0\", s3.\"VehicleID\", s4.\"ServiceCategoriesCategoryID\", s4.\"ServicesServiceID\", s4.\"CategoryID\", s4.\"Amount\", s4.\"Name\", s4.\"Status\", s3.\"Email\", s3.\"Name\", s3.\"Phone\", s3.\"Status1\"
FROM (
    SELECT b.\"BillID\", b.\"Amount\", b.\"Description\", b.\"ServiceRecordID\", b.\"Status\", s.\"ServiceRecordID\" AS \"ServiceRecordID0\", s.\"BookingID\", s.\"CustomerID\", s.\"IsDeleted\", s.\"MechanicId\", s.\"ServiceID\", s.\"Status\" AS \"Status0\", s0.\"ServiceID\" AS \"ServiceID0\", s0.\"Description\" AS \"Description0\", s0.\"IsDeleted\" AS \"IsDeleted0\", s0.\"VehicleID\", c.\"CustomerID\" AS \"CustomerID0\", c.\"Email\", c.\"Name\", c.\"Phone\", c.\"Status\" AS \"Status1\"
    FROM \"Bills\" AS b
    INNER JOIN \"serviceRecords\" AS s ON b.\"ServiceRecordID\" = s.\"ServiceRecordID\"
    INNER JOIN \"Services\" AS s0 ON s.\"ServiceID\" = s0.\"ServiceID\"
    INNER JOIN \"Customers\" AS c ON s.\"CustomerID\" = c.\"CustomerID\"
    WHERE b.\"BillID\" = @__key_0
    LIMIT 2
) AS s3
LEFT JOIN \"BillCategoryDetail\" AS b0 ON s3.\"BillID\" = b0.\"BillId\"
LEFT JOIN (
    SELECT s1.\"ServiceCategoriesCategoryID\", s1.\"ServicesServiceID\", s2.\"CategoryID\", s2.\"Amount\", s2.\"Name\", s2.\"Status\"
    FROM \"ServiceServiceCategory\" AS s1
    INNER JOIN \"ServiceCategories\" AS s2 ON s1.\"ServiceCategoriesCategoryID\" = s2.\"CategoryID\"
) AS s4 ON s3.\"ServiceID0\" = s4.\"ServicesServiceID\"
ORDER BY s3.\"BillID\", s3.\"ServiceRecordID0\", s3.\"ServiceID0\", s3.\"CustomerID0\", b0.\"Id\", s4.\"ServiceCategoriesCategoryID\", s4.\"ServicesServiceID\""
2025-07-18 10:56:09 [Information] Executed DbCommand ("5"ms) [Parameters=["@__key_0='?' (DbType = Guid)"], CommandType='Text', CommandTimeout='30']"
""SELECT s3.\"BillID\", s3.\"Amount\", s3.\"Description\", s3.\"ServiceRecordID\", s3.\"Status\", s3.\"ServiceRecordID0\", s3.\"ServiceID0\", s3.\"CustomerID0\", b0.\"Id\", b0.\"Amount\", b0.\"BillId\", b0.\"CategoryName\", s3.\"BookingID\", s3.\"CustomerID\", s3.\"IsDeleted\", s3.\"MechanicId\", s3.\"ServiceID\", s3.\"Status0\", s3.\"Description0\", s3.\"IsDeleted0\", s3.\"VehicleID\", s4.\"ServiceCategoriesCategoryID\", s4.\"ServicesServiceID\", s4.\"CategoryID\", s4.\"Amount\", s4.\"Name\", s4.\"Status\", s3.\"Email\", s3.\"Name\", s3.\"Phone\", s3.\"Status1\"
FROM (
    SELECT b.\"BillID\", b.\"Amount\", b.\"Description\", b.\"ServiceRecordID\", b.\"Status\", s.\"ServiceRecordID\" AS \"ServiceRecordID0\", s.\"BookingID\", s.\"CustomerID\", s.\"IsDeleted\", s.\"MechanicId\", s.\"ServiceID\", s.\"Status\" AS \"Status0\", s0.\"ServiceID\" AS \"ServiceID0\", s0.\"Description\" AS \"Description0\", s0.\"IsDeleted\" AS \"IsDeleted0\", s0.\"VehicleID\", c.\"CustomerID\" AS \"CustomerID0\", c.\"Email\", c.\"Name\", c.\"Phone\", c.\"Status\" AS \"Status1\"
    FROM \"Bills\" AS b
    INNER JOIN \"serviceRecords\" AS s ON b.\"ServiceRecordID\" = s.\"ServiceRecordID\"
    INNER JOIN \"Services\" AS s0 ON s.\"ServiceID\" = s0.\"ServiceID\"
    INNER JOIN \"Customers\" AS c ON s.\"CustomerID\" = c.\"CustomerID\"
    WHERE b.\"BillID\" = @__key_0
    LIMIT 2
) AS s3
LEFT JOIN \"BillCategoryDetail\" AS b0 ON s3.\"BillID\" = b0.\"BillId\"
LEFT JOIN (
    SELECT s1.\"ServiceCategoriesCategoryID\", s1.\"ServicesServiceID\", s2.\"CategoryID\", s2.\"Amount\", s2.\"Name\", s2.\"Status\"
    FROM \"ServiceServiceCategory\" AS s1
    INNER JOIN \"ServiceCategories\" AS s2 ON s1.\"ServiceCategoriesCategoryID\" = s2.\"CategoryID\"
) AS s4 ON s3.\"ServiceID0\" = s4.\"ServicesServiceID\"
ORDER BY s3.\"BillID\", s3.\"ServiceRecordID0\", s3.\"ServiceID0\", s3.\"CustomerID0\", b0.\"Id\", s4.\"ServiceCategoriesCategoryID\", s4.\"ServicesServiceID\""
2025-07-18 10:56:09 [Debug] Context '"VSMContext"' started tracking '"Bill"' entity. Consider using 'DbContextOptionsBuilder.EnableSensitiveDataLogging' to see key values.
2025-07-18 10:56:09 [Debug] The navigation '"Bill"."ServiceRecord"' was detected as changed. Consider using 'DbContextOptionsBuilder.EnableSensitiveDataLogging' to see key values.
2025-07-18 10:56:09 [Debug] Context '"VSMContext"' started tracking '"ServiceRecord"' entity. Consider using 'DbContextOptionsBuilder.EnableSensitiveDataLogging' to see key values.
2025-07-18 10:56:09 [Debug] The navigation '"ServiceRecord"."Service"' was detected as changed. Consider using 'DbContextOptionsBuilder.EnableSensitiveDataLogging' to see key values.
2025-07-18 10:56:09 [Debug] Context '"VSMContext"' started tracking '"Service"' entity. Consider using 'DbContextOptionsBuilder.EnableSensitiveDataLogging' to see key values.
2025-07-18 10:56:09 [Debug] The navigation '"ServiceRecord"."Customer"' was detected as changed. Consider using 'DbContextOptionsBuilder.EnableSensitiveDataLogging' to see key values.
2025-07-18 10:56:09 [Debug] Context '"VSMContext"' started tracking '"Customer"' entity. Consider using 'DbContextOptionsBuilder.EnableSensitiveDataLogging' to see key values.
2025-07-18 10:56:09 [Debug] Context '"VSMContext"' started tracking '"BillCategoryDetail"' entity. Consider using 'DbContextOptionsBuilder.EnableSensitiveDataLogging' to see key values.
2025-07-18 10:56:09 [Debug] Context '"VSMContext"' started tracking '"ServiceServiceCategory"' entity. Consider using 'DbContextOptionsBuilder.EnableSensitiveDataLogging' to see key values.
2025-07-18 10:56:09 [Debug] Context '"VSMContext"' started tracking '"ServiceCategory"' entity. Consider using 'DbContextOptionsBuilder.EnableSensitiveDataLogging' to see key values.
2025-07-18 10:56:09 [Debug] Context '"VSMContext"' started tracking '"ServiceServiceCategory"' entity. Consider using 'DbContextOptionsBuilder.EnableSensitiveDataLogging' to see key values.
2025-07-18 10:56:09 [Debug] Context '"VSMContext"' started tracking '"ServiceCategory"' entity. Consider using 'DbContextOptionsBuilder.EnableSensitiveDataLogging' to see key values.
2025-07-18 10:56:09 [Debug] Context '"VSMContext"' started tracking '"ServiceServiceCategory"' entity. Consider using 'DbContextOptionsBuilder.EnableSensitiveDataLogging' to see key values.
2025-07-18 10:56:09 [Debug] Context '"VSMContext"' started tracking '"ServiceCategory"' entity. Consider using 'DbContextOptionsBuilder.EnableSensitiveDataLogging' to see key values.
2025-07-18 10:56:09 [Debug] Context '"VSMContext"' started tracking '"ServiceServiceCategory"' entity. Consider using 'DbContextOptionsBuilder.EnableSensitiveDataLogging' to see key values.
2025-07-18 10:56:09 [Debug] Context '"VSMContext"' started tracking '"ServiceCategory"' entity. Consider using 'DbContextOptionsBuilder.EnableSensitiveDataLogging' to see key values.
2025-07-18 10:56:09 [Debug] Context '"VSMContext"' started tracking '"ServiceServiceCategory"' entity. Consider using 'DbContextOptionsBuilder.EnableSensitiveDataLogging' to see key values.
2025-07-18 10:56:09 [Debug] Context '"VSMContext"' started tracking '"ServiceCategory"' entity. Consider using 'DbContextOptionsBuilder.EnableSensitiveDataLogging' to see key values.
2025-07-18 10:56:09 [Debug] Context '"VSMContext"' started tracking '"BillCategoryDetail"' entity. Consider using 'DbContextOptionsBuilder.EnableSensitiveDataLogging' to see key values.
2025-07-18 10:56:09 [Debug] Context '"VSMContext"' started tracking '"BillCategoryDetail"' entity. Consider using 'DbContextOptionsBuilder.EnableSensitiveDataLogging' to see key values.
2025-07-18 10:56:09 [Debug] Context '"VSMContext"' started tracking '"BillCategoryDetail"' entity. Consider using 'DbContextOptionsBuilder.EnableSensitiveDataLogging' to see key values.
2025-07-18 10:56:09 [Debug] Context '"VSMContext"' started tracking '"BillCategoryDetail"' entity. Consider using 'DbContextOptionsBuilder.EnableSensitiveDataLogging' to see key values.
2025-07-18 10:56:09 [Debug] Context '"VSMContext"' started tracking '"BillCategoryDetail"' entity. Consider using 'DbContextOptionsBuilder.EnableSensitiveDataLogging' to see key values.
2025-07-18 10:56:09 [Debug] Closing data reader to '"VehicleServiceManagement"' on server '"tcp://localhost:5432"'.
2025-07-18 10:56:09 [Debug] A data reader for '"VehicleServiceManagement"' on server '"tcp://localhost:5432"' is being disposed after spending 5ms reading results.
2025-07-18 10:56:09 [Debug] Closing connection to database '"VehicleServiceManagement"' on server '"tcp://localhost:5432"'.
2025-07-18 10:56:09 [Debug] Closed connection to database '"VehicleServiceManagement"' on server '"tcp://localhost:5432"' (0ms).
2025-07-18 10:56:10 [Information] Executing "FileContentResult", sending file with download name '"Bill_1ee4c64d-3364-41e0-b8f7-df129cdd66ac.pdf"' ...
2025-07-18 10:56:10 [Debug] The file result has not been enabled for processing range requests. To enable it, set the EnableRangeProcessing property on the result to 'true'.
2025-07-18 10:56:10 [Information] Executed action "VSM.Controllers.BillController.DownloadBillPdf (VehicleServiceManagement)" in 417.3979ms
2025-07-18 10:56:10 [Information] Executed endpoint '"VSM.Controllers.BillController.DownloadBillPdf (VehicleServiceManagement)"'
2025-07-18 10:56:10 [Debug] '"VSMContext"' disposed.
2025-07-18 10:56:10 [Debug] Disposing connection to database '"VehicleServiceManagement"' on server '"tcp://localhost:5432"'.
2025-07-18 10:56:10 [Debug] Disposed connection to database '"VehicleServiceManagement"' on server '"tcp://localhost:5432"' (0ms).
2025-07-18 10:56:10 [Information] Request finished "HTTP/2" "GET" "https"://"localhost:7176""""/api/v1/Bill/1ee4c64d-3364-41e0-b8f7-df129cdd66ac/download-pdf""" - 200 39937 "application/pdf" 422.056ms
2025-07-18 10:56:12 [Information] Request starting "HTTP/2" "OPTIONS" "https"://"localhost:7176""""/api/v1/Customer/email/sg@gmail.com""" - null null
2025-07-18 10:56:12 [Debug] 1 candidate(s) found for the request path '"/api/v1/Customer/email/sg@gmail.com"'
2025-07-18 10:56:12 [Debug] Request matched endpoint '"405 HTTP Method Not Supported"'
2025-07-18 10:56:12 [Debug] AuthenticationScheme: "Bearer" was not authenticated.
2025-07-18 10:56:12 [Debug] Static files was skipped as the request already matched an endpoint.
2025-07-18 10:56:12 [Debug] Static files was skipped as the request already matched an endpoint.
2025-07-18 10:56:12 [Debug] The request has an origin header: '"http://localhost:4200"'.
2025-07-18 10:56:12 [Information] CORS policy execution successful.
2025-07-18 10:56:12 [Debug] The request is a preflight request.
2025-07-18 10:56:12 [Information] Request finished "HTTP/2" "OPTIONS" "https"://"localhost:7176""""/api/v1/Customer/email/sg@gmail.com""" - 204 null null 24.8602ms
2025-07-18 10:56:12 [Information] Request starting "HTTP/2" "GET" "https"://"localhost:7176""""/api/v1/Customer/email/sg@gmail.com""" - "application/json" null
2025-07-18 10:56:12 [Debug] 1 candidate(s) found for the request path '"/api/v1/Customer/email/sg@gmail.com"'
2025-07-18 10:56:12 [Debug] Endpoint '"VSM.Controllers.CustomerController.GetByEmail (VehicleServiceManagement)"' with route pattern '"api/v{version:apiVersion}/Customer/email/{email}"' is valid for the request path '"/api/v1/Customer/email/sg@gmail.com"'
2025-07-18 10:56:12 [Debug] Request matched endpoint '"VSM.Controllers.CustomerController.GetByEmail (VehicleServiceManagement)"'
2025-07-18 10:56:12 [Debug] Successfully validated the token.
2025-07-18 10:56:12 [Debug] AuthenticationScheme: "Bearer" was successfully authenticated.
2025-07-18 10:56:12 [Debug] Authorization was successful.
2025-07-18 10:56:12 [Debug] Static files was skipped as the request already matched an endpoint.
2025-07-18 10:56:12 [Debug] Static files was skipped as the request already matched an endpoint.
2025-07-18 10:56:12 [Debug] The request has an origin header: '"http://localhost:4200"'.
2025-07-18 10:56:12 [Information] CORS policy execution successful.
2025-07-18 10:56:12 [Information] Executing endpoint '"VSM.Controllers.CustomerController.GetByEmail (VehicleServiceManagement)"'
2025-07-18 10:56:12 [Information] Route matched with "{action = \"GetByEmail\", controller = \"Customer\"}". Executing controller action with signature "System.Threading.Tasks.Task`1[Microsoft.AspNetCore.Mvc.ActionResult`1[VSM.DTO.CustomerDisplayDto]] GetByEmail(System.String)" on controller "VSM.Controllers.CustomerController" ("VehicleServiceManagement").
2025-07-18 10:56:12 [Debug] Execution plan of "authorization" filters (in the following order): ["None"]
2025-07-18 10:56:12 [Debug] Execution plan of "resource" filters (in the following order): ["None"]
2025-07-18 10:56:12 [Debug] Execution plan of "action" filters (in the following order): ["Microsoft.AspNetCore.Mvc.ModelBinding.UnsupportedContentTypeFilter (Order: -3000)", "Microsoft.AspNetCore.Mvc.Infrastructure.ModelStateInvalidFilter (Order: -2000)", "Microsoft.AspNetCore.Mvc.ReportApiVersionsAttribute (Order: 0)"]
2025-07-18 10:56:12 [Debug] Execution plan of "exception" filters (in the following order): ["None"]
2025-07-18 10:56:12 [Debug] Execution plan of "result" filters (in the following order): ["Microsoft.AspNetCore.Mvc.Infrastructure.ClientErrorResultFilter (Order: -2000)", "Microsoft.AspNetCore.Mvc.ReportApiVersionsAttribute (Order: 0)"]
2025-07-18 10:56:12 [Debug] Executing controller factory for controller "VSM.Controllers.CustomerController" ("VehicleServiceManagement")
2025-07-18 10:56:12 [Debug] Executed controller factory for controller "VSM.Controllers.CustomerController" ("VehicleServiceManagement")
2025-07-18 10:56:12 [Debug] Attempting to bind parameter '"email"' of type '"System.String"' ...
2025-07-18 10:56:12 [Debug] Attempting to bind parameter '"email"' of type '"System.String"' using the name '"email"' in request data ...
2025-07-18 10:56:12 [Debug] Done attempting to bind parameter '"email"' of type '"System.String"'.
2025-07-18 10:56:12 [Debug] Done attempting to bind parameter '"email"' of type '"System.String"'.
2025-07-18 10:56:12 [Debug] Attempting to validate the bound parameter '"email"' of type '"System.String"' ...
2025-07-18 10:56:12 [Debug] Done attempting to validate the bound parameter '"email"' of type '"System.String"'.
2025-07-18 10:56:12 [Debug] Entity Framework Core "9.0.5" initialized '"VSMContext"' using provider '"Npgsql.EntityFrameworkCore.PostgreSQL":"9.0.4+fd2380957bee5cd86f336466af36b08c0163f1a5"' with options: "None"
2025-07-18 10:56:12 [Debug] Creating DbConnection.
2025-07-18 10:56:12 [Debug] Created DbConnection. (0ms).
2025-07-18 10:56:12 [Debug] Opening connection to database '"VehicleServiceManagement"' on server '"tcp://localhost:5432"'.
2025-07-18 10:56:12 [Debug] Opened connection to database '"VehicleServiceManagement"' on server '"tcp://localhost:5432"'.
2025-07-18 10:56:12 [Debug] Creating DbCommand for '"ExecuteReader"'.
2025-07-18 10:56:12 [Debug] Created DbCommand for '"ExecuteReader"' (0ms).
2025-07-18 10:56:12 [Debug] Initialized DbCommand for '"ExecuteReader"' (0ms).
2025-07-18 10:56:12 [Debug] Executing DbCommand [Parameters=[""], CommandType='Text', CommandTimeout='30']"
""SELECT c.\"CustomerID\", c.\"Email\", c.\"Name\", c.\"Phone\", c.\"Status\"
FROM \"Customers\" AS c"
2025-07-18 10:56:12 [Information] Executed DbCommand ("1"ms) [Parameters=[""], CommandType='Text', CommandTimeout='30']"
""SELECT c.\"CustomerID\", c.\"Email\", c.\"Name\", c.\"Phone\", c.\"Status\"
FROM \"Customers\" AS c"
2025-07-18 10:56:12 [Debug] Context '"VSMContext"' started tracking '"Customer"' entity. Consider using 'DbContextOptionsBuilder.EnableSensitiveDataLogging' to see key values.
2025-07-18 10:56:12 [Debug] Context '"VSMContext"' started tracking '"Customer"' entity. Consider using 'DbContextOptionsBuilder.EnableSensitiveDataLogging' to see key values.
2025-07-18 10:56:12 [Debug] Context '"VSMContext"' started tracking '"Customer"' entity. Consider using 'DbContextOptionsBuilder.EnableSensitiveDataLogging' to see key values.
2025-07-18 10:56:12 [Debug] Context '"VSMContext"' started tracking '"Customer"' entity. Consider using 'DbContextOptionsBuilder.EnableSensitiveDataLogging' to see key values.
2025-07-18 10:56:12 [Debug] Closing data reader to '"VehicleServiceManagement"' on server '"tcp://localhost:5432"'.
2025-07-18 10:56:12 [Debug] A data reader for '"VehicleServiceManagement"' on server '"tcp://localhost:5432"' is being disposed after spending 1ms reading results.
2025-07-18 10:56:12 [Debug] Closing connection to database '"VehicleServiceManagement"' on server '"tcp://localhost:5432"'.
2025-07-18 10:56:12 [Debug] Closed connection to database '"VehicleServiceManagement"' on server '"tcp://localhost:5432"' (0ms).
2025-07-18 10:56:12 [Debug] List of registered output formatters, in the following order: ["Microsoft.AspNetCore.Mvc.Formatters.HttpNoContentOutputFormatter", "Microsoft.AspNetCore.Mvc.Formatters.StringOutputFormatter", "Microsoft.AspNetCore.Mvc.Formatters.StreamOutputFormatter", "Microsoft.AspNetCore.Mvc.Formatters.SystemTextJsonOutputFormatter"]
2025-07-18 10:56:12 [Debug] No information found on request to perform content negotiation.
2025-07-18 10:56:12 [Debug] Attempting to select an output formatter without using a content type as no explicit content types were specified for the response.
2025-07-18 10:56:12 [Debug] Attempting to select the first formatter in the output formatters list which can write the result.
2025-07-18 10:56:12 [Debug] Selected output formatter '"Microsoft.AspNetCore.Mvc.Formatters.SystemTextJsonOutputFormatter"' and content type '"application/json"' to write the response.
2025-07-18 10:56:12 [Information] Executing "OkObjectResult", writing value of type '"VSM.DTO.CustomerDisplayDto"'.
2025-07-18 10:56:12 [Information] Executed action "VSM.Controllers.CustomerController.GetByEmail (VehicleServiceManagement)" in 6.8119ms
2025-07-18 10:56:12 [Information] Executed endpoint '"VSM.Controllers.CustomerController.GetByEmail (VehicleServiceManagement)"'
2025-07-18 10:56:12 [Debug] '"VSMContext"' disposed.
2025-07-18 10:56:12 [Debug] Disposing connection to database '"VehicleServiceManagement"' on server '"tcp://localhost:5432"'.
2025-07-18 10:56:12 [Debug] Disposed connection to database '"VehicleServiceManagement"' on server '"tcp://localhost:5432"' (0ms).
2025-07-18 10:56:12 [Information] Request finished "HTTP/2" "GET" "https"://"localhost:7176""""/api/v1/Customer/email/sg@gmail.com""" - 200 null "application/json; charset=utf-8" 9.2195ms
2025-07-18 10:56:15 [Information] Application is shutting down...
2025-07-18 10:56:15 [Debug] Hosting stopping
2025-07-18 10:56:15 [Debug] Connection id ""0HNE5NE9BLR6D"" is closing.
2025-07-18 10:56:15 [Debug] Connection id ""0HNE5NE9BLR6E"" is closing.
2025-07-18 10:56:15 [Debug] Connection id ""0HNE5NE9BLR6D"" is closed. The last processed stream ID was 39.
2025-07-18 10:56:15 [Debug] Connection id ""0HNE5NE9BLR6E"" is closed. The last processed stream ID was 3.
2025-07-18 10:56:15 [Debug] Connection id ""0HNE5NE9BLR6E"" received FIN.
2025-07-18 10:56:15 [Debug] Connection id ""0HNE5NE9BLR6D"" received FIN.
2025-07-18 10:56:15 [Debug] Connection id ""0HNE5NE9BLR6D"" sending FIN because: ""The Socket transport's send loop completed gracefully.""
2025-07-18 10:56:15 [Debug] Connection id ""0HNE5NE9BLR6E"" sending FIN because: ""The Socket transport's send loop completed gracefully.""
2025-07-18 10:56:15 [Debug] The connection queue processing loop for "0HNE5NE9BLR6E" completed.
2025-07-18 10:56:15 [Debug] The connection queue processing loop for "0HNE5NE9BLR6D" completed.
2025-07-18 10:56:15 [Debug] Connection id ""0HNE5NE9BLR6E"" stopped.
2025-07-18 10:56:15 [Debug] Connection id ""0HNE5NE9BLR6D"" stopped.
2025-07-18 10:56:15 [Debug] Hosting stopped
