2025-07-09 00:01:20 [Debug] Connection id ""0HNDT5KQ2F82J"" is closing.
2025-07-09 00:01:20 [Debug] Connection id ""0HNDT5KQ2F82J"" is closed. The last processed stream ID was 23.
2025-07-09 00:01:20 [Debug] Connection id ""0HNDT5KQ2F82J"" received FIN.
2025-07-09 00:01:20 [Debug] Connection id ""0HNDT5KQ2F82J"" sending FIN because: ""The Socket transport's send loop completed gracefully.""
2025-07-09 00:01:20 [Debug] The connection queue processing loop for "0HNDT5KQ2F82J" completed.
2025-07-09 00:01:20 [Debug] Connection id ""0HNDT5KQ2F82J"" stopped.
2025-07-09 10:56:36 [Debug] Connection id ""0HNDT5KQ2F82K"" accepted.
2025-07-09 10:56:36 [Debug] Connection id ""0HNDT5KQ2F82K"" started.
2025-07-09 10:56:36 [Debug] Connection "0HNDT5KQ2F82K" established using the following protocol: Tls12
2025-07-09 10:56:36 [Information] Request starting "HTTP/2" "OPTIONS" "https"://"localhost:7176""""/api/v1/Customer/email/sg@gmail.com""" - null null
2025-07-09 10:56:36 [Information] Request starting "HTTP/2" "OPTIONS" "https"://"localhost:7176""""/api/v1/Booking""" - null null
2025-07-09 10:56:36 [Debug] 1 candidate(s) found for the request path '"/api/v1/Customer/email/sg@gmail.com"'
2025-07-09 10:56:36 [Debug] 1 candidate(s) found for the request path '"/api/v1/Booking"'
2025-07-09 10:56:36 [Debug] Request matched endpoint '"405 HTTP Method Not Supported"'
2025-07-09 10:56:36 [Debug] Request matched endpoint '"405 HTTP Method Not Supported"'
2025-07-09 10:56:36 [Debug] AuthenticationScheme: "Bearer" was not authenticated.
2025-07-09 10:56:36 [Debug] AuthenticationScheme: "Bearer" was not authenticated.
2025-07-09 10:56:36 [Debug] Static files was skipped as the request already matched an endpoint.
2025-07-09 10:56:36 [Debug] Static files was skipped as the request already matched an endpoint.
2025-07-09 10:56:36 [Debug] Static files was skipped as the request already matched an endpoint.
2025-07-09 10:56:36 [Debug] Static files was skipped as the request already matched an endpoint.
2025-07-09 10:56:36 [Debug] The request has an origin header: '"http://localhost:4200"'.
2025-07-09 10:56:36 [Debug] The request has an origin header: '"http://localhost:4200"'.
2025-07-09 10:56:36 [Information] CORS policy execution successful.
2025-07-09 10:56:36 [Information] CORS policy execution successful.
2025-07-09 10:56:36 [Debug] The request is a preflight request.
2025-07-09 10:56:36 [Debug] The request is a preflight request.
2025-07-09 10:56:36 [Information] Request finished "HTTP/2" "OPTIONS" "https"://"localhost:7176""""/api/v1/Customer/email/sg@gmail.com""" - 204 null null 32.2908ms
2025-07-09 10:56:36 [Information] Request finished "HTTP/2" "OPTIONS" "https"://"localhost:7176""""/api/v1/Booking""" - 204 null null 32.2804ms
2025-07-09 10:56:36 [Information] Request starting "HTTP/2" "GET" "https"://"localhost:7176""""/api/v1/Customer/email/sg@gmail.com""" - "application/json" null
2025-07-09 10:56:36 [Information] Request starting "HTTP/2" "GET" "https"://"localhost:7176""""/api/v1/Booking""" - "application/json" null
2025-07-09 10:56:36 [Debug] 1 candidate(s) found for the request path '"/api/v1/Customer/email/sg@gmail.com"'
2025-07-09 10:56:36 [Debug] 1 candidate(s) found for the request path '"/api/v1/Booking"'
2025-07-09 10:56:36 [Debug] Endpoint '"VSM.Controllers.CustomerController.GetByEmail (VehicleServiceManagement)"' with route pattern '"api/v{version:apiVersion}/Customer/email/{email}"' is valid for the request path '"/api/v1/Customer/email/sg@gmail.com"'
2025-07-09 10:56:36 [Debug] Endpoint '"VSM.Controllers.BookingController.GetAll (VehicleServiceManagement)"' with route pattern '"api/v{version:apiVersion}/Booking"' is valid for the request path '"/api/v1/Booking"'
2025-07-09 10:56:36 [Debug] Request matched endpoint '"VSM.Controllers.BookingController.GetAll (VehicleServiceManagement)"'
2025-07-09 10:56:36 [Debug] Request matched endpoint '"VSM.Controllers.CustomerController.GetByEmail (VehicleServiceManagement)"'
2025-07-09 10:56:36 [Debug] Successfully validated the token.
2025-07-09 10:56:36 [Debug] Successfully validated the token.
2025-07-09 10:56:36 [Debug] AuthenticationScheme: "Bearer" was successfully authenticated.
2025-07-09 10:56:36 [Debug] AuthenticationScheme: "Bearer" was successfully authenticated.
2025-07-09 10:56:36 [Debug] Authorization was successful.
2025-07-09 10:56:36 [Debug] Authorization was successful.
2025-07-09 10:56:36 [Debug] Static files was skipped as the request already matched an endpoint.
2025-07-09 10:56:36 [Debug] Static files was skipped as the request already matched an endpoint.
2025-07-09 10:56:36 [Debug] Static files was skipped as the request already matched an endpoint.
2025-07-09 10:56:36 [Debug] Static files was skipped as the request already matched an endpoint.
2025-07-09 10:56:36 [Debug] The request has an origin header: '"http://localhost:4200"'.
2025-07-09 10:56:36 [Information] CORS policy execution successful.
2025-07-09 10:56:36 [Debug] The request has an origin header: '"http://localhost:4200"'.
2025-07-09 10:56:36 [Information] CORS policy execution successful.
2025-07-09 10:56:36 [Information] Executing endpoint '"VSM.Controllers.CustomerController.GetByEmail (VehicleServiceManagement)"'
2025-07-09 10:56:36 [Information] Executing endpoint '"VSM.Controllers.BookingController.GetAll (VehicleServiceManagement)"'
2025-07-09 10:56:36 [Information] Route matched with "{action = \"GetByEmail\", controller = \"Customer\"}". Executing controller action with signature "System.Threading.Tasks.Task`1[Microsoft.AspNetCore.Mvc.ActionResult`1[VSM.DTO.CustomerDisplayDto]] GetByEmail(System.String)" on controller "VSM.Controllers.CustomerController" ("VehicleServiceManagement").
2025-07-09 10:56:36 [Information] Route matched with "{action = \"GetAll\", controller = \"Booking\"}". Executing controller action with signature "System.Threading.Tasks.Task`1[Microsoft.AspNetCore.Mvc.ActionResult`1[System.Collections.Generic.IEnumerable`1[VSM.DTO.BookingDisplayDto]]] GetAll()" on controller "VSM.Controllers.BookingController" ("VehicleServiceManagement").
2025-07-09 10:56:36 [Debug] Execution plan of "authorization" filters (in the following order): ["None"]
2025-07-09 10:56:36 [Debug] Execution plan of "authorization" filters (in the following order): ["None"]
2025-07-09 10:56:36 [Debug] Execution plan of "resource" filters (in the following order): ["None"]
2025-07-09 10:56:36 [Debug] Execution plan of "resource" filters (in the following order): ["None"]
2025-07-09 10:56:36 [Debug] Execution plan of "action" filters (in the following order): ["Microsoft.AspNetCore.Mvc.ModelBinding.UnsupportedContentTypeFilter (Order: -3000)", "Microsoft.AspNetCore.Mvc.Infrastructure.ModelStateInvalidFilter (Order: -2000)", "Microsoft.AspNetCore.Mvc.ReportApiVersionsAttribute (Order: 0)"]
2025-07-09 10:56:36 [Debug] Execution plan of "action" filters (in the following order): ["Microsoft.AspNetCore.Mvc.ModelBinding.UnsupportedContentTypeFilter (Order: -3000)", "Microsoft.AspNetCore.Mvc.Infrastructure.ModelStateInvalidFilter (Order: -2000)", "Microsoft.AspNetCore.Mvc.ReportApiVersionsAttribute (Order: 0)"]
2025-07-09 10:56:36 [Debug] Execution plan of "exception" filters (in the following order): ["None"]
2025-07-09 10:56:36 [Debug] Execution plan of "exception" filters (in the following order): ["None"]
2025-07-09 10:56:36 [Debug] Execution plan of "result" filters (in the following order): ["Microsoft.AspNetCore.Mvc.Infrastructure.ClientErrorResultFilter (Order: -2000)", "Microsoft.AspNetCore.Mvc.ReportApiVersionsAttribute (Order: 0)"]
2025-07-09 10:56:36 [Debug] Execution plan of "result" filters (in the following order): ["Microsoft.AspNetCore.Mvc.Infrastructure.ClientErrorResultFilter (Order: -2000)", "Microsoft.AspNetCore.Mvc.ReportApiVersionsAttribute (Order: 0)"]
2025-07-09 10:56:36 [Debug] Executing controller factory for controller "VSM.Controllers.BookingController" ("VehicleServiceManagement")
2025-07-09 10:56:36 [Debug] Executing controller factory for controller "VSM.Controllers.CustomerController" ("VehicleServiceManagement")
2025-07-09 10:56:37 [Debug] Executed controller factory for controller "VSM.Controllers.CustomerController" ("VehicleServiceManagement")
2025-07-09 10:56:37 [Debug] Executed controller factory for controller "VSM.Controllers.BookingController" ("VehicleServiceManagement")
2025-07-09 10:56:37 [Debug] Attempting to bind parameter '"email"' of type '"System.String"' ...
2025-07-09 10:56:37 [Debug] Attempting to bind parameter '"email"' of type '"System.String"' using the name '"email"' in request data ...
2025-07-09 10:56:37 [Debug] Done attempting to bind parameter '"email"' of type '"System.String"'.
2025-07-09 10:56:37 [Debug] Done attempting to bind parameter '"email"' of type '"System.String"'.
2025-07-09 10:56:37 [Debug] Attempting to validate the bound parameter '"email"' of type '"System.String"' ...
2025-07-09 10:56:37 [Debug] Done attempting to validate the bound parameter '"email"' of type '"System.String"'.
2025-07-09 10:56:37 [Debug] Entity Framework Core "9.0.5" initialized '"VSMContext"' using provider '"Npgsql.EntityFrameworkCore.PostgreSQL":"9.0.4+fd2380957bee5cd86f336466af36b08c0163f1a5"' with options: "None"
2025-07-09 10:56:37 [Debug] Entity Framework Core "9.0.5" initialized '"VSMContext"' using provider '"Npgsql.EntityFrameworkCore.PostgreSQL":"9.0.4+fd2380957bee5cd86f336466af36b08c0163f1a5"' with options: "None"
2025-07-09 10:56:37 [Debug] Creating DbConnection.
2025-07-09 10:56:37 [Debug] Creating DbConnection.
2025-07-09 10:56:37 [Debug] Created DbConnection. (1ms).
2025-07-09 10:56:37 [Debug] Created DbConnection. (0ms).
2025-07-09 10:56:37 [Debug] Opening connection to database '"VehicleServiceManagement"' on server '"tcp://localhost:5432"'.
2025-07-09 10:56:37 [Debug] Opening connection to database '"VehicleServiceManagement"' on server '"tcp://localhost:5432"'.
2025-07-09 10:56:37 [Debug] Opened connection to database '"VehicleServiceManagement"' on server '"tcp://localhost:5432"'.
2025-07-09 10:56:37 [Debug] Opened connection to database '"VehicleServiceManagement"' on server '"tcp://localhost:5432"'.
2025-07-09 10:56:37 [Debug] Creating DbCommand for '"ExecuteReader"'.
2025-07-09 10:56:37 [Debug] Creating DbCommand for '"ExecuteReader"'.
2025-07-09 10:56:37 [Debug] Created DbCommand for '"ExecuteReader"' (5ms).
2025-07-09 10:56:37 [Debug] Created DbCommand for '"ExecuteReader"' (5ms).
2025-07-09 10:56:37 [Debug] Initialized DbCommand for '"ExecuteReader"' (5ms).
2025-07-09 10:56:37 [Debug] Initialized DbCommand for '"ExecuteReader"' (5ms).
2025-07-09 10:56:37 [Debug] Executing DbCommand [Parameters=[""], CommandType='Text', CommandTimeout='30']"
""SELECT b.\"BookingID\", b.\"BookedAt\", b.\"CustomerID\", b.\"DeliveryTime\", b.\"Imageurl\", b.\"IsDeleted\", b.\"Slot\", b.\"Status\", c.\"CustomerID\", c.\"Email\", c.\"Name\", c.\"Phone\", c.\"Status\"
FROM \"Bookings\" AS b
INNER JOIN \"Customers\" AS c ON b.\"CustomerID\" = c.\"CustomerID\"
ORDER BY CASE
    WHEN b.\"Status\" = 'Booked' THEN 0
    WHEN b.\"Status\" = 'Reviewed' THEN 1
    WHEN b.\"Status\" = 'Cancelled' THEN 2
    ELSE 3
END"
2025-07-09 10:56:37 [Debug] Executing DbCommand [Parameters=[""], CommandType='Text', CommandTimeout='30']"
""SELECT c.\"CustomerID\", c.\"Email\", c.\"Name\", c.\"Phone\", c.\"Status\"
FROM \"Customers\" AS c"
2025-07-09 10:56:37 [Information] Executed DbCommand ("143"ms) [Parameters=[""], CommandType='Text', CommandTimeout='30']"
""SELECT c.\"CustomerID\", c.\"Email\", c.\"Name\", c.\"Phone\", c.\"Status\"
FROM \"Customers\" AS c"
2025-07-09 10:56:37 [Debug] Context '"VSMContext"' started tracking '"Customer"' entity. Consider using 'DbContextOptionsBuilder.EnableSensitiveDataLogging' to see key values.
2025-07-09 10:56:37 [Debug] Context '"VSMContext"' started tracking '"Customer"' entity. Consider using 'DbContextOptionsBuilder.EnableSensitiveDataLogging' to see key values.
2025-07-09 10:56:37 [Debug] Context '"VSMContext"' started tracking '"Customer"' entity. Consider using 'DbContextOptionsBuilder.EnableSensitiveDataLogging' to see key values.
2025-07-09 10:56:37 [Debug] Context '"VSMContext"' started tracking '"Customer"' entity. Consider using 'DbContextOptionsBuilder.EnableSensitiveDataLogging' to see key values.
2025-07-09 10:56:37 [Debug] Closing data reader to '"VehicleServiceManagement"' on server '"tcp://localhost:5432"'.
2025-07-09 10:56:37 [Debug] A data reader for '"VehicleServiceManagement"' on server '"tcp://localhost:5432"' is being disposed after spending 13ms reading results.
2025-07-09 10:56:37 [Debug] Closing connection to database '"VehicleServiceManagement"' on server '"tcp://localhost:5432"'.
2025-07-09 10:56:37 [Debug] Closed connection to database '"VehicleServiceManagement"' on server '"tcp://localhost:5432"' (1ms).
2025-07-09 10:56:37 [Debug] List of registered output formatters, in the following order: ["Microsoft.AspNetCore.Mvc.Formatters.HttpNoContentOutputFormatter", "Microsoft.AspNetCore.Mvc.Formatters.StringOutputFormatter", "Microsoft.AspNetCore.Mvc.Formatters.StreamOutputFormatter", "Microsoft.AspNetCore.Mvc.Formatters.SystemTextJsonOutputFormatter"]
2025-07-09 10:56:37 [Debug] No information found on request to perform content negotiation.
2025-07-09 10:56:37 [Debug] Attempting to select an output formatter without using a content type as no explicit content types were specified for the response.
2025-07-09 10:56:37 [Debug] Attempting to select the first formatter in the output formatters list which can write the result.
2025-07-09 10:56:37 [Debug] Selected output formatter '"Microsoft.AspNetCore.Mvc.Formatters.SystemTextJsonOutputFormatter"' and content type '"application/json"' to write the response.
2025-07-09 10:56:37 [Information] Executing "OkObjectResult", writing value of type '"VSM.DTO.CustomerDisplayDto"'.
2025-07-09 10:56:37 [Information] Executed action "VSM.Controllers.CustomerController.GetByEmail (VehicleServiceManagement)" in 843.4237ms
2025-07-09 10:56:37 [Information] Executed endpoint '"VSM.Controllers.CustomerController.GetByEmail (VehicleServiceManagement)"'
2025-07-09 10:56:37 [Debug] '"VSMContext"' disposed.
2025-07-09 10:56:37 [Debug] Disposing connection to database '"VehicleServiceManagement"' on server '"tcp://localhost:5432"'.
2025-07-09 10:56:37 [Debug] Disposed connection to database '"VehicleServiceManagement"' on server '"tcp://localhost:5432"' (0ms).
2025-07-09 10:56:37 [Information] Request finished "HTTP/2" "GET" "https"://"localhost:7176""""/api/v1/Customer/email/sg@gmail.com""" - 200 null "application/json; charset=utf-8" 951.8149ms
2025-07-09 10:56:37 [Information] Request starting "HTTP/2" "OPTIONS" "https"://"localhost:7176""""/api/v1/Analytics/dashboard""" - null null
2025-07-09 10:56:37 [Debug] 1 candidate(s) found for the request path '"/api/v1/Analytics/dashboard"'
2025-07-09 10:56:37 [Debug] Request matched endpoint '"405 HTTP Method Not Supported"'
2025-07-09 10:56:37 [Debug] AuthenticationScheme: "Bearer" was not authenticated.
2025-07-09 10:56:37 [Debug] Static files was skipped as the request already matched an endpoint.
2025-07-09 10:56:37 [Debug] Static files was skipped as the request already matched an endpoint.
2025-07-09 10:56:37 [Debug] The request has an origin header: '"http://localhost:4200"'.
2025-07-09 10:56:37 [Information] CORS policy execution successful.
2025-07-09 10:56:37 [Debug] The request is a preflight request.
2025-07-09 10:56:37 [Information] Request finished "HTTP/2" "OPTIONS" "https"://"localhost:7176""""/api/v1/Analytics/dashboard""" - 204 null null 3.4216ms
2025-07-09 10:56:37 [Information] Request starting "HTTP/2" "OPTIONS" "https"://"localhost:7176""""/api/v1/Bill""?page=1&pageSize=10&search=9876764321" - null null
2025-07-09 10:56:37 [Debug] 1 candidate(s) found for the request path '"/api/v1/Bill"'
2025-07-09 10:56:37 [Debug] Request matched endpoint '"405 HTTP Method Not Supported"'
2025-07-09 10:56:37 [Debug] AuthenticationScheme: "Bearer" was not authenticated.
2025-07-09 10:56:37 [Debug] Static files was skipped as the request already matched an endpoint.
2025-07-09 10:56:37 [Debug] Static files was skipped as the request already matched an endpoint.
2025-07-09 10:56:37 [Debug] The request has an origin header: '"http://localhost:4200"'.
2025-07-09 10:56:37 [Information] CORS policy execution successful.
2025-07-09 10:56:37 [Debug] The request is a preflight request.
2025-07-09 10:56:37 [Information] Request finished "HTTP/2" "OPTIONS" "https"://"localhost:7176""""/api/v1/Bill""?page=1&pageSize=10&search=9876764321" - 204 null null 2.4893ms
2025-07-09 10:56:37 [Information] Request starting "HTTP/2" "GET" "https"://"localhost:7176""""/api/v1/Analytics/dashboard""" - "application/json" null
2025-07-09 10:56:37 [Debug] 1 candidate(s) found for the request path '"/api/v1/Analytics/dashboard"'
2025-07-09 10:56:37 [Debug] Endpoint '"AnalyticsController.GetDashboardStats (VehicleServiceManagement)"' with route pattern '"api/v1/Analytics/dashboard"' is valid for the request path '"/api/v1/Analytics/dashboard"'
2025-07-09 10:56:37 [Information] Request starting "HTTP/2" "GET" "https"://"localhost:7176""""/api/v1/Bill""?page=1&pageSize=10&search=9876764321" - "application/json" null
2025-07-09 10:56:37 [Debug] 1 candidate(s) found for the request path '"/api/v1/Bill"'
2025-07-09 10:56:37 [Debug] Endpoint '"VSM.Controllers.BillController.GetAll (VehicleServiceManagement)"' with route pattern '"api/v{version:apiVersion}/Bill"' is valid for the request path '"/api/v1/Bill"'
2025-07-09 10:56:37 [Debug] Request matched endpoint '"VSM.Controllers.BillController.GetAll (VehicleServiceManagement)"'
2025-07-09 10:56:37 [Debug] Successfully validated the token.
2025-07-09 10:56:37 [Debug] AuthenticationScheme: "Bearer" was successfully authenticated.
2025-07-09 10:56:37 [Debug] Authorization was successful.
2025-07-09 10:56:37 [Debug] Static files was skipped as the request already matched an endpoint.
2025-07-09 10:56:37 [Debug] Static files was skipped as the request already matched an endpoint.
2025-07-09 10:56:37 [Debug] The request has an origin header: '"http://localhost:4200"'.
2025-07-09 10:56:37 [Information] CORS policy execution successful.
2025-07-09 10:56:37 [Information] Executing endpoint '"VSM.Controllers.BillController.GetAll (VehicleServiceManagement)"'
2025-07-09 10:56:37 [Debug] Request matched endpoint '"AnalyticsController.GetDashboardStats (VehicleServiceManagement)"'
2025-07-09 10:56:37 [Information] Route matched with "{action = \"GetAll\", controller = \"Bill\"}". Executing controller action with signature "System.Threading.Tasks.Task`1[Microsoft.AspNetCore.Mvc.ActionResult`1[System.Collections.Generic.IEnumerable`1[VSM.DTO.BillDisplayDto]]] GetAll(Int32, Int32, System.String)" on controller "VSM.Controllers.BillController" ("VehicleServiceManagement").
2025-07-09 10:56:37 [Debug] Execution plan of "authorization" filters (in the following order): ["None"]
2025-07-09 10:56:37 [Debug] Execution plan of "resource" filters (in the following order): ["None"]
2025-07-09 10:56:37 [Debug] Execution plan of "action" filters (in the following order): ["Microsoft.AspNetCore.Mvc.ModelBinding.UnsupportedContentTypeFilter (Order: -3000)", "Microsoft.AspNetCore.Mvc.Infrastructure.ModelStateInvalidFilter (Order: -2000)", "Microsoft.AspNetCore.Mvc.ReportApiVersionsAttribute (Order: 0)"]
2025-07-09 10:56:37 [Debug] Execution plan of "exception" filters (in the following order): ["None"]
2025-07-09 10:56:37 [Debug] Execution plan of "result" filters (in the following order): ["Microsoft.AspNetCore.Mvc.Infrastructure.ClientErrorResultFilter (Order: -2000)", "Microsoft.AspNetCore.Mvc.ReportApiVersionsAttribute (Order: 0)"]
2025-07-09 10:56:37 [Debug] Executing controller factory for controller "VSM.Controllers.BillController" ("VehicleServiceManagement")
2025-07-09 10:56:37 [Debug] Successfully validated the token.
2025-07-09 10:56:37 [Debug] AuthenticationScheme: "Bearer" was successfully authenticated.
2025-07-09 10:56:37 [Debug] Authorization was successful.
2025-07-09 10:56:37 [Debug] Static files was skipped as the request already matched an endpoint.
2025-07-09 10:56:37 [Debug] Static files was skipped as the request already matched an endpoint.
2025-07-09 10:56:37 [Debug] The request has an origin header: '"http://localhost:4200"'.
2025-07-09 10:56:37 [Information] CORS policy execution successful.
2025-07-09 10:56:37 [Information] Executing endpoint '"AnalyticsController.GetDashboardStats (VehicleServiceManagement)"'
2025-07-09 10:56:37 [Information] Route matched with "{action = \"GetDashboardStats\", controller = \"Analytics\"}". Executing controller action with signature "System.Threading.Tasks.Task`1[Microsoft.AspNetCore.Mvc.ActionResult`1[DashboardAnalyticsDto]] GetDashboardStats(System.String, System.Nullable`1[System.DateTime], System.Nullable`1[System.DateTime])" on controller "AnalyticsController" ("VehicleServiceManagement").
2025-07-09 10:56:37 [Debug] Execution plan of "authorization" filters (in the following order): ["None"]
2025-07-09 10:56:37 [Debug] Execution plan of "resource" filters (in the following order): ["None"]
2025-07-09 10:56:37 [Debug] Execution plan of "action" filters (in the following order): ["Microsoft.AspNetCore.Mvc.ModelBinding.UnsupportedContentTypeFilter (Order: -3000)", "Microsoft.AspNetCore.Mvc.Infrastructure.ModelStateInvalidFilter (Order: -2000)", "Microsoft.AspNetCore.Mvc.ReportApiVersionsAttribute (Order: 0)"]
2025-07-09 10:56:37 [Debug] Execution plan of "exception" filters (in the following order): ["None"]
2025-07-09 10:56:37 [Debug] Execution plan of "result" filters (in the following order): ["Microsoft.AspNetCore.Mvc.Infrastructure.ClientErrorResultFilter (Order: -2000)", "Microsoft.AspNetCore.Mvc.ReportApiVersionsAttribute (Order: 0)"]
2025-07-09 10:56:37 [Debug] Executing controller factory for controller "AnalyticsController" ("VehicleServiceManagement")
2025-07-09 10:56:37 [Debug] Executed controller factory for controller "VSM.Controllers.BillController" ("VehicleServiceManagement")
2025-07-09 10:56:37 [Debug] Attempting to bind parameter '"page"' of type '"System.Int32"' ...
2025-07-09 10:56:37 [Debug] Attempting to bind parameter '"page"' of type '"System.Int32"' using the name '"page"' in request data ...
2025-07-09 10:56:37 [Debug] Done attempting to bind parameter '"page"' of type '"System.Int32"'.
2025-07-09 10:56:37 [Debug] Executed controller factory for controller "AnalyticsController" ("VehicleServiceManagement")
2025-07-09 10:56:37 [Debug] Attempting to bind parameter '"phone"' of type '"System.String"' ...
2025-07-09 10:56:37 [Debug] Done attempting to bind parameter '"page"' of type '"System.Int32"'.
2025-07-09 10:56:37 [Debug] Attempting to validate the bound parameter '"page"' of type '"System.Int32"' ...
2025-07-09 10:56:37 [Debug] Done attempting to validate the bound parameter '"page"' of type '"System.Int32"'.
2025-07-09 10:56:37 [Debug] Attempting to bind parameter '"pageSize"' of type '"System.Int32"' ...
2025-07-09 10:56:37 [Debug] Attempting to bind parameter '"pageSize"' of type '"System.Int32"' using the name '"pageSize"' in request data ...
2025-07-09 10:56:37 [Debug] Attempting to bind parameter '"phone"' of type '"System.String"' using the name '""' in request data ...
2025-07-09 10:56:37 [Debug] Done attempting to bind parameter '"pageSize"' of type '"System.Int32"'.
2025-07-09 10:56:37 [Debug] Done attempting to bind parameter '"pageSize"' of type '"System.Int32"'.
2025-07-09 10:56:37 [Debug] Attempting to validate the bound parameter '"pageSize"' of type '"System.Int32"' ...
2025-07-09 10:56:37 [Debug] Done attempting to validate the bound parameter '"pageSize"' of type '"System.Int32"'.
2025-07-09 10:56:37 [Debug] Could not find a value in the request with name '""' for binding parameter '"phone"' of type '"System.String"'.
2025-07-09 10:56:37 [Debug] Done attempting to bind parameter '"phone"' of type '"System.String"'.
2025-07-09 10:56:37 [Debug] Done attempting to bind parameter '"phone"' of type '"System.String"'.
2025-07-09 10:56:37 [Debug] Attempting to validate the bound parameter '"phone"' of type '"System.String"' ...
2025-07-09 10:56:37 [Debug] Attempting to bind parameter '"search"' of type '"System.String"' ...
2025-07-09 10:56:37 [Debug] Attempting to bind parameter '"search"' of type '"System.String"' using the name '"search"' in request data ...
2025-07-09 10:56:37 [Debug] Done attempting to bind parameter '"search"' of type '"System.String"'.
2025-07-09 10:56:37 [Debug] Done attempting to bind parameter '"search"' of type '"System.String"'.
2025-07-09 10:56:37 [Debug] Attempting to validate the bound parameter '"search"' of type '"System.String"' ...
2025-07-09 10:56:37 [Debug] Done attempting to validate the bound parameter '"search"' of type '"System.String"'.
2025-07-09 10:56:37 [Debug] Done attempting to validate the bound parameter '"phone"' of type '"System.String"'.
2025-07-09 10:56:37 [Debug] Attempting to bind parameter '"from"' of type '"System.Nullable`1[System.DateTime]"' ...
2025-07-09 10:56:37 [Debug] Attempting to bind parameter '"from"' of type '"System.Nullable`1[System.DateTime]"' using the name '""' in request data ...
2025-07-09 10:56:37 [Debug] Could not find a value in the request with name '""' for binding parameter '"from"' of type '"System.Nullable`1[System.DateTime]"'.
2025-07-09 10:56:37 [Debug] Done attempting to bind parameter '"from"' of type '"System.Nullable`1[System.DateTime]"'.
2025-07-09 10:56:37 [Debug] Done attempting to bind parameter '"from"' of type '"System.Nullable`1[System.DateTime]"'.
2025-07-09 10:56:37 [Debug] Attempting to validate the bound parameter '"from"' of type '"System.Nullable`1[System.DateTime]"' ...
2025-07-09 10:56:37 [Debug] Done attempting to validate the bound parameter '"from"' of type '"System.Nullable`1[System.DateTime]"'.
2025-07-09 10:56:37 [Debug] Attempting to bind parameter '"to"' of type '"System.Nullable`1[System.DateTime]"' ...
2025-07-09 10:56:37 [Debug] Attempting to bind parameter '"to"' of type '"System.Nullable`1[System.DateTime]"' using the name '""' in request data ...
2025-07-09 10:56:37 [Debug] Could not find a value in the request with name '""' for binding parameter '"to"' of type '"System.Nullable`1[System.DateTime]"'.
2025-07-09 10:56:37 [Debug] Done attempting to bind parameter '"to"' of type '"System.Nullable`1[System.DateTime]"'.
2025-07-09 10:56:37 [Debug] Done attempting to bind parameter '"to"' of type '"System.Nullable`1[System.DateTime]"'.
2025-07-09 10:56:37 [Debug] Attempting to validate the bound parameter '"to"' of type '"System.Nullable`1[System.DateTime]"' ...
2025-07-09 10:56:37 [Debug] Done attempting to validate the bound parameter '"to"' of type '"System.Nullable`1[System.DateTime]"'.
2025-07-09 10:56:37 [Debug] Entity Framework Core "9.0.5" initialized '"VSMContext"' using provider '"Npgsql.EntityFrameworkCore.PostgreSQL":"9.0.4+fd2380957bee5cd86f336466af36b08c0163f1a5"' with options: "None"
2025-07-09 10:56:37 [Debug] Entity Framework Core "9.0.5" initialized '"VSMContext"' using provider '"Npgsql.EntityFrameworkCore.PostgreSQL":"9.0.4+fd2380957bee5cd86f336466af36b08c0163f1a5"' with options: "None"
2025-07-09 10:56:37 [Information] Executed DbCommand ("229"ms) [Parameters=[""], CommandType='Text', CommandTimeout='30']"
""SELECT b.\"BookingID\", b.\"BookedAt\", b.\"CustomerID\", b.\"DeliveryTime\", b.\"Imageurl\", b.\"IsDeleted\", b.\"Slot\", b.\"Status\", c.\"CustomerID\", c.\"Email\", c.\"Name\", c.\"Phone\", c.\"Status\"
FROM \"Bookings\" AS b
INNER JOIN \"Customers\" AS c ON b.\"CustomerID\" = c.\"CustomerID\"
ORDER BY CASE
    WHEN b.\"Status\" = 'Booked' THEN 0
    WHEN b.\"Status\" = 'Reviewed' THEN 1
    WHEN b.\"Status\" = 'Cancelled' THEN 2
    ELSE 3
END"
2025-07-09 10:56:37 [Debug] Creating DbConnection.
2025-07-09 10:56:37 [Debug] Context '"VSMContext"' started tracking '"Booking"' entity. Consider using 'DbContextOptionsBuilder.EnableSensitiveDataLogging' to see key values.
2025-07-09 10:56:37 [Debug] Created DbConnection. (0ms).
2025-07-09 10:56:37 [Debug] Opening connection to database '"VehicleServiceManagement"' on server '"tcp://localhost:5432"'.
2025-07-09 10:56:37 [Debug] Opened connection to database '"VehicleServiceManagement"' on server '"tcp://localhost:5432"'.
2025-07-09 10:56:37 [Debug] Creating DbCommand for '"ExecuteReader"'.
2025-07-09 10:56:37 [Debug] Created DbCommand for '"ExecuteReader"' (0ms).
2025-07-09 10:56:37 [Debug] Creating DbConnection.
2025-07-09 10:56:37 [Debug] Created DbConnection. (0ms).
2025-07-09 10:56:37 [Debug] Opening connection to database '"VehicleServiceManagement"' on server '"tcp://localhost:5432"'.
2025-07-09 10:56:37 [Debug] The navigation '"Booking"."Customer"' was detected as changed. Consider using 'DbContextOptionsBuilder.EnableSensitiveDataLogging' to see key values.
2025-07-09 10:56:37 [Debug] Initialized DbCommand for '"ExecuteReader"' (1ms).
2025-07-09 10:56:37 [Debug] Context '"VSMContext"' started tracking '"Customer"' entity. Consider using 'DbContextOptionsBuilder.EnableSensitiveDataLogging' to see key values.
2025-07-09 10:56:37 [Debug] Context '"VSMContext"' started tracking '"Booking"' entity. Consider using 'DbContextOptionsBuilder.EnableSensitiveDataLogging' to see key values.
2025-07-09 10:56:37 [Debug] The navigation '"Booking"."Customer"' was detected as changed. Consider using 'DbContextOptionsBuilder.EnableSensitiveDataLogging' to see key values.
2025-07-09 10:56:37 [Debug] Context '"VSMContext"' started tracking '"Customer"' entity. Consider using 'DbContextOptionsBuilder.EnableSensitiveDataLogging' to see key values.
2025-07-09 10:56:37 [Debug] Context '"VSMContext"' started tracking '"Booking"' entity. Consider using 'DbContextOptionsBuilder.EnableSensitiveDataLogging' to see key values.
2025-07-09 10:56:37 [Debug] The navigation '"Booking"."Customer"' was detected as changed. Consider using 'DbContextOptionsBuilder.EnableSensitiveDataLogging' to see key values.
2025-07-09 10:56:37 [Debug] Context '"VSMContext"' started tracking '"Customer"' entity. Consider using 'DbContextOptionsBuilder.EnableSensitiveDataLogging' to see key values.
2025-07-09 10:56:37 [Debug] Context '"VSMContext"' started tracking '"Booking"' entity. Consider using 'DbContextOptionsBuilder.EnableSensitiveDataLogging' to see key values.
2025-07-09 10:56:37 [Debug] Context '"VSMContext"' started tracking '"Booking"' entity. Consider using 'DbContextOptionsBuilder.EnableSensitiveDataLogging' to see key values.
2025-07-09 10:56:37 [Debug] Context '"VSMContext"' started tracking '"Booking"' entity. Consider using 'DbContextOptionsBuilder.EnableSensitiveDataLogging' to see key values.
2025-07-09 10:56:37 [Debug] Executing DbCommand [Parameters=["@__search_0_contains='?', @__p_2='?' (DbType = Int32), @__p_1='?' (DbType = Int32)"], CommandType='Text', CommandTimeout='30']"
""SELECT s1.\"BillID\", s1.\"Amount\", s1.\"Description\", s1.\"ServiceRecordID\", s1.\"Status\", s1.\"ServiceRecordID0\", s1.\"CustomerID0\", s1.\"MechanicId0\", s0.\"ServiceID\", v.\"VehicleID\", b0.\"Id\", b0.\"Amount\", b0.\"BillId\", b0.\"CategoryName\", s1.\"BookingID\", s1.\"CustomerID\", s1.\"IsDeleted\", s1.\"MechanicId\", s1.\"ServiceID\", s1.\"Status0\", s0.\"Description\", s0.\"IsDeleted\", s0.\"VehicleID\", s4.\"ServiceCategoriesCategoryID\", s4.\"ServicesServiceID\", s4.\"CategoryID\", s4.\"Amount\", s4.\"Name\", s4.\"Status\", v.\"IsDeleted\", v.\"VechicleManufacturer\", v.\"VehicleModel\", v.\"VehicleNo\", v.\"VehicleType\", s1.\"Email\", s1.\"Name\", s1.\"Phone\", s1.\"Status1\", s1.\"Email0\", s1.\"Name0\", s1.\"Phone0\", s1.\"Status2\"
FROM (
    SELECT b.\"BillID\", b.\"Amount\", b.\"Description\", b.\"ServiceRecordID\", b.\"Status\", s.\"ServiceRecordID\" AS \"ServiceRecordID0\", s.\"BookingID\", s.\"CustomerID\", s.\"IsDeleted\", s.\"MechanicId\", s.\"ServiceID\", s.\"Status\" AS \"Status0\", c.\"CustomerID\" AS \"CustomerID0\", c.\"Email\", c.\"Name\", c.\"Phone\", c.\"Status\" AS \"Status1\", m.\"MechanicId\" AS \"MechanicId0\", m.\"Email\" AS \"Email0\", m.\"Name\" AS \"Name0\", m.\"Phone\" AS \"Phone0\", m.\"Status\" AS \"Status2\"
    FROM \"Bills\" AS b
    INNER JOIN \"serviceRecords\" AS s ON b.\"ServiceRecordID\" = s.\"ServiceRecordID\"
    INNER JOIN \"Customers\" AS c ON s.\"CustomerID\" = c.\"CustomerID\"
    INNER JOIN \"Mechanics\" AS m ON s.\"MechanicId\" = m.\"MechanicId\"
    WHERE c.\"Phone\" LIKE @__search_0_contains OR m.\"Phone\" LIKE @__search_0_contains
    LIMIT @__p_2 OFFSET @__p_1
) AS s1
INNER JOIN \"Services\" AS s0 ON s1.\"ServiceID\" = s0.\"ServiceID\"
INNER JOIN \"Vehicles\" AS v ON s0.\"VehicleID\" = v.\"VehicleID\"
LEFT JOIN \"BillCategoryDetail\" AS b0 ON s1.\"BillID\" = b0.\"BillId\"
LEFT JOIN (
    SELECT s2.\"ServiceCategoriesCategoryID\", s2.\"ServicesServiceID\", s3.\"CategoryID\", s3.\"Amount\", s3.\"Name\", s3.\"Status\"
    FROM \"ServiceServiceCategory\" AS s2
    INNER JOIN \"ServiceCategories\" AS s3 ON s2.\"ServiceCategoriesCategoryID\" = s3.\"CategoryID\"
) AS s4 ON s0.\"ServiceID\" = s4.\"ServicesServiceID\"
ORDER BY s1.\"BillID\", s1.\"ServiceRecordID0\", s1.\"CustomerID0\", s1.\"MechanicId0\", s0.\"ServiceID\", v.\"VehicleID\", b0.\"Id\", s4.\"ServiceCategoriesCategoryID\", s4.\"ServicesServiceID\""
2025-07-09 10:56:37 [Debug] Context '"VSMContext"' started tracking '"Booking"' entity. Consider using 'DbContextOptionsBuilder.EnableSensitiveDataLogging' to see key values.
2025-07-09 10:56:37 [Debug] Context '"VSMContext"' started tracking '"Booking"' entity. Consider using 'DbContextOptionsBuilder.EnableSensitiveDataLogging' to see key values.
2025-07-09 10:56:37 [Debug] Context '"VSMContext"' started tracking '"Booking"' entity. Consider using 'DbContextOptionsBuilder.EnableSensitiveDataLogging' to see key values.
2025-07-09 10:56:37 [Debug] Context '"VSMContext"' started tracking '"Booking"' entity. Consider using 'DbContextOptionsBuilder.EnableSensitiveDataLogging' to see key values.
2025-07-09 10:56:37 [Debug] Opened connection to database '"VehicleServiceManagement"' on server '"tcp://localhost:5432"'.
2025-07-09 10:56:37 [Debug] Context '"VSMContext"' started tracking '"Booking"' entity. Consider using 'DbContextOptionsBuilder.EnableSensitiveDataLogging' to see key values.
2025-07-09 10:56:37 [Debug] Creating DbCommand for '"ExecuteReader"'.
2025-07-09 10:56:37 [Debug] Context '"VSMContext"' started tracking '"Booking"' entity. Consider using 'DbContextOptionsBuilder.EnableSensitiveDataLogging' to see key values.
2025-07-09 10:56:37 [Debug] Created DbCommand for '"ExecuteReader"' (0ms).
2025-07-09 10:56:37 [Debug] The navigation '"Booking"."Customer"' was detected as changed. Consider using 'DbContextOptionsBuilder.EnableSensitiveDataLogging' to see key values.
2025-07-09 10:56:37 [Debug] Context '"VSMContext"' started tracking '"Customer"' entity. Consider using 'DbContextOptionsBuilder.EnableSensitiveDataLogging' to see key values.
2025-07-09 10:56:37 [Debug] Initialized DbCommand for '"ExecuteReader"' (0ms).
2025-07-09 10:56:37 [Debug] Executing DbCommand [Parameters=[""], CommandType='Text', CommandTimeout='30']"
""SELECT count(*)::int
FROM \"Customers\" AS c"
2025-07-09 10:56:37 [Debug] Context '"VSMContext"' started tracking '"Booking"' entity. Consider using 'DbContextOptionsBuilder.EnableSensitiveDataLogging' to see key values.
2025-07-09 10:56:37 [Debug] Context '"VSMContext"' started tracking '"Booking"' entity. Consider using 'DbContextOptionsBuilder.EnableSensitiveDataLogging' to see key values.
2025-07-09 10:56:37 [Debug] Context '"VSMContext"' started tracking '"Booking"' entity. Consider using 'DbContextOptionsBuilder.EnableSensitiveDataLogging' to see key values.
2025-07-09 10:56:37 [Debug] Context '"VSMContext"' started tracking '"Booking"' entity. Consider using 'DbContextOptionsBuilder.EnableSensitiveDataLogging' to see key values.
2025-07-09 10:56:37 [Debug] Context '"VSMContext"' started tracking '"Booking"' entity. Consider using 'DbContextOptionsBuilder.EnableSensitiveDataLogging' to see key values.
2025-07-09 10:56:37 [Debug] Context '"VSMContext"' started tracking '"Booking"' entity. Consider using 'DbContextOptionsBuilder.EnableSensitiveDataLogging' to see key values.
2025-07-09 10:56:37 [Debug] Context '"VSMContext"' started tracking '"Booking"' entity. Consider using 'DbContextOptionsBuilder.EnableSensitiveDataLogging' to see key values.
2025-07-09 10:56:37 [Debug] Context '"VSMContext"' started tracking '"Booking"' entity. Consider using 'DbContextOptionsBuilder.EnableSensitiveDataLogging' to see key values.
2025-07-09 10:56:37 [Debug] Context '"VSMContext"' started tracking '"Booking"' entity. Consider using 'DbContextOptionsBuilder.EnableSensitiveDataLogging' to see key values.
2025-07-09 10:56:37 [Debug] Context '"VSMContext"' started tracking '"Booking"' entity. Consider using 'DbContextOptionsBuilder.EnableSensitiveDataLogging' to see key values.
2025-07-09 10:56:37 [Debug] Context '"VSMContext"' started tracking '"Booking"' entity. Consider using 'DbContextOptionsBuilder.EnableSensitiveDataLogging' to see key values.
2025-07-09 10:56:37 [Debug] Context '"VSMContext"' started tracking '"Booking"' entity. Consider using 'DbContextOptionsBuilder.EnableSensitiveDataLogging' to see key values.
2025-07-09 10:56:37 [Debug] Context '"VSMContext"' started tracking '"Booking"' entity. Consider using 'DbContextOptionsBuilder.EnableSensitiveDataLogging' to see key values.
2025-07-09 10:56:37 [Debug] Context '"VSMContext"' started tracking '"Booking"' entity. Consider using 'DbContextOptionsBuilder.EnableSensitiveDataLogging' to see key values.
2025-07-09 10:56:37 [Debug] Context '"VSMContext"' started tracking '"Booking"' entity. Consider using 'DbContextOptionsBuilder.EnableSensitiveDataLogging' to see key values.
2025-07-09 10:56:37 [Debug] Context '"VSMContext"' started tracking '"Booking"' entity. Consider using 'DbContextOptionsBuilder.EnableSensitiveDataLogging' to see key values.
2025-07-09 10:56:37 [Debug] Context '"VSMContext"' started tracking '"Booking"' entity. Consider using 'DbContextOptionsBuilder.EnableSensitiveDataLogging' to see key values.
2025-07-09 10:56:37 [Debug] Context '"VSMContext"' started tracking '"Booking"' entity. Consider using 'DbContextOptionsBuilder.EnableSensitiveDataLogging' to see key values.
2025-07-09 10:56:37 [Debug] Context '"VSMContext"' started tracking '"Booking"' entity. Consider using 'DbContextOptionsBuilder.EnableSensitiveDataLogging' to see key values.
2025-07-09 10:56:37 [Debug] Context '"VSMContext"' started tracking '"Booking"' entity. Consider using 'DbContextOptionsBuilder.EnableSensitiveDataLogging' to see key values.
2025-07-09 10:56:37 [Debug] Closing data reader to '"VehicleServiceManagement"' on server '"tcp://localhost:5432"'.
2025-07-09 10:56:37 [Debug] A data reader for '"VehicleServiceManagement"' on server '"tcp://localhost:5432"' is being disposed after spending 56ms reading results.
2025-07-09 10:56:37 [Debug] Closing connection to database '"VehicleServiceManagement"' on server '"tcp://localhost:5432"'.
2025-07-09 10:56:37 [Debug] Closed connection to database '"VehicleServiceManagement"' on server '"tcp://localhost:5432"' (0ms).
2025-07-09 10:56:37 [Debug] List of registered output formatters, in the following order: ["Microsoft.AspNetCore.Mvc.Formatters.HttpNoContentOutputFormatter", "Microsoft.AspNetCore.Mvc.Formatters.StringOutputFormatter", "Microsoft.AspNetCore.Mvc.Formatters.StreamOutputFormatter", "Microsoft.AspNetCore.Mvc.Formatters.SystemTextJsonOutputFormatter"]
2025-07-09 10:56:37 [Debug] No information found on request to perform content negotiation.
2025-07-09 10:56:37 [Debug] Attempting to select an output formatter without using a content type as no explicit content types were specified for the response.
2025-07-09 10:56:37 [Debug] Attempting to select the first formatter in the output formatters list which can write the result.
2025-07-09 10:56:37 [Debug] Selected output formatter '"Microsoft.AspNetCore.Mvc.Formatters.SystemTextJsonOutputFormatter"' and content type '"application/json"' to write the response.
2025-07-09 10:56:37 [Information] Executing "OkObjectResult", writing value of type '"System.Linq.Enumerable+ListWhereIterator`1[[VSM.Models.Booking, VehicleServiceManagement, Version=1.0.0.0, Culture=neutral, PublicKeyToken=null]]"'.
2025-07-09 10:56:37 [Information] Executed action "VSM.Controllers.BookingController.GetAll (VehicleServiceManagement)" in 1032.696ms
2025-07-09 10:56:37 [Information] Executed endpoint '"VSM.Controllers.BookingController.GetAll (VehicleServiceManagement)"'
2025-07-09 10:56:37 [Debug] '"VSMContext"' disposed.
2025-07-09 10:56:37 [Debug] Disposing connection to database '"VehicleServiceManagement"' on server '"tcp://localhost:5432"'.
2025-07-09 10:56:37 [Debug] Disposed connection to database '"VehicleServiceManagement"' on server '"tcp://localhost:5432"' (0ms).
2025-07-09 10:56:37 [Information] Request finished "HTTP/2" "GET" "https"://"localhost:7176""""/api/v1/Booking""" - 200 null "application/json; charset=utf-8" 1134.6566ms
2025-07-09 10:56:38 [Information] Executed DbCommand ("122"ms) [Parameters=[""], CommandType='Text', CommandTimeout='30']"
""SELECT count(*)::int
FROM \"Customers\" AS c"
2025-07-09 10:56:38 [Debug] Closing data reader to '"VehicleServiceManagement"' on server '"tcp://localhost:5432"'.
2025-07-09 10:56:38 [Debug] A data reader for '"VehicleServiceManagement"' on server '"tcp://localhost:5432"' is being disposed after spending 0ms reading results.
2025-07-09 10:56:38 [Debug] Closing connection to database '"VehicleServiceManagement"' on server '"tcp://localhost:5432"'.
2025-07-09 10:56:38 [Debug] Closed connection to database '"VehicleServiceManagement"' on server '"tcp://localhost:5432"' (0ms).
2025-07-09 10:56:38 [Debug] Opening connection to database '"VehicleServiceManagement"' on server '"tcp://localhost:5432"'.
2025-07-09 10:56:38 [Debug] Opened connection to database '"VehicleServiceManagement"' on server '"tcp://localhost:5432"'.
2025-07-09 10:56:38 [Debug] Creating DbCommand for '"ExecuteReader"'.
2025-07-09 10:56:38 [Debug] Created DbCommand for '"ExecuteReader"' (0ms).
2025-07-09 10:56:38 [Debug] Initialized DbCommand for '"ExecuteReader"' (0ms).
2025-07-09 10:56:38 [Debug] Executing DbCommand [Parameters=[""], CommandType='Text', CommandTimeout='30']"
""SELECT count(*)::int
FROM \"Customers\" AS c
WHERE c.\"Status\" = 'Active'"
2025-07-09 10:56:38 [Information] Executed DbCommand ("16"ms) [Parameters=[""], CommandType='Text', CommandTimeout='30']"
""SELECT count(*)::int
FROM \"Customers\" AS c
WHERE c.\"Status\" = 'Active'"
2025-07-09 10:56:38 [Debug] Closing data reader to '"VehicleServiceManagement"' on server '"tcp://localhost:5432"'.
2025-07-09 10:56:38 [Debug] A data reader for '"VehicleServiceManagement"' on server '"tcp://localhost:5432"' is being disposed after spending 0ms reading results.
2025-07-09 10:56:38 [Debug] Closing connection to database '"VehicleServiceManagement"' on server '"tcp://localhost:5432"'.
2025-07-09 10:56:38 [Debug] Closed connection to database '"VehicleServiceManagement"' on server '"tcp://localhost:5432"' (0ms).
2025-07-09 10:56:38 [Debug] Opening connection to database '"VehicleServiceManagement"' on server '"tcp://localhost:5432"'.
2025-07-09 10:56:38 [Debug] Opened connection to database '"VehicleServiceManagement"' on server '"tcp://localhost:5432"'.
2025-07-09 10:56:38 [Debug] Creating DbCommand for '"ExecuteReader"'.
2025-07-09 10:56:38 [Debug] Created DbCommand for '"ExecuteReader"' (0ms).
2025-07-09 10:56:38 [Debug] Initialized DbCommand for '"ExecuteReader"' (0ms).
2025-07-09 10:56:38 [Debug] Executing DbCommand [Parameters=[""], CommandType='Text', CommandTimeout='30']"
""SELECT count(*)::int
FROM \"Mechanics\" AS m"
2025-07-09 10:56:38 [Information] Executed DbCommand ("21"ms) [Parameters=[""], CommandType='Text', CommandTimeout='30']"
""SELECT count(*)::int
FROM \"Mechanics\" AS m"
2025-07-09 10:56:38 [Debug] Closing data reader to '"VehicleServiceManagement"' on server '"tcp://localhost:5432"'.
2025-07-09 10:56:38 [Debug] A data reader for '"VehicleServiceManagement"' on server '"tcp://localhost:5432"' is being disposed after spending 0ms reading results.
2025-07-09 10:56:38 [Debug] Closing connection to database '"VehicleServiceManagement"' on server '"tcp://localhost:5432"'.
2025-07-09 10:56:38 [Debug] Closed connection to database '"VehicleServiceManagement"' on server '"tcp://localhost:5432"' (0ms).
2025-07-09 10:56:38 [Debug] Opening connection to database '"VehicleServiceManagement"' on server '"tcp://localhost:5432"'.
2025-07-09 10:56:38 [Debug] Opened connection to database '"VehicleServiceManagement"' on server '"tcp://localhost:5432"'.
2025-07-09 10:56:38 [Debug] Creating DbCommand for '"ExecuteReader"'.
2025-07-09 10:56:38 [Debug] Created DbCommand for '"ExecuteReader"' (0ms).
2025-07-09 10:56:38 [Debug] Initialized DbCommand for '"ExecuteReader"' (0ms).
2025-07-09 10:56:38 [Debug] Executing DbCommand [Parameters=[""], CommandType='Text', CommandTimeout='30']"
""SELECT count(*)::int
FROM \"Mechanics\" AS m
WHERE m.\"Status\" = 'Active'"
2025-07-09 10:56:38 [Information] Executed DbCommand ("1"ms) [Parameters=[""], CommandType='Text', CommandTimeout='30']"
""SELECT count(*)::int
FROM \"Mechanics\" AS m
WHERE m.\"Status\" = 'Active'"
2025-07-09 10:56:38 [Debug] Closing data reader to '"VehicleServiceManagement"' on server '"tcp://localhost:5432"'.
2025-07-09 10:56:38 [Debug] A data reader for '"VehicleServiceManagement"' on server '"tcp://localhost:5432"' is being disposed after spending 0ms reading results.
2025-07-09 10:56:38 [Debug] Closing connection to database '"VehicleServiceManagement"' on server '"tcp://localhost:5432"'.
2025-07-09 10:56:38 [Debug] Closed connection to database '"VehicleServiceManagement"' on server '"tcp://localhost:5432"' (0ms).
2025-07-09 10:56:38 [Debug] Opening connection to database '"VehicleServiceManagement"' on server '"tcp://localhost:5432"'.
2025-07-09 10:56:38 [Debug] Opened connection to database '"VehicleServiceManagement"' on server '"tcp://localhost:5432"'.
2025-07-09 10:56:38 [Debug] Creating DbCommand for '"ExecuteReader"'.
2025-07-09 10:56:38 [Debug] Created DbCommand for '"ExecuteReader"' (0ms).
2025-07-09 10:56:38 [Debug] Initialized DbCommand for '"ExecuteReader"' (0ms).
2025-07-09 10:56:38 [Debug] Executing DbCommand [Parameters=[""], CommandType='Text', CommandTimeout='30']"
""SELECT count(*)::int
FROM \"Bookings\" AS b"
2025-07-09 10:56:38 [Information] Executed DbCommand ("14"ms) [Parameters=[""], CommandType='Text', CommandTimeout='30']"
""SELECT count(*)::int
FROM \"Bookings\" AS b"
2025-07-09 10:56:38 [Debug] Closing data reader to '"VehicleServiceManagement"' on server '"tcp://localhost:5432"'.
2025-07-09 10:56:38 [Debug] A data reader for '"VehicleServiceManagement"' on server '"tcp://localhost:5432"' is being disposed after spending 1ms reading results.
2025-07-09 10:56:38 [Debug] Closing connection to database '"VehicleServiceManagement"' on server '"tcp://localhost:5432"'.
2025-07-09 10:56:38 [Debug] Closed connection to database '"VehicleServiceManagement"' on server '"tcp://localhost:5432"' (0ms).
2025-07-09 10:56:38 [Debug] Opening connection to database '"VehicleServiceManagement"' on server '"tcp://localhost:5432"'.
2025-07-09 10:56:38 [Debug] Opened connection to database '"VehicleServiceManagement"' on server '"tcp://localhost:5432"'.
2025-07-09 10:56:38 [Debug] Creating DbCommand for '"ExecuteReader"'.
2025-07-09 10:56:38 [Debug] Created DbCommand for '"ExecuteReader"' (0ms).
2025-07-09 10:56:38 [Debug] Initialized DbCommand for '"ExecuteReader"' (0ms).
2025-07-09 10:56:38 [Debug] Executing DbCommand [Parameters=[""], CommandType='Text', CommandTimeout='30']"
""SELECT count(*)::int
FROM \"Bookings\" AS b
WHERE b.\"Status\" = 'Booked'"
2025-07-09 10:56:38 [Information] Executed DbCommand ("1"ms) [Parameters=[""], CommandType='Text', CommandTimeout='30']"
""SELECT count(*)::int
FROM \"Bookings\" AS b
WHERE b.\"Status\" = 'Booked'"
2025-07-09 10:56:38 [Debug] Closing data reader to '"VehicleServiceManagement"' on server '"tcp://localhost:5432"'.
2025-07-09 10:56:38 [Debug] A data reader for '"VehicleServiceManagement"' on server '"tcp://localhost:5432"' is being disposed after spending 0ms reading results.
2025-07-09 10:56:38 [Debug] Closing connection to database '"VehicleServiceManagement"' on server '"tcp://localhost:5432"'.
2025-07-09 10:56:38 [Debug] Closed connection to database '"VehicleServiceManagement"' on server '"tcp://localhost:5432"' (0ms).
2025-07-09 10:56:38 [Debug] Opening connection to database '"VehicleServiceManagement"' on server '"tcp://localhost:5432"'.
2025-07-09 10:56:38 [Debug] Opened connection to database '"VehicleServiceManagement"' on server '"tcp://localhost:5432"'.
2025-07-09 10:56:38 [Debug] Creating DbCommand for '"ExecuteReader"'.
2025-07-09 10:56:38 [Debug] Created DbCommand for '"ExecuteReader"' (0ms).
2025-07-09 10:56:38 [Debug] Initialized DbCommand for '"ExecuteReader"' (0ms).
2025-07-09 10:56:38 [Debug] Executing DbCommand [Parameters=[""], CommandType='Text', CommandTimeout='30']"
""SELECT count(*)::int
FROM \"Bookings\" AS b
WHERE b.\"Status\" = 'Cancelled'"
2025-07-09 10:56:38 [Information] Executed DbCommand ("1"ms) [Parameters=[""], CommandType='Text', CommandTimeout='30']"
""SELECT count(*)::int
FROM \"Bookings\" AS b
WHERE b.\"Status\" = 'Cancelled'"
2025-07-09 10:56:38 [Debug] Closing data reader to '"VehicleServiceManagement"' on server '"tcp://localhost:5432"'.
2025-07-09 10:56:38 [Debug] A data reader for '"VehicleServiceManagement"' on server '"tcp://localhost:5432"' is being disposed after spending 0ms reading results.
2025-07-09 10:56:38 [Debug] Closing connection to database '"VehicleServiceManagement"' on server '"tcp://localhost:5432"'.
2025-07-09 10:56:38 [Debug] Closed connection to database '"VehicleServiceManagement"' on server '"tcp://localhost:5432"' (0ms).
2025-07-09 10:56:38 [Debug] Opening connection to database '"VehicleServiceManagement"' on server '"tcp://localhost:5432"'.
2025-07-09 10:56:38 [Debug] Opened connection to database '"VehicleServiceManagement"' on server '"tcp://localhost:5432"'.
2025-07-09 10:56:38 [Debug] Creating DbCommand for '"ExecuteReader"'.
2025-07-09 10:56:38 [Debug] Created DbCommand for '"ExecuteReader"' (0ms).
2025-07-09 10:56:38 [Debug] Initialized DbCommand for '"ExecuteReader"' (0ms).
2025-07-09 10:56:38 [Debug] Executing DbCommand [Parameters=[""], CommandType='Text', CommandTimeout='30']"
""SELECT count(*)::int
FROM \"Bookings\" AS b
WHERE b.\"Status\" = 'Reviewed'"
2025-07-09 10:56:38 [Information] Executed DbCommand ("1"ms) [Parameters=[""], CommandType='Text', CommandTimeout='30']"
""SELECT count(*)::int
FROM \"Bookings\" AS b
WHERE b.\"Status\" = 'Reviewed'"
2025-07-09 10:56:38 [Debug] Closing data reader to '"VehicleServiceManagement"' on server '"tcp://localhost:5432"'.
2025-07-09 10:56:38 [Debug] A data reader for '"VehicleServiceManagement"' on server '"tcp://localhost:5432"' is being disposed after spending 0ms reading results.
2025-07-09 10:56:38 [Debug] Closing connection to database '"VehicleServiceManagement"' on server '"tcp://localhost:5432"'.
2025-07-09 10:56:38 [Debug] Closed connection to database '"VehicleServiceManagement"' on server '"tcp://localhost:5432"' (0ms).
2025-07-09 10:56:38 [Debug] Opening connection to database '"VehicleServiceManagement"' on server '"tcp://localhost:5432"'.
2025-07-09 10:56:38 [Debug] Opened connection to database '"VehicleServiceManagement"' on server '"tcp://localhost:5432"'.
2025-07-09 10:56:38 [Debug] Creating DbCommand for '"ExecuteReader"'.
2025-07-09 10:56:38 [Debug] Created DbCommand for '"ExecuteReader"' (0ms).
2025-07-09 10:56:38 [Debug] Initialized DbCommand for '"ExecuteReader"' (0ms).
2025-07-09 10:56:38 [Debug] Executing DbCommand [Parameters=[""], CommandType='Text', CommandTimeout='30']"
""SELECT count(*)::int
FROM \"Bills\" AS b"
2025-07-09 10:56:38 [Information] Executed DbCommand ("1"ms) [Parameters=[""], CommandType='Text', CommandTimeout='30']"
""SELECT count(*)::int
FROM \"Bills\" AS b"
2025-07-09 10:56:38 [Debug] Closing data reader to '"VehicleServiceManagement"' on server '"tcp://localhost:5432"'.
2025-07-09 10:56:38 [Debug] A data reader for '"VehicleServiceManagement"' on server '"tcp://localhost:5432"' is being disposed after spending 0ms reading results.
2025-07-09 10:56:38 [Debug] Closing connection to database '"VehicleServiceManagement"' on server '"tcp://localhost:5432"'.
2025-07-09 10:56:38 [Debug] Closed connection to database '"VehicleServiceManagement"' on server '"tcp://localhost:5432"' (0ms).
2025-07-09 10:56:38 [Debug] Opening connection to database '"VehicleServiceManagement"' on server '"tcp://localhost:5432"'.
2025-07-09 10:56:38 [Debug] Opened connection to database '"VehicleServiceManagement"' on server '"tcp://localhost:5432"'.
2025-07-09 10:56:38 [Debug] Creating DbCommand for '"ExecuteReader"'.
2025-07-09 10:56:38 [Debug] Created DbCommand for '"ExecuteReader"' (3ms).
2025-07-09 10:56:38 [Debug] Initialized DbCommand for '"ExecuteReader"' (3ms).
2025-07-09 10:56:38 [Debug] Executing DbCommand [Parameters=[""], CommandType='Text', CommandTimeout='30']"
""SELECT count(*)::int
FROM \"Bills\" AS b
WHERE b.\"Status\" = 'Dispatched'"
2025-07-09 10:56:38 [Information] Executed DbCommand ("2"ms) [Parameters=[""], CommandType='Text', CommandTimeout='30']"
""SELECT count(*)::int
FROM \"Bills\" AS b
WHERE b.\"Status\" = 'Dispatched'"
2025-07-09 10:56:38 [Debug] Closing data reader to '"VehicleServiceManagement"' on server '"tcp://localhost:5432"'.
2025-07-09 10:56:38 [Debug] A data reader for '"VehicleServiceManagement"' on server '"tcp://localhost:5432"' is being disposed after spending 0ms reading results.
2025-07-09 10:56:38 [Debug] Closing connection to database '"VehicleServiceManagement"' on server '"tcp://localhost:5432"'.
2025-07-09 10:56:38 [Information] Request starting "HTTP/2" "OPTIONS" "https"://"localhost:7176""""/api/v1/Analytics/dashboard""?phone=9876764321" - null null
2025-07-09 10:56:38 [Debug] 1 candidate(s) found for the request path '"/api/v1/Analytics/dashboard"'
2025-07-09 10:56:38 [Debug] Request matched endpoint '"405 HTTP Method Not Supported"'
2025-07-09 10:56:38 [Debug] Closed connection to database '"VehicleServiceManagement"' on server '"tcp://localhost:5432"' (0ms).
2025-07-09 10:56:38 [Debug] AuthenticationScheme: "Bearer" was not authenticated.
2025-07-09 10:56:38 [Debug] Static files was skipped as the request already matched an endpoint.
2025-07-09 10:56:38 [Debug] Static files was skipped as the request already matched an endpoint.
2025-07-09 10:56:38 [Debug] The request has an origin header: '"http://localhost:4200"'.
2025-07-09 10:56:38 [Information] CORS policy execution successful.
2025-07-09 10:56:38 [Debug] The request is a preflight request.
2025-07-09 10:56:38 [Information] Request finished "HTTP/2" "OPTIONS" "https"://"localhost:7176""""/api/v1/Analytics/dashboard""?phone=9876764321" - 204 null null 0.3359ms
2025-07-09 10:56:38 [Debug] Opening connection to database '"VehicleServiceManagement"' on server '"tcp://localhost:5432"'.
2025-07-09 10:56:38 [Debug] Opened connection to database '"VehicleServiceManagement"' on server '"tcp://localhost:5432"'.
2025-07-09 10:56:38 [Debug] Creating DbCommand for '"ExecuteReader"'.
2025-07-09 10:56:38 [Debug] Created DbCommand for '"ExecuteReader"' (0ms).
2025-07-09 10:56:38 [Debug] Initialized DbCommand for '"ExecuteReader"' (1ms).
2025-07-09 10:56:38 [Debug] Executing DbCommand [Parameters=[""], CommandType='Text', CommandTimeout='30']"
""SELECT count(*)::int
FROM \"Bills\" AS b
WHERE b.\"Status\" = 'Approved'"
2025-07-09 10:56:38 [Information] Executed DbCommand ("1"ms) [Parameters=[""], CommandType='Text', CommandTimeout='30']"
""SELECT count(*)::int
FROM \"Bills\" AS b
WHERE b.\"Status\" = 'Approved'"
2025-07-09 10:56:38 [Debug] Closing data reader to '"VehicleServiceManagement"' on server '"tcp://localhost:5432"'.
2025-07-09 10:56:38 [Debug] A data reader for '"VehicleServiceManagement"' on server '"tcp://localhost:5432"' is being disposed after spending 0ms reading results.
2025-07-09 10:56:38 [Debug] Closing connection to database '"VehicleServiceManagement"' on server '"tcp://localhost:5432"'.
2025-07-09 10:56:38 [Debug] Closed connection to database '"VehicleServiceManagement"' on server '"tcp://localhost:5432"' (0ms).
2025-07-09 10:56:38 [Information] Request starting "HTTP/2" "GET" "https"://"localhost:7176""""/api/v1/Analytics/dashboard""?phone=9876764321" - "application/json" null
2025-07-09 10:56:38 [Debug] Opening connection to database '"VehicleServiceManagement"' on server '"tcp://localhost:5432"'.
2025-07-09 10:56:38 [Debug] 1 candidate(s) found for the request path '"/api/v1/Analytics/dashboard"'
2025-07-09 10:56:38 [Debug] Opened connection to database '"VehicleServiceManagement"' on server '"tcp://localhost:5432"'.
2025-07-09 10:56:38 [Debug] Creating DbCommand for '"ExecuteReader"'.
2025-07-09 10:56:38 [Debug] Created DbCommand for '"ExecuteReader"' (0ms).
2025-07-09 10:56:38 [Debug] Endpoint '"AnalyticsController.GetDashboardStats (VehicleServiceManagement)"' with route pattern '"api/v1/Analytics/dashboard"' is valid for the request path '"/api/v1/Analytics/dashboard"'
2025-07-09 10:56:38 [Debug] Request matched endpoint '"AnalyticsController.GetDashboardStats (VehicleServiceManagement)"'
2025-07-09 10:56:38 [Debug] Initialized DbCommand for '"ExecuteReader"' (0ms).
2025-07-09 10:56:38 [Debug] Executing DbCommand [Parameters=[""], CommandType='Text', CommandTimeout='30']"
""SELECT count(*)::int
FROM \"Bills\" AS b
WHERE b.\"Status\" = 'Paid'"
2025-07-09 10:56:38 [Debug] Successfully validated the token.
2025-07-09 10:56:38 [Debug] AuthenticationScheme: "Bearer" was successfully authenticated.
2025-07-09 10:56:38 [Information] Executed DbCommand ("1"ms) [Parameters=[""], CommandType='Text', CommandTimeout='30']"
""SELECT count(*)::int
FROM \"Bills\" AS b
WHERE b.\"Status\" = 'Paid'"
2025-07-09 10:56:38 [Debug] Closing data reader to '"VehicleServiceManagement"' on server '"tcp://localhost:5432"'.
2025-07-09 10:56:38 [Debug] Authorization was successful.
2025-07-09 10:56:38 [Debug] Static files was skipped as the request already matched an endpoint.
2025-07-09 10:56:38 [Debug] Static files was skipped as the request already matched an endpoint.
2025-07-09 10:56:38 [Debug] The request has an origin header: '"http://localhost:4200"'.
2025-07-09 10:56:38 [Information] CORS policy execution successful.
2025-07-09 10:56:38 [Debug] A data reader for '"VehicleServiceManagement"' on server '"tcp://localhost:5432"' is being disposed after spending 0ms reading results.
2025-07-09 10:56:38 [Debug] Closing connection to database '"VehicleServiceManagement"' on server '"tcp://localhost:5432"'.
2025-07-09 10:56:38 [Debug] Closed connection to database '"VehicleServiceManagement"' on server '"tcp://localhost:5432"' (0ms).
2025-07-09 10:56:38 [Information] Executing endpoint '"AnalyticsController.GetDashboardStats (VehicleServiceManagement)"'
2025-07-09 10:56:38 [Information] Route matched with "{action = \"GetDashboardStats\", controller = \"Analytics\"}". Executing controller action with signature "System.Threading.Tasks.Task`1[Microsoft.AspNetCore.Mvc.ActionResult`1[DashboardAnalyticsDto]] GetDashboardStats(System.String, System.Nullable`1[System.DateTime], System.Nullable`1[System.DateTime])" on controller "AnalyticsController" ("VehicleServiceManagement").
2025-07-09 10:56:38 [Debug] Execution plan of "authorization" filters (in the following order): ["None"]
2025-07-09 10:56:38 [Debug] Execution plan of "resource" filters (in the following order): ["None"]
2025-07-09 10:56:38 [Debug] Execution plan of "action" filters (in the following order): ["Microsoft.AspNetCore.Mvc.ModelBinding.UnsupportedContentTypeFilter (Order: -3000)", "Microsoft.AspNetCore.Mvc.Infrastructure.ModelStateInvalidFilter (Order: -2000)", "Microsoft.AspNetCore.Mvc.ReportApiVersionsAttribute (Order: 0)"]
2025-07-09 10:56:38 [Debug] Execution plan of "exception" filters (in the following order): ["None"]
2025-07-09 10:56:38 [Debug] Execution plan of "result" filters (in the following order): ["Microsoft.AspNetCore.Mvc.Infrastructure.ClientErrorResultFilter (Order: -2000)", "Microsoft.AspNetCore.Mvc.ReportApiVersionsAttribute (Order: 0)"]
2025-07-09 10:56:38 [Debug] Executing controller factory for controller "AnalyticsController" ("VehicleServiceManagement")
2025-07-09 10:56:38 [Debug] Executed controller factory for controller "AnalyticsController" ("VehicleServiceManagement")
2025-07-09 10:56:38 [Debug] Attempting to bind parameter '"phone"' of type '"System.String"' ...
2025-07-09 10:56:38 [Debug] Attempting to bind parameter '"phone"' of type '"System.String"' using the name '"phone"' in request data ...
2025-07-09 10:56:38 [Debug] Done attempting to bind parameter '"phone"' of type '"System.String"'.
2025-07-09 10:56:38 [Debug] Done attempting to bind parameter '"phone"' of type '"System.String"'.
2025-07-09 10:56:38 [Debug] Attempting to validate the bound parameter '"phone"' of type '"System.String"' ...
2025-07-09 10:56:38 [Debug] Done attempting to validate the bound parameter '"phone"' of type '"System.String"'.
2025-07-09 10:56:38 [Debug] Opening connection to database '"VehicleServiceManagement"' on server '"tcp://localhost:5432"'.
2025-07-09 10:56:38 [Debug] Opened connection to database '"VehicleServiceManagement"' on server '"tcp://localhost:5432"'.
2025-07-09 10:56:38 [Debug] Creating DbCommand for '"ExecuteReader"'.
2025-07-09 10:56:38 [Debug] Attempting to bind parameter '"from"' of type '"System.Nullable`1[System.DateTime]"' ...
2025-07-09 10:56:38 [Debug] Attempting to bind parameter '"from"' of type '"System.Nullable`1[System.DateTime]"' using the name '""' in request data ...
2025-07-09 10:56:38 [Debug] Could not find a value in the request with name '""' for binding parameter '"from"' of type '"System.Nullable`1[System.DateTime]"'.
2025-07-09 10:56:38 [Debug] Done attempting to bind parameter '"from"' of type '"System.Nullable`1[System.DateTime]"'.
2025-07-09 10:56:38 [Debug] Done attempting to bind parameter '"from"' of type '"System.Nullable`1[System.DateTime]"'.
2025-07-09 10:56:38 [Debug] Attempting to validate the bound parameter '"from"' of type '"System.Nullable`1[System.DateTime]"' ...
2025-07-09 10:56:38 [Debug] Done attempting to validate the bound parameter '"from"' of type '"System.Nullable`1[System.DateTime]"'.
2025-07-09 10:56:38 [Debug] Attempting to bind parameter '"to"' of type '"System.Nullable`1[System.DateTime]"' ...
2025-07-09 10:56:38 [Debug] Attempting to bind parameter '"to"' of type '"System.Nullable`1[System.DateTime]"' using the name '""' in request data ...
2025-07-09 10:56:38 [Debug] Could not find a value in the request with name '""' for binding parameter '"to"' of type '"System.Nullable`1[System.DateTime]"'.
2025-07-09 10:56:38 [Debug] Created DbCommand for '"ExecuteReader"' (0ms).
2025-07-09 10:56:38 [Debug] Done attempting to bind parameter '"to"' of type '"System.Nullable`1[System.DateTime]"'.
2025-07-09 10:56:38 [Debug] Initialized DbCommand for '"ExecuteReader"' (0ms).
2025-07-09 10:56:38 [Debug] Done attempting to bind parameter '"to"' of type '"System.Nullable`1[System.DateTime]"'.
2025-07-09 10:56:38 [Debug] Attempting to validate the bound parameter '"to"' of type '"System.Nullable`1[System.DateTime]"' ...
2025-07-09 10:56:38 [Debug] Executing DbCommand [Parameters=[""], CommandType='Text', CommandTimeout='30']"
""SELECT count(*)::int
FROM \"serviceRecords\" AS s"
2025-07-09 10:56:38 [Debug] Done attempting to validate the bound parameter '"to"' of type '"System.Nullable`1[System.DateTime]"'.
2025-07-09 10:56:38 [Debug] Entity Framework Core "9.0.5" initialized '"VSMContext"' using provider '"Npgsql.EntityFrameworkCore.PostgreSQL":"9.0.4+fd2380957bee5cd86f336466af36b08c0163f1a5"' with options: "None"
2025-07-09 10:56:38 [Debug] Creating DbConnection.
2025-07-09 10:56:38 [Debug] Created DbConnection. (0ms).
2025-07-09 10:56:38 [Debug] Opening connection to database '"VehicleServiceManagement"' on server '"tcp://localhost:5432"'.
2025-07-09 10:56:38 [Debug] Opened connection to database '"VehicleServiceManagement"' on server '"tcp://localhost:5432"'.
2025-07-09 10:56:38 [Debug] Creating DbCommand for '"ExecuteReader"'.
2025-07-09 10:56:38 [Debug] Created DbCommand for '"ExecuteReader"' (0ms).
2025-07-09 10:56:38 [Debug] Initialized DbCommand for '"ExecuteReader"' (2ms).
2025-07-09 10:56:38 [Debug] Executing DbCommand [Parameters=["@__phone_0='?'"], CommandType='Text', CommandTimeout='30']"
""SELECT count(*)::int
FROM \"Customers\" AS c
WHERE c.\"Phone\" = @__phone_0"
2025-07-09 10:56:38 [Information] Executed DbCommand ("10"ms) [Parameters=["@__phone_0='?'"], CommandType='Text', CommandTimeout='30']"
""SELECT count(*)::int
FROM \"Customers\" AS c
WHERE c.\"Phone\" = @__phone_0"
2025-07-09 10:56:38 [Debug] Closing data reader to '"VehicleServiceManagement"' on server '"tcp://localhost:5432"'.
2025-07-09 10:56:38 [Debug] A data reader for '"VehicleServiceManagement"' on server '"tcp://localhost:5432"' is being disposed after spending 0ms reading results.
2025-07-09 10:56:38 [Debug] Closing connection to database '"VehicleServiceManagement"' on server '"tcp://localhost:5432"'.
2025-07-09 10:56:38 [Debug] Closed connection to database '"VehicleServiceManagement"' on server '"tcp://localhost:5432"' (0ms).
2025-07-09 10:56:38 [Information] Executed DbCommand ("19"ms) [Parameters=[""], CommandType='Text', CommandTimeout='30']"
""SELECT count(*)::int
FROM \"serviceRecords\" AS s"
2025-07-09 10:56:38 [Debug] Closing data reader to '"VehicleServiceManagement"' on server '"tcp://localhost:5432"'.
2025-07-09 10:56:38 [Debug] A data reader for '"VehicleServiceManagement"' on server '"tcp://localhost:5432"' is being disposed after spending 0ms reading results.
2025-07-09 10:56:38 [Debug] Closing connection to database '"VehicleServiceManagement"' on server '"tcp://localhost:5432"'.
2025-07-09 10:56:38 [Debug] Opening connection to database '"VehicleServiceManagement"' on server '"tcp://localhost:5432"'.
2025-07-09 10:56:38 [Debug] Opened connection to database '"VehicleServiceManagement"' on server '"tcp://localhost:5432"'.
2025-07-09 10:56:38 [Debug] Creating DbCommand for '"ExecuteReader"'.
2025-07-09 10:56:38 [Debug] Created DbCommand for '"ExecuteReader"' (0ms).
2025-07-09 10:56:38 [Debug] Initialized DbCommand for '"ExecuteReader"' (0ms).
2025-07-09 10:56:38 [Debug] Executing DbCommand [Parameters=["@__phone_0='?'"], CommandType='Text', CommandTimeout='30']"
""SELECT count(*)::int
FROM \"Customers\" AS c
WHERE c.\"Phone\" = @__phone_0 AND c.\"Status\" = 'Active'"
2025-07-09 10:56:38 [Debug] Closed connection to database '"VehicleServiceManagement"' on server '"tcp://localhost:5432"' (0ms).
2025-07-09 10:56:38 [Information] Executed DbCommand ("1"ms) [Parameters=["@__phone_0='?'"], CommandType='Text', CommandTimeout='30']"
""SELECT count(*)::int
FROM \"Customers\" AS c
WHERE c.\"Phone\" = @__phone_0 AND c.\"Status\" = 'Active'"
2025-07-09 10:56:38 [Debug] Closing data reader to '"VehicleServiceManagement"' on server '"tcp://localhost:5432"'.
2025-07-09 10:56:38 [Debug] A data reader for '"VehicleServiceManagement"' on server '"tcp://localhost:5432"' is being disposed after spending 0ms reading results.
2025-07-09 10:56:38 [Debug] Closing connection to database '"VehicleServiceManagement"' on server '"tcp://localhost:5432"'.
2025-07-09 10:56:38 [Debug] Closed connection to database '"VehicleServiceManagement"' on server '"tcp://localhost:5432"' (0ms).
2025-07-09 10:56:38 [Debug] Opening connection to database '"VehicleServiceManagement"' on server '"tcp://localhost:5432"'.
2025-07-09 10:56:38 [Debug] Opened connection to database '"VehicleServiceManagement"' on server '"tcp://localhost:5432"'.
2025-07-09 10:56:38 [Debug] Creating DbCommand for '"ExecuteReader"'.
2025-07-09 10:56:38 [Debug] Created DbCommand for '"ExecuteReader"' (0ms).
2025-07-09 10:56:38 [Debug] Initialized DbCommand for '"ExecuteReader"' (0ms).
2025-07-09 10:56:38 [Debug] Executing DbCommand [Parameters=["@__phone_0='?'"], CommandType='Text', CommandTimeout='30']"
""SELECT count(*)::int
FROM \"Mechanics\" AS m
WHERE m.\"Phone\" = @__phone_0"
2025-07-09 10:56:38 [Debug] Opening connection to database '"VehicleServiceManagement"' on server '"tcp://localhost:5432"'.
2025-07-09 10:56:38 [Debug] Opened connection to database '"VehicleServiceManagement"' on server '"tcp://localhost:5432"'.
2025-07-09 10:56:38 [Debug] Creating DbCommand for '"ExecuteReader"'.
2025-07-09 10:56:38 [Debug] Created DbCommand for '"ExecuteReader"' (0ms).
2025-07-09 10:56:38 [Debug] Initialized DbCommand for '"ExecuteReader"' (0ms).
2025-07-09 10:56:38 [Debug] Executing DbCommand [Parameters=[""], CommandType='Text', CommandTimeout='30']"
""SELECT count(*)::int
FROM \"serviceRecords\" AS s
WHERE s.\"Status\" = 'Active'"
2025-07-09 10:56:38 [Information] Executed DbCommand ("0"ms) [Parameters=["@__phone_0='?'"], CommandType='Text', CommandTimeout='30']"
""SELECT count(*)::int
FROM \"Mechanics\" AS m
WHERE m.\"Phone\" = @__phone_0"
2025-07-09 10:56:38 [Debug] Closing data reader to '"VehicleServiceManagement"' on server '"tcp://localhost:5432"'.
2025-07-09 10:56:38 [Debug] A data reader for '"VehicleServiceManagement"' on server '"tcp://localhost:5432"' is being disposed after spending 0ms reading results.
2025-07-09 10:56:38 [Debug] Closing connection to database '"VehicleServiceManagement"' on server '"tcp://localhost:5432"'.
2025-07-09 10:56:38 [Debug] Closed connection to database '"VehicleServiceManagement"' on server '"tcp://localhost:5432"' (0ms).
2025-07-09 10:56:38 [Information] Executed DbCommand ("1"ms) [Parameters=[""], CommandType='Text', CommandTimeout='30']"
""SELECT count(*)::int
FROM \"serviceRecords\" AS s
WHERE s.\"Status\" = 'Active'"
2025-07-09 10:56:38 [Debug] Closing data reader to '"VehicleServiceManagement"' on server '"tcp://localhost:5432"'.
2025-07-09 10:56:38 [Debug] A data reader for '"VehicleServiceManagement"' on server '"tcp://localhost:5432"' is being disposed after spending 0ms reading results.
2025-07-09 10:56:38 [Debug] Closing connection to database '"VehicleServiceManagement"' on server '"tcp://localhost:5432"'.
2025-07-09 10:56:38 [Debug] Opening connection to database '"VehicleServiceManagement"' on server '"tcp://localhost:5432"'.
2025-07-09 10:56:38 [Debug] Opened connection to database '"VehicleServiceManagement"' on server '"tcp://localhost:5432"'.
2025-07-09 10:56:38 [Debug] Creating DbCommand for '"ExecuteReader"'.
2025-07-09 10:56:38 [Debug] Created DbCommand for '"ExecuteReader"' (0ms).
2025-07-09 10:56:38 [Debug] Initialized DbCommand for '"ExecuteReader"' (0ms).
2025-07-09 10:56:38 [Debug] Executing DbCommand [Parameters=["@__phone_0='?'"], CommandType='Text', CommandTimeout='30']"
""SELECT count(*)::int
FROM \"Mechanics\" AS m
WHERE m.\"Phone\" = @__phone_0 AND m.\"Status\" = 'Active'"
2025-07-09 10:56:38 [Debug] Closed connection to database '"VehicleServiceManagement"' on server '"tcp://localhost:5432"' (0ms).
2025-07-09 10:56:38 [Information] Executed DbCommand ("1"ms) [Parameters=["@__phone_0='?'"], CommandType='Text', CommandTimeout='30']"
""SELECT count(*)::int
FROM \"Mechanics\" AS m
WHERE m.\"Phone\" = @__phone_0 AND m.\"Status\" = 'Active'"
2025-07-09 10:56:38 [Debug] Closing data reader to '"VehicleServiceManagement"' on server '"tcp://localhost:5432"'.
2025-07-09 10:56:38 [Debug] A data reader for '"VehicleServiceManagement"' on server '"tcp://localhost:5432"' is being disposed after spending 0ms reading results.
2025-07-09 10:56:38 [Debug] Closing connection to database '"VehicleServiceManagement"' on server '"tcp://localhost:5432"'.
2025-07-09 10:56:38 [Debug] Closed connection to database '"VehicleServiceManagement"' on server '"tcp://localhost:5432"' (0ms).
2025-07-09 10:56:38 [Debug] Opening connection to database '"VehicleServiceManagement"' on server '"tcp://localhost:5432"'.
2025-07-09 10:56:38 [Debug] Opened connection to database '"VehicleServiceManagement"' on server '"tcp://localhost:5432"'.
2025-07-09 10:56:38 [Debug] Creating DbCommand for '"ExecuteReader"'.
2025-07-09 10:56:38 [Debug] Created DbCommand for '"ExecuteReader"' (0ms).
2025-07-09 10:56:38 [Debug] Initialized DbCommand for '"ExecuteReader"' (0ms).
2025-07-09 10:56:38 [Debug] Executing DbCommand [Parameters=[""], CommandType='Text', CommandTimeout='30']"
""SELECT count(*)::int
FROM \"serviceRecords\" AS s
WHERE s.\"Status\" = 'Completed'"
2025-07-09 10:56:38 [Information] Executed DbCommand ("1"ms) [Parameters=[""], CommandType='Text', CommandTimeout='30']"
""SELECT count(*)::int
FROM \"serviceRecords\" AS s
WHERE s.\"Status\" = 'Completed'"
2025-07-09 10:56:38 [Debug] Closing data reader to '"VehicleServiceManagement"' on server '"tcp://localhost:5432"'.
2025-07-09 10:56:38 [Debug] Opening connection to database '"VehicleServiceManagement"' on server '"tcp://localhost:5432"'.
2025-07-09 10:56:38 [Debug] A data reader for '"VehicleServiceManagement"' on server '"tcp://localhost:5432"' is being disposed after spending 0ms reading results.
2025-07-09 10:56:38 [Debug] Closing connection to database '"VehicleServiceManagement"' on server '"tcp://localhost:5432"'.
2025-07-09 10:56:38 [Debug] Closed connection to database '"VehicleServiceManagement"' on server '"tcp://localhost:5432"' (0ms).
2025-07-09 10:56:38 [Debug] Opened connection to database '"VehicleServiceManagement"' on server '"tcp://localhost:5432"'.
2025-07-09 10:56:38 [Debug] Creating DbCommand for '"ExecuteReader"'.
2025-07-09 10:56:38 [Debug] Created DbCommand for '"ExecuteReader"' (0ms).
2025-07-09 10:56:38 [Debug] Initialized DbCommand for '"ExecuteReader"' (0ms).
2025-07-09 10:56:38 [Debug] Executing DbCommand [Parameters=["@__phone_0='?'"], CommandType='Text', CommandTimeout='30']"
""SELECT count(*)::int
FROM \"Bookings\" AS b
INNER JOIN \"Customers\" AS c ON b.\"CustomerID\" = c.\"CustomerID\"
WHERE c.\"Phone\" = @__phone_0"
2025-07-09 10:56:38 [Debug] Opening connection to database '"VehicleServiceManagement"' on server '"tcp://localhost:5432"'.
2025-07-09 10:56:38 [Debug] Opened connection to database '"VehicleServiceManagement"' on server '"tcp://localhost:5432"'.
2025-07-09 10:56:38 [Debug] Creating DbCommand for '"ExecuteReader"'.
2025-07-09 10:56:38 [Debug] Created DbCommand for '"ExecuteReader"' (0ms).
2025-07-09 10:56:38 [Debug] Initialized DbCommand for '"ExecuteReader"' (0ms).
2025-07-09 10:56:38 [Debug] Executing DbCommand [Parameters=[""], CommandType='Text', CommandTimeout='30']"
""SELECT count(*)::int
FROM \"serviceRecords\" AS s
WHERE s.\"Status\" = 'Aborted'"
2025-07-09 10:56:38 [Information] Executed DbCommand ("2"ms) [Parameters=["@__phone_0='?'"], CommandType='Text', CommandTimeout='30']"
""SELECT count(*)::int
FROM \"Bookings\" AS b
INNER JOIN \"Customers\" AS c ON b.\"CustomerID\" = c.\"CustomerID\"
WHERE c.\"Phone\" = @__phone_0"
2025-07-09 10:56:38 [Debug] Closing data reader to '"VehicleServiceManagement"' on server '"tcp://localhost:5432"'.
2025-07-09 10:56:38 [Information] Executed DbCommand ("1"ms) [Parameters=[""], CommandType='Text', CommandTimeout='30']"
""SELECT count(*)::int
FROM \"serviceRecords\" AS s
WHERE s.\"Status\" = 'Aborted'"
2025-07-09 10:56:38 [Debug] Closing data reader to '"VehicleServiceManagement"' on server '"tcp://localhost:5432"'.
2025-07-09 10:56:38 [Debug] A data reader for '"VehicleServiceManagement"' on server '"tcp://localhost:5432"' is being disposed after spending 0ms reading results.
2025-07-09 10:56:38 [Debug] A data reader for '"VehicleServiceManagement"' on server '"tcp://localhost:5432"' is being disposed after spending 0ms reading results.
2025-07-09 10:56:38 [Debug] Closing connection to database '"VehicleServiceManagement"' on server '"tcp://localhost:5432"'.
2025-07-09 10:56:38 [Debug] Closing connection to database '"VehicleServiceManagement"' on server '"tcp://localhost:5432"'.
2025-07-09 10:56:38 [Debug] Closed connection to database '"VehicleServiceManagement"' on server '"tcp://localhost:5432"' (0ms).
2025-07-09 10:56:38 [Debug] Closed connection to database '"VehicleServiceManagement"' on server '"tcp://localhost:5432"' (0ms).
2025-07-09 10:56:38 [Debug] Opening connection to database '"VehicleServiceManagement"' on server '"tcp://localhost:5432"'.
2025-07-09 10:56:38 [Debug] Opened connection to database '"VehicleServiceManagement"' on server '"tcp://localhost:5432"'.
2025-07-09 10:56:38 [Debug] Creating DbCommand for '"ExecuteReader"'.
2025-07-09 10:56:38 [Debug] Created DbCommand for '"ExecuteReader"' (0ms).
2025-07-09 10:56:38 [Debug] Initialized DbCommand for '"ExecuteReader"' (0ms).
2025-07-09 10:56:38 [Debug] Executing DbCommand [Parameters=["@__phone_0='?'"], CommandType='Text', CommandTimeout='30']"
""SELECT count(*)::int
FROM \"Bookings\" AS b
INNER JOIN \"Customers\" AS c ON b.\"CustomerID\" = c.\"CustomerID\"
WHERE c.\"Phone\" = @__phone_0 AND b.\"Status\" = 'Booked'"
2025-07-09 10:56:38 [Information] Executed DbCommand ("1"ms) [Parameters=["@__phone_0='?'"], CommandType='Text', CommandTimeout='30']"
""SELECT count(*)::int
FROM \"Bookings\" AS b
INNER JOIN \"Customers\" AS c ON b.\"CustomerID\" = c.\"CustomerID\"
WHERE c.\"Phone\" = @__phone_0 AND b.\"Status\" = 'Booked'"
2025-07-09 10:56:38 [Debug] Closing data reader to '"VehicleServiceManagement"' on server '"tcp://localhost:5432"'.
2025-07-09 10:56:38 [Debug] A data reader for '"VehicleServiceManagement"' on server '"tcp://localhost:5432"' is being disposed after spending 0ms reading results.
2025-07-09 10:56:38 [Debug] Closing connection to database '"VehicleServiceManagement"' on server '"tcp://localhost:5432"'.
2025-07-09 10:56:38 [Debug] Closed connection to database '"VehicleServiceManagement"' on server '"tcp://localhost:5432"' (0ms).
2025-07-09 10:56:38 [Debug] Opening connection to database '"VehicleServiceManagement"' on server '"tcp://localhost:5432"'.
2025-07-09 10:56:38 [Debug] Opened connection to database '"VehicleServiceManagement"' on server '"tcp://localhost:5432"'.
2025-07-09 10:56:38 [Debug] Creating DbCommand for '"ExecuteReader"'.
2025-07-09 10:56:38 [Debug] Created DbCommand for '"ExecuteReader"' (0ms).
2025-07-09 10:56:38 [Debug] Initialized DbCommand for '"ExecuteReader"' (0ms).
2025-07-09 10:56:38 [Debug] Executing DbCommand [Parameters=["@__phone_0='?'"], CommandType='Text', CommandTimeout='30']"
""SELECT count(*)::int
FROM \"Bookings\" AS b
INNER JOIN \"Customers\" AS c ON b.\"CustomerID\" = c.\"CustomerID\"
WHERE c.\"Phone\" = @__phone_0 AND b.\"Status\" = 'Cancelled'"
2025-07-09 10:56:38 [Information] Executed DbCommand ("1"ms) [Parameters=["@__phone_0='?'"], CommandType='Text', CommandTimeout='30']"
""SELECT count(*)::int
FROM \"Bookings\" AS b
INNER JOIN \"Customers\" AS c ON b.\"CustomerID\" = c.\"CustomerID\"
WHERE c.\"Phone\" = @__phone_0 AND b.\"Status\" = 'Cancelled'"
2025-07-09 10:56:38 [Debug] Closing data reader to '"VehicleServiceManagement"' on server '"tcp://localhost:5432"'.
2025-07-09 10:56:38 [Debug] A data reader for '"VehicleServiceManagement"' on server '"tcp://localhost:5432"' is being disposed after spending 0ms reading results.
2025-07-09 10:56:38 [Debug] Closing connection to database '"VehicleServiceManagement"' on server '"tcp://localhost:5432"'.
2025-07-09 10:56:38 [Debug] Closed connection to database '"VehicleServiceManagement"' on server '"tcp://localhost:5432"' (0ms).
2025-07-09 10:56:38 [Debug] Opening connection to database '"VehicleServiceManagement"' on server '"tcp://localhost:5432"'.
2025-07-09 10:56:38 [Debug] Opened connection to database '"VehicleServiceManagement"' on server '"tcp://localhost:5432"'.
2025-07-09 10:56:38 [Debug] Creating DbCommand for '"ExecuteReader"'.
2025-07-09 10:56:38 [Debug] Created DbCommand for '"ExecuteReader"' (0ms).
2025-07-09 10:56:38 [Debug] Initialized DbCommand for '"ExecuteReader"' (0ms).
2025-07-09 10:56:38 [Debug] Executing DbCommand [Parameters=["@__phone_0='?'"], CommandType='Text', CommandTimeout='30']"
""SELECT count(*)::int
FROM \"Bookings\" AS b
INNER JOIN \"Customers\" AS c ON b.\"CustomerID\" = c.\"CustomerID\"
WHERE c.\"Phone\" = @__phone_0 AND b.\"Status\" = 'Reviewed'"
2025-07-09 10:56:38 [Debug] Opening connection to database '"VehicleServiceManagement"' on server '"tcp://localhost:5432"'.
2025-07-09 10:56:38 [Debug] Opened connection to database '"VehicleServiceManagement"' on server '"tcp://localhost:5432"'.
2025-07-09 10:56:38 [Debug] Creating DbCommand for '"ExecuteReader"'.
2025-07-09 10:56:38 [Debug] Created DbCommand for '"ExecuteReader"' (0ms).
2025-07-09 10:56:38 [Debug] Initialized DbCommand for '"ExecuteReader"' (0ms).
2025-07-09 10:56:38 [Debug] Executing DbCommand [Parameters=[""], CommandType='Text', CommandTimeout='30']"
""SELECT c.\"Phone\", COALESCE(sum(b.\"Amount\"), 0) AS \"Total\"
FROM \"Bills\" AS b
INNER JOIN \"serviceRecords\" AS s ON b.\"ServiceRecordID\" = s.\"ServiceRecordID\"
INNER JOIN \"Customers\" AS c ON s.\"CustomerID\" = c.\"CustomerID\"
GROUP BY c.\"Phone\""
2025-07-09 10:56:38 [Information] Executed DbCommand ("1"ms) [Parameters=["@__phone_0='?'"], CommandType='Text', CommandTimeout='30']"
""SELECT count(*)::int
FROM \"Bookings\" AS b
INNER JOIN \"Customers\" AS c ON b.\"CustomerID\" = c.\"CustomerID\"
WHERE c.\"Phone\" = @__phone_0 AND b.\"Status\" = 'Reviewed'"
2025-07-09 10:56:38 [Debug] Closing data reader to '"VehicleServiceManagement"' on server '"tcp://localhost:5432"'.
2025-07-09 10:56:38 [Debug] A data reader for '"VehicleServiceManagement"' on server '"tcp://localhost:5432"' is being disposed after spending 0ms reading results.
2025-07-09 10:56:38 [Debug] Closing connection to database '"VehicleServiceManagement"' on server '"tcp://localhost:5432"'.
2025-07-09 10:56:38 [Debug] Closed connection to database '"VehicleServiceManagement"' on server '"tcp://localhost:5432"' (0ms).
2025-07-09 10:56:38 [Debug] Opening connection to database '"VehicleServiceManagement"' on server '"tcp://localhost:5432"'.
2025-07-09 10:56:38 [Debug] Opened connection to database '"VehicleServiceManagement"' on server '"tcp://localhost:5432"'.
2025-07-09 10:56:38 [Debug] Creating DbCommand for '"ExecuteReader"'.
2025-07-09 10:56:38 [Debug] Created DbCommand for '"ExecuteReader"' (6ms).
2025-07-09 10:56:38 [Debug] Initialized DbCommand for '"ExecuteReader"' (6ms).
2025-07-09 10:56:38 [Debug] Executing DbCommand [Parameters=["@__phone_0='?'"], CommandType='Text', CommandTimeout='30']"
""SELECT count(*)::int
FROM \"Bills\" AS b
INNER JOIN \"serviceRecords\" AS s ON b.\"ServiceRecordID\" = s.\"ServiceRecordID\"
INNER JOIN \"Customers\" AS c ON s.\"CustomerID\" = c.\"CustomerID\"
INNER JOIN \"Mechanics\" AS m ON s.\"MechanicId\" = m.\"MechanicId\"
WHERE c.\"Phone\" = @__phone_0 OR m.\"Phone\" = @__phone_0"
2025-07-09 10:56:38 [Information] Executed DbCommand ("2"ms) [Parameters=["@__phone_0='?'"], CommandType='Text', CommandTimeout='30']"
""SELECT count(*)::int
FROM \"Bills\" AS b
INNER JOIN \"serviceRecords\" AS s ON b.\"ServiceRecordID\" = s.\"ServiceRecordID\"
INNER JOIN \"Customers\" AS c ON s.\"CustomerID\" = c.\"CustomerID\"
INNER JOIN \"Mechanics\" AS m ON s.\"MechanicId\" = m.\"MechanicId\"
WHERE c.\"Phone\" = @__phone_0 OR m.\"Phone\" = @__phone_0"
2025-07-09 10:56:38 [Debug] Closing data reader to '"VehicleServiceManagement"' on server '"tcp://localhost:5432"'.
2025-07-09 10:56:38 [Debug] A data reader for '"VehicleServiceManagement"' on server '"tcp://localhost:5432"' is being disposed after spending 0ms reading results.
2025-07-09 10:56:38 [Debug] Closing connection to database '"VehicleServiceManagement"' on server '"tcp://localhost:5432"'.
2025-07-09 10:56:38 [Debug] Closed connection to database '"VehicleServiceManagement"' on server '"tcp://localhost:5432"' (0ms).
2025-07-09 10:56:38 [Debug] Opening connection to database '"VehicleServiceManagement"' on server '"tcp://localhost:5432"'.
2025-07-09 10:56:38 [Debug] Opened connection to database '"VehicleServiceManagement"' on server '"tcp://localhost:5432"'.
2025-07-09 10:56:38 [Debug] Creating DbCommand for '"ExecuteReader"'.
2025-07-09 10:56:38 [Debug] Created DbCommand for '"ExecuteReader"' (0ms).
2025-07-09 10:56:38 [Debug] Initialized DbCommand for '"ExecuteReader"' (0ms).
2025-07-09 10:56:38 [Debug] Executing DbCommand [Parameters=["@__phone_0='?'"], CommandType='Text', CommandTimeout='30']"
""SELECT count(*)::int
FROM \"Bills\" AS b
INNER JOIN \"serviceRecords\" AS s ON b.\"ServiceRecordID\" = s.\"ServiceRecordID\"
INNER JOIN \"Customers\" AS c ON s.\"CustomerID\" = c.\"CustomerID\"
INNER JOIN \"Mechanics\" AS m ON s.\"MechanicId\" = m.\"MechanicId\"
WHERE (c.\"Phone\" = @__phone_0 OR m.\"Phone\" = @__phone_0) AND b.\"Status\" = 'Dispatched'"
2025-07-09 10:56:38 [Information] Executed DbCommand ("16"ms) [Parameters=["@__phone_0='?'"], CommandType='Text', CommandTimeout='30']"
""SELECT count(*)::int
FROM \"Bills\" AS b
INNER JOIN \"serviceRecords\" AS s ON b.\"ServiceRecordID\" = s.\"ServiceRecordID\"
INNER JOIN \"Customers\" AS c ON s.\"CustomerID\" = c.\"CustomerID\"
INNER JOIN \"Mechanics\" AS m ON s.\"MechanicId\" = m.\"MechanicId\"
WHERE (c.\"Phone\" = @__phone_0 OR m.\"Phone\" = @__phone_0) AND b.\"Status\" = 'Dispatched'"
2025-07-09 10:56:38 [Debug] Closing data reader to '"VehicleServiceManagement"' on server '"tcp://localhost:5432"'.
2025-07-09 10:56:38 [Debug] A data reader for '"VehicleServiceManagement"' on server '"tcp://localhost:5432"' is being disposed after spending 0ms reading results.
2025-07-09 10:56:38 [Debug] Closing connection to database '"VehicleServiceManagement"' on server '"tcp://localhost:5432"'.
2025-07-09 10:56:38 [Debug] Closed connection to database '"VehicleServiceManagement"' on server '"tcp://localhost:5432"' (0ms).
2025-07-09 10:56:38 [Debug] Opening connection to database '"VehicleServiceManagement"' on server '"tcp://localhost:5432"'.
2025-07-09 10:56:38 [Debug] Opened connection to database '"VehicleServiceManagement"' on server '"tcp://localhost:5432"'.
2025-07-09 10:56:38 [Debug] Creating DbCommand for '"ExecuteReader"'.
2025-07-09 10:56:38 [Debug] Created DbCommand for '"ExecuteReader"' (0ms).
2025-07-09 10:56:38 [Debug] Initialized DbCommand for '"ExecuteReader"' (0ms).
2025-07-09 10:56:38 [Debug] Executing DbCommand [Parameters=["@__phone_0='?'"], CommandType='Text', CommandTimeout='30']"
""SELECT count(*)::int
FROM \"Bills\" AS b
INNER JOIN \"serviceRecords\" AS s ON b.\"ServiceRecordID\" = s.\"ServiceRecordID\"
INNER JOIN \"Customers\" AS c ON s.\"CustomerID\" = c.\"CustomerID\"
INNER JOIN \"Mechanics\" AS m ON s.\"MechanicId\" = m.\"MechanicId\"
WHERE (c.\"Phone\" = @__phone_0 OR m.\"Phone\" = @__phone_0) AND b.\"Status\" = 'Approved'"
2025-07-09 10:56:38 [Information] Executed DbCommand ("1"ms) [Parameters=["@__phone_0='?'"], CommandType='Text', CommandTimeout='30']"
""SELECT count(*)::int
FROM \"Bills\" AS b
INNER JOIN \"serviceRecords\" AS s ON b.\"ServiceRecordID\" = s.\"ServiceRecordID\"
INNER JOIN \"Customers\" AS c ON s.\"CustomerID\" = c.\"CustomerID\"
INNER JOIN \"Mechanics\" AS m ON s.\"MechanicId\" = m.\"MechanicId\"
WHERE (c.\"Phone\" = @__phone_0 OR m.\"Phone\" = @__phone_0) AND b.\"Status\" = 'Approved'"
2025-07-09 10:56:38 [Debug] Closing data reader to '"VehicleServiceManagement"' on server '"tcp://localhost:5432"'.
2025-07-09 10:56:38 [Debug] A data reader for '"VehicleServiceManagement"' on server '"tcp://localhost:5432"' is being disposed after spending 0ms reading results.
2025-07-09 10:56:38 [Debug] Closing connection to database '"VehicleServiceManagement"' on server '"tcp://localhost:5432"'.
2025-07-09 10:56:38 [Debug] Closed connection to database '"VehicleServiceManagement"' on server '"tcp://localhost:5432"' (0ms).
2025-07-09 10:56:38 [Debug] Opening connection to database '"VehicleServiceManagement"' on server '"tcp://localhost:5432"'.
2025-07-09 10:56:38 [Debug] Opened connection to database '"VehicleServiceManagement"' on server '"tcp://localhost:5432"'.
2025-07-09 10:56:38 [Debug] Creating DbCommand for '"ExecuteReader"'.
2025-07-09 10:56:38 [Debug] Created DbCommand for '"ExecuteReader"' (0ms).
2025-07-09 10:56:38 [Debug] Initialized DbCommand for '"ExecuteReader"' (1ms).
2025-07-09 10:56:38 [Debug] Executing DbCommand [Parameters=["@__phone_0='?'"], CommandType='Text', CommandTimeout='30']"
""SELECT count(*)::int
FROM \"Bills\" AS b
INNER JOIN \"serviceRecords\" AS s ON b.\"ServiceRecordID\" = s.\"ServiceRecordID\"
INNER JOIN \"Customers\" AS c ON s.\"CustomerID\" = c.\"CustomerID\"
INNER JOIN \"Mechanics\" AS m ON s.\"MechanicId\" = m.\"MechanicId\"
WHERE (c.\"Phone\" = @__phone_0 OR m.\"Phone\" = @__phone_0) AND b.\"Status\" = 'Paid'"
2025-07-09 10:56:38 [Information] Executed DbCommand ("1"ms) [Parameters=["@__phone_0='?'"], CommandType='Text', CommandTimeout='30']"
""SELECT count(*)::int
FROM \"Bills\" AS b
INNER JOIN \"serviceRecords\" AS s ON b.\"ServiceRecordID\" = s.\"ServiceRecordID\"
INNER JOIN \"Customers\" AS c ON s.\"CustomerID\" = c.\"CustomerID\"
INNER JOIN \"Mechanics\" AS m ON s.\"MechanicId\" = m.\"MechanicId\"
WHERE (c.\"Phone\" = @__phone_0 OR m.\"Phone\" = @__phone_0) AND b.\"Status\" = 'Paid'"
2025-07-09 10:56:38 [Debug] Closing data reader to '"VehicleServiceManagement"' on server '"tcp://localhost:5432"'.
2025-07-09 10:56:38 [Debug] A data reader for '"VehicleServiceManagement"' on server '"tcp://localhost:5432"' is being disposed after spending 0ms reading results.
2025-07-09 10:56:38 [Debug] Closing connection to database '"VehicleServiceManagement"' on server '"tcp://localhost:5432"'.
2025-07-09 10:56:38 [Debug] Closed connection to database '"VehicleServiceManagement"' on server '"tcp://localhost:5432"' (0ms).
2025-07-09 10:56:38 [Debug] Opening connection to database '"VehicleServiceManagement"' on server '"tcp://localhost:5432"'.
2025-07-09 10:56:38 [Debug] Opened connection to database '"VehicleServiceManagement"' on server '"tcp://localhost:5432"'.
2025-07-09 10:56:38 [Debug] Creating DbCommand for '"ExecuteReader"'.
2025-07-09 10:56:38 [Debug] Created DbCommand for '"ExecuteReader"' (0ms).
2025-07-09 10:56:38 [Debug] Initialized DbCommand for '"ExecuteReader"' (0ms).
2025-07-09 10:56:38 [Debug] Executing DbCommand [Parameters=["@__phone_0='?'"], CommandType='Text', CommandTimeout='30']"
""SELECT count(*)::int
FROM \"serviceRecords\" AS s
INNER JOIN \"Customers\" AS c ON s.\"CustomerID\" = c.\"CustomerID\"
INNER JOIN \"Mechanics\" AS m ON s.\"MechanicId\" = m.\"MechanicId\"
WHERE c.\"Phone\" = @__phone_0 OR m.\"Phone\" = @__phone_0"
2025-07-09 10:56:38 [Information] Executed DbCommand ("1"ms) [Parameters=["@__phone_0='?'"], CommandType='Text', CommandTimeout='30']"
""SELECT count(*)::int
FROM \"serviceRecords\" AS s
INNER JOIN \"Customers\" AS c ON s.\"CustomerID\" = c.\"CustomerID\"
INNER JOIN \"Mechanics\" AS m ON s.\"MechanicId\" = m.\"MechanicId\"
WHERE c.\"Phone\" = @__phone_0 OR m.\"Phone\" = @__phone_0"
2025-07-09 10:56:38 [Debug] Closing data reader to '"VehicleServiceManagement"' on server '"tcp://localhost:5432"'.
2025-07-09 10:56:38 [Debug] A data reader for '"VehicleServiceManagement"' on server '"tcp://localhost:5432"' is being disposed after spending 0ms reading results.
2025-07-09 10:56:38 [Debug] Closing connection to database '"VehicleServiceManagement"' on server '"tcp://localhost:5432"'.
2025-07-09 10:56:38 [Debug] Closed connection to database '"VehicleServiceManagement"' on server '"tcp://localhost:5432"' (0ms).
2025-07-09 10:56:38 [Debug] Opening connection to database '"VehicleServiceManagement"' on server '"tcp://localhost:5432"'.
2025-07-09 10:56:38 [Debug] Opened connection to database '"VehicleServiceManagement"' on server '"tcp://localhost:5432"'.
2025-07-09 10:56:38 [Debug] Creating DbCommand for '"ExecuteReader"'.
2025-07-09 10:56:38 [Debug] Created DbCommand for '"ExecuteReader"' (0ms).
2025-07-09 10:56:38 [Debug] Initialized DbCommand for '"ExecuteReader"' (0ms).
2025-07-09 10:56:38 [Debug] Executing DbCommand [Parameters=["@__phone_0='?'"], CommandType='Text', CommandTimeout='30']"
""SELECT count(*)::int
FROM \"serviceRecords\" AS s
INNER JOIN \"Customers\" AS c ON s.\"CustomerID\" = c.\"CustomerID\"
INNER JOIN \"Mechanics\" AS m ON s.\"MechanicId\" = m.\"MechanicId\"
WHERE (c.\"Phone\" = @__phone_0 OR m.\"Phone\" = @__phone_0) AND s.\"Status\" = 'Active'"
2025-07-09 10:56:38 [Information] Executed DbCommand ("1"ms) [Parameters=["@__phone_0='?'"], CommandType='Text', CommandTimeout='30']"
""SELECT count(*)::int
FROM \"serviceRecords\" AS s
INNER JOIN \"Customers\" AS c ON s.\"CustomerID\" = c.\"CustomerID\"
INNER JOIN \"Mechanics\" AS m ON s.\"MechanicId\" = m.\"MechanicId\"
WHERE (c.\"Phone\" = @__phone_0 OR m.\"Phone\" = @__phone_0) AND s.\"Status\" = 'Active'"
2025-07-09 10:56:38 [Debug] Closing data reader to '"VehicleServiceManagement"' on server '"tcp://localhost:5432"'.
2025-07-09 10:56:38 [Debug] A data reader for '"VehicleServiceManagement"' on server '"tcp://localhost:5432"' is being disposed after spending 0ms reading results.
2025-07-09 10:56:38 [Debug] Closing connection to database '"VehicleServiceManagement"' on server '"tcp://localhost:5432"'.
2025-07-09 10:56:38 [Debug] Closed connection to database '"VehicleServiceManagement"' on server '"tcp://localhost:5432"' (0ms).
2025-07-09 10:56:38 [Debug] Opening connection to database '"VehicleServiceManagement"' on server '"tcp://localhost:5432"'.
2025-07-09 10:56:38 [Debug] Opened connection to database '"VehicleServiceManagement"' on server '"tcp://localhost:5432"'.
2025-07-09 10:56:38 [Debug] Creating DbCommand for '"ExecuteReader"'.
2025-07-09 10:56:38 [Debug] Created DbCommand for '"ExecuteReader"' (0ms).
2025-07-09 10:56:38 [Debug] Initialized DbCommand for '"ExecuteReader"' (0ms).
2025-07-09 10:56:38 [Debug] Executing DbCommand [Parameters=["@__phone_0='?'"], CommandType='Text', CommandTimeout='30']"
""SELECT count(*)::int
FROM \"serviceRecords\" AS s
INNER JOIN \"Customers\" AS c ON s.\"CustomerID\" = c.\"CustomerID\"
INNER JOIN \"Mechanics\" AS m ON s.\"MechanicId\" = m.\"MechanicId\"
WHERE (c.\"Phone\" = @__phone_0 OR m.\"Phone\" = @__phone_0) AND s.\"Status\" = 'Completed'"
2025-07-09 10:56:38 [Information] Executed DbCommand ("1"ms) [Parameters=["@__phone_0='?'"], CommandType='Text', CommandTimeout='30']"
""SELECT count(*)::int
FROM \"serviceRecords\" AS s
INNER JOIN \"Customers\" AS c ON s.\"CustomerID\" = c.\"CustomerID\"
INNER JOIN \"Mechanics\" AS m ON s.\"MechanicId\" = m.\"MechanicId\"
WHERE (c.\"Phone\" = @__phone_0 OR m.\"Phone\" = @__phone_0) AND s.\"Status\" = 'Completed'"
2025-07-09 10:56:38 [Debug] Closing data reader to '"VehicleServiceManagement"' on server '"tcp://localhost:5432"'.
2025-07-09 10:56:38 [Debug] A data reader for '"VehicleServiceManagement"' on server '"tcp://localhost:5432"' is being disposed after spending 0ms reading results.
2025-07-09 10:56:38 [Debug] Closing connection to database '"VehicleServiceManagement"' on server '"tcp://localhost:5432"'.
2025-07-09 10:56:38 [Debug] Closed connection to database '"VehicleServiceManagement"' on server '"tcp://localhost:5432"' (0ms).
2025-07-09 10:56:38 [Debug] Opening connection to database '"VehicleServiceManagement"' on server '"tcp://localhost:5432"'.
2025-07-09 10:56:38 [Debug] Opened connection to database '"VehicleServiceManagement"' on server '"tcp://localhost:5432"'.
2025-07-09 10:56:38 [Debug] Creating DbCommand for '"ExecuteReader"'.
2025-07-09 10:56:38 [Debug] Created DbCommand for '"ExecuteReader"' (0ms).
2025-07-09 10:56:38 [Debug] Initialized DbCommand for '"ExecuteReader"' (0ms).
2025-07-09 10:56:38 [Debug] Executing DbCommand [Parameters=["@__phone_0='?'"], CommandType='Text', CommandTimeout='30']"
""SELECT count(*)::int
FROM \"serviceRecords\" AS s
INNER JOIN \"Customers\" AS c ON s.\"CustomerID\" = c.\"CustomerID\"
INNER JOIN \"Mechanics\" AS m ON s.\"MechanicId\" = m.\"MechanicId\"
WHERE (c.\"Phone\" = @__phone_0 OR m.\"Phone\" = @__phone_0) AND s.\"Status\" = 'Aborted'"
2025-07-09 10:56:38 [Information] Executed DbCommand ("79"ms) [Parameters=[""], CommandType='Text', CommandTimeout='30']"
""SELECT c.\"Phone\", COALESCE(sum(b.\"Amount\"), 0) AS \"Total\"
FROM \"Bills\" AS b
INNER JOIN \"serviceRecords\" AS s ON b.\"ServiceRecordID\" = s.\"ServiceRecordID\"
INNER JOIN \"Customers\" AS c ON s.\"CustomerID\" = c.\"CustomerID\"
GROUP BY c.\"Phone\""
2025-07-09 10:56:38 [Debug] Closing data reader to '"VehicleServiceManagement"' on server '"tcp://localhost:5432"'.
2025-07-09 10:56:38 [Debug] A data reader for '"VehicleServiceManagement"' on server '"tcp://localhost:5432"' is being disposed after spending 1ms reading results.
2025-07-09 10:56:38 [Debug] Closing connection to database '"VehicleServiceManagement"' on server '"tcp://localhost:5432"'.
2025-07-09 10:56:38 [Information] Executed DbCommand ("17"ms) [Parameters=["@__phone_0='?'"], CommandType='Text', CommandTimeout='30']"
""SELECT count(*)::int
FROM \"serviceRecords\" AS s
INNER JOIN \"Customers\" AS c ON s.\"CustomerID\" = c.\"CustomerID\"
INNER JOIN \"Mechanics\" AS m ON s.\"MechanicId\" = m.\"MechanicId\"
WHERE (c.\"Phone\" = @__phone_0 OR m.\"Phone\" = @__phone_0) AND s.\"Status\" = 'Aborted'"
2025-07-09 10:56:38 [Information] Executed DbCommand ("384"ms) [Parameters=["@__search_0_contains='?', @__p_2='?' (DbType = Int32), @__p_1='?' (DbType = Int32)"], CommandType='Text', CommandTimeout='30']"
""SELECT s1.\"BillID\", s1.\"Amount\", s1.\"Description\", s1.\"ServiceRecordID\", s1.\"Status\", s1.\"ServiceRecordID0\", s1.\"CustomerID0\", s1.\"MechanicId0\", s0.\"ServiceID\", v.\"VehicleID\", b0.\"Id\", b0.\"Amount\", b0.\"BillId\", b0.\"CategoryName\", s1.\"BookingID\", s1.\"CustomerID\", s1.\"IsDeleted\", s1.\"MechanicId\", s1.\"ServiceID\", s1.\"Status0\", s0.\"Description\", s0.\"IsDeleted\", s0.\"VehicleID\", s4.\"ServiceCategoriesCategoryID\", s4.\"ServicesServiceID\", s4.\"CategoryID\", s4.\"Amount\", s4.\"Name\", s4.\"Status\", v.\"IsDeleted\", v.\"VechicleManufacturer\", v.\"VehicleModel\", v.\"VehicleNo\", v.\"VehicleType\", s1.\"Email\", s1.\"Name\", s1.\"Phone\", s1.\"Status1\", s1.\"Email0\", s1.\"Name0\", s1.\"Phone0\", s1.\"Status2\"
FROM (
    SELECT b.\"BillID\", b.\"Amount\", b.\"Description\", b.\"ServiceRecordID\", b.\"Status\", s.\"ServiceRecordID\" AS \"ServiceRecordID0\", s.\"BookingID\", s.\"CustomerID\", s.\"IsDeleted\", s.\"MechanicId\", s.\"ServiceID\", s.\"Status\" AS \"Status0\", c.\"CustomerID\" AS \"CustomerID0\", c.\"Email\", c.\"Name\", c.\"Phone\", c.\"Status\" AS \"Status1\", m.\"MechanicId\" AS \"MechanicId0\", m.\"Email\" AS \"Email0\", m.\"Name\" AS \"Name0\", m.\"Phone\" AS \"Phone0\", m.\"Status\" AS \"Status2\"
    FROM \"Bills\" AS b
    INNER JOIN \"serviceRecords\" AS s ON b.\"ServiceRecordID\" = s.\"ServiceRecordID\"
    INNER JOIN \"Customers\" AS c ON s.\"CustomerID\" = c.\"CustomerID\"
    INNER JOIN \"Mechanics\" AS m ON s.\"MechanicId\" = m.\"MechanicId\"
    WHERE c.\"Phone\" LIKE @__search_0_contains OR m.\"Phone\" LIKE @__search_0_contains
    LIMIT @__p_2 OFFSET @__p_1
) AS s1
INNER JOIN \"Services\" AS s0 ON s1.\"ServiceID\" = s0.\"ServiceID\"
INNER JOIN \"Vehicles\" AS v ON s0.\"VehicleID\" = v.\"VehicleID\"
LEFT JOIN \"BillCategoryDetail\" AS b0 ON s1.\"BillID\" = b0.\"BillId\"
LEFT JOIN (
    SELECT s2.\"ServiceCategoriesCategoryID\", s2.\"ServicesServiceID\", s3.\"CategoryID\", s3.\"Amount\", s3.\"Name\", s3.\"Status\"
    FROM \"ServiceServiceCategory\" AS s2
    INNER JOIN \"ServiceCategories\" AS s3 ON s2.\"ServiceCategoriesCategoryID\" = s3.\"CategoryID\"
) AS s4 ON s0.\"ServiceID\" = s4.\"ServicesServiceID\"
ORDER BY s1.\"BillID\", s1.\"ServiceRecordID0\", s1.\"CustomerID0\", s1.\"MechanicId0\", s0.\"ServiceID\", v.\"VehicleID\", b0.\"Id\", s4.\"ServiceCategoriesCategoryID\", s4.\"ServicesServiceID\""
2025-07-09 10:56:38 [Debug] Closing data reader to '"VehicleServiceManagement"' on server '"tcp://localhost:5432"'.
2025-07-09 10:56:38 [Debug] A data reader for '"VehicleServiceManagement"' on server '"tcp://localhost:5432"' is being disposed after spending 0ms reading results.
2025-07-09 10:56:38 [Debug] Closing connection to database '"VehicleServiceManagement"' on server '"tcp://localhost:5432"'.
2025-07-09 10:56:38 [Debug] Closed connection to database '"VehicleServiceManagement"' on server '"tcp://localhost:5432"' (0ms).
2025-07-09 10:56:38 [Debug] Opening connection to database '"VehicleServiceManagement"' on server '"tcp://localhost:5432"'.
2025-07-09 10:56:38 [Debug] Opened connection to database '"VehicleServiceManagement"' on server '"tcp://localhost:5432"'.
2025-07-09 10:56:38 [Debug] Creating DbCommand for '"ExecuteReader"'.
2025-07-09 10:56:38 [Debug] Closed connection to database '"VehicleServiceManagement"' on server '"tcp://localhost:5432"' (0ms).
2025-07-09 10:56:38 [Debug] Context '"VSMContext"' started tracking '"Bill"' entity. Consider using 'DbContextOptionsBuilder.EnableSensitiveDataLogging' to see key values.
2025-07-09 10:56:38 [Debug] Created DbCommand for '"ExecuteReader"' (0ms).
2025-07-09 10:56:38 [Debug] Initialized DbCommand for '"ExecuteReader"' (0ms).
2025-07-09 10:56:38 [Debug] Executing DbCommand [Parameters=["@__phone_0='?'"], CommandType='Text', CommandTimeout='30']"
""SELECT c.\"Phone\", COALESCE(sum(b.\"Amount\"), 0) AS \"Total\"
FROM \"Bills\" AS b
INNER JOIN \"serviceRecords\" AS s ON b.\"ServiceRecordID\" = s.\"ServiceRecordID\"
INNER JOIN \"Customers\" AS c ON s.\"CustomerID\" = c.\"CustomerID\"
INNER JOIN \"Mechanics\" AS m ON s.\"MechanicId\" = m.\"MechanicId\"
WHERE c.\"Phone\" = @__phone_0 OR m.\"Phone\" = @__phone_0
GROUP BY c.\"Phone\""
2025-07-09 10:56:38 [Debug] The navigation '"Bill"."ServiceRecord"' was detected as changed. Consider using 'DbContextOptionsBuilder.EnableSensitiveDataLogging' to see key values.
2025-07-09 10:56:38 [Debug] Context '"VSMContext"' started tracking '"ServiceRecord"' entity. Consider using 'DbContextOptionsBuilder.EnableSensitiveDataLogging' to see key values.
2025-07-09 10:56:38 [Debug] The navigation '"ServiceRecord"."Service"' was detected as changed. Consider using 'DbContextOptionsBuilder.EnableSensitiveDataLogging' to see key values.
2025-07-09 10:56:38 [Information] Executed DbCommand ("1"ms) [Parameters=["@__phone_0='?'"], CommandType='Text', CommandTimeout='30']"
""SELECT c.\"Phone\", COALESCE(sum(b.\"Amount\"), 0) AS \"Total\"
FROM \"Bills\" AS b
INNER JOIN \"serviceRecords\" AS s ON b.\"ServiceRecordID\" = s.\"ServiceRecordID\"
INNER JOIN \"Customers\" AS c ON s.\"CustomerID\" = c.\"CustomerID\"
INNER JOIN \"Mechanics\" AS m ON s.\"MechanicId\" = m.\"MechanicId\"
WHERE c.\"Phone\" = @__phone_0 OR m.\"Phone\" = @__phone_0
GROUP BY c.\"Phone\""
2025-07-09 10:56:38 [Debug] Context '"VSMContext"' started tracking '"Service"' entity. Consider using 'DbContextOptionsBuilder.EnableSensitiveDataLogging' to see key values.
2025-07-09 10:56:38 [Debug] Closing data reader to '"VehicleServiceManagement"' on server '"tcp://localhost:5432"'.
2025-07-09 10:56:38 [Debug] A data reader for '"VehicleServiceManagement"' on server '"tcp://localhost:5432"' is being disposed after spending 0ms reading results.
2025-07-09 10:56:38 [Debug] Closing connection to database '"VehicleServiceManagement"' on server '"tcp://localhost:5432"'.
2025-07-09 10:56:38 [Debug] Closed connection to database '"VehicleServiceManagement"' on server '"tcp://localhost:5432"' (0ms).
2025-07-09 10:56:38 [Debug] The navigation '"Service"."Vehicle"' was detected as changed. Consider using 'DbContextOptionsBuilder.EnableSensitiveDataLogging' to see key values.
2025-07-09 10:56:38 [Debug] Context '"VSMContext"' started tracking '"Vehicle"' entity. Consider using 'DbContextOptionsBuilder.EnableSensitiveDataLogging' to see key values.
2025-07-09 10:56:38 [Debug] The navigation '"ServiceRecord"."Customer"' was detected as changed. Consider using 'DbContextOptionsBuilder.EnableSensitiveDataLogging' to see key values.
2025-07-09 10:56:38 [Debug] Context '"VSMContext"' started tracking '"Customer"' entity. Consider using 'DbContextOptionsBuilder.EnableSensitiveDataLogging' to see key values.
2025-07-09 10:56:38 [Debug] The navigation '"ServiceRecord"."Mechanic"' was detected as changed. Consider using 'DbContextOptionsBuilder.EnableSensitiveDataLogging' to see key values.
2025-07-09 10:56:38 [Debug] Context '"VSMContext"' started tracking '"Mechanic"' entity. Consider using 'DbContextOptionsBuilder.EnableSensitiveDataLogging' to see key values.
2025-07-09 10:56:38 [Debug] Opening connection to database '"VehicleServiceManagement"' on server '"tcp://localhost:5432"'.
2025-07-09 10:56:38 [Debug] Opened connection to database '"VehicleServiceManagement"' on server '"tcp://localhost:5432"'.
2025-07-09 10:56:38 [Debug] Creating DbCommand for '"ExecuteReader"'.
2025-07-09 10:56:38 [Debug] Created DbCommand for '"ExecuteReader"' (0ms).
2025-07-09 10:56:38 [Debug] Initialized DbCommand for '"ExecuteReader"' (0ms).
2025-07-09 10:56:38 [Debug] Executing DbCommand [Parameters=["@__phone_0='?'"], CommandType='Text', CommandTimeout='30']"
""SELECT m.\"Phone\" AS \"MechanicPhone\", m.\"Name\" AS \"MechanicName\", count(*) FILTER (WHERE s.\"Status\" = 'Active')::int AS \"Active\", count(*) FILTER (WHERE s.\"Status\" = 'Completed')::int AS \"Completed\", count(*) FILTER (WHERE s.\"Status\" = 'Aborted')::int AS \"Aborted\"
FROM \"serviceRecords\" AS s
INNER JOIN \"Customers\" AS c ON s.\"CustomerID\" = c.\"CustomerID\"
INNER JOIN \"Mechanics\" AS m ON s.\"MechanicId\" = m.\"MechanicId\"
WHERE c.\"Phone\" = @__phone_0 OR m.\"Phone\" = @__phone_0
GROUP BY m.\"Phone\", m.\"Name\""
2025-07-09 10:56:38 [Debug] Context '"VSMContext"' started tracking '"BillCategoryDetail"' entity. Consider using 'DbContextOptionsBuilder.EnableSensitiveDataLogging' to see key values.
2025-07-09 10:56:38 [Debug] Opening connection to database '"VehicleServiceManagement"' on server '"tcp://localhost:5432"'.
2025-07-09 10:56:38 [Debug] Opened connection to database '"VehicleServiceManagement"' on server '"tcp://localhost:5432"'.
2025-07-09 10:56:38 [Debug] Creating DbCommand for '"ExecuteReader"'.
2025-07-09 10:56:38 [Debug] Created DbCommand for '"ExecuteReader"' (0ms).
2025-07-09 10:56:38 [Information] Executed DbCommand ("2"ms) [Parameters=["@__phone_0='?'"], CommandType='Text', CommandTimeout='30']"
""SELECT m.\"Phone\" AS \"MechanicPhone\", m.\"Name\" AS \"MechanicName\", count(*) FILTER (WHERE s.\"Status\" = 'Active')::int AS \"Active\", count(*) FILTER (WHERE s.\"Status\" = 'Completed')::int AS \"Completed\", count(*) FILTER (WHERE s.\"Status\" = 'Aborted')::int AS \"Aborted\"
FROM \"serviceRecords\" AS s
INNER JOIN \"Customers\" AS c ON s.\"CustomerID\" = c.\"CustomerID\"
INNER JOIN \"Mechanics\" AS m ON s.\"MechanicId\" = m.\"MechanicId\"
WHERE c.\"Phone\" = @__phone_0 OR m.\"Phone\" = @__phone_0
GROUP BY m.\"Phone\", m.\"Name\""
2025-07-09 10:56:38 [Debug] Closing data reader to '"VehicleServiceManagement"' on server '"tcp://localhost:5432"'.
2025-07-09 10:56:38 [Debug] A data reader for '"VehicleServiceManagement"' on server '"tcp://localhost:5432"' is being disposed after spending 0ms reading results.
2025-07-09 10:56:38 [Debug] Closing connection to database '"VehicleServiceManagement"' on server '"tcp://localhost:5432"'.
2025-07-09 10:56:38 [Debug] Closed connection to database '"VehicleServiceManagement"' on server '"tcp://localhost:5432"' (0ms).
2025-07-09 10:56:38 [Debug] Initialized DbCommand for '"ExecuteReader"' (0ms).
2025-07-09 10:56:38 [Debug] Executing DbCommand [Parameters=[""], CommandType='Text', CommandTimeout='30']"
""SELECT m.\"Phone\" AS \"MechanicPhone\", m.\"Name\" AS \"MechanicName\", count(*) FILTER (WHERE s.\"Status\" = 'Active')::int AS \"Active\", count(*) FILTER (WHERE s.\"Status\" = 'Completed')::int AS \"Completed\", count(*) FILTER (WHERE s.\"Status\" = 'Aborted')::int AS \"Aborted\"
FROM \"serviceRecords\" AS s
INNER JOIN \"Mechanics\" AS m ON s.\"MechanicId\" = m.\"MechanicId\"
GROUP BY m.\"Phone\", m.\"Name\""
2025-07-09 10:56:38 [Debug] Context '"VSMContext"' started tracking '"ServiceServiceCategory"' entity. Consider using 'DbContextOptionsBuilder.EnableSensitiveDataLogging' to see key values.
2025-07-09 10:56:38 [Information] Executed DbCommand ("1"ms) [Parameters=[""], CommandType='Text', CommandTimeout='30']"
""SELECT m.\"Phone\" AS \"MechanicPhone\", m.\"Name\" AS \"MechanicName\", count(*) FILTER (WHERE s.\"Status\" = 'Active')::int AS \"Active\", count(*) FILTER (WHERE s.\"Status\" = 'Completed')::int AS \"Completed\", count(*) FILTER (WHERE s.\"Status\" = 'Aborted')::int AS \"Aborted\"
FROM \"serviceRecords\" AS s
INNER JOIN \"Mechanics\" AS m ON s.\"MechanicId\" = m.\"MechanicId\"
GROUP BY m.\"Phone\", m.\"Name\""
2025-07-09 10:56:38 [Debug] Closing data reader to '"VehicleServiceManagement"' on server '"tcp://localhost:5432"'.
2025-07-09 10:56:38 [Debug] A data reader for '"VehicleServiceManagement"' on server '"tcp://localhost:5432"' is being disposed after spending 0ms reading results.
2025-07-09 10:56:38 [Debug] Opening connection to database '"VehicleServiceManagement"' on server '"tcp://localhost:5432"'.
2025-07-09 10:56:38 [Debug] Opened connection to database '"VehicleServiceManagement"' on server '"tcp://localhost:5432"'.
2025-07-09 10:56:38 [Debug] Closing connection to database '"VehicleServiceManagement"' on server '"tcp://localhost:5432"'.
2025-07-09 10:56:38 [Debug] Creating DbCommand for '"ExecuteReader"'.
2025-07-09 10:56:38 [Debug] Closed connection to database '"VehicleServiceManagement"' on server '"tcp://localhost:5432"' (0ms).
2025-07-09 10:56:38 [Debug] Created DbCommand for '"ExecuteReader"' (0ms).
2025-07-09 10:56:38 [Debug] Initialized DbCommand for '"ExecuteReader"' (0ms).
2025-07-09 10:56:38 [Debug] Executing DbCommand [Parameters=["@__phone_0='?'"], CommandType='Text', CommandTimeout='30']"
""SELECT s.\"Key\" AS \"Date\", count(*)::int AS \"Count\"
FROM (
    SELECT date_trunc('day', b.\"Slot\", 'UTC') AS \"Key\"
    FROM \"Bookings\" AS b
    INNER JOIN \"Customers\" AS c ON b.\"CustomerID\" = c.\"CustomerID\"
    WHERE c.\"Phone\" = @__phone_0
) AS s
GROUP BY s.\"Key\""
2025-07-09 10:56:38 [Debug] Context '"VSMContext"' started tracking '"ServiceCategory"' entity. Consider using 'DbContextOptionsBuilder.EnableSensitiveDataLogging' to see key values.
2025-07-09 10:56:38 [Debug] Context '"VSMContext"' started tracking '"ServiceServiceCategory"' entity. Consider using 'DbContextOptionsBuilder.EnableSensitiveDataLogging' to see key values.
2025-07-09 10:56:38 [Debug] Context '"VSMContext"' started tracking '"ServiceCategory"' entity. Consider using 'DbContextOptionsBuilder.EnableSensitiveDataLogging' to see key values.
2025-07-09 10:56:38 [Debug] Context '"VSMContext"' started tracking '"ServiceServiceCategory"' entity. Consider using 'DbContextOptionsBuilder.EnableSensitiveDataLogging' to see key values.
2025-07-09 10:56:38 [Debug] Context '"VSMContext"' started tracking '"ServiceCategory"' entity. Consider using 'DbContextOptionsBuilder.EnableSensitiveDataLogging' to see key values.
2025-07-09 10:56:38 [Debug] Opening connection to database '"VehicleServiceManagement"' on server '"tcp://localhost:5432"'.
2025-07-09 10:56:38 [Debug] Opened connection to database '"VehicleServiceManagement"' on server '"tcp://localhost:5432"'.
2025-07-09 10:56:38 [Debug] Creating DbCommand for '"ExecuteReader"'.
2025-07-09 10:56:38 [Debug] Context '"VSMContext"' started tracking '"ServiceServiceCategory"' entity. Consider using 'DbContextOptionsBuilder.EnableSensitiveDataLogging' to see key values.
2025-07-09 10:56:38 [Debug] Context '"VSMContext"' started tracking '"ServiceCategory"' entity. Consider using 'DbContextOptionsBuilder.EnableSensitiveDataLogging' to see key values.
2025-07-09 10:56:38 [Debug] Created DbCommand for '"ExecuteReader"' (0ms).
2025-07-09 10:56:38 [Debug] Initialized DbCommand for '"ExecuteReader"' (0ms).
2025-07-09 10:56:38 [Debug] Executing DbCommand [Parameters=[""], CommandType='Text', CommandTimeout='30']"
""SELECT b0.\"Key\" AS \"Date\", count(*)::int AS \"Count\"
FROM (
    SELECT date_trunc('day', b.\"Slot\", 'UTC') AS \"Key\"
    FROM \"Bookings\" AS b
) AS b0
GROUP BY b0.\"Key\""
2025-07-09 10:56:38 [Debug] Context '"VSMContext"' started tracking '"ServiceServiceCategory"' entity. Consider using 'DbContextOptionsBuilder.EnableSensitiveDataLogging' to see key values.
2025-07-09 10:56:38 [Debug] Context '"VSMContext"' started tracking '"ServiceCategory"' entity. Consider using 'DbContextOptionsBuilder.EnableSensitiveDataLogging' to see key values.
2025-07-09 10:56:38 [Debug] Context '"VSMContext"' started tracking '"BillCategoryDetail"' entity. Consider using 'DbContextOptionsBuilder.EnableSensitiveDataLogging' to see key values.
2025-07-09 10:56:38 [Debug] Context '"VSMContext"' started tracking '"BillCategoryDetail"' entity. Consider using 'DbContextOptionsBuilder.EnableSensitiveDataLogging' to see key values.
2025-07-09 10:56:38 [Debug] Context '"VSMContext"' started tracking '"BillCategoryDetail"' entity. Consider using 'DbContextOptionsBuilder.EnableSensitiveDataLogging' to see key values.
2025-07-09 10:56:38 [Debug] Context '"VSMContext"' started tracking '"BillCategoryDetail"' entity. Consider using 'DbContextOptionsBuilder.EnableSensitiveDataLogging' to see key values.
2025-07-09 10:56:38 [Debug] Context '"VSMContext"' started tracking '"BillCategoryDetail"' entity. Consider using 'DbContextOptionsBuilder.EnableSensitiveDataLogging' to see key values.
2025-07-09 10:56:38 [Debug] Closing data reader to '"VehicleServiceManagement"' on server '"tcp://localhost:5432"'.
2025-07-09 10:56:38 [Debug] A data reader for '"VehicleServiceManagement"' on server '"tcp://localhost:5432"' is being disposed after spending 14ms reading results.
2025-07-09 10:56:38 [Debug] Closing connection to database '"VehicleServiceManagement"' on server '"tcp://localhost:5432"'.
2025-07-09 10:56:38 [Debug] Closed connection to database '"VehicleServiceManagement"' on server '"tcp://localhost:5432"' (0ms).
2025-07-09 10:56:38 [Debug] List of registered output formatters, in the following order: ["Microsoft.AspNetCore.Mvc.Formatters.HttpNoContentOutputFormatter", "Microsoft.AspNetCore.Mvc.Formatters.StringOutputFormatter", "Microsoft.AspNetCore.Mvc.Formatters.StreamOutputFormatter", "Microsoft.AspNetCore.Mvc.Formatters.SystemTextJsonOutputFormatter"]
2025-07-09 10:56:38 [Debug] No information found on request to perform content negotiation.
2025-07-09 10:56:38 [Debug] Attempting to select an output formatter without using a content type as no explicit content types were specified for the response.
2025-07-09 10:56:38 [Debug] Attempting to select the first formatter in the output formatters list which can write the result.
2025-07-09 10:56:38 [Debug] Selected output formatter '"Microsoft.AspNetCore.Mvc.Formatters.SystemTextJsonOutputFormatter"' and content type '"application/json"' to write the response.
2025-07-09 10:56:38 [Information] Executing "OkObjectResult", writing value of type '"System.Linq.Enumerable+ListSelectIterator`2[[VSM.Models.Bill, VehicleServiceManagement, Version=1.0.0.0, Culture=neutral, PublicKeyToken=null],[VSM.DTO.BillDisplayDto, VehicleServiceManagement, Version=1.0.0.0, Culture=neutral, PublicKeyToken=null]]"'.
2025-07-09 10:56:38 [Information] Executed action "VSM.Controllers.BillController.GetAll (VehicleServiceManagement)" in 428.4314ms
2025-07-09 10:56:38 [Information] Executed endpoint '"VSM.Controllers.BillController.GetAll (VehicleServiceManagement)"'
2025-07-09 10:56:38 [Debug] '"VSMContext"' disposed.
2025-07-09 10:56:38 [Debug] Disposing connection to database '"VehicleServiceManagement"' on server '"tcp://localhost:5432"'.
2025-07-09 10:56:38 [Debug] Disposed connection to database '"VehicleServiceManagement"' on server '"tcp://localhost:5432"' (0ms).
2025-07-09 10:56:38 [Information] Request finished "HTTP/2" "GET" "https"://"localhost:7176""""/api/v1/Bill""?page=1&pageSize=10&search=9876764321" - 200 null "application/json; charset=utf-8" 433.9652ms
2025-07-09 10:56:38 [Information] Executed DbCommand ("17"ms) [Parameters=[""], CommandType='Text', CommandTimeout='30']"
""SELECT b0.\"Key\" AS \"Date\", count(*)::int AS \"Count\"
FROM (
    SELECT date_trunc('day', b.\"Slot\", 'UTC') AS \"Key\"
    FROM \"Bookings\" AS b
) AS b0
GROUP BY b0.\"Key\""
2025-07-09 10:56:38 [Information] Executed DbCommand ("19"ms) [Parameters=["@__phone_0='?'"], CommandType='Text', CommandTimeout='30']"
""SELECT s.\"Key\" AS \"Date\", count(*)::int AS \"Count\"
FROM (
    SELECT date_trunc('day', b.\"Slot\", 'UTC') AS \"Key\"
    FROM \"Bookings\" AS b
    INNER JOIN \"Customers\" AS c ON b.\"CustomerID\" = c.\"CustomerID\"
    WHERE c.\"Phone\" = @__phone_0
) AS s
GROUP BY s.\"Key\""
2025-07-09 10:56:38 [Debug] Closing data reader to '"VehicleServiceManagement"' on server '"tcp://localhost:5432"'.
2025-07-09 10:56:38 [Debug] Closing data reader to '"VehicleServiceManagement"' on server '"tcp://localhost:5432"'.
2025-07-09 10:56:38 [Debug] A data reader for '"VehicleServiceManagement"' on server '"tcp://localhost:5432"' is being disposed after spending 0ms reading results.
2025-07-09 10:56:38 [Debug] A data reader for '"VehicleServiceManagement"' on server '"tcp://localhost:5432"' is being disposed after spending 0ms reading results.
2025-07-09 10:56:38 [Debug] Closing connection to database '"VehicleServiceManagement"' on server '"tcp://localhost:5432"'.
2025-07-09 10:56:38 [Debug] Closed connection to database '"VehicleServiceManagement"' on server '"tcp://localhost:5432"' (0ms).
2025-07-09 10:56:38 [Debug] Closing connection to database '"VehicleServiceManagement"' on server '"tcp://localhost:5432"'.
2025-07-09 10:56:38 [Debug] Closed connection to database '"VehicleServiceManagement"' on server '"tcp://localhost:5432"' (0ms).
2025-07-09 10:56:38 [Debug] Opening connection to database '"VehicleServiceManagement"' on server '"tcp://localhost:5432"'.
2025-07-09 10:56:38 [Debug] Opened connection to database '"VehicleServiceManagement"' on server '"tcp://localhost:5432"'.
2025-07-09 10:56:38 [Debug] Opening connection to database '"VehicleServiceManagement"' on server '"tcp://localhost:5432"'.
2025-07-09 10:56:38 [Debug] Opened connection to database '"VehicleServiceManagement"' on server '"tcp://localhost:5432"'.
2025-07-09 10:56:38 [Debug] Creating DbCommand for '"ExecuteReader"'.
2025-07-09 10:56:38 [Debug] Creating DbCommand for '"ExecuteReader"'.
2025-07-09 10:56:38 [Debug] Created DbCommand for '"ExecuteReader"' (0ms).
2025-07-09 10:56:38 [Debug] Initialized DbCommand for '"ExecuteReader"' (0ms).
2025-07-09 10:56:38 [Debug] Executing DbCommand [Parameters=["@__phone_0='?'"], CommandType='Text', CommandTimeout='30']"
""SELECT s0.\"Key\" AS \"Date\", count(*)::int AS \"Count\"
FROM (
    SELECT date_trunc('day', b.\"Slot\", 'UTC') AS \"Key\"
    FROM \"serviceRecords\" AS s
    INNER JOIN \"Customers\" AS c ON s.\"CustomerID\" = c.\"CustomerID\"
    INNER JOIN \"Mechanics\" AS m ON s.\"MechanicId\" = m.\"MechanicId\"
    INNER JOIN \"Bookings\" AS b ON s.\"BookingID\" = b.\"BookingID\"
    WHERE c.\"Phone\" = @__phone_0 OR m.\"Phone\" = @__phone_0
) AS s0
GROUP BY s0.\"Key\""
2025-07-09 10:56:38 [Debug] Created DbCommand for '"ExecuteReader"' (0ms).
2025-07-09 10:56:38 [Debug] Initialized DbCommand for '"ExecuteReader"' (1ms).
2025-07-09 10:56:38 [Debug] Executing DbCommand [Parameters=[""], CommandType='Text', CommandTimeout='30']"
""SELECT s0.\"Key\" AS \"Date\", count(*)::int AS \"Count\"
FROM (
    SELECT date_trunc('day', b.\"Slot\", 'UTC') AS \"Key\"
    FROM \"serviceRecords\" AS s
    INNER JOIN \"Bookings\" AS b ON s.\"BookingID\" = b.\"BookingID\"
) AS s0
GROUP BY s0.\"Key\""
2025-07-09 10:56:38 [Information] Executed DbCommand ("19"ms) [Parameters=["@__phone_0='?'"], CommandType='Text', CommandTimeout='30']"
""SELECT s0.\"Key\" AS \"Date\", count(*)::int AS \"Count\"
FROM (
    SELECT date_trunc('day', b.\"Slot\", 'UTC') AS \"Key\"
    FROM \"serviceRecords\" AS s
    INNER JOIN \"Customers\" AS c ON s.\"CustomerID\" = c.\"CustomerID\"
    INNER JOIN \"Mechanics\" AS m ON s.\"MechanicId\" = m.\"MechanicId\"
    INNER JOIN \"Bookings\" AS b ON s.\"BookingID\" = b.\"BookingID\"
    WHERE c.\"Phone\" = @__phone_0 OR m.\"Phone\" = @__phone_0
) AS s0
GROUP BY s0.\"Key\""
2025-07-09 10:56:38 [Information] Executed DbCommand ("17"ms) [Parameters=[""], CommandType='Text', CommandTimeout='30']"
""SELECT s0.\"Key\" AS \"Date\", count(*)::int AS \"Count\"
FROM (
    SELECT date_trunc('day', b.\"Slot\", 'UTC') AS \"Key\"
    FROM \"serviceRecords\" AS s
    INNER JOIN \"Bookings\" AS b ON s.\"BookingID\" = b.\"BookingID\"
) AS s0
GROUP BY s0.\"Key\""
2025-07-09 10:56:38 [Debug] Closing data reader to '"VehicleServiceManagement"' on server '"tcp://localhost:5432"'.
2025-07-09 10:56:38 [Debug] A data reader for '"VehicleServiceManagement"' on server '"tcp://localhost:5432"' is being disposed after spending 0ms reading results.
2025-07-09 10:56:38 [Debug] Closing data reader to '"VehicleServiceManagement"' on server '"tcp://localhost:5432"'.
2025-07-09 10:56:38 [Debug] A data reader for '"VehicleServiceManagement"' on server '"tcp://localhost:5432"' is being disposed after spending 2ms reading results.
2025-07-09 10:56:38 [Debug] Closing connection to database '"VehicleServiceManagement"' on server '"tcp://localhost:5432"'.
2025-07-09 10:56:38 [Debug] Closed connection to database '"VehicleServiceManagement"' on server '"tcp://localhost:5432"' (0ms).
2025-07-09 10:56:38 [Debug] List of registered output formatters, in the following order: ["Microsoft.AspNetCore.Mvc.Formatters.HttpNoContentOutputFormatter", "Microsoft.AspNetCore.Mvc.Formatters.StringOutputFormatter", "Microsoft.AspNetCore.Mvc.Formatters.StreamOutputFormatter", "Microsoft.AspNetCore.Mvc.Formatters.SystemTextJsonOutputFormatter"]
2025-07-09 10:56:38 [Debug] Closing connection to database '"VehicleServiceManagement"' on server '"tcp://localhost:5432"'.
2025-07-09 10:56:38 [Debug] Closed connection to database '"VehicleServiceManagement"' on server '"tcp://localhost:5432"' (0ms).
2025-07-09 10:56:38 [Debug] List of registered output formatters, in the following order: ["Microsoft.AspNetCore.Mvc.Formatters.HttpNoContentOutputFormatter", "Microsoft.AspNetCore.Mvc.Formatters.StringOutputFormatter", "Microsoft.AspNetCore.Mvc.Formatters.StreamOutputFormatter", "Microsoft.AspNetCore.Mvc.Formatters.SystemTextJsonOutputFormatter"]
2025-07-09 10:56:38 [Debug] No information found on request to perform content negotiation.
2025-07-09 10:56:38 [Debug] Attempting to select an output formatter without using a content type as no explicit content types were specified for the response.
2025-07-09 10:56:38 [Debug] No information found on request to perform content negotiation.
2025-07-09 10:56:38 [Debug] Attempting to select an output formatter without using a content type as no explicit content types were specified for the response.
2025-07-09 10:56:38 [Debug] Attempting to select the first formatter in the output formatters list which can write the result.
2025-07-09 10:56:38 [Debug] Selected output formatter '"Microsoft.AspNetCore.Mvc.Formatters.SystemTextJsonOutputFormatter"' and content type '"application/json"' to write the response.
2025-07-09 10:56:38 [Information] Executing "OkObjectResult", writing value of type '"DashboardAnalyticsDto"'.
2025-07-09 10:56:38 [Debug] Attempting to select the first formatter in the output formatters list which can write the result.
2025-07-09 10:56:38 [Debug] Selected output formatter '"Microsoft.AspNetCore.Mvc.Formatters.SystemTextJsonOutputFormatter"' and content type '"application/json"' to write the response.
2025-07-09 10:56:38 [Information] Executing "OkObjectResult", writing value of type '"DashboardAnalyticsDto"'.
2025-07-09 10:56:38 [Information] Executed action "AnalyticsController.GetDashboardStats (VehicleServiceManagement)" in 175.7182ms
2025-07-09 10:56:38 [Information] Executed endpoint '"AnalyticsController.GetDashboardStats (VehicleServiceManagement)"'
2025-07-09 10:56:38 [Debug] '"VSMContext"' disposed.
2025-07-09 10:56:38 [Debug] Disposing connection to database '"VehicleServiceManagement"' on server '"tcp://localhost:5432"'.
2025-07-09 10:56:38 [Debug] Disposed connection to database '"VehicleServiceManagement"' on server '"tcp://localhost:5432"' (0ms).
2025-07-09 10:56:38 [Information] Request finished "HTTP/2" "GET" "https"://"localhost:7176""""/api/v1/Analytics/dashboard""?phone=9876764321" - 200 null "application/json; charset=utf-8" 177.4056ms
2025-07-09 10:56:38 [Information] Executed action "AnalyticsController.GetDashboardStats (VehicleServiceManagement)" in 480.7517ms
2025-07-09 10:56:38 [Information] Executed endpoint '"AnalyticsController.GetDashboardStats (VehicleServiceManagement)"'
2025-07-09 10:56:38 [Debug] '"VSMContext"' disposed.
2025-07-09 10:56:38 [Debug] Disposing connection to database '"VehicleServiceManagement"' on server '"tcp://localhost:5432"'.
2025-07-09 10:56:38 [Debug] Disposed connection to database '"VehicleServiceManagement"' on server '"tcp://localhost:5432"' (0ms).
2025-07-09 10:56:38 [Information] Request finished "HTTP/2" "GET" "https"://"localhost:7176""""/api/v1/Analytics/dashboard""" - 499 null "application/json; charset=utf-8" 490.5531ms
2025-07-09 10:58:49 [Debug] Connection id ""0HNDT5KQ2F82K"" is closing.
2025-07-09 10:58:49 [Debug] Connection id ""0HNDT5KQ2F82K"" is closed. The last processed stream ID was 19.
2025-07-09 10:58:50 [Debug] Connection id ""0HNDT5KQ2F82K"" received FIN.
2025-07-09 10:58:50 [Debug] Connection id ""0HNDT5KQ2F82K"" sending FIN because: ""The Socket transport's send loop completed gracefully.""
2025-07-09 10:58:50 [Debug] The connection queue processing loop for "0HNDT5KQ2F82K" completed.
2025-07-09 10:58:50 [Debug] Connection id ""0HNDT5KQ2F82K"" stopped.
2025-07-09 15:45:51 [Debug] Connection id ""0HNDT5KQ2F82L"" accepted.
2025-07-09 15:45:51 [Debug] Connection id ""0HNDT5KQ2F82L"" started.
2025-07-09 15:45:51 [Debug] Connection "0HNDT5KQ2F82L" established using the following protocol: Tls12
2025-07-09 15:45:51 [Information] Request starting "HTTP/2" "OPTIONS" "https"://"localhost:7176""""/api/v1/Booking""" - null null
2025-07-09 15:45:51 [Information] Request starting "HTTP/2" "OPTIONS" "https"://"localhost:7176""""/api/v1/Customer/email/sg@gmail.com""" - null null
2025-07-09 15:45:51 [Debug] 1 candidate(s) found for the request path '"/api/v1/Customer/email/sg@gmail.com"'
2025-07-09 15:45:51 [Debug] 1 candidate(s) found for the request path '"/api/v1/Booking"'
2025-07-09 15:45:51 [Debug] Request matched endpoint '"405 HTTP Method Not Supported"'
2025-07-09 15:45:51 [Debug] Request matched endpoint '"405 HTTP Method Not Supported"'
2025-07-09 15:45:51 [Debug] AuthenticationScheme: "Bearer" was not authenticated.
2025-07-09 15:45:51 [Debug] AuthenticationScheme: "Bearer" was not authenticated.
2025-07-09 15:45:51 [Debug] Static files was skipped as the request already matched an endpoint.
2025-07-09 15:45:51 [Debug] Static files was skipped as the request already matched an endpoint.
2025-07-09 15:45:51 [Debug] Static files was skipped as the request already matched an endpoint.
2025-07-09 15:45:51 [Debug] Static files was skipped as the request already matched an endpoint.
2025-07-09 15:45:51 [Debug] The request has an origin header: '"http://localhost:4200"'.
2025-07-09 15:45:51 [Debug] The request has an origin header: '"http://localhost:4200"'.
2025-07-09 15:45:51 [Information] CORS policy execution successful.
2025-07-09 15:45:51 [Information] CORS policy execution successful.
2025-07-09 15:45:51 [Debug] The request is a preflight request.
2025-07-09 15:45:51 [Debug] The request is a preflight request.
2025-07-09 15:45:51 [Information] Request finished "HTTP/2" "OPTIONS" "https"://"localhost:7176""""/api/v1/Booking""" - 204 null null 45.0596ms
2025-07-09 15:45:51 [Information] Request finished "HTTP/2" "OPTIONS" "https"://"localhost:7176""""/api/v1/Customer/email/sg@gmail.com""" - 204 null null 45.0598ms
2025-07-09 15:45:51 [Information] Request starting "HTTP/2" "GET" "https"://"localhost:7176""""/api/v1/Customer/email/sg@gmail.com""" - "application/json" null
2025-07-09 15:45:51 [Information] Request starting "HTTP/2" "GET" "https"://"localhost:7176""""/api/v1/Booking""" - "application/json" null
2025-07-09 15:45:51 [Debug] 1 candidate(s) found for the request path '"/api/v1/Customer/email/sg@gmail.com"'
2025-07-09 15:45:51 [Debug] 1 candidate(s) found for the request path '"/api/v1/Booking"'
2025-07-09 15:45:51 [Debug] Endpoint '"VSM.Controllers.BookingController.GetAll (VehicleServiceManagement)"' with route pattern '"api/v{version:apiVersion}/Booking"' is valid for the request path '"/api/v1/Booking"'
2025-07-09 15:45:51 [Debug] Endpoint '"VSM.Controllers.CustomerController.GetByEmail (VehicleServiceManagement)"' with route pattern '"api/v{version:apiVersion}/Customer/email/{email}"' is valid for the request path '"/api/v1/Customer/email/sg@gmail.com"'
2025-07-09 15:45:51 [Debug] Request matched endpoint '"VSM.Controllers.CustomerController.GetByEmail (VehicleServiceManagement)"'
2025-07-09 15:45:51 [Debug] Request matched endpoint '"VSM.Controllers.BookingController.GetAll (VehicleServiceManagement)"'
2025-07-09 15:45:51 [Debug] Successfully validated the token.
2025-07-09 15:45:51 [Debug] Successfully validated the token.
2025-07-09 15:45:51 [Debug] AuthenticationScheme: "Bearer" was successfully authenticated.
2025-07-09 15:45:51 [Debug] AuthenticationScheme: "Bearer" was successfully authenticated.
2025-07-09 15:45:51 [Debug] Authorization was successful.
2025-07-09 15:45:51 [Debug] Authorization was successful.
2025-07-09 15:45:51 [Debug] Static files was skipped as the request already matched an endpoint.
2025-07-09 15:45:51 [Debug] Static files was skipped as the request already matched an endpoint.
2025-07-09 15:45:51 [Debug] Static files was skipped as the request already matched an endpoint.
2025-07-09 15:45:51 [Debug] The request has an origin header: '"http://localhost:4200"'.
2025-07-09 15:45:51 [Information] CORS policy execution successful.
2025-07-09 15:45:51 [Debug] Static files was skipped as the request already matched an endpoint.
2025-07-09 15:45:51 [Debug] The request has an origin header: '"http://localhost:4200"'.
2025-07-09 15:45:51 [Information] CORS policy execution successful.
2025-07-09 15:45:51 [Information] Executing endpoint '"VSM.Controllers.CustomerController.GetByEmail (VehicleServiceManagement)"'
2025-07-09 15:45:51 [Information] Executing endpoint '"VSM.Controllers.BookingController.GetAll (VehicleServiceManagement)"'
2025-07-09 15:45:51 [Information] Route matched with "{action = \"GetByEmail\", controller = \"Customer\"}". Executing controller action with signature "System.Threading.Tasks.Task`1[Microsoft.AspNetCore.Mvc.ActionResult`1[VSM.DTO.CustomerDisplayDto]] GetByEmail(System.String)" on controller "VSM.Controllers.CustomerController" ("VehicleServiceManagement").
2025-07-09 15:45:51 [Information] Route matched with "{action = \"GetAll\", controller = \"Booking\"}". Executing controller action with signature "System.Threading.Tasks.Task`1[Microsoft.AspNetCore.Mvc.ActionResult`1[System.Collections.Generic.IEnumerable`1[VSM.DTO.BookingDisplayDto]]] GetAll()" on controller "VSM.Controllers.BookingController" ("VehicleServiceManagement").
2025-07-09 15:45:51 [Debug] Execution plan of "authorization" filters (in the following order): ["None"]
2025-07-09 15:45:51 [Debug] Execution plan of "authorization" filters (in the following order): ["None"]
2025-07-09 15:45:51 [Debug] Execution plan of "resource" filters (in the following order): ["None"]
2025-07-09 15:45:51 [Debug] Execution plan of "resource" filters (in the following order): ["None"]
2025-07-09 15:45:51 [Debug] Execution plan of "action" filters (in the following order): ["Microsoft.AspNetCore.Mvc.ModelBinding.UnsupportedContentTypeFilter (Order: -3000)", "Microsoft.AspNetCore.Mvc.Infrastructure.ModelStateInvalidFilter (Order: -2000)", "Microsoft.AspNetCore.Mvc.ReportApiVersionsAttribute (Order: 0)"]
2025-07-09 15:45:51 [Debug] Execution plan of "exception" filters (in the following order): ["None"]
2025-07-09 15:45:51 [Debug] Execution plan of "action" filters (in the following order): ["Microsoft.AspNetCore.Mvc.ModelBinding.UnsupportedContentTypeFilter (Order: -3000)", "Microsoft.AspNetCore.Mvc.Infrastructure.ModelStateInvalidFilter (Order: -2000)", "Microsoft.AspNetCore.Mvc.ReportApiVersionsAttribute (Order: 0)"]
2025-07-09 15:45:51 [Debug] Execution plan of "exception" filters (in the following order): ["None"]
2025-07-09 15:45:51 [Debug] Execution plan of "result" filters (in the following order): ["Microsoft.AspNetCore.Mvc.Infrastructure.ClientErrorResultFilter (Order: -2000)", "Microsoft.AspNetCore.Mvc.ReportApiVersionsAttribute (Order: 0)"]
2025-07-09 15:45:51 [Debug] Execution plan of "result" filters (in the following order): ["Microsoft.AspNetCore.Mvc.Infrastructure.ClientErrorResultFilter (Order: -2000)", "Microsoft.AspNetCore.Mvc.ReportApiVersionsAttribute (Order: 0)"]
2025-07-09 15:45:51 [Debug] Executing controller factory for controller "VSM.Controllers.CustomerController" ("VehicleServiceManagement")
2025-07-09 15:45:51 [Debug] Executing controller factory for controller "VSM.Controllers.BookingController" ("VehicleServiceManagement")
2025-07-09 15:45:51 [Debug] Executed controller factory for controller "VSM.Controllers.CustomerController" ("VehicleServiceManagement")
2025-07-09 15:45:51 [Debug] Executed controller factory for controller "VSM.Controllers.BookingController" ("VehicleServiceManagement")
2025-07-09 15:45:51 [Debug] Attempting to bind parameter '"email"' of type '"System.String"' ...
2025-07-09 15:45:51 [Debug] Attempting to bind parameter '"email"' of type '"System.String"' using the name '"email"' in request data ...
2025-07-09 15:45:51 [Debug] Done attempting to bind parameter '"email"' of type '"System.String"'.
2025-07-09 15:45:51 [Debug] Done attempting to bind parameter '"email"' of type '"System.String"'.
2025-07-09 15:45:51 [Debug] Attempting to validate the bound parameter '"email"' of type '"System.String"' ...
2025-07-09 15:45:51 [Debug] Done attempting to validate the bound parameter '"email"' of type '"System.String"'.
2025-07-09 15:45:51 [Debug] Entity Framework Core "9.0.5" initialized '"VSMContext"' using provider '"Npgsql.EntityFrameworkCore.PostgreSQL":"9.0.4+fd2380957bee5cd86f336466af36b08c0163f1a5"' with options: "None"
2025-07-09 15:45:51 [Debug] Entity Framework Core "9.0.5" initialized '"VSMContext"' using provider '"Npgsql.EntityFrameworkCore.PostgreSQL":"9.0.4+fd2380957bee5cd86f336466af36b08c0163f1a5"' with options: "None"
2025-07-09 15:45:51 [Debug] Creating DbConnection.
2025-07-09 15:45:51 [Debug] Created DbConnection. (2ms).
2025-07-09 15:45:51 [Debug] Creating DbConnection.
2025-07-09 15:45:51 [Debug] Created DbConnection. (0ms).
2025-07-09 15:45:51 [Debug] Opening connection to database '"VehicleServiceManagement"' on server '"tcp://localhost:5432"'.
2025-07-09 15:45:51 [Debug] Opening connection to database '"VehicleServiceManagement"' on server '"tcp://localhost:5432"'.
2025-07-09 15:45:51 [Debug] Opened connection to database '"VehicleServiceManagement"' on server '"tcp://localhost:5432"'.
2025-07-09 15:45:51 [Debug] Opened connection to database '"VehicleServiceManagement"' on server '"tcp://localhost:5432"'.
2025-07-09 15:45:51 [Debug] Creating DbCommand for '"ExecuteReader"'.
2025-07-09 15:45:51 [Debug] Creating DbCommand for '"ExecuteReader"'.
2025-07-09 15:45:51 [Debug] Created DbCommand for '"ExecuteReader"' (3ms).
2025-07-09 15:45:51 [Debug] Created DbCommand for '"ExecuteReader"' (2ms).
2025-07-09 15:45:51 [Debug] Initialized DbCommand for '"ExecuteReader"' (4ms).
2025-07-09 15:45:51 [Debug] Initialized DbCommand for '"ExecuteReader"' (3ms).
2025-07-09 15:45:51 [Debug] Executing DbCommand [Parameters=[""], CommandType='Text', CommandTimeout='30']"
""SELECT b.\"BookingID\", b.\"BookedAt\", b.\"CustomerID\", b.\"DeliveryTime\", b.\"Imageurl\", b.\"IsDeleted\", b.\"Slot\", b.\"Status\", c.\"CustomerID\", c.\"Email\", c.\"Name\", c.\"Phone\", c.\"Status\"
FROM \"Bookings\" AS b
INNER JOIN \"Customers\" AS c ON b.\"CustomerID\" = c.\"CustomerID\"
ORDER BY CASE
    WHEN b.\"Status\" = 'Booked' THEN 0
    WHEN b.\"Status\" = 'Reviewed' THEN 1
    WHEN b.\"Status\" = 'Cancelled' THEN 2
    ELSE 3
END"
2025-07-09 15:45:51 [Debug] Executing DbCommand [Parameters=[""], CommandType='Text', CommandTimeout='30']"
""SELECT c.\"CustomerID\", c.\"Email\", c.\"Name\", c.\"Phone\", c.\"Status\"
FROM \"Customers\" AS c"
2025-07-09 15:45:51 [Information] Executed DbCommand ("40"ms) [Parameters=[""], CommandType='Text', CommandTimeout='30']"
""SELECT c.\"CustomerID\", c.\"Email\", c.\"Name\", c.\"Phone\", c.\"Status\"
FROM \"Customers\" AS c"
2025-07-09 15:45:51 [Information] Executed DbCommand ("52"ms) [Parameters=[""], CommandType='Text', CommandTimeout='30']"
""SELECT b.\"BookingID\", b.\"BookedAt\", b.\"CustomerID\", b.\"DeliveryTime\", b.\"Imageurl\", b.\"IsDeleted\", b.\"Slot\", b.\"Status\", c.\"CustomerID\", c.\"Email\", c.\"Name\", c.\"Phone\", c.\"Status\"
FROM \"Bookings\" AS b
INNER JOIN \"Customers\" AS c ON b.\"CustomerID\" = c.\"CustomerID\"
ORDER BY CASE
    WHEN b.\"Status\" = 'Booked' THEN 0
    WHEN b.\"Status\" = 'Reviewed' THEN 1
    WHEN b.\"Status\" = 'Cancelled' THEN 2
    ELSE 3
END"
2025-07-09 15:45:51 [Debug] Context '"VSMContext"' started tracking '"Customer"' entity. Consider using 'DbContextOptionsBuilder.EnableSensitiveDataLogging' to see key values.
2025-07-09 15:45:51 [Debug] Context '"VSMContext"' started tracking '"Booking"' entity. Consider using 'DbContextOptionsBuilder.EnableSensitiveDataLogging' to see key values.
2025-07-09 15:45:51 [Debug] Context '"VSMContext"' started tracking '"Customer"' entity. Consider using 'DbContextOptionsBuilder.EnableSensitiveDataLogging' to see key values.
2025-07-09 15:45:51 [Debug] Context '"VSMContext"' started tracking '"Customer"' entity. Consider using 'DbContextOptionsBuilder.EnableSensitiveDataLogging' to see key values.
2025-07-09 15:45:51 [Debug] Context '"VSMContext"' started tracking '"Customer"' entity. Consider using 'DbContextOptionsBuilder.EnableSensitiveDataLogging' to see key values.
2025-07-09 15:45:51 [Debug] Closing data reader to '"VehicleServiceManagement"' on server '"tcp://localhost:5432"'.
2025-07-09 15:45:51 [Debug] The navigation '"Booking"."Customer"' was detected as changed. Consider using 'DbContextOptionsBuilder.EnableSensitiveDataLogging' to see key values.
2025-07-09 15:45:51 [Debug] A data reader for '"VehicleServiceManagement"' on server '"tcp://localhost:5432"' is being disposed after spending 12ms reading results.
2025-07-09 15:45:51 [Debug] Closing connection to database '"VehicleServiceManagement"' on server '"tcp://localhost:5432"'.
2025-07-09 15:45:51 [Debug] Closed connection to database '"VehicleServiceManagement"' on server '"tcp://localhost:5432"' (0ms).
2025-07-09 15:45:51 [Debug] List of registered output formatters, in the following order: ["Microsoft.AspNetCore.Mvc.Formatters.HttpNoContentOutputFormatter", "Microsoft.AspNetCore.Mvc.Formatters.StringOutputFormatter", "Microsoft.AspNetCore.Mvc.Formatters.StreamOutputFormatter", "Microsoft.AspNetCore.Mvc.Formatters.SystemTextJsonOutputFormatter"]
2025-07-09 15:45:51 [Debug] Context '"VSMContext"' started tracking '"Customer"' entity. Consider using 'DbContextOptionsBuilder.EnableSensitiveDataLogging' to see key values.
2025-07-09 15:45:51 [Debug] No information found on request to perform content negotiation.
2025-07-09 15:45:51 [Debug] Attempting to select an output formatter without using a content type as no explicit content types were specified for the response.
2025-07-09 15:45:51 [Debug] Attempting to select the first formatter in the output formatters list which can write the result.
2025-07-09 15:45:51 [Debug] Selected output formatter '"Microsoft.AspNetCore.Mvc.Formatters.SystemTextJsonOutputFormatter"' and content type '"application/json"' to write the response.
2025-07-09 15:45:51 [Information] Executing "OkObjectResult", writing value of type '"VSM.DTO.CustomerDisplayDto"'.
2025-07-09 15:45:51 [Debug] Context '"VSMContext"' started tracking '"Booking"' entity. Consider using 'DbContextOptionsBuilder.EnableSensitiveDataLogging' to see key values.
2025-07-09 15:45:51 [Debug] The navigation '"Booking"."Customer"' was detected as changed. Consider using 'DbContextOptionsBuilder.EnableSensitiveDataLogging' to see key values.
2025-07-09 15:45:51 [Debug] Context '"VSMContext"' started tracking '"Customer"' entity. Consider using 'DbContextOptionsBuilder.EnableSensitiveDataLogging' to see key values.
2025-07-09 15:45:51 [Debug] Context '"VSMContext"' started tracking '"Booking"' entity. Consider using 'DbContextOptionsBuilder.EnableSensitiveDataLogging' to see key values.
2025-07-09 15:45:51 [Debug] The navigation '"Booking"."Customer"' was detected as changed. Consider using 'DbContextOptionsBuilder.EnableSensitiveDataLogging' to see key values.
2025-07-09 15:45:51 [Debug] Context '"VSMContext"' started tracking '"Customer"' entity. Consider using 'DbContextOptionsBuilder.EnableSensitiveDataLogging' to see key values.
2025-07-09 15:45:51 [Debug] Context '"VSMContext"' started tracking '"Booking"' entity. Consider using 'DbContextOptionsBuilder.EnableSensitiveDataLogging' to see key values.
2025-07-09 15:45:51 [Debug] Context '"VSMContext"' started tracking '"Booking"' entity. Consider using 'DbContextOptionsBuilder.EnableSensitiveDataLogging' to see key values.
2025-07-09 15:45:51 [Debug] Context '"VSMContext"' started tracking '"Booking"' entity. Consider using 'DbContextOptionsBuilder.EnableSensitiveDataLogging' to see key values.
2025-07-09 15:45:51 [Debug] Context '"VSMContext"' started tracking '"Booking"' entity. Consider using 'DbContextOptionsBuilder.EnableSensitiveDataLogging' to see key values.
2025-07-09 15:45:51 [Debug] Context '"VSMContext"' started tracking '"Booking"' entity. Consider using 'DbContextOptionsBuilder.EnableSensitiveDataLogging' to see key values.
2025-07-09 15:45:51 [Debug] Context '"VSMContext"' started tracking '"Booking"' entity. Consider using 'DbContextOptionsBuilder.EnableSensitiveDataLogging' to see key values.
2025-07-09 15:45:51 [Debug] Context '"VSMContext"' started tracking '"Booking"' entity. Consider using 'DbContextOptionsBuilder.EnableSensitiveDataLogging' to see key values.
2025-07-09 15:45:51 [Debug] Context '"VSMContext"' started tracking '"Booking"' entity. Consider using 'DbContextOptionsBuilder.EnableSensitiveDataLogging' to see key values.
2025-07-09 15:45:51 [Debug] Context '"VSMContext"' started tracking '"Booking"' entity. Consider using 'DbContextOptionsBuilder.EnableSensitiveDataLogging' to see key values.
2025-07-09 15:45:51 [Debug] The navigation '"Booking"."Customer"' was detected as changed. Consider using 'DbContextOptionsBuilder.EnableSensitiveDataLogging' to see key values.
2025-07-09 15:45:51 [Debug] Context '"VSMContext"' started tracking '"Customer"' entity. Consider using 'DbContextOptionsBuilder.EnableSensitiveDataLogging' to see key values.
2025-07-09 15:45:51 [Debug] Context '"VSMContext"' started tracking '"Booking"' entity. Consider using 'DbContextOptionsBuilder.EnableSensitiveDataLogging' to see key values.
2025-07-09 15:45:51 [Information] Executed action "VSM.Controllers.CustomerController.GetByEmail (VehicleServiceManagement)" in 235.3755ms
2025-07-09 15:45:51 [Debug] Context '"VSMContext"' started tracking '"Booking"' entity. Consider using 'DbContextOptionsBuilder.EnableSensitiveDataLogging' to see key values.
2025-07-09 15:45:51 [Debug] Context '"VSMContext"' started tracking '"Booking"' entity. Consider using 'DbContextOptionsBuilder.EnableSensitiveDataLogging' to see key values.
2025-07-09 15:45:51 [Debug] Context '"VSMContext"' started tracking '"Booking"' entity. Consider using 'DbContextOptionsBuilder.EnableSensitiveDataLogging' to see key values.
2025-07-09 15:45:51 [Debug] Context '"VSMContext"' started tracking '"Booking"' entity. Consider using 'DbContextOptionsBuilder.EnableSensitiveDataLogging' to see key values.
2025-07-09 15:45:51 [Debug] Context '"VSMContext"' started tracking '"Booking"' entity. Consider using 'DbContextOptionsBuilder.EnableSensitiveDataLogging' to see key values.
2025-07-09 15:45:51 [Debug] Context '"VSMContext"' started tracking '"Booking"' entity. Consider using 'DbContextOptionsBuilder.EnableSensitiveDataLogging' to see key values.
2025-07-09 15:45:51 [Debug] Context '"VSMContext"' started tracking '"Booking"' entity. Consider using 'DbContextOptionsBuilder.EnableSensitiveDataLogging' to see key values.
2025-07-09 15:45:51 [Debug] Context '"VSMContext"' started tracking '"Booking"' entity. Consider using 'DbContextOptionsBuilder.EnableSensitiveDataLogging' to see key values.
2025-07-09 15:45:51 [Debug] Context '"VSMContext"' started tracking '"Booking"' entity. Consider using 'DbContextOptionsBuilder.EnableSensitiveDataLogging' to see key values.
2025-07-09 15:45:51 [Debug] Context '"VSMContext"' started tracking '"Booking"' entity. Consider using 'DbContextOptionsBuilder.EnableSensitiveDataLogging' to see key values.
2025-07-09 15:45:51 [Debug] Context '"VSMContext"' started tracking '"Booking"' entity. Consider using 'DbContextOptionsBuilder.EnableSensitiveDataLogging' to see key values.
2025-07-09 15:45:51 [Debug] Context '"VSMContext"' started tracking '"Booking"' entity. Consider using 'DbContextOptionsBuilder.EnableSensitiveDataLogging' to see key values.
2025-07-09 15:45:51 [Information] Executed endpoint '"VSM.Controllers.CustomerController.GetByEmail (VehicleServiceManagement)"'
2025-07-09 15:45:51 [Debug] Context '"VSMContext"' started tracking '"Booking"' entity. Consider using 'DbContextOptionsBuilder.EnableSensitiveDataLogging' to see key values.
2025-07-09 15:45:51 [Debug] Context '"VSMContext"' started tracking '"Booking"' entity. Consider using 'DbContextOptionsBuilder.EnableSensitiveDataLogging' to see key values.
2025-07-09 15:45:51 [Debug] '"VSMContext"' disposed.
2025-07-09 15:45:51 [Debug] Disposing connection to database '"VehicleServiceManagement"' on server '"tcp://localhost:5432"'.
2025-07-09 15:45:51 [Debug] Context '"VSMContext"' started tracking '"Booking"' entity. Consider using 'DbContextOptionsBuilder.EnableSensitiveDataLogging' to see key values.
2025-07-09 15:45:51 [Debug] Context '"VSMContext"' started tracking '"Booking"' entity. Consider using 'DbContextOptionsBuilder.EnableSensitiveDataLogging' to see key values.
2025-07-09 15:45:51 [Debug] Disposed connection to database '"VehicleServiceManagement"' on server '"tcp://localhost:5432"' (0ms).
2025-07-09 15:45:51 [Information] Request finished "HTTP/2" "GET" "https"://"localhost:7176""""/api/v1/Customer/email/sg@gmail.com""" - 200 null "application/json; charset=utf-8" 286.9787ms
2025-07-09 15:45:51 [Debug] Context '"VSMContext"' started tracking '"Booking"' entity. Consider using 'DbContextOptionsBuilder.EnableSensitiveDataLogging' to see key values.
2025-07-09 15:45:51 [Debug] Context '"VSMContext"' started tracking '"Booking"' entity. Consider using 'DbContextOptionsBuilder.EnableSensitiveDataLogging' to see key values.
2025-07-09 15:45:51 [Debug] Context '"VSMContext"' started tracking '"Booking"' entity. Consider using 'DbContextOptionsBuilder.EnableSensitiveDataLogging' to see key values.
2025-07-09 15:45:51 [Debug] Closing data reader to '"VehicleServiceManagement"' on server '"tcp://localhost:5432"'.
2025-07-09 15:45:51 [Debug] A data reader for '"VehicleServiceManagement"' on server '"tcp://localhost:5432"' is being disposed after spending 27ms reading results.
2025-07-09 15:45:51 [Debug] Closing connection to database '"VehicleServiceManagement"' on server '"tcp://localhost:5432"'.
2025-07-09 15:45:51 [Debug] Closed connection to database '"VehicleServiceManagement"' on server '"tcp://localhost:5432"' (0ms).
2025-07-09 15:45:51 [Debug] List of registered output formatters, in the following order: ["Microsoft.AspNetCore.Mvc.Formatters.HttpNoContentOutputFormatter", "Microsoft.AspNetCore.Mvc.Formatters.StringOutputFormatter", "Microsoft.AspNetCore.Mvc.Formatters.StreamOutputFormatter", "Microsoft.AspNetCore.Mvc.Formatters.SystemTextJsonOutputFormatter"]
2025-07-09 15:45:51 [Debug] No information found on request to perform content negotiation.
2025-07-09 15:45:51 [Debug] Attempting to select an output formatter without using a content type as no explicit content types were specified for the response.
2025-07-09 15:45:51 [Debug] Attempting to select the first formatter in the output formatters list which can write the result.
2025-07-09 15:45:51 [Debug] Selected output formatter '"Microsoft.AspNetCore.Mvc.Formatters.SystemTextJsonOutputFormatter"' and content type '"application/json"' to write the response.
2025-07-09 15:45:51 [Information] Executing "OkObjectResult", writing value of type '"System.Linq.Enumerable+ListWhereIterator`1[[VSM.Models.Booking, VehicleServiceManagement, Version=1.0.0.0, Culture=neutral, PublicKeyToken=null]]"'.
2025-07-09 15:45:51 [Information] Request starting "HTTP/2" "OPTIONS" "https"://"localhost:7176""""/api/v1/Bill""?page=1&pageSize=10&search=9876764321" - null null
2025-07-09 15:45:51 [Debug] 1 candidate(s) found for the request path '"/api/v1/Bill"'
2025-07-09 15:45:51 [Debug] Request matched endpoint '"405 HTTP Method Not Supported"'
2025-07-09 15:45:51 [Debug] AuthenticationScheme: "Bearer" was not authenticated.
2025-07-09 15:45:51 [Debug] Static files was skipped as the request already matched an endpoint.
2025-07-09 15:45:51 [Debug] Static files was skipped as the request already matched an endpoint.
2025-07-09 15:45:51 [Debug] The request has an origin header: '"http://localhost:4200"'.
2025-07-09 15:45:51 [Information] CORS policy execution successful.
2025-07-09 15:45:51 [Debug] The request is a preflight request.
2025-07-09 15:45:51 [Information] Request finished "HTTP/2" "OPTIONS" "https"://"localhost:7176""""/api/v1/Bill""?page=1&pageSize=10&search=9876764321" - 204 null null 0.723ms
2025-07-09 15:45:51 [Information] Request starting "HTTP/2" "GET" "https"://"localhost:7176""""/api/v1/Bill""?page=1&pageSize=10&search=9876764321" - "application/json" null
2025-07-09 15:45:51 [Debug] 1 candidate(s) found for the request path '"/api/v1/Bill"'
2025-07-09 15:45:51 [Debug] Endpoint '"VSM.Controllers.BillController.GetAll (VehicleServiceManagement)"' with route pattern '"api/v{version:apiVersion}/Bill"' is valid for the request path '"/api/v1/Bill"'
2025-07-09 15:45:51 [Debug] Request matched endpoint '"VSM.Controllers.BillController.GetAll (VehicleServiceManagement)"'
2025-07-09 15:45:51 [Debug] Successfully validated the token.
2025-07-09 15:45:51 [Debug] AuthenticationScheme: "Bearer" was successfully authenticated.
2025-07-09 15:45:51 [Debug] Authorization was successful.
2025-07-09 15:45:51 [Debug] Static files was skipped as the request already matched an endpoint.
2025-07-09 15:45:51 [Debug] Static files was skipped as the request already matched an endpoint.
2025-07-09 15:45:51 [Debug] The request has an origin header: '"http://localhost:4200"'.
2025-07-09 15:45:51 [Information] CORS policy execution successful.
2025-07-09 15:45:51 [Information] Executing endpoint '"VSM.Controllers.BillController.GetAll (VehicleServiceManagement)"'
2025-07-09 15:45:51 [Information] Route matched with "{action = \"GetAll\", controller = \"Bill\"}". Executing controller action with signature "System.Threading.Tasks.Task`1[Microsoft.AspNetCore.Mvc.ActionResult`1[System.Collections.Generic.IEnumerable`1[VSM.DTO.BillDisplayDto]]] GetAll(Int32, Int32, System.String)" on controller "VSM.Controllers.BillController" ("VehicleServiceManagement").
2025-07-09 15:45:51 [Debug] Execution plan of "authorization" filters (in the following order): ["None"]
2025-07-09 15:45:51 [Debug] Execution plan of "resource" filters (in the following order): ["None"]
2025-07-09 15:45:51 [Debug] Execution plan of "action" filters (in the following order): ["Microsoft.AspNetCore.Mvc.ModelBinding.UnsupportedContentTypeFilter (Order: -3000)", "Microsoft.AspNetCore.Mvc.Infrastructure.ModelStateInvalidFilter (Order: -2000)", "Microsoft.AspNetCore.Mvc.ReportApiVersionsAttribute (Order: 0)"]
2025-07-09 15:45:51 [Debug] Execution plan of "exception" filters (in the following order): ["None"]
2025-07-09 15:45:51 [Debug] Execution plan of "result" filters (in the following order): ["Microsoft.AspNetCore.Mvc.Infrastructure.ClientErrorResultFilter (Order: -2000)", "Microsoft.AspNetCore.Mvc.ReportApiVersionsAttribute (Order: 0)"]
2025-07-09 15:45:51 [Debug] Executing controller factory for controller "VSM.Controllers.BillController" ("VehicleServiceManagement")
2025-07-09 15:45:51 [Debug] Executed controller factory for controller "VSM.Controllers.BillController" ("VehicleServiceManagement")
2025-07-09 15:45:51 [Debug] Attempting to bind parameter '"page"' of type '"System.Int32"' ...
2025-07-09 15:45:51 [Debug] Attempting to bind parameter '"page"' of type '"System.Int32"' using the name '"page"' in request data ...
2025-07-09 15:45:51 [Debug] Done attempting to bind parameter '"page"' of type '"System.Int32"'.
2025-07-09 15:45:51 [Debug] Done attempting to bind parameter '"page"' of type '"System.Int32"'.
2025-07-09 15:45:51 [Debug] Attempting to validate the bound parameter '"page"' of type '"System.Int32"' ...
2025-07-09 15:45:51 [Debug] Done attempting to validate the bound parameter '"page"' of type '"System.Int32"'.
2025-07-09 15:45:51 [Debug] Attempting to bind parameter '"pageSize"' of type '"System.Int32"' ...
2025-07-09 15:45:51 [Debug] Attempting to bind parameter '"pageSize"' of type '"System.Int32"' using the name '"pageSize"' in request data ...
2025-07-09 15:45:51 [Debug] Done attempting to bind parameter '"pageSize"' of type '"System.Int32"'.
2025-07-09 15:45:51 [Debug] Done attempting to bind parameter '"pageSize"' of type '"System.Int32"'.
2025-07-09 15:45:51 [Debug] Attempting to validate the bound parameter '"pageSize"' of type '"System.Int32"' ...
2025-07-09 15:45:51 [Debug] Done attempting to validate the bound parameter '"pageSize"' of type '"System.Int32"'.
2025-07-09 15:45:51 [Debug] Attempting to bind parameter '"search"' of type '"System.String"' ...
2025-07-09 15:45:51 [Debug] Attempting to bind parameter '"search"' of type '"System.String"' using the name '"search"' in request data ...
2025-07-09 15:45:51 [Debug] Done attempting to bind parameter '"search"' of type '"System.String"'.
2025-07-09 15:45:51 [Debug] Done attempting to bind parameter '"search"' of type '"System.String"'.
2025-07-09 15:45:51 [Debug] Attempting to validate the bound parameter '"search"' of type '"System.String"' ...
2025-07-09 15:45:51 [Debug] Done attempting to validate the bound parameter '"search"' of type '"System.String"'.
2025-07-09 15:45:51 [Debug] Entity Framework Core "9.0.5" initialized '"VSMContext"' using provider '"Npgsql.EntityFrameworkCore.PostgreSQL":"9.0.4+fd2380957bee5cd86f336466af36b08c0163f1a5"' with options: "None"
2025-07-09 15:45:51 [Information] Executed action "VSM.Controllers.BookingController.GetAll (VehicleServiceManagement)" in 280.4228ms
2025-07-09 15:45:51 [Information] Executed endpoint '"VSM.Controllers.BookingController.GetAll (VehicleServiceManagement)"'
2025-07-09 15:45:51 [Debug] '"VSMContext"' disposed.
2025-07-09 15:45:51 [Debug] Creating DbConnection.
2025-07-09 15:45:51 [Debug] Created DbConnection. (1ms).
2025-07-09 15:45:51 [Debug] Opening connection to database '"VehicleServiceManagement"' on server '"tcp://localhost:5432"'.
2025-07-09 15:45:51 [Debug] Opened connection to database '"VehicleServiceManagement"' on server '"tcp://localhost:5432"'.
2025-07-09 15:45:51 [Debug] Disposing connection to database '"VehicleServiceManagement"' on server '"tcp://localhost:5432"'.
2025-07-09 15:45:51 [Debug] Disposed connection to database '"VehicleServiceManagement"' on server '"tcp://localhost:5432"' (1ms).
2025-07-09 15:45:51 [Information] Request finished "HTTP/2" "GET" "https"://"localhost:7176""""/api/v1/Booking""" - 200 null "application/json; charset=utf-8" 331.1515ms
2025-07-09 15:45:51 [Debug] Creating DbCommand for '"ExecuteReader"'.
2025-07-09 15:45:51 [Debug] Created DbCommand for '"ExecuteReader"' (0ms).
2025-07-09 15:45:51 [Debug] Initialized DbCommand for '"ExecuteReader"' (1ms).
2025-07-09 15:45:51 [Debug] Executing DbCommand [Parameters=["@__search_0_contains='?', @__p_2='?' (DbType = Int32), @__p_1='?' (DbType = Int32)"], CommandType='Text', CommandTimeout='30']"
""SELECT s1.\"BillID\", s1.\"Amount\", s1.\"Description\", s1.\"ServiceRecordID\", s1.\"Status\", s1.\"ServiceRecordID0\", s1.\"CustomerID0\", s1.\"MechanicId0\", s0.\"ServiceID\", v.\"VehicleID\", b0.\"Id\", b0.\"Amount\", b0.\"BillId\", b0.\"CategoryName\", s1.\"BookingID\", s1.\"CustomerID\", s1.\"IsDeleted\", s1.\"MechanicId\", s1.\"ServiceID\", s1.\"Status0\", s0.\"Description\", s0.\"IsDeleted\", s0.\"VehicleID\", s4.\"ServiceCategoriesCategoryID\", s4.\"ServicesServiceID\", s4.\"CategoryID\", s4.\"Amount\", s4.\"Name\", s4.\"Status\", v.\"IsDeleted\", v.\"VechicleManufacturer\", v.\"VehicleModel\", v.\"VehicleNo\", v.\"VehicleType\", s1.\"Email\", s1.\"Name\", s1.\"Phone\", s1.\"Status1\", s1.\"Email0\", s1.\"Name0\", s1.\"Phone0\", s1.\"Status2\"
FROM (
    SELECT b.\"BillID\", b.\"Amount\", b.\"Description\", b.\"ServiceRecordID\", b.\"Status\", s.\"ServiceRecordID\" AS \"ServiceRecordID0\", s.\"BookingID\", s.\"CustomerID\", s.\"IsDeleted\", s.\"MechanicId\", s.\"ServiceID\", s.\"Status\" AS \"Status0\", c.\"CustomerID\" AS \"CustomerID0\", c.\"Email\", c.\"Name\", c.\"Phone\", c.\"Status\" AS \"Status1\", m.\"MechanicId\" AS \"MechanicId0\", m.\"Email\" AS \"Email0\", m.\"Name\" AS \"Name0\", m.\"Phone\" AS \"Phone0\", m.\"Status\" AS \"Status2\"
    FROM \"Bills\" AS b
    INNER JOIN \"serviceRecords\" AS s ON b.\"ServiceRecordID\" = s.\"ServiceRecordID\"
    INNER JOIN \"Customers\" AS c ON s.\"CustomerID\" = c.\"CustomerID\"
    INNER JOIN \"Mechanics\" AS m ON s.\"MechanicId\" = m.\"MechanicId\"
    WHERE c.\"Phone\" LIKE @__search_0_contains OR m.\"Phone\" LIKE @__search_0_contains
    LIMIT @__p_2 OFFSET @__p_1
) AS s1
INNER JOIN \"Services\" AS s0 ON s1.\"ServiceID\" = s0.\"ServiceID\"
INNER JOIN \"Vehicles\" AS v ON s0.\"VehicleID\" = v.\"VehicleID\"
LEFT JOIN \"BillCategoryDetail\" AS b0 ON s1.\"BillID\" = b0.\"BillId\"
LEFT JOIN (
    SELECT s2.\"ServiceCategoriesCategoryID\", s2.\"ServicesServiceID\", s3.\"CategoryID\", s3.\"Amount\", s3.\"Name\", s3.\"Status\"
    FROM \"ServiceServiceCategory\" AS s2
    INNER JOIN \"ServiceCategories\" AS s3 ON s2.\"ServiceCategoriesCategoryID\" = s3.\"CategoryID\"
) AS s4 ON s0.\"ServiceID\" = s4.\"ServicesServiceID\"
ORDER BY s1.\"BillID\", s1.\"ServiceRecordID0\", s1.\"CustomerID0\", s1.\"MechanicId0\", s0.\"ServiceID\", v.\"VehicleID\", b0.\"Id\", s4.\"ServiceCategoriesCategoryID\", s4.\"ServicesServiceID\""
2025-07-09 15:45:51 [Information] Executed DbCommand ("28"ms) [Parameters=["@__search_0_contains='?', @__p_2='?' (DbType = Int32), @__p_1='?' (DbType = Int32)"], CommandType='Text', CommandTimeout='30']"
""SELECT s1.\"BillID\", s1.\"Amount\", s1.\"Description\", s1.\"ServiceRecordID\", s1.\"Status\", s1.\"ServiceRecordID0\", s1.\"CustomerID0\", s1.\"MechanicId0\", s0.\"ServiceID\", v.\"VehicleID\", b0.\"Id\", b0.\"Amount\", b0.\"BillId\", b0.\"CategoryName\", s1.\"BookingID\", s1.\"CustomerID\", s1.\"IsDeleted\", s1.\"MechanicId\", s1.\"ServiceID\", s1.\"Status0\", s0.\"Description\", s0.\"IsDeleted\", s0.\"VehicleID\", s4.\"ServiceCategoriesCategoryID\", s4.\"ServicesServiceID\", s4.\"CategoryID\", s4.\"Amount\", s4.\"Name\", s4.\"Status\", v.\"IsDeleted\", v.\"VechicleManufacturer\", v.\"VehicleModel\", v.\"VehicleNo\", v.\"VehicleType\", s1.\"Email\", s1.\"Name\", s1.\"Phone\", s1.\"Status1\", s1.\"Email0\", s1.\"Name0\", s1.\"Phone0\", s1.\"Status2\"
FROM (
    SELECT b.\"BillID\", b.\"Amount\", b.\"Description\", b.\"ServiceRecordID\", b.\"Status\", s.\"ServiceRecordID\" AS \"ServiceRecordID0\", s.\"BookingID\", s.\"CustomerID\", s.\"IsDeleted\", s.\"MechanicId\", s.\"ServiceID\", s.\"Status\" AS \"Status0\", c.\"CustomerID\" AS \"CustomerID0\", c.\"Email\", c.\"Name\", c.\"Phone\", c.\"Status\" AS \"Status1\", m.\"MechanicId\" AS \"MechanicId0\", m.\"Email\" AS \"Email0\", m.\"Name\" AS \"Name0\", m.\"Phone\" AS \"Phone0\", m.\"Status\" AS \"Status2\"
    FROM \"Bills\" AS b
    INNER JOIN \"serviceRecords\" AS s ON b.\"ServiceRecordID\" = s.\"ServiceRecordID\"
    INNER JOIN \"Customers\" AS c ON s.\"CustomerID\" = c.\"CustomerID\"
    INNER JOIN \"Mechanics\" AS m ON s.\"MechanicId\" = m.\"MechanicId\"
    WHERE c.\"Phone\" LIKE @__search_0_contains OR m.\"Phone\" LIKE @__search_0_contains
    LIMIT @__p_2 OFFSET @__p_1
) AS s1
INNER JOIN \"Services\" AS s0 ON s1.\"ServiceID\" = s0.\"ServiceID\"
INNER JOIN \"Vehicles\" AS v ON s0.\"VehicleID\" = v.\"VehicleID\"
LEFT JOIN \"BillCategoryDetail\" AS b0 ON s1.\"BillID\" = b0.\"BillId\"
LEFT JOIN (
    SELECT s2.\"ServiceCategoriesCategoryID\", s2.\"ServicesServiceID\", s3.\"CategoryID\", s3.\"Amount\", s3.\"Name\", s3.\"Status\"
    FROM \"ServiceServiceCategory\" AS s2
    INNER JOIN \"ServiceCategories\" AS s3 ON s2.\"ServiceCategoriesCategoryID\" = s3.\"CategoryID\"
) AS s4 ON s0.\"ServiceID\" = s4.\"ServicesServiceID\"
ORDER BY s1.\"BillID\", s1.\"ServiceRecordID0\", s1.\"CustomerID0\", s1.\"MechanicId0\", s0.\"ServiceID\", v.\"VehicleID\", b0.\"Id\", s4.\"ServiceCategoriesCategoryID\", s4.\"ServicesServiceID\""
2025-07-09 15:45:51 [Debug] Context '"VSMContext"' started tracking '"Bill"' entity. Consider using 'DbContextOptionsBuilder.EnableSensitiveDataLogging' to see key values.
2025-07-09 15:45:51 [Debug] The navigation '"Bill"."ServiceRecord"' was detected as changed. Consider using 'DbContextOptionsBuilder.EnableSensitiveDataLogging' to see key values.
2025-07-09 15:45:51 [Debug] Context '"VSMContext"' started tracking '"ServiceRecord"' entity. Consider using 'DbContextOptionsBuilder.EnableSensitiveDataLogging' to see key values.
2025-07-09 15:45:51 [Debug] The navigation '"ServiceRecord"."Service"' was detected as changed. Consider using 'DbContextOptionsBuilder.EnableSensitiveDataLogging' to see key values.
2025-07-09 15:45:51 [Debug] Context '"VSMContext"' started tracking '"Service"' entity. Consider using 'DbContextOptionsBuilder.EnableSensitiveDataLogging' to see key values.
2025-07-09 15:45:51 [Debug] The navigation '"Service"."Vehicle"' was detected as changed. Consider using 'DbContextOptionsBuilder.EnableSensitiveDataLogging' to see key values.
2025-07-09 15:45:51 [Debug] Context '"VSMContext"' started tracking '"Vehicle"' entity. Consider using 'DbContextOptionsBuilder.EnableSensitiveDataLogging' to see key values.
2025-07-09 15:45:51 [Debug] The navigation '"ServiceRecord"."Customer"' was detected as changed. Consider using 'DbContextOptionsBuilder.EnableSensitiveDataLogging' to see key values.
2025-07-09 15:45:51 [Debug] Context '"VSMContext"' started tracking '"Customer"' entity. Consider using 'DbContextOptionsBuilder.EnableSensitiveDataLogging' to see key values.
2025-07-09 15:45:51 [Debug] The navigation '"ServiceRecord"."Mechanic"' was detected as changed. Consider using 'DbContextOptionsBuilder.EnableSensitiveDataLogging' to see key values.
2025-07-09 15:45:51 [Debug] Context '"VSMContext"' started tracking '"Mechanic"' entity. Consider using 'DbContextOptionsBuilder.EnableSensitiveDataLogging' to see key values.
2025-07-09 15:45:51 [Debug] Context '"VSMContext"' started tracking '"BillCategoryDetail"' entity. Consider using 'DbContextOptionsBuilder.EnableSensitiveDataLogging' to see key values.
2025-07-09 15:45:51 [Debug] Context '"VSMContext"' started tracking '"ServiceServiceCategory"' entity. Consider using 'DbContextOptionsBuilder.EnableSensitiveDataLogging' to see key values.
2025-07-09 15:45:51 [Debug] Context '"VSMContext"' started tracking '"ServiceCategory"' entity. Consider using 'DbContextOptionsBuilder.EnableSensitiveDataLogging' to see key values.
2025-07-09 15:45:51 [Debug] Context '"VSMContext"' started tracking '"ServiceServiceCategory"' entity. Consider using 'DbContextOptionsBuilder.EnableSensitiveDataLogging' to see key values.
2025-07-09 15:45:51 [Debug] Context '"VSMContext"' started tracking '"ServiceCategory"' entity. Consider using 'DbContextOptionsBuilder.EnableSensitiveDataLogging' to see key values.
2025-07-09 15:45:51 [Debug] Context '"VSMContext"' started tracking '"ServiceServiceCategory"' entity. Consider using 'DbContextOptionsBuilder.EnableSensitiveDataLogging' to see key values.
2025-07-09 15:45:51 [Debug] Context '"VSMContext"' started tracking '"ServiceCategory"' entity. Consider using 'DbContextOptionsBuilder.EnableSensitiveDataLogging' to see key values.
2025-07-09 15:45:51 [Debug] Context '"VSMContext"' started tracking '"ServiceServiceCategory"' entity. Consider using 'DbContextOptionsBuilder.EnableSensitiveDataLogging' to see key values.
2025-07-09 15:45:51 [Debug] Context '"VSMContext"' started tracking '"ServiceCategory"' entity. Consider using 'DbContextOptionsBuilder.EnableSensitiveDataLogging' to see key values.
2025-07-09 15:45:51 [Debug] Context '"VSMContext"' started tracking '"ServiceServiceCategory"' entity. Consider using 'DbContextOptionsBuilder.EnableSensitiveDataLogging' to see key values.
2025-07-09 15:45:51 [Debug] Context '"VSMContext"' started tracking '"ServiceCategory"' entity. Consider using 'DbContextOptionsBuilder.EnableSensitiveDataLogging' to see key values.
2025-07-09 15:45:51 [Debug] Context '"VSMContext"' started tracking '"BillCategoryDetail"' entity. Consider using 'DbContextOptionsBuilder.EnableSensitiveDataLogging' to see key values.
2025-07-09 15:45:51 [Debug] Context '"VSMContext"' started tracking '"BillCategoryDetail"' entity. Consider using 'DbContextOptionsBuilder.EnableSensitiveDataLogging' to see key values.
2025-07-09 15:45:51 [Debug] Context '"VSMContext"' started tracking '"BillCategoryDetail"' entity. Consider using 'DbContextOptionsBuilder.EnableSensitiveDataLogging' to see key values.
2025-07-09 15:45:51 [Debug] Context '"VSMContext"' started tracking '"BillCategoryDetail"' entity. Consider using 'DbContextOptionsBuilder.EnableSensitiveDataLogging' to see key values.
2025-07-09 15:45:51 [Debug] Context '"VSMContext"' started tracking '"BillCategoryDetail"' entity. Consider using 'DbContextOptionsBuilder.EnableSensitiveDataLogging' to see key values.
2025-07-09 15:45:51 [Debug] Closing data reader to '"VehicleServiceManagement"' on server '"tcp://localhost:5432"'.
2025-07-09 15:45:51 [Debug] A data reader for '"VehicleServiceManagement"' on server '"tcp://localhost:5432"' is being disposed after spending 35ms reading results.
2025-07-09 15:45:51 [Debug] Closing connection to database '"VehicleServiceManagement"' on server '"tcp://localhost:5432"'.
2025-07-09 15:45:51 [Debug] Closed connection to database '"VehicleServiceManagement"' on server '"tcp://localhost:5432"' (0ms).
2025-07-09 15:45:51 [Debug] List of registered output formatters, in the following order: ["Microsoft.AspNetCore.Mvc.Formatters.HttpNoContentOutputFormatter", "Microsoft.AspNetCore.Mvc.Formatters.StringOutputFormatter", "Microsoft.AspNetCore.Mvc.Formatters.StreamOutputFormatter", "Microsoft.AspNetCore.Mvc.Formatters.SystemTextJsonOutputFormatter"]
2025-07-09 15:45:51 [Debug] No information found on request to perform content negotiation.
2025-07-09 15:45:51 [Debug] Attempting to select an output formatter without using a content type as no explicit content types were specified for the response.
2025-07-09 15:45:51 [Debug] Attempting to select the first formatter in the output formatters list which can write the result.
2025-07-09 15:45:51 [Debug] Selected output formatter '"Microsoft.AspNetCore.Mvc.Formatters.SystemTextJsonOutputFormatter"' and content type '"application/json"' to write the response.
2025-07-09 15:45:51 [Information] Executing "OkObjectResult", writing value of type '"System.Linq.Enumerable+ListSelectIterator`2[[VSM.Models.Bill, VehicleServiceManagement, Version=1.0.0.0, Culture=neutral, PublicKeyToken=null],[VSM.DTO.BillDisplayDto, VehicleServiceManagement, Version=1.0.0.0, Culture=neutral, PublicKeyToken=null]]"'.
2025-07-09 15:45:51 [Information] Executed action "VSM.Controllers.BillController.GetAll (VehicleServiceManagement)" in 95.3935ms
2025-07-09 15:45:51 [Information] Executed endpoint '"VSM.Controllers.BillController.GetAll (VehicleServiceManagement)"'
2025-07-09 15:45:51 [Debug] '"VSMContext"' disposed.
2025-07-09 15:45:51 [Debug] Disposing connection to database '"VehicleServiceManagement"' on server '"tcp://localhost:5432"'.
2025-07-09 15:45:51 [Debug] Disposed connection to database '"VehicleServiceManagement"' on server '"tcp://localhost:5432"' (0ms).
2025-07-09 15:45:51 [Information] Request finished "HTTP/2" "GET" "https"://"localhost:7176""""/api/v1/Bill""?page=1&pageSize=10&search=9876764321" - 200 null "application/json; charset=utf-8" 102.831ms
2025-07-09 15:45:52 [Information] Request starting "HTTP/2" "OPTIONS" "https"://"localhost:7176""""/api/v1/Analytics/dashboard""?phone=9876764321" - null null
2025-07-09 15:45:52 [Debug] 1 candidate(s) found for the request path '"/api/v1/Analytics/dashboard"'
2025-07-09 15:45:52 [Debug] Request matched endpoint '"405 HTTP Method Not Supported"'
2025-07-09 15:45:52 [Debug] AuthenticationScheme: "Bearer" was not authenticated.
2025-07-09 15:45:52 [Debug] Static files was skipped as the request already matched an endpoint.
2025-07-09 15:45:52 [Debug] Static files was skipped as the request already matched an endpoint.
2025-07-09 15:45:52 [Debug] The request has an origin header: '"http://localhost:4200"'.
2025-07-09 15:45:52 [Information] CORS policy execution successful.
2025-07-09 15:45:52 [Debug] The request is a preflight request.
2025-07-09 15:45:52 [Information] Request finished "HTTP/2" "OPTIONS" "https"://"localhost:7176""""/api/v1/Analytics/dashboard""?phone=9876764321" - 204 null null 3.1141ms
2025-07-09 15:45:52 [Information] Request starting "HTTP/2" "GET" "https"://"localhost:7176""""/api/v1/Analytics/dashboard""?phone=9876764321" - "application/json" null
2025-07-09 15:45:52 [Debug] 1 candidate(s) found for the request path '"/api/v1/Analytics/dashboard"'
2025-07-09 15:45:52 [Debug] Endpoint '"AnalyticsController.GetDashboardStats (VehicleServiceManagement)"' with route pattern '"api/v1/Analytics/dashboard"' is valid for the request path '"/api/v1/Analytics/dashboard"'
2025-07-09 15:45:52 [Debug] Request matched endpoint '"AnalyticsController.GetDashboardStats (VehicleServiceManagement)"'
2025-07-09 15:45:52 [Debug] Successfully validated the token.
2025-07-09 15:45:52 [Debug] AuthenticationScheme: "Bearer" was successfully authenticated.
2025-07-09 15:45:52 [Debug] Authorization was successful.
2025-07-09 15:45:52 [Debug] Static files was skipped as the request already matched an endpoint.
2025-07-09 15:45:52 [Debug] Static files was skipped as the request already matched an endpoint.
2025-07-09 15:45:52 [Debug] The request has an origin header: '"http://localhost:4200"'.
2025-07-09 15:45:52 [Information] CORS policy execution successful.
2025-07-09 15:45:52 [Information] Executing endpoint '"AnalyticsController.GetDashboardStats (VehicleServiceManagement)"'
2025-07-09 15:45:52 [Information] Route matched with "{action = \"GetDashboardStats\", controller = \"Analytics\"}". Executing controller action with signature "System.Threading.Tasks.Task`1[Microsoft.AspNetCore.Mvc.ActionResult`1[DashboardAnalyticsDto]] GetDashboardStats(System.String, System.Nullable`1[System.DateTime], System.Nullable`1[System.DateTime])" on controller "AnalyticsController" ("VehicleServiceManagement").
2025-07-09 15:45:52 [Debug] Execution plan of "authorization" filters (in the following order): ["None"]
2025-07-09 15:45:52 [Debug] Execution plan of "resource" filters (in the following order): ["None"]
2025-07-09 15:45:52 [Debug] Execution plan of "action" filters (in the following order): ["Microsoft.AspNetCore.Mvc.ModelBinding.UnsupportedContentTypeFilter (Order: -3000)", "Microsoft.AspNetCore.Mvc.Infrastructure.ModelStateInvalidFilter (Order: -2000)", "Microsoft.AspNetCore.Mvc.ReportApiVersionsAttribute (Order: 0)"]
2025-07-09 15:45:52 [Debug] Execution plan of "exception" filters (in the following order): ["None"]
2025-07-09 15:45:52 [Debug] Execution plan of "result" filters (in the following order): ["Microsoft.AspNetCore.Mvc.Infrastructure.ClientErrorResultFilter (Order: -2000)", "Microsoft.AspNetCore.Mvc.ReportApiVersionsAttribute (Order: 0)"]
2025-07-09 15:45:52 [Debug] Executing controller factory for controller "AnalyticsController" ("VehicleServiceManagement")
2025-07-09 15:45:52 [Debug] Executed controller factory for controller "AnalyticsController" ("VehicleServiceManagement")
2025-07-09 15:45:52 [Debug] Attempting to bind parameter '"phone"' of type '"System.String"' ...
2025-07-09 15:45:52 [Debug] Attempting to bind parameter '"phone"' of type '"System.String"' using the name '"phone"' in request data ...
2025-07-09 15:45:52 [Debug] Done attempting to bind parameter '"phone"' of type '"System.String"'.
2025-07-09 15:45:52 [Debug] Done attempting to bind parameter '"phone"' of type '"System.String"'.
2025-07-09 15:45:52 [Debug] Attempting to validate the bound parameter '"phone"' of type '"System.String"' ...
2025-07-09 15:45:52 [Debug] Done attempting to validate the bound parameter '"phone"' of type '"System.String"'.
2025-07-09 15:45:52 [Debug] Attempting to bind parameter '"from"' of type '"System.Nullable`1[System.DateTime]"' ...
2025-07-09 15:45:52 [Debug] Attempting to bind parameter '"from"' of type '"System.Nullable`1[System.DateTime]"' using the name '""' in request data ...
2025-07-09 15:45:52 [Debug] Could not find a value in the request with name '""' for binding parameter '"from"' of type '"System.Nullable`1[System.DateTime]"'.
2025-07-09 15:45:52 [Debug] Done attempting to bind parameter '"from"' of type '"System.Nullable`1[System.DateTime]"'.
2025-07-09 15:45:52 [Debug] Done attempting to bind parameter '"from"' of type '"System.Nullable`1[System.DateTime]"'.
2025-07-09 15:45:52 [Debug] Attempting to validate the bound parameter '"from"' of type '"System.Nullable`1[System.DateTime]"' ...
2025-07-09 15:45:52 [Debug] Done attempting to validate the bound parameter '"from"' of type '"System.Nullable`1[System.DateTime]"'.
2025-07-09 15:45:52 [Debug] Attempting to bind parameter '"to"' of type '"System.Nullable`1[System.DateTime]"' ...
2025-07-09 15:45:52 [Debug] Attempting to bind parameter '"to"' of type '"System.Nullable`1[System.DateTime]"' using the name '""' in request data ...
2025-07-09 15:45:52 [Debug] Could not find a value in the request with name '""' for binding parameter '"to"' of type '"System.Nullable`1[System.DateTime]"'.
2025-07-09 15:45:52 [Debug] Done attempting to bind parameter '"to"' of type '"System.Nullable`1[System.DateTime]"'.
2025-07-09 15:45:52 [Debug] Done attempting to bind parameter '"to"' of type '"System.Nullable`1[System.DateTime]"'.
2025-07-09 15:45:52 [Debug] Attempting to validate the bound parameter '"to"' of type '"System.Nullable`1[System.DateTime]"' ...
2025-07-09 15:45:52 [Debug] Done attempting to validate the bound parameter '"to"' of type '"System.Nullable`1[System.DateTime]"'.
2025-07-09 15:45:52 [Debug] Entity Framework Core "9.0.5" initialized '"VSMContext"' using provider '"Npgsql.EntityFrameworkCore.PostgreSQL":"9.0.4+fd2380957bee5cd86f336466af36b08c0163f1a5"' with options: "None"
2025-07-09 15:45:52 [Debug] Creating DbConnection.
2025-07-09 15:45:52 [Debug] Created DbConnection. (0ms).
2025-07-09 15:45:52 [Debug] Opening connection to database '"VehicleServiceManagement"' on server '"tcp://localhost:5432"'.
2025-07-09 15:45:52 [Debug] Opened connection to database '"VehicleServiceManagement"' on server '"tcp://localhost:5432"'.
2025-07-09 15:45:52 [Debug] Creating DbCommand for '"ExecuteReader"'.
2025-07-09 15:45:52 [Debug] Created DbCommand for '"ExecuteReader"' (0ms).
2025-07-09 15:45:52 [Debug] Initialized DbCommand for '"ExecuteReader"' (0ms).
2025-07-09 15:45:52 [Debug] Executing DbCommand [Parameters=["@__phone_0='?'"], CommandType='Text', CommandTimeout='30']"
""SELECT count(*)::int
FROM \"Customers\" AS c
WHERE c.\"Phone\" = @__phone_0"
2025-07-09 15:45:52 [Information] Executed DbCommand ("185"ms) [Parameters=["@__phone_0='?'"], CommandType='Text', CommandTimeout='30']"
""SELECT count(*)::int
FROM \"Customers\" AS c
WHERE c.\"Phone\" = @__phone_0"
2025-07-09 15:45:52 [Debug] Closing data reader to '"VehicleServiceManagement"' on server '"tcp://localhost:5432"'.
2025-07-09 15:45:52 [Debug] A data reader for '"VehicleServiceManagement"' on server '"tcp://localhost:5432"' is being disposed after spending 0ms reading results.
2025-07-09 15:45:52 [Debug] Closing connection to database '"VehicleServiceManagement"' on server '"tcp://localhost:5432"'.
2025-07-09 15:45:52 [Debug] Closed connection to database '"VehicleServiceManagement"' on server '"tcp://localhost:5432"' (0ms).
2025-07-09 15:45:52 [Debug] Opening connection to database '"VehicleServiceManagement"' on server '"tcp://localhost:5432"'.
2025-07-09 15:45:52 [Debug] Opened connection to database '"VehicleServiceManagement"' on server '"tcp://localhost:5432"'.
2025-07-09 15:45:52 [Debug] Creating DbCommand for '"ExecuteReader"'.
2025-07-09 15:45:52 [Debug] Created DbCommand for '"ExecuteReader"' (0ms).
2025-07-09 15:45:52 [Debug] Initialized DbCommand for '"ExecuteReader"' (0ms).
2025-07-09 15:45:52 [Debug] Executing DbCommand [Parameters=["@__phone_0='?'"], CommandType='Text', CommandTimeout='30']"
""SELECT count(*)::int
FROM \"Customers\" AS c
WHERE c.\"Phone\" = @__phone_0 AND c.\"Status\" = 'Active'"
2025-07-09 15:45:52 [Information] Executed DbCommand ("2"ms) [Parameters=["@__phone_0='?'"], CommandType='Text', CommandTimeout='30']"
""SELECT count(*)::int
FROM \"Customers\" AS c
WHERE c.\"Phone\" = @__phone_0 AND c.\"Status\" = 'Active'"
2025-07-09 15:45:52 [Debug] Closing data reader to '"VehicleServiceManagement"' on server '"tcp://localhost:5432"'.
2025-07-09 15:45:52 [Debug] A data reader for '"VehicleServiceManagement"' on server '"tcp://localhost:5432"' is being disposed after spending 0ms reading results.
2025-07-09 15:45:52 [Debug] Closing connection to database '"VehicleServiceManagement"' on server '"tcp://localhost:5432"'.
2025-07-09 15:45:52 [Debug] Closed connection to database '"VehicleServiceManagement"' on server '"tcp://localhost:5432"' (0ms).
2025-07-09 15:45:52 [Debug] Opening connection to database '"VehicleServiceManagement"' on server '"tcp://localhost:5432"'.
2025-07-09 15:45:52 [Debug] Opened connection to database '"VehicleServiceManagement"' on server '"tcp://localhost:5432"'.
2025-07-09 15:45:52 [Debug] Creating DbCommand for '"ExecuteReader"'.
2025-07-09 15:45:52 [Debug] Created DbCommand for '"ExecuteReader"' (0ms).
2025-07-09 15:45:52 [Debug] Initialized DbCommand for '"ExecuteReader"' (0ms).
2025-07-09 15:45:52 [Debug] Executing DbCommand [Parameters=["@__phone_0='?'"], CommandType='Text', CommandTimeout='30']"
""SELECT count(*)::int
FROM \"Mechanics\" AS m
WHERE m.\"Phone\" = @__phone_0"
2025-07-09 15:45:52 [Information] Executed DbCommand ("2"ms) [Parameters=["@__phone_0='?'"], CommandType='Text', CommandTimeout='30']"
""SELECT count(*)::int
FROM \"Mechanics\" AS m
WHERE m.\"Phone\" = @__phone_0"
2025-07-09 15:45:52 [Debug] Closing data reader to '"VehicleServiceManagement"' on server '"tcp://localhost:5432"'.
2025-07-09 15:45:52 [Debug] A data reader for '"VehicleServiceManagement"' on server '"tcp://localhost:5432"' is being disposed after spending 0ms reading results.
2025-07-09 15:45:52 [Debug] Closing connection to database '"VehicleServiceManagement"' on server '"tcp://localhost:5432"'.
2025-07-09 15:45:52 [Debug] Closed connection to database '"VehicleServiceManagement"' on server '"tcp://localhost:5432"' (0ms).
2025-07-09 15:45:52 [Debug] Opening connection to database '"VehicleServiceManagement"' on server '"tcp://localhost:5432"'.
2025-07-09 15:45:52 [Debug] Opened connection to database '"VehicleServiceManagement"' on server '"tcp://localhost:5432"'.
2025-07-09 15:45:52 [Debug] Creating DbCommand for '"ExecuteReader"'.
2025-07-09 15:45:52 [Debug] Created DbCommand for '"ExecuteReader"' (0ms).
2025-07-09 15:45:52 [Debug] Initialized DbCommand for '"ExecuteReader"' (0ms).
2025-07-09 15:45:52 [Debug] Executing DbCommand [Parameters=["@__phone_0='?'"], CommandType='Text', CommandTimeout='30']"
""SELECT count(*)::int
FROM \"Mechanics\" AS m
WHERE m.\"Phone\" = @__phone_0 AND m.\"Status\" = 'Active'"
2025-07-09 15:45:53 [Information] Executed DbCommand ("2"ms) [Parameters=["@__phone_0='?'"], CommandType='Text', CommandTimeout='30']"
""SELECT count(*)::int
FROM \"Mechanics\" AS m
WHERE m.\"Phone\" = @__phone_0 AND m.\"Status\" = 'Active'"
2025-07-09 15:45:53 [Debug] Closing data reader to '"VehicleServiceManagement"' on server '"tcp://localhost:5432"'.
2025-07-09 15:45:53 [Debug] A data reader for '"VehicleServiceManagement"' on server '"tcp://localhost:5432"' is being disposed after spending 0ms reading results.
2025-07-09 15:45:53 [Debug] Closing connection to database '"VehicleServiceManagement"' on server '"tcp://localhost:5432"'.
2025-07-09 15:45:53 [Debug] Closed connection to database '"VehicleServiceManagement"' on server '"tcp://localhost:5432"' (0ms).
2025-07-09 15:45:53 [Debug] Opening connection to database '"VehicleServiceManagement"' on server '"tcp://localhost:5432"'.
2025-07-09 15:45:53 [Debug] Opened connection to database '"VehicleServiceManagement"' on server '"tcp://localhost:5432"'.
2025-07-09 15:45:53 [Debug] Creating DbCommand for '"ExecuteReader"'.
2025-07-09 15:45:53 [Debug] Created DbCommand for '"ExecuteReader"' (0ms).
2025-07-09 15:45:53 [Debug] Initialized DbCommand for '"ExecuteReader"' (0ms).
2025-07-09 15:45:53 [Debug] Executing DbCommand [Parameters=["@__phone_0='?'"], CommandType='Text', CommandTimeout='30']"
""SELECT count(*)::int
FROM \"Bookings\" AS b
INNER JOIN \"Customers\" AS c ON b.\"CustomerID\" = c.\"CustomerID\"
WHERE c.\"Phone\" = @__phone_0"
2025-07-09 15:45:53 [Information] Executed DbCommand ("1"ms) [Parameters=["@__phone_0='?'"], CommandType='Text', CommandTimeout='30']"
""SELECT count(*)::int
FROM \"Bookings\" AS b
INNER JOIN \"Customers\" AS c ON b.\"CustomerID\" = c.\"CustomerID\"
WHERE c.\"Phone\" = @__phone_0"
2025-07-09 15:45:53 [Debug] Closing data reader to '"VehicleServiceManagement"' on server '"tcp://localhost:5432"'.
2025-07-09 15:45:53 [Debug] A data reader for '"VehicleServiceManagement"' on server '"tcp://localhost:5432"' is being disposed after spending 0ms reading results.
2025-07-09 15:45:53 [Debug] Closing connection to database '"VehicleServiceManagement"' on server '"tcp://localhost:5432"'.
2025-07-09 15:45:53 [Debug] Closed connection to database '"VehicleServiceManagement"' on server '"tcp://localhost:5432"' (0ms).
2025-07-09 15:45:53 [Debug] Opening connection to database '"VehicleServiceManagement"' on server '"tcp://localhost:5432"'.
2025-07-09 15:45:53 [Debug] Opened connection to database '"VehicleServiceManagement"' on server '"tcp://localhost:5432"'.
2025-07-09 15:45:53 [Debug] Creating DbCommand for '"ExecuteReader"'.
2025-07-09 15:45:53 [Debug] Created DbCommand for '"ExecuteReader"' (0ms).
2025-07-09 15:45:53 [Debug] Initialized DbCommand for '"ExecuteReader"' (0ms).
2025-07-09 15:45:53 [Debug] Executing DbCommand [Parameters=["@__phone_0='?'"], CommandType='Text', CommandTimeout='30']"
""SELECT count(*)::int
FROM \"Bookings\" AS b
INNER JOIN \"Customers\" AS c ON b.\"CustomerID\" = c.\"CustomerID\"
WHERE c.\"Phone\" = @__phone_0 AND b.\"Status\" = 'Booked'"
2025-07-09 15:45:53 [Information] Executed DbCommand ("13"ms) [Parameters=["@__phone_0='?'"], CommandType='Text', CommandTimeout='30']"
""SELECT count(*)::int
FROM \"Bookings\" AS b
INNER JOIN \"Customers\" AS c ON b.\"CustomerID\" = c.\"CustomerID\"
WHERE c.\"Phone\" = @__phone_0 AND b.\"Status\" = 'Booked'"
2025-07-09 15:45:53 [Debug] Closing data reader to '"VehicleServiceManagement"' on server '"tcp://localhost:5432"'.
2025-07-09 15:45:53 [Debug] A data reader for '"VehicleServiceManagement"' on server '"tcp://localhost:5432"' is being disposed after spending 0ms reading results.
2025-07-09 15:45:53 [Debug] Closing connection to database '"VehicleServiceManagement"' on server '"tcp://localhost:5432"'.
2025-07-09 15:45:53 [Debug] Closed connection to database '"VehicleServiceManagement"' on server '"tcp://localhost:5432"' (0ms).
2025-07-09 15:45:53 [Debug] Opening connection to database '"VehicleServiceManagement"' on server '"tcp://localhost:5432"'.
2025-07-09 15:45:53 [Debug] Opened connection to database '"VehicleServiceManagement"' on server '"tcp://localhost:5432"'.
2025-07-09 15:45:53 [Debug] Creating DbCommand for '"ExecuteReader"'.
2025-07-09 15:45:53 [Debug] Created DbCommand for '"ExecuteReader"' (0ms).
2025-07-09 15:45:53 [Debug] Initialized DbCommand for '"ExecuteReader"' (0ms).
2025-07-09 15:45:53 [Debug] Executing DbCommand [Parameters=["@__phone_0='?'"], CommandType='Text', CommandTimeout='30']"
""SELECT count(*)::int
FROM \"Bookings\" AS b
INNER JOIN \"Customers\" AS c ON b.\"CustomerID\" = c.\"CustomerID\"
WHERE c.\"Phone\" = @__phone_0 AND b.\"Status\" = 'Cancelled'"
2025-07-09 15:45:53 [Information] Executed DbCommand ("1"ms) [Parameters=["@__phone_0='?'"], CommandType='Text', CommandTimeout='30']"
""SELECT count(*)::int
FROM \"Bookings\" AS b
INNER JOIN \"Customers\" AS c ON b.\"CustomerID\" = c.\"CustomerID\"
WHERE c.\"Phone\" = @__phone_0 AND b.\"Status\" = 'Cancelled'"
2025-07-09 15:45:53 [Debug] Closing data reader to '"VehicleServiceManagement"' on server '"tcp://localhost:5432"'.
2025-07-09 15:45:53 [Debug] A data reader for '"VehicleServiceManagement"' on server '"tcp://localhost:5432"' is being disposed after spending 0ms reading results.
2025-07-09 15:45:53 [Debug] Closing connection to database '"VehicleServiceManagement"' on server '"tcp://localhost:5432"'.
2025-07-09 15:45:53 [Debug] Closed connection to database '"VehicleServiceManagement"' on server '"tcp://localhost:5432"' (0ms).
2025-07-09 15:45:53 [Debug] Opening connection to database '"VehicleServiceManagement"' on server '"tcp://localhost:5432"'.
2025-07-09 15:45:53 [Debug] Opened connection to database '"VehicleServiceManagement"' on server '"tcp://localhost:5432"'.
2025-07-09 15:45:53 [Debug] Creating DbCommand for '"ExecuteReader"'.
2025-07-09 15:45:53 [Debug] Created DbCommand for '"ExecuteReader"' (0ms).
2025-07-09 15:45:53 [Debug] Initialized DbCommand for '"ExecuteReader"' (0ms).
2025-07-09 15:45:53 [Debug] Executing DbCommand [Parameters=["@__phone_0='?'"], CommandType='Text', CommandTimeout='30']"
""SELECT count(*)::int
FROM \"Bookings\" AS b
INNER JOIN \"Customers\" AS c ON b.\"CustomerID\" = c.\"CustomerID\"
WHERE c.\"Phone\" = @__phone_0 AND b.\"Status\" = 'Reviewed'"
2025-07-09 15:45:53 [Information] Executed DbCommand ("2"ms) [Parameters=["@__phone_0='?'"], CommandType='Text', CommandTimeout='30']"
""SELECT count(*)::int
FROM \"Bookings\" AS b
INNER JOIN \"Customers\" AS c ON b.\"CustomerID\" = c.\"CustomerID\"
WHERE c.\"Phone\" = @__phone_0 AND b.\"Status\" = 'Reviewed'"
2025-07-09 15:45:53 [Debug] Closing data reader to '"VehicleServiceManagement"' on server '"tcp://localhost:5432"'.
2025-07-09 15:45:53 [Debug] A data reader for '"VehicleServiceManagement"' on server '"tcp://localhost:5432"' is being disposed after spending 0ms reading results.
2025-07-09 15:45:53 [Debug] Closing connection to database '"VehicleServiceManagement"' on server '"tcp://localhost:5432"'.
2025-07-09 15:45:53 [Debug] Closed connection to database '"VehicleServiceManagement"' on server '"tcp://localhost:5432"' (0ms).
2025-07-09 15:45:53 [Debug] Opening connection to database '"VehicleServiceManagement"' on server '"tcp://localhost:5432"'.
2025-07-09 15:45:53 [Debug] Opened connection to database '"VehicleServiceManagement"' on server '"tcp://localhost:5432"'.
2025-07-09 15:45:53 [Debug] Creating DbCommand for '"ExecuteReader"'.
2025-07-09 15:45:53 [Debug] Created DbCommand for '"ExecuteReader"' (0ms).
2025-07-09 15:45:53 [Debug] Initialized DbCommand for '"ExecuteReader"' (0ms).
2025-07-09 15:45:53 [Debug] Executing DbCommand [Parameters=["@__phone_0='?'"], CommandType='Text', CommandTimeout='30']"
""SELECT count(*)::int
FROM \"Bills\" AS b
INNER JOIN \"serviceRecords\" AS s ON b.\"ServiceRecordID\" = s.\"ServiceRecordID\"
INNER JOIN \"Customers\" AS c ON s.\"CustomerID\" = c.\"CustomerID\"
INNER JOIN \"Mechanics\" AS m ON s.\"MechanicId\" = m.\"MechanicId\"
WHERE c.\"Phone\" = @__phone_0 OR m.\"Phone\" = @__phone_0"
2025-07-09 15:45:53 [Information] Executed DbCommand ("3"ms) [Parameters=["@__phone_0='?'"], CommandType='Text', CommandTimeout='30']"
""SELECT count(*)::int
FROM \"Bills\" AS b
INNER JOIN \"serviceRecords\" AS s ON b.\"ServiceRecordID\" = s.\"ServiceRecordID\"
INNER JOIN \"Customers\" AS c ON s.\"CustomerID\" = c.\"CustomerID\"
INNER JOIN \"Mechanics\" AS m ON s.\"MechanicId\" = m.\"MechanicId\"
WHERE c.\"Phone\" = @__phone_0 OR m.\"Phone\" = @__phone_0"
2025-07-09 15:45:53 [Debug] Closing data reader to '"VehicleServiceManagement"' on server '"tcp://localhost:5432"'.
2025-07-09 15:45:53 [Debug] A data reader for '"VehicleServiceManagement"' on server '"tcp://localhost:5432"' is being disposed after spending 0ms reading results.
2025-07-09 15:45:53 [Debug] Closing connection to database '"VehicleServiceManagement"' on server '"tcp://localhost:5432"'.
2025-07-09 15:45:53 [Debug] Closed connection to database '"VehicleServiceManagement"' on server '"tcp://localhost:5432"' (0ms).
2025-07-09 15:45:53 [Debug] Opening connection to database '"VehicleServiceManagement"' on server '"tcp://localhost:5432"'.
2025-07-09 15:45:53 [Debug] Opened connection to database '"VehicleServiceManagement"' on server '"tcp://localhost:5432"'.
2025-07-09 15:45:53 [Debug] Creating DbCommand for '"ExecuteReader"'.
2025-07-09 15:45:53 [Debug] Created DbCommand for '"ExecuteReader"' (0ms).
2025-07-09 15:45:53 [Debug] Initialized DbCommand for '"ExecuteReader"' (0ms).
2025-07-09 15:45:53 [Debug] Executing DbCommand [Parameters=["@__phone_0='?'"], CommandType='Text', CommandTimeout='30']"
""SELECT count(*)::int
FROM \"Bills\" AS b
INNER JOIN \"serviceRecords\" AS s ON b.\"ServiceRecordID\" = s.\"ServiceRecordID\"
INNER JOIN \"Customers\" AS c ON s.\"CustomerID\" = c.\"CustomerID\"
INNER JOIN \"Mechanics\" AS m ON s.\"MechanicId\" = m.\"MechanicId\"
WHERE (c.\"Phone\" = @__phone_0 OR m.\"Phone\" = @__phone_0) AND b.\"Status\" = 'Dispatched'"
2025-07-09 15:45:53 [Information] Executed DbCommand ("2"ms) [Parameters=["@__phone_0='?'"], CommandType='Text', CommandTimeout='30']"
""SELECT count(*)::int
FROM \"Bills\" AS b
INNER JOIN \"serviceRecords\" AS s ON b.\"ServiceRecordID\" = s.\"ServiceRecordID\"
INNER JOIN \"Customers\" AS c ON s.\"CustomerID\" = c.\"CustomerID\"
INNER JOIN \"Mechanics\" AS m ON s.\"MechanicId\" = m.\"MechanicId\"
WHERE (c.\"Phone\" = @__phone_0 OR m.\"Phone\" = @__phone_0) AND b.\"Status\" = 'Dispatched'"
2025-07-09 15:45:53 [Debug] Closing data reader to '"VehicleServiceManagement"' on server '"tcp://localhost:5432"'.
2025-07-09 15:45:53 [Debug] A data reader for '"VehicleServiceManagement"' on server '"tcp://localhost:5432"' is being disposed after spending 0ms reading results.
2025-07-09 15:45:53 [Debug] Closing connection to database '"VehicleServiceManagement"' on server '"tcp://localhost:5432"'.
2025-07-09 15:45:53 [Debug] Closed connection to database '"VehicleServiceManagement"' on server '"tcp://localhost:5432"' (0ms).
2025-07-09 15:45:53 [Debug] Opening connection to database '"VehicleServiceManagement"' on server '"tcp://localhost:5432"'.
2025-07-09 15:45:53 [Debug] Opened connection to database '"VehicleServiceManagement"' on server '"tcp://localhost:5432"'.
2025-07-09 15:45:53 [Debug] Creating DbCommand for '"ExecuteReader"'.
2025-07-09 15:45:53 [Debug] Created DbCommand for '"ExecuteReader"' (0ms).
2025-07-09 15:45:53 [Debug] Initialized DbCommand for '"ExecuteReader"' (0ms).
2025-07-09 15:45:53 [Debug] Executing DbCommand [Parameters=["@__phone_0='?'"], CommandType='Text', CommandTimeout='30']"
""SELECT count(*)::int
FROM \"Bills\" AS b
INNER JOIN \"serviceRecords\" AS s ON b.\"ServiceRecordID\" = s.\"ServiceRecordID\"
INNER JOIN \"Customers\" AS c ON s.\"CustomerID\" = c.\"CustomerID\"
INNER JOIN \"Mechanics\" AS m ON s.\"MechanicId\" = m.\"MechanicId\"
WHERE (c.\"Phone\" = @__phone_0 OR m.\"Phone\" = @__phone_0) AND b.\"Status\" = 'Approved'"
2025-07-09 15:45:53 [Information] Executed DbCommand ("2"ms) [Parameters=["@__phone_0='?'"], CommandType='Text', CommandTimeout='30']"
""SELECT count(*)::int
FROM \"Bills\" AS b
INNER JOIN \"serviceRecords\" AS s ON b.\"ServiceRecordID\" = s.\"ServiceRecordID\"
INNER JOIN \"Customers\" AS c ON s.\"CustomerID\" = c.\"CustomerID\"
INNER JOIN \"Mechanics\" AS m ON s.\"MechanicId\" = m.\"MechanicId\"
WHERE (c.\"Phone\" = @__phone_0 OR m.\"Phone\" = @__phone_0) AND b.\"Status\" = 'Approved'"
2025-07-09 15:45:53 [Debug] Closing data reader to '"VehicleServiceManagement"' on server '"tcp://localhost:5432"'.
2025-07-09 15:45:53 [Debug] A data reader for '"VehicleServiceManagement"' on server '"tcp://localhost:5432"' is being disposed after spending 0ms reading results.
2025-07-09 15:45:53 [Debug] Closing connection to database '"VehicleServiceManagement"' on server '"tcp://localhost:5432"'.
2025-07-09 15:45:53 [Debug] Closed connection to database '"VehicleServiceManagement"' on server '"tcp://localhost:5432"' (0ms).
2025-07-09 15:45:53 [Debug] Opening connection to database '"VehicleServiceManagement"' on server '"tcp://localhost:5432"'.
2025-07-09 15:45:53 [Debug] Opened connection to database '"VehicleServiceManagement"' on server '"tcp://localhost:5432"'.
2025-07-09 15:45:53 [Debug] Creating DbCommand for '"ExecuteReader"'.
2025-07-09 15:45:53 [Debug] Created DbCommand for '"ExecuteReader"' (0ms).
2025-07-09 15:45:53 [Debug] Initialized DbCommand for '"ExecuteReader"' (0ms).
2025-07-09 15:45:53 [Debug] Executing DbCommand [Parameters=["@__phone_0='?'"], CommandType='Text', CommandTimeout='30']"
""SELECT count(*)::int
FROM \"Bills\" AS b
INNER JOIN \"serviceRecords\" AS s ON b.\"ServiceRecordID\" = s.\"ServiceRecordID\"
INNER JOIN \"Customers\" AS c ON s.\"CustomerID\" = c.\"CustomerID\"
INNER JOIN \"Mechanics\" AS m ON s.\"MechanicId\" = m.\"MechanicId\"
WHERE (c.\"Phone\" = @__phone_0 OR m.\"Phone\" = @__phone_0) AND b.\"Status\" = 'Paid'"
2025-07-09 15:45:53 [Information] Executed DbCommand ("1"ms) [Parameters=["@__phone_0='?'"], CommandType='Text', CommandTimeout='30']"
""SELECT count(*)::int
FROM \"Bills\" AS b
INNER JOIN \"serviceRecords\" AS s ON b.\"ServiceRecordID\" = s.\"ServiceRecordID\"
INNER JOIN \"Customers\" AS c ON s.\"CustomerID\" = c.\"CustomerID\"
INNER JOIN \"Mechanics\" AS m ON s.\"MechanicId\" = m.\"MechanicId\"
WHERE (c.\"Phone\" = @__phone_0 OR m.\"Phone\" = @__phone_0) AND b.\"Status\" = 'Paid'"
2025-07-09 15:45:53 [Debug] Closing data reader to '"VehicleServiceManagement"' on server '"tcp://localhost:5432"'.
2025-07-09 15:45:53 [Debug] A data reader for '"VehicleServiceManagement"' on server '"tcp://localhost:5432"' is being disposed after spending 0ms reading results.
2025-07-09 15:45:53 [Debug] Closing connection to database '"VehicleServiceManagement"' on server '"tcp://localhost:5432"'.
2025-07-09 15:45:53 [Debug] Closed connection to database '"VehicleServiceManagement"' on server '"tcp://localhost:5432"' (0ms).
2025-07-09 15:45:53 [Debug] Opening connection to database '"VehicleServiceManagement"' on server '"tcp://localhost:5432"'.
2025-07-09 15:45:53 [Debug] Opened connection to database '"VehicleServiceManagement"' on server '"tcp://localhost:5432"'.
2025-07-09 15:45:53 [Debug] Creating DbCommand for '"ExecuteReader"'.
2025-07-09 15:45:53 [Debug] Created DbCommand for '"ExecuteReader"' (0ms).
2025-07-09 15:45:53 [Debug] Initialized DbCommand for '"ExecuteReader"' (0ms).
2025-07-09 15:45:53 [Debug] Executing DbCommand [Parameters=["@__phone_0='?'"], CommandType='Text', CommandTimeout='30']"
""SELECT count(*)::int
FROM \"serviceRecords\" AS s
INNER JOIN \"Customers\" AS c ON s.\"CustomerID\" = c.\"CustomerID\"
INNER JOIN \"Mechanics\" AS m ON s.\"MechanicId\" = m.\"MechanicId\"
WHERE c.\"Phone\" = @__phone_0 OR m.\"Phone\" = @__phone_0"
2025-07-09 15:45:53 [Information] Executed DbCommand ("1"ms) [Parameters=["@__phone_0='?'"], CommandType='Text', CommandTimeout='30']"
""SELECT count(*)::int
FROM \"serviceRecords\" AS s
INNER JOIN \"Customers\" AS c ON s.\"CustomerID\" = c.\"CustomerID\"
INNER JOIN \"Mechanics\" AS m ON s.\"MechanicId\" = m.\"MechanicId\"
WHERE c.\"Phone\" = @__phone_0 OR m.\"Phone\" = @__phone_0"
2025-07-09 15:45:53 [Debug] Closing data reader to '"VehicleServiceManagement"' on server '"tcp://localhost:5432"'.
2025-07-09 15:45:53 [Debug] A data reader for '"VehicleServiceManagement"' on server '"tcp://localhost:5432"' is being disposed after spending 0ms reading results.
2025-07-09 15:45:53 [Debug] Closing connection to database '"VehicleServiceManagement"' on server '"tcp://localhost:5432"'.
2025-07-09 15:45:53 [Debug] Closed connection to database '"VehicleServiceManagement"' on server '"tcp://localhost:5432"' (0ms).
2025-07-09 15:45:53 [Debug] Opening connection to database '"VehicleServiceManagement"' on server '"tcp://localhost:5432"'.
2025-07-09 15:45:53 [Debug] Opened connection to database '"VehicleServiceManagement"' on server '"tcp://localhost:5432"'.
2025-07-09 15:45:53 [Debug] Creating DbCommand for '"ExecuteReader"'.
2025-07-09 15:45:53 [Debug] Created DbCommand for '"ExecuteReader"' (0ms).
2025-07-09 15:45:53 [Debug] Initialized DbCommand for '"ExecuteReader"' (0ms).
2025-07-09 15:45:53 [Debug] Executing DbCommand [Parameters=["@__phone_0='?'"], CommandType='Text', CommandTimeout='30']"
""SELECT count(*)::int
FROM \"serviceRecords\" AS s
INNER JOIN \"Customers\" AS c ON s.\"CustomerID\" = c.\"CustomerID\"
INNER JOIN \"Mechanics\" AS m ON s.\"MechanicId\" = m.\"MechanicId\"
WHERE (c.\"Phone\" = @__phone_0 OR m.\"Phone\" = @__phone_0) AND s.\"Status\" = 'Active'"
2025-07-09 15:45:53 [Information] Executed DbCommand ("1"ms) [Parameters=["@__phone_0='?'"], CommandType='Text', CommandTimeout='30']"
""SELECT count(*)::int
FROM \"serviceRecords\" AS s
INNER JOIN \"Customers\" AS c ON s.\"CustomerID\" = c.\"CustomerID\"
INNER JOIN \"Mechanics\" AS m ON s.\"MechanicId\" = m.\"MechanicId\"
WHERE (c.\"Phone\" = @__phone_0 OR m.\"Phone\" = @__phone_0) AND s.\"Status\" = 'Active'"
2025-07-09 15:45:53 [Debug] Closing data reader to '"VehicleServiceManagement"' on server '"tcp://localhost:5432"'.
2025-07-09 15:45:53 [Debug] A data reader for '"VehicleServiceManagement"' on server '"tcp://localhost:5432"' is being disposed after spending 0ms reading results.
2025-07-09 15:45:53 [Debug] Closing connection to database '"VehicleServiceManagement"' on server '"tcp://localhost:5432"'.
2025-07-09 15:45:53 [Debug] Closed connection to database '"VehicleServiceManagement"' on server '"tcp://localhost:5432"' (0ms).
2025-07-09 15:45:53 [Debug] Opening connection to database '"VehicleServiceManagement"' on server '"tcp://localhost:5432"'.
2025-07-09 15:45:53 [Debug] Opened connection to database '"VehicleServiceManagement"' on server '"tcp://localhost:5432"'.
2025-07-09 15:45:53 [Debug] Creating DbCommand for '"ExecuteReader"'.
2025-07-09 15:45:53 [Debug] Created DbCommand for '"ExecuteReader"' (0ms).
2025-07-09 15:45:53 [Debug] Initialized DbCommand for '"ExecuteReader"' (0ms).
2025-07-09 15:45:53 [Debug] Executing DbCommand [Parameters=["@__phone_0='?'"], CommandType='Text', CommandTimeout='30']"
""SELECT count(*)::int
FROM \"serviceRecords\" AS s
INNER JOIN \"Customers\" AS c ON s.\"CustomerID\" = c.\"CustomerID\"
INNER JOIN \"Mechanics\" AS m ON s.\"MechanicId\" = m.\"MechanicId\"
WHERE (c.\"Phone\" = @__phone_0 OR m.\"Phone\" = @__phone_0) AND s.\"Status\" = 'Completed'"
2025-07-09 15:45:53 [Information] Executed DbCommand ("1"ms) [Parameters=["@__phone_0='?'"], CommandType='Text', CommandTimeout='30']"
""SELECT count(*)::int
FROM \"serviceRecords\" AS s
INNER JOIN \"Customers\" AS c ON s.\"CustomerID\" = c.\"CustomerID\"
INNER JOIN \"Mechanics\" AS m ON s.\"MechanicId\" = m.\"MechanicId\"
WHERE (c.\"Phone\" = @__phone_0 OR m.\"Phone\" = @__phone_0) AND s.\"Status\" = 'Completed'"
2025-07-09 15:45:53 [Debug] Closing data reader to '"VehicleServiceManagement"' on server '"tcp://localhost:5432"'.
2025-07-09 15:45:53 [Debug] A data reader for '"VehicleServiceManagement"' on server '"tcp://localhost:5432"' is being disposed after spending 0ms reading results.
2025-07-09 15:45:53 [Debug] Closing connection to database '"VehicleServiceManagement"' on server '"tcp://localhost:5432"'.
2025-07-09 15:45:53 [Debug] Closed connection to database '"VehicleServiceManagement"' on server '"tcp://localhost:5432"' (0ms).
2025-07-09 15:45:53 [Debug] Opening connection to database '"VehicleServiceManagement"' on server '"tcp://localhost:5432"'.
2025-07-09 15:45:53 [Debug] Opened connection to database '"VehicleServiceManagement"' on server '"tcp://localhost:5432"'.
2025-07-09 15:45:53 [Debug] Creating DbCommand for '"ExecuteReader"'.
2025-07-09 15:45:53 [Debug] Created DbCommand for '"ExecuteReader"' (0ms).
2025-07-09 15:45:53 [Debug] Initialized DbCommand for '"ExecuteReader"' (0ms).
2025-07-09 15:45:53 [Debug] Executing DbCommand [Parameters=["@__phone_0='?'"], CommandType='Text', CommandTimeout='30']"
""SELECT count(*)::int
FROM \"serviceRecords\" AS s
INNER JOIN \"Customers\" AS c ON s.\"CustomerID\" = c.\"CustomerID\"
INNER JOIN \"Mechanics\" AS m ON s.\"MechanicId\" = m.\"MechanicId\"
WHERE (c.\"Phone\" = @__phone_0 OR m.\"Phone\" = @__phone_0) AND s.\"Status\" = 'Aborted'"
2025-07-09 15:45:53 [Information] Executed DbCommand ("1"ms) [Parameters=["@__phone_0='?'"], CommandType='Text', CommandTimeout='30']"
""SELECT count(*)::int
FROM \"serviceRecords\" AS s
INNER JOIN \"Customers\" AS c ON s.\"CustomerID\" = c.\"CustomerID\"
INNER JOIN \"Mechanics\" AS m ON s.\"MechanicId\" = m.\"MechanicId\"
WHERE (c.\"Phone\" = @__phone_0 OR m.\"Phone\" = @__phone_0) AND s.\"Status\" = 'Aborted'"
2025-07-09 15:45:53 [Debug] Closing data reader to '"VehicleServiceManagement"' on server '"tcp://localhost:5432"'.
2025-07-09 15:45:53 [Debug] A data reader for '"VehicleServiceManagement"' on server '"tcp://localhost:5432"' is being disposed after spending 0ms reading results.
2025-07-09 15:45:53 [Debug] Closing connection to database '"VehicleServiceManagement"' on server '"tcp://localhost:5432"'.
2025-07-09 15:45:53 [Debug] Closed connection to database '"VehicleServiceManagement"' on server '"tcp://localhost:5432"' (0ms).
2025-07-09 15:45:53 [Debug] Opening connection to database '"VehicleServiceManagement"' on server '"tcp://localhost:5432"'.
2025-07-09 15:45:53 [Debug] Opened connection to database '"VehicleServiceManagement"' on server '"tcp://localhost:5432"'.
2025-07-09 15:45:53 [Debug] Creating DbCommand for '"ExecuteReader"'.
2025-07-09 15:45:53 [Debug] Created DbCommand for '"ExecuteReader"' (0ms).
2025-07-09 15:45:53 [Debug] Initialized DbCommand for '"ExecuteReader"' (0ms).
2025-07-09 15:45:53 [Debug] Executing DbCommand [Parameters=["@__phone_0='?'"], CommandType='Text', CommandTimeout='30']"
""SELECT c.\"Phone\", COALESCE(sum(b.\"Amount\"), 0) AS \"Total\"
FROM \"Bills\" AS b
INNER JOIN \"serviceRecords\" AS s ON b.\"ServiceRecordID\" = s.\"ServiceRecordID\"
INNER JOIN \"Customers\" AS c ON s.\"CustomerID\" = c.\"CustomerID\"
INNER JOIN \"Mechanics\" AS m ON s.\"MechanicId\" = m.\"MechanicId\"
WHERE c.\"Phone\" = @__phone_0 OR m.\"Phone\" = @__phone_0
GROUP BY c.\"Phone\""
2025-07-09 15:45:53 [Information] Executed DbCommand ("4"ms) [Parameters=["@__phone_0='?'"], CommandType='Text', CommandTimeout='30']"
""SELECT c.\"Phone\", COALESCE(sum(b.\"Amount\"), 0) AS \"Total\"
FROM \"Bills\" AS b
INNER JOIN \"serviceRecords\" AS s ON b.\"ServiceRecordID\" = s.\"ServiceRecordID\"
INNER JOIN \"Customers\" AS c ON s.\"CustomerID\" = c.\"CustomerID\"
INNER JOIN \"Mechanics\" AS m ON s.\"MechanicId\" = m.\"MechanicId\"
WHERE c.\"Phone\" = @__phone_0 OR m.\"Phone\" = @__phone_0
GROUP BY c.\"Phone\""
2025-07-09 15:45:53 [Debug] Closing data reader to '"VehicleServiceManagement"' on server '"tcp://localhost:5432"'.
2025-07-09 15:45:53 [Debug] A data reader for '"VehicleServiceManagement"' on server '"tcp://localhost:5432"' is being disposed after spending 1ms reading results.
2025-07-09 15:45:53 [Debug] Closing connection to database '"VehicleServiceManagement"' on server '"tcp://localhost:5432"'.
2025-07-09 15:45:53 [Debug] Closed connection to database '"VehicleServiceManagement"' on server '"tcp://localhost:5432"' (0ms).
2025-07-09 15:45:53 [Debug] Opening connection to database '"VehicleServiceManagement"' on server '"tcp://localhost:5432"'.
2025-07-09 15:45:53 [Debug] Opened connection to database '"VehicleServiceManagement"' on server '"tcp://localhost:5432"'.
2025-07-09 15:45:53 [Debug] Creating DbCommand for '"ExecuteReader"'.
2025-07-09 15:45:53 [Debug] Created DbCommand for '"ExecuteReader"' (0ms).
2025-07-09 15:45:53 [Debug] Initialized DbCommand for '"ExecuteReader"' (0ms).
2025-07-09 15:45:53 [Debug] Executing DbCommand [Parameters=["@__phone_0='?'"], CommandType='Text', CommandTimeout='30']"
""SELECT m.\"Phone\" AS \"MechanicPhone\", m.\"Name\" AS \"MechanicName\", count(*) FILTER (WHERE s.\"Status\" = 'Active')::int AS \"Active\", count(*) FILTER (WHERE s.\"Status\" = 'Completed')::int AS \"Completed\", count(*) FILTER (WHERE s.\"Status\" = 'Aborted')::int AS \"Aborted\"
FROM \"serviceRecords\" AS s
INNER JOIN \"Customers\" AS c ON s.\"CustomerID\" = c.\"CustomerID\"
INNER JOIN \"Mechanics\" AS m ON s.\"MechanicId\" = m.\"MechanicId\"
WHERE c.\"Phone\" = @__phone_0 OR m.\"Phone\" = @__phone_0
GROUP BY m.\"Phone\", m.\"Name\""
2025-07-09 15:45:53 [Information] Executed DbCommand ("1"ms) [Parameters=["@__phone_0='?'"], CommandType='Text', CommandTimeout='30']"
""SELECT m.\"Phone\" AS \"MechanicPhone\", m.\"Name\" AS \"MechanicName\", count(*) FILTER (WHERE s.\"Status\" = 'Active')::int AS \"Active\", count(*) FILTER (WHERE s.\"Status\" = 'Completed')::int AS \"Completed\", count(*) FILTER (WHERE s.\"Status\" = 'Aborted')::int AS \"Aborted\"
FROM \"serviceRecords\" AS s
INNER JOIN \"Customers\" AS c ON s.\"CustomerID\" = c.\"CustomerID\"
INNER JOIN \"Mechanics\" AS m ON s.\"MechanicId\" = m.\"MechanicId\"
WHERE c.\"Phone\" = @__phone_0 OR m.\"Phone\" = @__phone_0
GROUP BY m.\"Phone\", m.\"Name\""
2025-07-09 15:45:53 [Debug] Closing data reader to '"VehicleServiceManagement"' on server '"tcp://localhost:5432"'.
2025-07-09 15:45:53 [Debug] A data reader for '"VehicleServiceManagement"' on server '"tcp://localhost:5432"' is being disposed after spending 0ms reading results.
2025-07-09 15:45:53 [Debug] Closing connection to database '"VehicleServiceManagement"' on server '"tcp://localhost:5432"'.
2025-07-09 15:45:53 [Debug] Closed connection to database '"VehicleServiceManagement"' on server '"tcp://localhost:5432"' (0ms).
2025-07-09 15:45:53 [Debug] Opening connection to database '"VehicleServiceManagement"' on server '"tcp://localhost:5432"'.
2025-07-09 15:45:53 [Debug] Opened connection to database '"VehicleServiceManagement"' on server '"tcp://localhost:5432"'.
2025-07-09 15:45:53 [Debug] Creating DbCommand for '"ExecuteReader"'.
2025-07-09 15:45:53 [Debug] Created DbCommand for '"ExecuteReader"' (0ms).
2025-07-09 15:45:53 [Debug] Initialized DbCommand for '"ExecuteReader"' (0ms).
2025-07-09 15:45:53 [Debug] Executing DbCommand [Parameters=["@__phone_0='?'"], CommandType='Text', CommandTimeout='30']"
""SELECT s.\"Key\" AS \"Date\", count(*)::int AS \"Count\"
FROM (
    SELECT date_trunc('day', b.\"Slot\", 'UTC') AS \"Key\"
    FROM \"Bookings\" AS b
    INNER JOIN \"Customers\" AS c ON b.\"CustomerID\" = c.\"CustomerID\"
    WHERE c.\"Phone\" = @__phone_0
) AS s
GROUP BY s.\"Key\""
2025-07-09 15:45:53 [Information] Executed DbCommand ("5"ms) [Parameters=["@__phone_0='?'"], CommandType='Text', CommandTimeout='30']"
""SELECT s.\"Key\" AS \"Date\", count(*)::int AS \"Count\"
FROM (
    SELECT date_trunc('day', b.\"Slot\", 'UTC') AS \"Key\"
    FROM \"Bookings\" AS b
    INNER JOIN \"Customers\" AS c ON b.\"CustomerID\" = c.\"CustomerID\"
    WHERE c.\"Phone\" = @__phone_0
) AS s
GROUP BY s.\"Key\""
2025-07-09 15:45:53 [Debug] Closing data reader to '"VehicleServiceManagement"' on server '"tcp://localhost:5432"'.
2025-07-09 15:45:53 [Debug] A data reader for '"VehicleServiceManagement"' on server '"tcp://localhost:5432"' is being disposed after spending 0ms reading results.
2025-07-09 15:45:53 [Debug] Closing connection to database '"VehicleServiceManagement"' on server '"tcp://localhost:5432"'.
2025-07-09 15:45:53 [Debug] Closed connection to database '"VehicleServiceManagement"' on server '"tcp://localhost:5432"' (0ms).
2025-07-09 15:45:53 [Debug] Opening connection to database '"VehicleServiceManagement"' on server '"tcp://localhost:5432"'.
2025-07-09 15:45:53 [Debug] Opened connection to database '"VehicleServiceManagement"' on server '"tcp://localhost:5432"'.
2025-07-09 15:45:53 [Debug] Creating DbCommand for '"ExecuteReader"'.
2025-07-09 15:45:53 [Debug] Created DbCommand for '"ExecuteReader"' (0ms).
2025-07-09 15:45:53 [Debug] Initialized DbCommand for '"ExecuteReader"' (0ms).
2025-07-09 15:45:53 [Debug] Executing DbCommand [Parameters=["@__phone_0='?'"], CommandType='Text', CommandTimeout='30']"
""SELECT s0.\"Key\" AS \"Date\", count(*)::int AS \"Count\"
FROM (
    SELECT date_trunc('day', b.\"Slot\", 'UTC') AS \"Key\"
    FROM \"serviceRecords\" AS s
    INNER JOIN \"Customers\" AS c ON s.\"CustomerID\" = c.\"CustomerID\"
    INNER JOIN \"Mechanics\" AS m ON s.\"MechanicId\" = m.\"MechanicId\"
    INNER JOIN \"Bookings\" AS b ON s.\"BookingID\" = b.\"BookingID\"
    WHERE c.\"Phone\" = @__phone_0 OR m.\"Phone\" = @__phone_0
) AS s0
GROUP BY s0.\"Key\""
2025-07-09 15:45:53 [Information] Executed DbCommand ("1"ms) [Parameters=["@__phone_0='?'"], CommandType='Text', CommandTimeout='30']"
""SELECT s0.\"Key\" AS \"Date\", count(*)::int AS \"Count\"
FROM (
    SELECT date_trunc('day', b.\"Slot\", 'UTC') AS \"Key\"
    FROM \"serviceRecords\" AS s
    INNER JOIN \"Customers\" AS c ON s.\"CustomerID\" = c.\"CustomerID\"
    INNER JOIN \"Mechanics\" AS m ON s.\"MechanicId\" = m.\"MechanicId\"
    INNER JOIN \"Bookings\" AS b ON s.\"BookingID\" = b.\"BookingID\"
    WHERE c.\"Phone\" = @__phone_0 OR m.\"Phone\" = @__phone_0
) AS s0
GROUP BY s0.\"Key\""
2025-07-09 15:45:53 [Debug] Closing data reader to '"VehicleServiceManagement"' on server '"tcp://localhost:5432"'.
2025-07-09 15:45:53 [Debug] A data reader for '"VehicleServiceManagement"' on server '"tcp://localhost:5432"' is being disposed after spending 0ms reading results.
2025-07-09 15:45:53 [Debug] Closing connection to database '"VehicleServiceManagement"' on server '"tcp://localhost:5432"'.
2025-07-09 15:45:53 [Debug] Closed connection to database '"VehicleServiceManagement"' on server '"tcp://localhost:5432"' (0ms).
2025-07-09 15:45:53 [Debug] List of registered output formatters, in the following order: ["Microsoft.AspNetCore.Mvc.Formatters.HttpNoContentOutputFormatter", "Microsoft.AspNetCore.Mvc.Formatters.StringOutputFormatter", "Microsoft.AspNetCore.Mvc.Formatters.StreamOutputFormatter", "Microsoft.AspNetCore.Mvc.Formatters.SystemTextJsonOutputFormatter"]
2025-07-09 15:45:53 [Debug] No information found on request to perform content negotiation.
2025-07-09 15:45:53 [Debug] Attempting to select an output formatter without using a content type as no explicit content types were specified for the response.
2025-07-09 15:45:53 [Debug] Attempting to select the first formatter in the output formatters list which can write the result.
2025-07-09 15:45:53 [Debug] Selected output formatter '"Microsoft.AspNetCore.Mvc.Formatters.SystemTextJsonOutputFormatter"' and content type '"application/json"' to write the response.
2025-07-09 15:45:53 [Information] Executing "OkObjectResult", writing value of type '"DashboardAnalyticsDto"'.
2025-07-09 15:45:53 [Information] Executed action "AnalyticsController.GetDashboardStats (VehicleServiceManagement)" in 315.2317ms
2025-07-09 15:45:53 [Information] Executed endpoint '"AnalyticsController.GetDashboardStats (VehicleServiceManagement)"'
2025-07-09 15:45:53 [Debug] '"VSMContext"' disposed.
2025-07-09 15:45:53 [Debug] Disposing connection to database '"VehicleServiceManagement"' on server '"tcp://localhost:5432"'.
2025-07-09 15:45:53 [Debug] Disposed connection to database '"VehicleServiceManagement"' on server '"tcp://localhost:5432"' (0ms).
2025-07-09 15:45:53 [Information] Request finished "HTTP/2" "GET" "https"://"localhost:7176""""/api/v1/Analytics/dashboard""?phone=9876764321" - 200 null "application/json; charset=utf-8" 325.5522ms
2025-07-09 15:48:05 [Debug] Connection id ""0HNDT5KQ2F82L"" is closing.
2025-07-09 15:48:05 [Debug] Connection id ""0HNDT5KQ2F82L"" is closed. The last processed stream ID was 15.
2025-07-09 15:48:05 [Debug] Connection id ""0HNDT5KQ2F82L"" received FIN.
2025-07-09 15:48:05 [Debug] Connection id ""0HNDT5KQ2F82L"" sending FIN because: ""The Socket transport's send loop completed gracefully.""
2025-07-09 15:48:05 [Debug] The connection queue processing loop for "0HNDT5KQ2F82L" completed.
2025-07-09 15:48:05 [Debug] Connection id ""0HNDT5KQ2F82L"" stopped.
