2025-07-11 11:09:04 [Information] Application is shutting down...
2025-07-11 11:09:04 [Debug] Hosting stopping
2025-07-11 11:09:04 [Debug] Hosting stopped
2025-07-11 11:28:32 [Debug] Registered SignalR Protocol: "json", implemented by "Microsoft.AspNetCore.SignalR.Protocol.JsonHubProtocol".
2025-07-11 11:28:32 [Debug] Registered model binder providers, in the following order: ["Microsoft.AspNetCore.Mvc.Versioning.ApiVersionModelBinderProvider", "Microsoft.AspNetCore.Mvc.ModelBinding.Binders.BinderTypeModelBinderProvider", "Microsoft.AspNetCore.Mvc.ModelBinding.Binders.ServicesModelBinderProvider", "Microsoft.AspNetCore.Mvc.ModelBinding.Binders.BodyModelBinderProvider", "Microsoft.AspNetCore.Mvc.ModelBinding.Binders.HeaderModelBinderProvider", "Microsoft.AspNetCore.Mvc.ModelBinding.Binders.FloatingPointTypeModelBinderProvider", "Microsoft.AspNetCore.Mvc.ModelBinding.Binders.EnumTypeModelBinderProvider", "Microsoft.AspNetCore.Mvc.ModelBinding.Binders.DateTimeModelBinderProvider", "Microsoft.AspNetCore.Mvc.ModelBinding.Binders.SimpleTypeModelBinderProvider", "Microsoft.AspNetCore.Mvc.ModelBinding.Binders.TryParseModelBinderProvider", "Microsoft.AspNetCore.Mvc.ModelBinding.Binders.CancellationTokenModelBinderProvider", "Microsoft.AspNetCore.Mvc.ModelBinding.Binders.ByteArrayModelBinderProvider", "Microsoft.AspNetCore.Mvc.ModelBinding.Binders.FormFileModelBinderProvider", "Microsoft.AspNetCore.Mvc.ModelBinding.Binders.FormCollectionModelBinderProvider", "Microsoft.AspNetCore.Mvc.ModelBinding.Binders.KeyValuePairModelBinderProvider", "Microsoft.AspNetCore.Mvc.ModelBinding.Binders.DictionaryModelBinderProvider", "Microsoft.AspNetCore.Mvc.ModelBinding.Binders.ArrayModelBinderProvider", "Microsoft.AspNetCore.Mvc.ModelBinding.Binders.CollectionModelBinderProvider", "Microsoft.AspNetCore.Mvc.ModelBinding.Binders.ComplexObjectModelBinderProvider"]
2025-07-11 11:28:32 [Debug] Hosting starting
2025-07-11 11:28:32 [Information] User profile is available. Using '"/Users/presidio/.aspnet/DataProtection-Keys"' as key repository; keys will not be encrypted at rest.
2025-07-11 11:28:32 [Debug] Reading data from file '"/Users/presidio/.aspnet/DataProtection-Keys/key-cf15f4e9-0e1e-4dd8-9046-30896a9bd09a.xml"'.
2025-07-11 11:28:32 [Debug] Found key {cf15f4e9-0e1e-4dd8-9046-30896a9bd09a}.
2025-07-11 11:28:32 [Debug] Considering key {cf15f4e9-0e1e-4dd8-9046-30896a9bd09a} with expiration date 2025-09-19 13:23:33Z as default key.
2025-07-11 11:28:32 [Debug] Forwarded activator type request from "Microsoft.AspNetCore.DataProtection.AuthenticatedEncryption.ConfigurationModel.AuthenticatedEncryptorDescriptorDeserializer, Microsoft.AspNetCore.DataProtection, Version=9.0.0.0, Culture=neutral, PublicKeyToken=adb9793829ddae60" to "Microsoft.AspNetCore.DataProtection.AuthenticatedEncryption.ConfigurationModel.AuthenticatedEncryptorDescriptorDeserializer, Microsoft.AspNetCore.DataProtection, Culture=neutral, PublicKeyToken=adb9793829ddae60"
2025-07-11 11:28:32 [Debug] Using managed symmetric algorithm '"System.Security.Cryptography.Aes"'.
2025-07-11 11:28:32 [Debug] Using managed keyed hash algorithm '"System.Security.Cryptography.HMACSHA256"'.
2025-07-11 11:28:32 [Debug] Using key {cf15f4e9-0e1e-4dd8-9046-30896a9bd09a} as the default key.
2025-07-11 11:28:32 [Debug] Key ring with default key {cf15f4e9-0e1e-4dd8-9046-30896a9bd09a} was loaded during application startup.
2025-07-11 11:28:32 [Debug] Middleware configuration started with options: "{AllowedHosts = *, AllowEmptyHosts = True, IncludeFailureMessage = True}"
2025-07-11 11:28:32 [Debug] Wildcard detected, all requests with hosts will be allowed.
2025-07-11 11:28:32 [Information] Now listening on: "https://localhost:7176"
2025-07-11 11:28:32 [Information] Now listening on: "http://localhost:5154"
2025-07-11 11:28:32 [Debug] Loaded hosting startup assembly "VehicleServiceManagement"
2025-07-11 11:28:32 [Information] Application started. Press Ctrl+C to shut down.
2025-07-11 11:28:32 [Information] Hosting environment: "Development"
2025-07-11 11:28:32 [Information] Content root path: "/Users/presidio/Desktop/Genspark/MiniProject/VehicleServiceManagement"
2025-07-11 11:28:32 [Debug] Hosting started
2025-07-11 11:29:18 [Debug] Connection id ""0HNE0809ES56D"" accepted.
2025-07-11 11:29:18 [Debug] Connection id ""0HNE0809ES56E"" accepted.
2025-07-11 11:29:18 [Debug] Connection id ""0HNE0809ES56D"" started.
2025-07-11 11:29:18 [Debug] Connection id ""0HNE0809ES56E"" started.
2025-07-11 11:29:18 [Debug] Connection "0HNE0809ES56D" established using the following protocol: Tls12
2025-07-11 11:29:18 [Debug] Connection "0HNE0809ES56E" established using the following protocol: Tls12
2025-07-11 11:29:18 [Information] Request starting "HTTP/2" "GET" "https"://"localhost:7176""""/swagger/index.html""" - null null
2025-07-11 11:29:18 [Debug] No candidates found for the request path '"/swagger/index.html"'
2025-07-11 11:29:18 [Debug] Request did not match any endpoints
2025-07-11 11:29:18 [Debug] AuthenticationScheme: "Bearer" was not authenticated.
2025-07-11 11:29:18 [Information] Request finished "HTTP/2" "GET" "https"://"localhost:7176""""/swagger/index.html""" - 200 null "text/html;charset=utf-8" 151.8758ms
2025-07-11 11:29:18 [Information] Request starting "HTTP/2" "GET" "https"://"localhost:7176""""/swagger/swagger-ui.css""" - null null
2025-07-11 11:29:18 [Information] Request starting "HTTP/2" "GET" "https"://"localhost:7176""""/swagger/swagger-ui-standalone-preset.js""" - null null
2025-07-11 11:29:18 [Information] Request starting "HTTP/2" "GET" "https"://"localhost:7176""""/swagger/swagger-ui-bundle.js""" - null null
2025-07-11 11:29:18 [Information] Request starting "HTTP/2" "GET" "https"://"localhost:7176""""/swagger/index.css""" - null null
2025-07-11 11:29:18 [Information] Request starting "HTTP/2" "GET" "https"://"localhost:7176""""/swagger/index.js""" - null null
2025-07-11 11:29:18 [Debug] No candidates found for the request path '"/swagger/swagger-ui.css"'
2025-07-11 11:29:18 [Debug] No candidates found for the request path '"/swagger/swagger-ui-bundle.js"'
2025-07-11 11:29:18 [Debug] No candidates found for the request path '"/swagger/swagger-ui-standalone-preset.js"'
2025-07-11 11:29:18 [Debug] No candidates found for the request path '"/swagger/index.js"'
2025-07-11 11:29:18 [Debug] Request did not match any endpoints
2025-07-11 11:29:18 [Debug] No candidates found for the request path '"/swagger/index.css"'
2025-07-11 11:29:18 [Debug] Request did not match any endpoints
2025-07-11 11:29:18 [Debug] Request did not match any endpoints
2025-07-11 11:29:18 [Debug] Request did not match any endpoints
2025-07-11 11:29:18 [Debug] Request did not match any endpoints
2025-07-11 11:29:18 [Debug] AuthenticationScheme: "Bearer" was not authenticated.
2025-07-11 11:29:18 [Debug] AuthenticationScheme: "Bearer" was not authenticated.
2025-07-11 11:29:18 [Debug] AuthenticationScheme: "Bearer" was not authenticated.
2025-07-11 11:29:18 [Debug] AuthenticationScheme: "Bearer" was not authenticated.
2025-07-11 11:29:18 [Debug] AuthenticationScheme: "Bearer" was not authenticated.
2025-07-11 11:29:18 [Information] Request finished "HTTP/2" "GET" "https"://"localhost:7176""""/swagger/index.js""" - 200 null "application/javascript;charset=utf-8" 4.5734ms
2025-07-11 11:29:18 [Information] Sending file. Request path: '"/index.css"'. Physical path: '"N/A"'
2025-07-11 11:29:18 [Information] Request finished "HTTP/2" "GET" "https"://"localhost:7176""""/swagger/index.css""" - 200 202 "text/css" 14.1363ms
2025-07-11 11:29:18 [Information] Sending file. Request path: '"/swagger-ui-standalone-preset.js"'. Physical path: '"N/A"'
2025-07-11 11:29:18 [Information] Sending file. Request path: '"/swagger-ui.css"'. Physical path: '"N/A"'
2025-07-11 11:29:18 [Information] Request finished "HTTP/2" "GET" "https"://"localhost:7176""""/swagger/swagger-ui-standalone-preset.js""" - 200 229223 "text/javascript" 35.0594ms
2025-07-11 11:29:18 [Information] Request finished "HTTP/2" "GET" "https"://"localhost:7176""""/swagger/swagger-ui.css""" - 200 154949 "text/css" 35.7229ms
2025-07-11 11:29:18 [Information] Sending file. Request path: '"/swagger-ui-bundle.js"'. Physical path: '"N/A"'
2025-07-11 11:29:18 [Information] Request finished "HTTP/2" "GET" "https"://"localhost:7176""""/swagger/swagger-ui-bundle.js""" - 200 1484234 "text/javascript" 41.1657ms
2025-07-11 11:29:18 [Information] Request starting "HTTP/2" "GET" "https"://"localhost:7176""""/swagger/v1/swagger.json""" - null null
2025-07-11 11:29:18 [Debug] No candidates found for the request path '"/swagger/v1/swagger.json"'
2025-07-11 11:29:18 [Debug] Request did not match any endpoints
2025-07-11 11:29:18 [Debug] AuthenticationScheme: "Bearer" was not authenticated.
2025-07-11 11:29:18 [Debug] Executing API description provider '"EndpointMetadataApiDescriptionProvider"' from assembly "Microsoft.AspNetCore.Mvc.ApiExplorer" v"9.0.0.0".
2025-07-11 11:29:18 [Debug] Executing API description provider '"DefaultApiDescriptionProvider"' from assembly "Microsoft.AspNetCore.Mvc.ApiExplorer" v"9.0.0.0".
2025-07-11 11:29:18 [Information] Request starting "HTTP/2" "GET" "https"://"localhost:7176""""/swagger/favicon-32x32.png""" - null null
2025-07-11 11:29:18 [Debug] No candidates found for the request path '"/swagger/favicon-32x32.png"'
2025-07-11 11:29:18 [Debug] Request did not match any endpoints
2025-07-11 11:29:18 [Debug] AuthenticationScheme: "Bearer" was not authenticated.
2025-07-11 11:29:18 [Information] Sending file. Request path: '"/favicon-32x32.png"'. Physical path: '"N/A"'
2025-07-11 11:29:18 [Information] Request finished "HTTP/2" "GET" "https"://"localhost:7176""""/swagger/favicon-32x32.png""" - 200 628 "image/png" 0.5612ms
2025-07-11 11:29:19 [Information] Request finished "HTTP/2" "GET" "https"://"localhost:7176""""/swagger/v1/swagger.json""" - 200 null "application/json;charset=utf-8" 212.3509ms
2025-07-11 11:29:52 [Information] Request starting "HTTP/2" "POST" "https"://"localhost:7176""""/api/v1/Authentication/login""" - "application/json" 57
2025-07-11 11:29:52 [Debug] 1 candidate(s) found for the request path '"/api/v1/Authentication/login"'
2025-07-11 11:29:52 [Debug] Endpoint '"VSM.Controllers.AuthenticationController.Login (VehicleServiceManagement)"' with route pattern '"api/v{version:apiVersion}/Authentication/login"' is valid for the request path '"/api/v1/Authentication/login"'
2025-07-11 11:29:52 [Debug] Request matched endpoint '"VSM.Controllers.AuthenticationController.Login (VehicleServiceManagement)"'
2025-07-11 11:29:52 [Debug] AuthenticationScheme: "Bearer" was not authenticated.
2025-07-11 11:29:52 [Debug] Static files was skipped as the request already matched an endpoint.
2025-07-11 11:29:52 [Debug] Static files was skipped as the request already matched an endpoint.
2025-07-11 11:29:52 [Debug] The request has an origin header: '"https://localhost:7176"'.
2025-07-11 11:29:52 [Information] CORS policy execution failed.
2025-07-11 11:29:52 [Information] Request origin "https://localhost:7176" does not have permission to access the resource.
2025-07-11 11:29:52 [Information] Executing endpoint '"VSM.Controllers.AuthenticationController.Login (VehicleServiceManagement)"'
2025-07-11 11:29:52 [Information] Route matched with "{action = \"Login\", controller = \"Authentication\"}". Executing controller action with signature "System.Threading.Tasks.Task`1[Microsoft.AspNetCore.Mvc.ActionResult`1[VSM.DTO.UserLoginResponse]] Login(VSM.DTO.UserLoginRequest)" on controller "VSM.Controllers.AuthenticationController" ("VehicleServiceManagement").
2025-07-11 11:29:52 [Debug] Execution plan of "authorization" filters (in the following order): ["None"]
2025-07-11 11:29:52 [Debug] Execution plan of "resource" filters (in the following order): ["None"]
2025-07-11 11:29:52 [Debug] Execution plan of "action" filters (in the following order): ["Microsoft.AspNetCore.Mvc.ModelBinding.UnsupportedContentTypeFilter (Order: -3000)", "Microsoft.AspNetCore.Mvc.Infrastructure.ModelStateInvalidFilter (Order: -2000)", "Microsoft.AspNetCore.Mvc.ReportApiVersionsAttribute (Order: 0)"]
2025-07-11 11:29:52 [Debug] Execution plan of "exception" filters (in the following order): ["None"]
2025-07-11 11:29:52 [Debug] Execution plan of "result" filters (in the following order): ["Microsoft.AspNetCore.Mvc.Infrastructure.ClientErrorResultFilter (Order: -2000)", "Microsoft.AspNetCore.Mvc.ReportApiVersionsAttribute (Order: 0)"]
2025-07-11 11:29:52 [Debug] Executing controller factory for controller "VSM.Controllers.AuthenticationController" ("VehicleServiceManagement")
2025-07-11 11:29:52 [Debug] An 'IServiceProvider' was created for internal use by Entity Framework.
2025-07-11 11:29:52 [Debug] Executed controller factory for controller "VSM.Controllers.AuthenticationController" ("VehicleServiceManagement")
2025-07-11 11:29:52 [Debug] Attempting to bind parameter '"request"' of type '"VSM.DTO.UserLoginRequest"' ...
2025-07-11 11:29:52 [Debug] Attempting to bind parameter '"request"' of type '"VSM.DTO.UserLoginRequest"' using the name '""' in request data ...
2025-07-11 11:29:52 [Debug] Selected input formatter '"Microsoft.AspNetCore.Mvc.Formatters.SystemTextJsonInputFormatter"' for content type '"application/json"'.
2025-07-11 11:29:52 [Debug] Connection id ""0HNE0809ES56D"", Request id ""0HNE0809ES56D:00000011"": started reading request body.
2025-07-11 11:29:52 [Debug] Connection id ""0HNE0809ES56D"", Request id ""0HNE0809ES56D:00000011"": done reading request body.
2025-07-11 11:29:52 [Debug] JSON input formatter succeeded, deserializing to type '"VSM.DTO.UserLoginRequest"'
2025-07-11 11:29:52 [Debug] Done attempting to bind parameter '"request"' of type '"VSM.DTO.UserLoginRequest"'.
2025-07-11 11:29:52 [Debug] Done attempting to bind parameter '"request"' of type '"VSM.DTO.UserLoginRequest"'.
2025-07-11 11:29:52 [Debug] Attempting to validate the bound parameter '"request"' of type '"VSM.DTO.UserLoginRequest"' ...
2025-07-11 11:29:52 [Debug] Done attempting to validate the bound parameter '"request"' of type '"VSM.DTO.UserLoginRequest"'.
2025-07-11 11:29:52 [Debug] The index "{'ServiceCategoriesCategoryID'}" was not created on entity type '"ServiceServiceCategory (Dictionary<string, object>)"' as the properties are already covered by the index "{'ServiceCategoriesCategoryID', 'ServicesServiceID'}".
2025-07-11 11:29:53 [Debug] Entity Framework Core "9.0.5" initialized '"VSMContext"' using provider '"Npgsql.EntityFrameworkCore.PostgreSQL":"9.0.4+fd2380957bee5cd86f336466af36b08c0163f1a5"' with options: "None"
2025-07-11 11:29:53 [Debug] Compiling query expression: "
"'"DbSet<User>()
    .SingleOrDefault(u => u.Email == __key_0)"'
2025-07-11 11:29:53 [Debug] Generated query execution expression: "
"'"queryContext => ShapedQueryCompilingExpressionVisitor.SingleOrDefaultAsync<User>(
    asyncEnumerable: SingleQueryingEnumerable.Create<User>(
        relationalQueryContext: (RelationalQueryContext)queryContext, 
        relationalCommandResolver: parameters => [LIFTABLE Constant: RelationalCommandCache.QueryExpression(
            Projection Mapping:
                EmptyProjectionMember -> Dictionary<IProperty, int> { [Property: User.Email (string) Required PK AfterSave:Throw, 0], [Property: User.HashKey (byte[]), 1], [Property: User.IsActive (bool) Required, 2], [Property: User.Password (byte[]), 3], [Property: User.RefreshToken (string), 4], [Property: User.Role (string) Required, 5], [Property: User.TTL (DateTime) Required, 6] }
            SELECT TOP(2) u.Email, u.HashKey, u.IsActive, u.Password, u.RefreshToken, u.Role, u.TTL
            FROM Users AS u
            WHERE u.Email == @__key_0) | Resolver: c => new RelationalCommandCache(
            c.Dependencies.MemoryCache, 
            c.RelationalDependencies.QuerySqlGeneratorFactory, 
            c.RelationalDependencies.RelationalParameterBasedSqlProcessorFactory, 
            Projection Mapping:
                EmptyProjectionMember -> Dictionary<IProperty, int> { [Property: User.Email (string) Required PK AfterSave:Throw, 0], [Property: User.HashKey (byte[]), 1], [Property: User.IsActive (bool) Required, 2], [Property: User.Password (byte[]), 3], [Property: User.RefreshToken (string), 4], [Property: User.Role (string) Required, 5], [Property: User.TTL (DateTime) Required, 6] }
            SELECT TOP(2) u.Email, u.HashKey, u.IsActive, u.Password, u.RefreshToken, u.Role, u.TTL
            FROM Users AS u
            WHERE u.Email == @__key_0, 
            False, 
            new HashSet<string>(
                new string[]{ }, 
                StringComparer.Ordinal
            )
        )].GetRelationalCommandTemplate(parameters), 
        readerColumns: null, 
        shaper: (queryContext, dataReader, resultContext, resultCoordinator) => 
        {
            User entity;
            entity = 
            {
                MaterializationContext materializationContext1;
                IEntityType entityType1;
                User instance1;
                InternalEntityEntry entry1;
                bool hasNullKey1;
                materializationContext1 = new MaterializationContext(
                    [LIFTABLE Constant: ValueBuffer | Resolver: _ => (object)ValueBuffer.Empty], 
                    queryContext.Context
                );
                instance1 = default(User);
                entry1 = queryContext.TryGetEntry(
                    key: [LIFTABLE Constant: Key: User.Email PK | Resolver: c => c.Dependencies.Model.FindEntityType(\"VSM.Models.User\").FindPrimaryKey()], 
                    keyValues: new object[]{ (object)dataReader.GetString(0) }, 
                    throwOnNullKey: True, 
                    hasNullKey: hasNullKey1);
                !(hasNullKey1) ? entry1 != default(InternalEntityEntry) ? 
                {
                    entityType1 = entry1.EntityType;
                    return instance1 = (User)entry1.Entity;
                } : 
                {
                    ISnapshot shadowSnapshot1;
                    shadowSnapshot1 = [LIFTABLE Constant: Snapshot | Resolver: _ => Snapshot.Empty];
                    entityType1 = [LIFTABLE Constant: EntityType: User | Resolver: namelessParameter{0} => namelessParameter{0}.Dependencies.Model.FindEntityType(\"VSM.Models.User\")];
                    instance1 = switch (entityType1)
                    {
                        case [LIFTABLE Constant: EntityType: User | Resolver: namelessParameter{1} => namelessParameter{1}.Dependencies.Model.FindEntityType(\"VSM.Models.User\")]: 
                            {
                                return 
                                {
                                    User instance;
                                    instance = new User();
                                    instance.<Email>k__BackingField = dataReader.GetString(0);
                                    instance.<HashKey>k__BackingField = dataReader.IsDBNull(1) ? default(byte[]) : dataReader.GetFieldValue<byte[]>(1);
                                    instance.<IsActive>k__BackingField = dataReader.GetBoolean(2);
                                    instance.<Password>k__BackingField = dataReader.IsDBNull(3) ? default(byte[]) : dataReader.GetFieldValue<byte[]>(3);
                                    instance.<RefreshToken>k__BackingField = dataReader.IsDBNull(4) ? default(string) : dataReader.GetString(4);
                                    instance.<Role>k__BackingField = dataReader.GetString(5);
                                    instance.<TTL>k__BackingField = dataReader.GetDateTime(6);
                                    (instance is IInjectableService) ? ((IInjectableService)instance).Injected(
                                        context: materializationContext1.Context, 
                                        entity: instance, 
                                        queryTrackingBehavior: TrackAll, 
                                        structuralType: [LIFTABLE Constant: EntityType: User | Resolver: namelessParameter{2} => namelessParameter{2}.Dependencies.Model.FindEntityType(\"VSM.Models.User\")]) : default(void);
                                    return instance;
                                }}
                        default: 
                            default(User)
                    }
                    ;
                    entry1 = entityType1 == default(IEntityType) ? default(InternalEntityEntry) : queryContext.StartTracking(
                        entityType: entityType1, 
                        entity: instance1, 
                        snapshot: shadowSnapshot1);
                    return instance1;
                } : default(void);
                return instance1;
            };
            return entity;
        }, 
        contextType: VSM.Contexts.VSMContext, 
        standAloneStateManager: False, 
        detailedErrorsEnabled: False, 
        threadSafetyChecksEnabled: True), 
    cancellationToken: queryContext.CancellationToken)"'
2025-07-11 11:29:53 [Debug] Creating DbConnection.
2025-07-11 11:29:53 [Debug] Created DbConnection. (30ms).
2025-07-11 11:29:53 [Debug] Opening connection to database '"VehicleServiceManagement"' on server '"tcp://localhost:5432"'.
2025-07-11 11:29:53 [Debug] Opened connection to database '"VehicleServiceManagement"' on server '"tcp://localhost:5432"'.
2025-07-11 11:29:53 [Debug] Creating DbCommand for '"ExecuteReader"'.
2025-07-11 11:29:53 [Debug] Created DbCommand for '"ExecuteReader"' (2ms).
2025-07-11 11:29:53 [Debug] Initialized DbCommand for '"ExecuteReader"' (10ms).
2025-07-11 11:29:53 [Debug] Executing DbCommand [Parameters=["@__key_0='?'"], CommandType='Text', CommandTimeout='30']"
""SELECT u.\"Email\", u.\"HashKey\", u.\"IsActive\", u.\"Password\", u.\"RefreshToken\", u.\"Role\", u.\"TTL\"
FROM \"Users\" AS u
WHERE u.\"Email\" = @__key_0
LIMIT 2"
2025-07-11 11:29:53 [Information] Executed DbCommand ("66"ms) [Parameters=["@__key_0='?'"], CommandType='Text', CommandTimeout='30']"
""SELECT u.\"Email\", u.\"HashKey\", u.\"IsActive\", u.\"Password\", u.\"RefreshToken\", u.\"Role\", u.\"TTL\"
FROM \"Users\" AS u
WHERE u.\"Email\" = @__key_0
LIMIT 2"
2025-07-11 11:29:53 [Debug] Context '"VSMContext"' started tracking '"User"' entity. Consider using 'DbContextOptionsBuilder.EnableSensitiveDataLogging' to see key values.
2025-07-11 11:29:53 [Debug] Closing data reader to '"VehicleServiceManagement"' on server '"tcp://localhost:5432"'.
2025-07-11 11:29:54 [Debug] A data reader for '"VehicleServiceManagement"' on server '"tcp://localhost:5432"' is being disposed after spending 78ms reading results.
2025-07-11 11:29:54 [Debug] Closing connection to database '"VehicleServiceManagement"' on server '"tcp://localhost:5432"'.
2025-07-11 11:29:54 [Debug] Closed connection to database '"VehicleServiceManagement"' on server '"tcp://localhost:5432"' (3ms).
2025-07-11 11:29:54 [Debug] An entity of type '"User"' tracked by '"VSMContext"' changed state from 'Unchanged' to 'Modified'. Consider using 'DbContextOptionsBuilder.EnableSensitiveDataLogging' to see key values.
2025-07-11 11:29:54 [Debug] SaveChanges starting for '"VSMContext"'.
2025-07-11 11:29:54 [Debug] DetectChanges starting for '"VSMContext"'.
2025-07-11 11:29:54 [Debug] DetectChanges completed for '"VSMContext"'.
2025-07-11 11:29:54 [Debug] Opening connection to database '"VehicleServiceManagement"' on server '"tcp://localhost:5432"'.
2025-07-11 11:29:54 [Debug] Opened connection to database '"VehicleServiceManagement"' on server '"tcp://localhost:5432"'.
2025-07-11 11:29:54 [Debug] Creating DbCommand for '"ExecuteReader"'.
2025-07-11 11:29:54 [Debug] Created DbCommand for '"ExecuteReader"' (0ms).
2025-07-11 11:29:54 [Debug] Initialized DbCommand for '"ExecuteReader"' (0ms).
2025-07-11 11:29:54 [Debug] Executing DbCommand [Parameters=["@p6='?', @p0='?' (DbType = Binary), @p1='?' (DbType = Boolean), @p2='?' (DbType = Binary), @p3='?', @p4='?', @p5='?' (DbType = DateTime)"], CommandType='Text', CommandTimeout='30']"
""UPDATE \"Users\" SET \"HashKey\" = @p0, \"IsActive\" = @p1, \"Password\" = @p2, \"RefreshToken\" = @p3, \"Role\" = @p4, \"TTL\" = @p5
WHERE \"Email\" = @p6;"
2025-07-11 11:29:54 [Information] Executed DbCommand ("32"ms) [Parameters=["@p6='?', @p0='?' (DbType = Binary), @p1='?' (DbType = Boolean), @p2='?' (DbType = Binary), @p3='?', @p4='?', @p5='?' (DbType = DateTime)"], CommandType='Text', CommandTimeout='30']"
""UPDATE \"Users\" SET \"HashKey\" = @p0, \"IsActive\" = @p1, \"Password\" = @p2, \"RefreshToken\" = @p3, \"Role\" = @p4, \"TTL\" = @p5
WHERE \"Email\" = @p6;"
2025-07-11 11:29:54 [Debug] Closing data reader to '"VehicleServiceManagement"' on server '"tcp://localhost:5432"'.
2025-07-11 11:29:54 [Debug] A data reader for '"VehicleServiceManagement"' on server '"tcp://localhost:5432"' is being disposed after spending 3ms reading results.
2025-07-11 11:29:54 [Debug] Closing connection to database '"VehicleServiceManagement"' on server '"tcp://localhost:5432"'.
2025-07-11 11:29:54 [Debug] Closed connection to database '"VehicleServiceManagement"' on server '"tcp://localhost:5432"' (0ms).
2025-07-11 11:29:54 [Debug] An entity of type '"User"' tracked by '"VSMContext"' changed state from 'Modified' to 'Unchanged'. Consider using 'DbContextOptionsBuilder.EnableSensitiveDataLogging' to see key values.
2025-07-11 11:29:54 [Debug] SaveChanges completed for '"VSMContext"' with 1 entities written to the database.
2025-07-11 11:29:54 [Debug] List of registered output formatters, in the following order: ["Microsoft.AspNetCore.Mvc.Formatters.HttpNoContentOutputFormatter", "Microsoft.AspNetCore.Mvc.Formatters.StringOutputFormatter", "Microsoft.AspNetCore.Mvc.Formatters.StreamOutputFormatter", "Microsoft.AspNetCore.Mvc.Formatters.SystemTextJsonOutputFormatter"]
2025-07-11 11:29:54 [Debug] Attempting to select an output formatter based on Accept header '["text/plain"]'.
2025-07-11 11:29:54 [Debug] Could not find an output formatter based on content negotiation. Accepted types were (["text/plain"])
2025-07-11 11:29:54 [Debug] Attempting to select an output formatter without using a content type as no explicit content types were specified for the response.
2025-07-11 11:29:54 [Debug] Attempting to select the first formatter in the output formatters list which can write the result.
2025-07-11 11:29:54 [Debug] Selected output formatter '"Microsoft.AspNetCore.Mvc.Formatters.SystemTextJsonOutputFormatter"' and content type '"application/json"' to write the response.
2025-07-11 11:29:54 [Information] Executing "OkObjectResult", writing value of type '"VSM.DTO.UserLoginResponse"'.
2025-07-11 11:29:54 [Information] Executed action "VSM.Controllers.AuthenticationController.Login (VehicleServiceManagement)" in 1959.4244ms
2025-07-11 11:29:54 [Information] Executed endpoint '"VSM.Controllers.AuthenticationController.Login (VehicleServiceManagement)"'
2025-07-11 11:29:54 [Debug] '"VSMContext"' disposed.
2025-07-11 11:29:54 [Debug] Disposing connection to database '"VehicleServiceManagement"' on server '"tcp://localhost:5432"'.
2025-07-11 11:29:54 [Debug] Disposed connection to database '"VehicleServiceManagement"' on server '"tcp://localhost:5432"' (1ms).
2025-07-11 11:29:54 [Information] Request finished "HTTP/2" "POST" "https"://"localhost:7176""""/api/v1/Authentication/login""" - 200 null "application/json; charset=utf-8" 2020.6392ms
2025-07-11 11:30:24 [Debug] Connection id ""0HNE0809ES56E"" received FIN.
2025-07-11 11:30:24 [Debug] Connection id ""0HNE0809ES56E"" is closed. The last processed stream ID was 0.
2025-07-11 11:30:24 [Debug] Connection id ""0HNE0809ES56E"" sending FIN because: ""The Socket transport's send loop completed gracefully.""
2025-07-11 11:30:24 [Debug] The connection queue processing loop for "0HNE0809ES56E" completed.
2025-07-11 11:30:24 [Debug] Connection id ""0HNE0809ES56E"" stopped.
2025-07-11 11:30:29 [Information] Request starting "HTTP/2" "GET" "https"://"localhost:7176""""/api/v1/Customer""" - null null
2025-07-11 11:30:29 [Debug] 1 candidate(s) found for the request path '"/api/v1/Customer"'
2025-07-11 11:30:29 [Debug] Endpoint '"VSM.Controllers.CustomerController.GetAll (VehicleServiceManagement)"' with route pattern '"api/v{version:apiVersion}/Customer"' is valid for the request path '"/api/v1/Customer"'
2025-07-11 11:30:29 [Debug] Request matched endpoint '"VSM.Controllers.CustomerController.GetAll (VehicleServiceManagement)"'
2025-07-11 11:30:29 [Debug] Successfully validated the token.
2025-07-11 11:30:29 [Debug] AuthenticationScheme: "Bearer" was successfully authenticated.
2025-07-11 11:30:29 [Information] Authorization failed. "These requirements were not met:
RolesAuthorizationRequirement:User.IsInRole must be true for one of the following roles: (Admin|Mechanic)"
2025-07-11 11:30:29 [Information] AuthenticationScheme: "Bearer" was forbidden.
2025-07-11 11:30:29 [Information] Request finished "HTTP/2" "GET" "https"://"localhost:7176""""/api/v1/Customer""" - 403 0 null 68.9205ms
2025-07-11 11:30:39 [Information] Request starting "HTTP/2" "GET" "https"://"localhost:7176""""/api/v1/Customer""" - null null
2025-07-11 11:30:39 [Debug] 1 candidate(s) found for the request path '"/api/v1/Customer"'
2025-07-11 11:30:39 [Debug] Endpoint '"VSM.Controllers.CustomerController.GetAll (VehicleServiceManagement)"' with route pattern '"api/v{version:apiVersion}/Customer"' is valid for the request path '"/api/v1/Customer"'
2025-07-11 11:30:39 [Debug] Request matched endpoint '"VSM.Controllers.CustomerController.GetAll (VehicleServiceManagement)"'
2025-07-11 11:30:39 [Debug] Successfully validated the token.
2025-07-11 11:30:39 [Debug] AuthenticationScheme: "Bearer" was successfully authenticated.
2025-07-11 11:30:39 [Information] Authorization failed. "These requirements were not met:
RolesAuthorizationRequirement:User.IsInRole must be true for one of the following roles: (Admin|Mechanic)"
2025-07-11 11:30:39 [Information] AuthenticationScheme: "Bearer" was forbidden.
2025-07-11 11:30:39 [Information] Request finished "HTTP/2" "GET" "https"://"localhost:7176""""/api/v1/Customer""" - 403 0 null 3.3704ms
2025-07-11 11:30:53 [Information] Request starting "HTTP/2" "PUT" "https"://"localhost:7176""""/api/v1/Customer/sg@gmail.com""" - "application/json" 43
2025-07-11 11:30:53 [Debug] 1 candidate(s) found for the request path '"/api/v1/Customer/sg@gmail.com"'
2025-07-11 11:30:53 [Debug] Endpoint '"VSM.Controllers.CustomerController.UpdateCustomer (VehicleServiceManagement)"' with route pattern '"api/v{version:apiVersion}/Customer/{email}"' is valid for the request path '"/api/v1/Customer/sg@gmail.com"'
2025-07-11 11:30:53 [Debug] Request matched endpoint '"VSM.Controllers.CustomerController.UpdateCustomer (VehicleServiceManagement)"'
2025-07-11 11:30:53 [Debug] Successfully validated the token.
2025-07-11 11:30:53 [Debug] AuthenticationScheme: "Bearer" was successfully authenticated.
2025-07-11 11:30:53 [Debug] Authorization was successful.
2025-07-11 11:30:53 [Debug] Static files was skipped as the request already matched an endpoint.
2025-07-11 11:30:53 [Debug] Static files was skipped as the request already matched an endpoint.
2025-07-11 11:30:53 [Debug] The request has an origin header: '"https://localhost:7176"'.
2025-07-11 11:30:53 [Information] CORS policy execution failed.
2025-07-11 11:30:53 [Information] Request origin "https://localhost:7176" does not have permission to access the resource.
2025-07-11 11:30:53 [Information] Executing endpoint '"VSM.Controllers.CustomerController.UpdateCustomer (VehicleServiceManagement)"'
2025-07-11 11:30:54 [Information] Route matched with "{action = \"UpdateCustomer\", controller = \"Customer\"}". Executing controller action with signature "System.Threading.Tasks.Task`1[Microsoft.AspNetCore.Mvc.ActionResult`1[VSM.DTO.CustomerDisplayDto]] UpdateCustomer(System.String, VSM.DTO.CustomerUpdateDto)" on controller "VSM.Controllers.CustomerController" ("VehicleServiceManagement").
2025-07-11 11:30:54 [Debug] Execution plan of "authorization" filters (in the following order): ["None"]
2025-07-11 11:30:54 [Debug] Execution plan of "resource" filters (in the following order): ["None"]
2025-07-11 11:30:54 [Debug] Execution plan of "action" filters (in the following order): ["Microsoft.AspNetCore.Mvc.ModelBinding.UnsupportedContentTypeFilter (Order: -3000)", "Microsoft.AspNetCore.Mvc.Infrastructure.ModelStateInvalidFilter (Order: -2000)", "Microsoft.AspNetCore.Mvc.ReportApiVersionsAttribute (Order: 0)"]
2025-07-11 11:30:54 [Debug] Execution plan of "exception" filters (in the following order): ["None"]
2025-07-11 11:30:54 [Debug] Execution plan of "result" filters (in the following order): ["Microsoft.AspNetCore.Mvc.Infrastructure.ClientErrorResultFilter (Order: -2000)", "Microsoft.AspNetCore.Mvc.ReportApiVersionsAttribute (Order: 0)"]
2025-07-11 11:30:54 [Debug] Executing controller factory for controller "VSM.Controllers.CustomerController" ("VehicleServiceManagement")
2025-07-11 11:30:54 [Debug] Executed controller factory for controller "VSM.Controllers.CustomerController" ("VehicleServiceManagement")
2025-07-11 11:30:54 [Debug] Attempting to bind parameter '"email"' of type '"System.String"' ...
2025-07-11 11:30:54 [Debug] Attempting to bind parameter '"email"' of type '"System.String"' using the name '"email"' in request data ...
2025-07-11 11:30:54 [Debug] Done attempting to bind parameter '"email"' of type '"System.String"'.
2025-07-11 11:30:54 [Debug] Done attempting to bind parameter '"email"' of type '"System.String"'.
2025-07-11 11:30:54 [Debug] Attempting to validate the bound parameter '"email"' of type '"System.String"' ...
2025-07-11 11:30:54 [Debug] Done attempting to validate the bound parameter '"email"' of type '"System.String"'.
2025-07-11 11:30:54 [Debug] Attempting to bind parameter '"dto"' of type '"VSM.DTO.CustomerUpdateDto"' ...
2025-07-11 11:30:54 [Debug] Attempting to bind parameter '"dto"' of type '"VSM.DTO.CustomerUpdateDto"' using the name '""' in request data ...
2025-07-11 11:30:54 [Debug] Selected input formatter '"Microsoft.AspNetCore.Mvc.Formatters.SystemTextJsonInputFormatter"' for content type '"application/json"'.
2025-07-11 11:30:54 [Debug] Connection id ""0HNE0809ES56D"", Request id ""0HNE0809ES56D:00000017"": started reading request body.
2025-07-11 11:30:54 [Debug] Connection id ""0HNE0809ES56D"", Request id ""0HNE0809ES56D:00000017"": done reading request body.
2025-07-11 11:30:54 [Debug] JSON input formatter succeeded, deserializing to type '"VSM.DTO.CustomerUpdateDto"'
2025-07-11 11:30:54 [Debug] Done attempting to bind parameter '"dto"' of type '"VSM.DTO.CustomerUpdateDto"'.
2025-07-11 11:30:54 [Debug] Done attempting to bind parameter '"dto"' of type '"VSM.DTO.CustomerUpdateDto"'.
2025-07-11 11:30:54 [Debug] Attempting to validate the bound parameter '"dto"' of type '"VSM.DTO.CustomerUpdateDto"' ...
2025-07-11 11:30:54 [Debug] Done attempting to validate the bound parameter '"dto"' of type '"VSM.DTO.CustomerUpdateDto"'.
2025-07-11 11:30:54 [Debug] The request has model state errors, returning an error response.
2025-07-11 11:30:54 [Debug] Request was short circuited at action filter '"Microsoft.AspNetCore.Mvc.Infrastructure.ModelStateInvalidFilter"'.
2025-07-11 11:30:54 [Debug] List of registered output formatters, in the following order: ["Microsoft.AspNetCore.Mvc.Formatters.HttpNoContentOutputFormatter", "Microsoft.AspNetCore.Mvc.Formatters.StringOutputFormatter", "Microsoft.AspNetCore.Mvc.Formatters.StreamOutputFormatter", "Microsoft.AspNetCore.Mvc.Formatters.SystemTextJsonOutputFormatter"]
2025-07-11 11:30:54 [Debug] Attempting to select an output formatter based on Accept header '["text/plain"]' and explicitly specified content types '["application/problem+json", "application/problem+xml", "application/problem+json", "application/problem+xml"]'. The content types in the accept header must be a subset of the explicitly set content types.
2025-07-11 11:30:54 [Debug] Could not find an output formatter based on content negotiation. Accepted types were (["text/plain"])
2025-07-11 11:30:54 [Debug] Attempting to select the first output formatter in the output formatters list which supports a content type from the explicitly specified content types '["application/problem+json", "application/problem+xml", "application/problem+json", "application/problem+xml"]'.
2025-07-11 11:30:54 [Debug] Selected output formatter '"Microsoft.AspNetCore.Mvc.Formatters.SystemTextJsonOutputFormatter"' and content type '"application/problem+json"' to write the response.
2025-07-11 11:30:54 [Information] Executing "BadRequestObjectResult", writing value of type '"Microsoft.AspNetCore.Mvc.ValidationProblemDetails"'.
2025-07-11 11:30:54 [Information] Executed action "VSM.Controllers.CustomerController.UpdateCustomer (VehicleServiceManagement)" in 39.2004ms
2025-07-11 11:30:54 [Information] Executed endpoint '"VSM.Controllers.CustomerController.UpdateCustomer (VehicleServiceManagement)"'
2025-07-11 11:30:54 [Information] Request finished "HTTP/2" "PUT" "https"://"localhost:7176""""/api/v1/Customer/sg@gmail.com""" - 400 null "application/problem+json; charset=utf-8" 55.4143ms
2025-07-11 11:31:31 [Information] Request starting "HTTP/2" "GET" "https"://"localhost:7176""""/api/v1/Customer/email/sg@gmail.com""" - null null
2025-07-11 11:31:31 [Debug] 1 candidate(s) found for the request path '"/api/v1/Customer/email/sg@gmail.com"'
2025-07-11 11:31:31 [Debug] Endpoint '"VSM.Controllers.CustomerController.GetByEmail (VehicleServiceManagement)"' with route pattern '"api/v{version:apiVersion}/Customer/email/{email}"' is valid for the request path '"/api/v1/Customer/email/sg@gmail.com"'
2025-07-11 11:31:31 [Debug] Request matched endpoint '"VSM.Controllers.CustomerController.GetByEmail (VehicleServiceManagement)"'
2025-07-11 11:31:31 [Debug] Successfully validated the token.
2025-07-11 11:31:31 [Debug] AuthenticationScheme: "Bearer" was successfully authenticated.
2025-07-11 11:31:31 [Debug] Authorization was successful.
2025-07-11 11:31:31 [Debug] Static files was skipped as the request already matched an endpoint.
2025-07-11 11:31:31 [Debug] Static files was skipped as the request already matched an endpoint.
2025-07-11 11:31:31 [Information] Executing endpoint '"VSM.Controllers.CustomerController.GetByEmail (VehicleServiceManagement)"'
2025-07-11 11:31:31 [Information] Route matched with "{action = \"GetByEmail\", controller = \"Customer\"}". Executing controller action with signature "System.Threading.Tasks.Task`1[Microsoft.AspNetCore.Mvc.ActionResult`1[VSM.DTO.CustomerDisplayDto]] GetByEmail(System.String)" on controller "VSM.Controllers.CustomerController" ("VehicleServiceManagement").
2025-07-11 11:31:31 [Debug] Execution plan of "authorization" filters (in the following order): ["None"]
2025-07-11 11:31:31 [Debug] Execution plan of "resource" filters (in the following order): ["None"]
2025-07-11 11:31:31 [Debug] Execution plan of "action" filters (in the following order): ["Microsoft.AspNetCore.Mvc.ModelBinding.UnsupportedContentTypeFilter (Order: -3000)", "Microsoft.AspNetCore.Mvc.Infrastructure.ModelStateInvalidFilter (Order: -2000)", "Microsoft.AspNetCore.Mvc.ReportApiVersionsAttribute (Order: 0)"]
2025-07-11 11:31:31 [Debug] Execution plan of "exception" filters (in the following order): ["None"]
2025-07-11 11:31:31 [Debug] Execution plan of "result" filters (in the following order): ["Microsoft.AspNetCore.Mvc.Infrastructure.ClientErrorResultFilter (Order: -2000)", "Microsoft.AspNetCore.Mvc.ReportApiVersionsAttribute (Order: 0)"]
2025-07-11 11:31:31 [Debug] Executing controller factory for controller "VSM.Controllers.CustomerController" ("VehicleServiceManagement")
2025-07-11 11:31:31 [Debug] Executed controller factory for controller "VSM.Controllers.CustomerController" ("VehicleServiceManagement")
2025-07-11 11:31:31 [Debug] Attempting to bind parameter '"email"' of type '"System.String"' ...
2025-07-11 11:31:31 [Debug] Attempting to bind parameter '"email"' of type '"System.String"' using the name '"email"' in request data ...
2025-07-11 11:31:31 [Debug] Done attempting to bind parameter '"email"' of type '"System.String"'.
2025-07-11 11:31:31 [Debug] Done attempting to bind parameter '"email"' of type '"System.String"'.
2025-07-11 11:31:31 [Debug] Attempting to validate the bound parameter '"email"' of type '"System.String"' ...
2025-07-11 11:31:31 [Debug] Done attempting to validate the bound parameter '"email"' of type '"System.String"'.
2025-07-11 11:31:31 [Debug] Entity Framework Core "9.0.5" initialized '"VSMContext"' using provider '"Npgsql.EntityFrameworkCore.PostgreSQL":"9.0.4+fd2380957bee5cd86f336466af36b08c0163f1a5"' with options: "None"
2025-07-11 11:31:31 [Debug] Compiling query expression: "
"'"DbSet<Customer>()"'
2025-07-11 11:31:31 [Debug] Generated query execution expression: "
"'"queryContext => SingleQueryingEnumerable.Create<Customer>(
    relationalQueryContext: (RelationalQueryContext)queryContext, 
    relationalCommandResolver: parameters => [LIFTABLE Constant: RelationalCommandCache.QueryExpression(
        Projection Mapping:
            EmptyProjectionMember -> Dictionary<IProperty, int> { [Property: Customer.CustomerID (Guid) Required PK AfterSave:Throw ValueGenerated.OnAdd, 0], [Property: Customer.Email (string) Required FK Index, 1], [Property: Customer.Name (string) Required, 2], [Property: Customer.Phone (string) Required, 3], [Property: Customer.Status (string) Required, 4] }
        SELECT c.CustomerID, c.Email, c.Name, c.Phone, c.Status
        FROM Customers AS c) | Resolver: c => new RelationalCommandCache(
        c.Dependencies.MemoryCache, 
        c.RelationalDependencies.QuerySqlGeneratorFactory, 
        c.RelationalDependencies.RelationalParameterBasedSqlProcessorFactory, 
        Projection Mapping:
            EmptyProjectionMember -> Dictionary<IProperty, int> { [Property: Customer.CustomerID (Guid) Required PK AfterSave:Throw ValueGenerated.OnAdd, 0], [Property: Customer.Email (string) Required FK Index, 1], [Property: Customer.Name (string) Required, 2], [Property: Customer.Phone (string) Required, 3], [Property: Customer.Status (string) Required, 4] }
        SELECT c.CustomerID, c.Email, c.Name, c.Phone, c.Status
        FROM Customers AS c, 
        False, 
        new HashSet<string>(
            new string[]{ }, 
            StringComparer.Ordinal
        )
    )].GetRelationalCommandTemplate(parameters), 
    readerColumns: null, 
    shaper: (queryContext, dataReader, resultContext, resultCoordinator) => 
    {
        Customer entity;
        entity = 
        {
            MaterializationContext materializationContext1;
            IEntityType entityType1;
            Customer instance1;
            InternalEntityEntry entry1;
            bool hasNullKey1;
            materializationContext1 = new MaterializationContext(
                [LIFTABLE Constant: ValueBuffer | Resolver: _ => (object)ValueBuffer.Empty], 
                queryContext.Context
            );
            instance1 = default(Customer);
            entry1 = queryContext.TryGetEntry(
                key: [LIFTABLE Constant: Key: Customer.CustomerID PK | Resolver: c => c.Dependencies.Model.FindEntityType(\"VSM.Models.Customer\").FindPrimaryKey()], 
                keyValues: new object[]{ (object)dataReader.GetGuid(0) }, 
                throwOnNullKey: True, 
                hasNullKey: hasNullKey1);
            !(hasNullKey1) ? entry1 != default(InternalEntityEntry) ? 
            {
                entityType1 = entry1.EntityType;
                return instance1 = (Customer)entry1.Entity;
            } : 
            {
                ISnapshot shadowSnapshot1;
                shadowSnapshot1 = [LIFTABLE Constant: Snapshot | Resolver: _ => Snapshot.Empty];
                entityType1 = [LIFTABLE Constant: EntityType: Customer | Resolver: namelessParameter{0} => namelessParameter{0}.Dependencies.Model.FindEntityType(\"VSM.Models.Customer\")];
                instance1 = switch (entityType1)
                {
                    case [LIFTABLE Constant: EntityType: Customer | Resolver: namelessParameter{1} => namelessParameter{1}.Dependencies.Model.FindEntityType(\"VSM.Models.Customer\")]: 
                        {
                            return 
                            {
                                Customer instance;
                                instance = new Customer();
                                instance.<CustomerID>k__BackingField = dataReader.GetGuid(0);
                                instance.<Email>k__BackingField = dataReader.GetString(1);
                                instance.<Name>k__BackingField = dataReader.GetString(2);
                                instance.<Phone>k__BackingField = dataReader.GetString(3);
                                instance.<Status>k__BackingField = dataReader.GetString(4);
                                (instance is IInjectableService) ? ((IInjectableService)instance).Injected(
                                    context: materializationContext1.Context, 
                                    entity: instance, 
                                    queryTrackingBehavior: TrackAll, 
                                    structuralType: [LIFTABLE Constant: EntityType: Customer | Resolver: namelessParameter{2} => namelessParameter{2}.Dependencies.Model.FindEntityType(\"VSM.Models.Customer\")]) : default(void);
                                return instance;
                            }}
                    default: 
                        default(Customer)
                }
                ;
                entry1 = entityType1 == default(IEntityType) ? default(InternalEntityEntry) : queryContext.StartTracking(
                    entityType: entityType1, 
                    entity: instance1, 
                    snapshot: shadowSnapshot1);
                return instance1;
            } : default(void);
            return instance1;
        };
        return entity;
    }, 
    contextType: VSM.Contexts.VSMContext, 
    standAloneStateManager: False, 
    detailedErrorsEnabled: False, 
    threadSafetyChecksEnabled: True)"'
2025-07-11 11:31:31 [Debug] Creating DbConnection.
2025-07-11 11:31:31 [Debug] Created DbConnection. (0ms).
2025-07-11 11:31:31 [Debug] Opening connection to database '"VehicleServiceManagement"' on server '"tcp://localhost:5432"'.
2025-07-11 11:31:31 [Debug] Opened connection to database '"VehicleServiceManagement"' on server '"tcp://localhost:5432"'.
2025-07-11 11:31:31 [Debug] Creating DbCommand for '"ExecuteReader"'.
2025-07-11 11:31:31 [Debug] Created DbCommand for '"ExecuteReader"' (0ms).
2025-07-11 11:31:31 [Debug] Initialized DbCommand for '"ExecuteReader"' (0ms).
2025-07-11 11:31:31 [Debug] Executing DbCommand [Parameters=[""], CommandType='Text', CommandTimeout='30']"
""SELECT c.\"CustomerID\", c.\"Email\", c.\"Name\", c.\"Phone\", c.\"Status\"
FROM \"Customers\" AS c"
2025-07-11 11:31:31 [Information] Executed DbCommand ("6"ms) [Parameters=[""], CommandType='Text', CommandTimeout='30']"
""SELECT c.\"CustomerID\", c.\"Email\", c.\"Name\", c.\"Phone\", c.\"Status\"
FROM \"Customers\" AS c"
2025-07-11 11:31:31 [Debug] Context '"VSMContext"' started tracking '"Customer"' entity. Consider using 'DbContextOptionsBuilder.EnableSensitiveDataLogging' to see key values.
2025-07-11 11:31:31 [Debug] Context '"VSMContext"' started tracking '"Customer"' entity. Consider using 'DbContextOptionsBuilder.EnableSensitiveDataLogging' to see key values.
2025-07-11 11:31:31 [Debug] Context '"VSMContext"' started tracking '"Customer"' entity. Consider using 'DbContextOptionsBuilder.EnableSensitiveDataLogging' to see key values.
2025-07-11 11:31:31 [Debug] Context '"VSMContext"' started tracking '"Customer"' entity. Consider using 'DbContextOptionsBuilder.EnableSensitiveDataLogging' to see key values.
2025-07-11 11:31:31 [Debug] Closing data reader to '"VehicleServiceManagement"' on server '"tcp://localhost:5432"'.
2025-07-11 11:31:31 [Debug] A data reader for '"VehicleServiceManagement"' on server '"tcp://localhost:5432"' is being disposed after spending 23ms reading results.
2025-07-11 11:31:31 [Debug] Closing connection to database '"VehicleServiceManagement"' on server '"tcp://localhost:5432"'.
2025-07-11 11:31:31 [Debug] Closed connection to database '"VehicleServiceManagement"' on server '"tcp://localhost:5432"' (0ms).
2025-07-11 11:31:31 [Debug] List of registered output formatters, in the following order: ["Microsoft.AspNetCore.Mvc.Formatters.HttpNoContentOutputFormatter", "Microsoft.AspNetCore.Mvc.Formatters.StringOutputFormatter", "Microsoft.AspNetCore.Mvc.Formatters.StreamOutputFormatter", "Microsoft.AspNetCore.Mvc.Formatters.SystemTextJsonOutputFormatter"]
2025-07-11 11:31:31 [Debug] Attempting to select an output formatter based on Accept header '["text/plain"]'.
2025-07-11 11:31:31 [Debug] Could not find an output formatter based on content negotiation. Accepted types were (["text/plain"])
2025-07-11 11:31:31 [Debug] Attempting to select an output formatter without using a content type as no explicit content types were specified for the response.
2025-07-11 11:31:31 [Debug] Attempting to select the first formatter in the output formatters list which can write the result.
2025-07-11 11:31:31 [Debug] Selected output formatter '"Microsoft.AspNetCore.Mvc.Formatters.SystemTextJsonOutputFormatter"' and content type '"application/json"' to write the response.
2025-07-11 11:31:31 [Information] Executing "OkObjectResult", writing value of type '"VSM.DTO.CustomerDisplayDto"'.
2025-07-11 11:31:31 [Information] Executed action "VSM.Controllers.CustomerController.GetByEmail (VehicleServiceManagement)" in 72.4526ms
2025-07-11 11:31:31 [Information] Executed endpoint '"VSM.Controllers.CustomerController.GetByEmail (VehicleServiceManagement)"'
2025-07-11 11:31:31 [Debug] '"VSMContext"' disposed.
2025-07-11 11:31:31 [Debug] Disposing connection to database '"VehicleServiceManagement"' on server '"tcp://localhost:5432"'.
2025-07-11 11:31:31 [Debug] Disposed connection to database '"VehicleServiceManagement"' on server '"tcp://localhost:5432"' (0ms).
2025-07-11 11:31:31 [Information] Request finished "HTTP/2" "GET" "https"://"localhost:7176""""/api/v1/Customer/email/sg@gmail.com""" - 200 null "application/json; charset=utf-8" 79.6908ms
2025-07-11 11:31:56 [Information] Request starting "HTTP/2" "GET" "https"://"localhost:7176""""/api/v1/Booking/slots""" - null null
2025-07-11 11:31:56 [Debug] 2 candidate(s) found for the request path '"/api/v1/Booking/slots"'
2025-07-11 11:31:56 [Debug] Endpoint '"VSM.Controllers.BookingController.GetAvailableSlots (VehicleServiceManagement)"' with route pattern '"api/v{version:apiVersion}/Booking/slots"' is valid for the request path '"/api/v1/Booking/slots"'
2025-07-11 11:31:56 [Debug] Endpoint '"VSM.Controllers.BookingController.GetById (VehicleServiceManagement)"' with route pattern '"api/v{version:apiVersion}/Booking/{id}"' is valid for the request path '"/api/v1/Booking/slots"'
2025-07-11 11:31:56 [Debug] Request matched endpoint '"VSM.Controllers.BookingController.GetAvailableSlots (VehicleServiceManagement)"'
2025-07-11 11:31:56 [Debug] Successfully validated the token.
2025-07-11 11:31:56 [Debug] AuthenticationScheme: "Bearer" was successfully authenticated.
2025-07-11 11:31:56 [Debug] Authorization was successful.
2025-07-11 11:31:56 [Debug] Static files was skipped as the request already matched an endpoint.
2025-07-11 11:31:56 [Debug] Static files was skipped as the request already matched an endpoint.
2025-07-11 11:31:56 [Information] Executing endpoint '"VSM.Controllers.BookingController.GetAvailableSlots (VehicleServiceManagement)"'
2025-07-11 11:31:56 [Information] Route matched with "{action = \"GetAvailableSlots\", controller = \"Booking\"}". Executing controller action with signature "System.Threading.Tasks.Task`1[Microsoft.AspNetCore.Mvc.ActionResult`1[System.Collections.Generic.List`1[System.String]]] GetAvailableSlots()" on controller "VSM.Controllers.BookingController" ("VehicleServiceManagement").
2025-07-11 11:31:56 [Debug] Execution plan of "authorization" filters (in the following order): ["None"]
2025-07-11 11:31:56 [Debug] Execution plan of "resource" filters (in the following order): ["None"]
2025-07-11 11:31:56 [Debug] Execution plan of "action" filters (in the following order): ["Microsoft.AspNetCore.Mvc.ModelBinding.UnsupportedContentTypeFilter (Order: -3000)", "Microsoft.AspNetCore.Mvc.Infrastructure.ModelStateInvalidFilter (Order: -2000)", "Microsoft.AspNetCore.Mvc.ReportApiVersionsAttribute (Order: 0)"]
2025-07-11 11:31:56 [Debug] Execution plan of "exception" filters (in the following order): ["None"]
2025-07-11 11:31:56 [Debug] Execution plan of "result" filters (in the following order): ["Microsoft.AspNetCore.Mvc.Infrastructure.ClientErrorResultFilter (Order: -2000)", "Microsoft.AspNetCore.Mvc.ReportApiVersionsAttribute (Order: 0)"]
2025-07-11 11:31:56 [Debug] Executing controller factory for controller "VSM.Controllers.BookingController" ("VehicleServiceManagement")
2025-07-11 11:31:56 [Debug] Executed controller factory for controller "VSM.Controllers.BookingController" ("VehicleServiceManagement")
2025-07-11 11:31:56 [Debug] Entity Framework Core "9.0.5" initialized '"VSMContext"' using provider '"Npgsql.EntityFrameworkCore.PostgreSQL":"9.0.4+fd2380957bee5cd86f336466af36b08c0163f1a5"' with options: "None"
2025-07-11 11:31:56 [Debug] Compiling query expression: "
"'"DbSet<Booking>()
    .Include(b => b.Customer)
    .OrderBy(b => b.Status == \"Booked\" ? 0 : b.Status == \"Reviewed\" ? 1 : b.Status == \"Cancelled\" ? 2 : 3)"'
2025-07-11 11:31:56 [Debug] Including navigation: '"Booking.Customer"'.
2025-07-11 11:31:56 [Debug] Generated query execution expression: "
"'"queryContext => SingleQueryingEnumerable.Create<Booking>(
    relationalQueryContext: (RelationalQueryContext)queryContext, 
    relationalCommandResolver: parameters => [LIFTABLE Constant: RelationalCommandCache.QueryExpression(
        Client Projections:
            0 -> Dictionary<IProperty, int> { [Property: Booking.BookingID (Guid) Required PK AfterSave:Throw ValueGenerated.OnAdd, 0], [Property: Booking.BookedAt (DateTime) Required, 1], [Property: Booking.CustomerID (Guid) Required FK Index, 2], [Property: Booking.DeliveryTime (DateTime) Required, 3], [Property: Booking.Imageurl (string) Required, 4], [Property: Booking.IsDeleted (bool) Required, 5], [Property: Booking.Slot (DateTime) Required, 6], [Property: Booking.Status (string) Required, 7] }
            1 -> Dictionary<IProperty, int> { [Property: Customer.CustomerID (Guid) Required PK AfterSave:Throw ValueGenerated.OnAdd, 8], [Property: Customer.Email (string) Required FK Index, 9], [Property: Customer.Name (string) Required, 10], [Property: Customer.Phone (string) Required, 11], [Property: Customer.Status (string) Required, 12] }
        SELECT b.BookingID, b.BookedAt, b.CustomerID, b.DeliveryTime, b.Imageurl, b.IsDeleted, b.Slot, b.Status, c.CustomerID, c.Email, c.Name, c.Phone, c.Status
        FROM Bookings AS b
        INNER JOIN Customers AS c ON b.CustomerID == c.CustomerID
        ORDER BY CASE
            WHEN b.Status == 'Booked' THEN 0
            WHEN b.Status == 'Reviewed' THEN 1
            WHEN b.Status == 'Cancelled' THEN 2
            ELSE 3
        END ASC) | Resolver: c => new RelationalCommandCache(
        c.Dependencies.MemoryCache, 
        c.RelationalDependencies.QuerySqlGeneratorFactory, 
        c.RelationalDependencies.RelationalParameterBasedSqlProcessorFactory, 
        Client Projections:
            0 -> Dictionary<IProperty, int> { [Property: Booking.BookingID (Guid) Required PK AfterSave:Throw ValueGenerated.OnAdd, 0], [Property: Booking.BookedAt (DateTime) Required, 1], [Property: Booking.CustomerID (Guid) Required FK Index, 2], [Property: Booking.DeliveryTime (DateTime) Required, 3], [Property: Booking.Imageurl (string) Required, 4], [Property: Booking.IsDeleted (bool) Required, 5], [Property: Booking.Slot (DateTime) Required, 6], [Property: Booking.Status (string) Required, 7] }
            1 -> Dictionary<IProperty, int> { [Property: Customer.CustomerID (Guid) Required PK AfterSave:Throw ValueGenerated.OnAdd, 8], [Property: Customer.Email (string) Required FK Index, 9], [Property: Customer.Name (string) Required, 10], [Property: Customer.Phone (string) Required, 11], [Property: Customer.Status (string) Required, 12] }
        SELECT b.BookingID, b.BookedAt, b.CustomerID, b.DeliveryTime, b.Imageurl, b.IsDeleted, b.Slot, b.Status, c.CustomerID, c.Email, c.Name, c.Phone, c.Status
        FROM Bookings AS b
        INNER JOIN Customers AS c ON b.CustomerID == c.CustomerID
        ORDER BY CASE
            WHEN b.Status == 'Booked' THEN 0
            WHEN b.Status == 'Reviewed' THEN 1
            WHEN b.Status == 'Cancelled' THEN 2
            ELSE 3
        END ASC, 
        False, 
        new HashSet<string>(
            new string[]{ }, 
            StringComparer.Ordinal
        )
    )].GetRelationalCommandTemplate(parameters), 
    readerColumns: null, 
    shaper: (queryContext, dataReader, resultContext, resultCoordinator) => 
    {
        Booking entity;
        Customer entity;
        entity = 
        {
            MaterializationContext materializationContext1;
            IEntityType entityType1;
            Booking instance1;
            InternalEntityEntry entry1;
            bool hasNullKey1;
            materializationContext1 = new MaterializationContext(
                [LIFTABLE Constant: ValueBuffer | Resolver: _ => (object)ValueBuffer.Empty], 
                queryContext.Context
            );
            instance1 = default(Booking);
            entry1 = queryContext.TryGetEntry(
                key: [LIFTABLE Constant: Key: Booking.BookingID PK | Resolver: c => c.Dependencies.Model.FindEntityType(\"VSM.Models.Booking\").FindPrimaryKey()], 
                keyValues: new object[]{ (object)dataReader.GetGuid(0) }, 
                throwOnNullKey: True, 
                hasNullKey: hasNullKey1);
            !(hasNullKey1) ? entry1 != default(InternalEntityEntry) ? 
            {
                entityType1 = entry1.EntityType;
                return instance1 = (Booking)entry1.Entity;
            } : 
            {
                ISnapshot shadowSnapshot1;
                shadowSnapshot1 = [LIFTABLE Constant: Snapshot | Resolver: _ => Snapshot.Empty];
                entityType1 = [LIFTABLE Constant: EntityType: Booking | Resolver: namelessParameter{0} => namelessParameter{0}.Dependencies.Model.FindEntityType(\"VSM.Models.Booking\")];
                instance1 = switch (entityType1)
                {
                    case [LIFTABLE Constant: EntityType: Booking | Resolver: namelessParameter{1} => namelessParameter{1}.Dependencies.Model.FindEntityType(\"VSM.Models.Booking\")]: 
                        {
                            return 
                            {
                                Booking instance;
                                instance = new Booking();
                                instance.<BookingID>k__BackingField = dataReader.GetGuid(0);
                                instance.<BookedAt>k__BackingField = dataReader.GetDateTime(1);
                                instance.<CustomerID>k__BackingField = dataReader.GetGuid(2);
                                instance.<DeliveryTime>k__BackingField = dataReader.GetDateTime(3);
                                instance.<Imageurl>k__BackingField = dataReader.GetString(4);
                                instance.<IsDeleted>k__BackingField = dataReader.GetBoolean(5);
                                instance.<Slot>k__BackingField = dataReader.GetDateTime(6);
                                instance.<Status>k__BackingField = dataReader.GetString(7);
                                (instance is IInjectableService) ? ((IInjectableService)instance).Injected(
                                    context: materializationContext1.Context, 
                                    entity: instance, 
                                    queryTrackingBehavior: TrackAll, 
                                    structuralType: [LIFTABLE Constant: EntityType: Booking | Resolver: namelessParameter{2} => namelessParameter{2}.Dependencies.Model.FindEntityType(\"VSM.Models.Booking\")]) : default(void);
                                return instance;
                            }}
                    default: 
                        default(Booking)
                }
                ;
                entry1 = entityType1 == default(IEntityType) ? default(InternalEntityEntry) : queryContext.StartTracking(
                    entityType: entityType1, 
                    entity: instance1, 
                    snapshot: shadowSnapshot1);
                return instance1;
            } : default(void);
            return instance1;
        };
        entity = 
        {
            MaterializationContext materializationContext2;
            IEntityType entityType2;
            Customer instance2;
            InternalEntityEntry entry2;
            bool hasNullKey2;
            materializationContext2 = new MaterializationContext(
                [LIFTABLE Constant: ValueBuffer | Resolver: _ => (object)ValueBuffer.Empty], 
                queryContext.Context
            );
            instance2 = default(Customer);
            entry2 = queryContext.TryGetEntry(
                key: [LIFTABLE Constant: Key: Customer.CustomerID PK | Resolver: c => c.Dependencies.Model.FindEntityType(\"VSM.Models.Customer\").FindPrimaryKey()], 
                keyValues: new object[]{ (object)dataReader.GetGuid(8) }, 
                throwOnNullKey: True, 
                hasNullKey: hasNullKey2);
            !(hasNullKey2) ? entry2 != default(InternalEntityEntry) ? 
            {
                entityType2 = entry2.EntityType;
                return instance2 = (Customer)entry2.Entity;
            } : 
            {
                ISnapshot shadowSnapshot2;
                shadowSnapshot2 = [LIFTABLE Constant: Snapshot | Resolver: _ => Snapshot.Empty];
                entityType2 = [LIFTABLE Constant: EntityType: Customer | Resolver: namelessParameter{3} => namelessParameter{3}.Dependencies.Model.FindEntityType(\"VSM.Models.Customer\")];
                instance2 = switch (entityType2)
                {
                    case [LIFTABLE Constant: EntityType: Customer | Resolver: namelessParameter{4} => namelessParameter{4}.Dependencies.Model.FindEntityType(\"VSM.Models.Customer\")]: 
                        {
                            return 
                            {
                                Customer instance;
                                instance = new Customer();
                                instance.<CustomerID>k__BackingField = dataReader.GetGuid(8);
                                instance.<Email>k__BackingField = dataReader.GetString(9);
                                instance.<Name>k__BackingField = dataReader.GetString(10);
                                instance.<Phone>k__BackingField = dataReader.GetString(11);
                                instance.<Status>k__BackingField = dataReader.GetString(12);
                                (instance is IInjectableService) ? ((IInjectableService)instance).Injected(
                                    context: materializationContext2.Context, 
                                    entity: instance, 
                                    queryTrackingBehavior: TrackAll, 
                                    structuralType: [LIFTABLE Constant: EntityType: Customer | Resolver: namelessParameter{5} => namelessParameter{5}.Dependencies.Model.FindEntityType(\"VSM.Models.Customer\")]) : default(void);
                                return instance;
                            }}
                    default: 
                        default(Customer)
                }
                ;
                entry2 = entityType2 == default(IEntityType) ? default(InternalEntityEntry) : queryContext.StartTracking(
                    entityType: entityType2, 
                    entity: instance2, 
                    snapshot: shadowSnapshot2);
                return instance2;
            } : default(void);
            return instance2;
        };
        ShaperProcessingExpressionVisitor.IncludeReference<Booking, Booking, Customer>(
            queryContext: queryContext, 
            entity: entity, 
            relatedEntity: entity, 
            navigation: [LIFTABLE Constant: Navigation: Booking.Customer (Customer) ToPrincipal Customer Inverse: Bookings | Resolver: namelessParameter{6} => namelessParameter{6}.Dependencies.Model.FindEntityType(\"VSM.Models.Booking\").FindNavigation(\"Customer\")], 
            inverseNavigation: [LIFTABLE Constant: Navigation: Customer.Bookings (ICollection<Booking>) Collection ToDependent Booking Inverse: Customer | Resolver: namelessParameter{7} => namelessParameter{7}.Dependencies.Model.FindEntityType(\"VSM.Models.Customer\").FindNavigation(\"Bookings\")], 
            fixup: (namelessParameter{8}, namelessParameter{9}) => 
            {
                namelessParameter{8}.<Customer>k__BackingField = namelessParameter{9};
                return [LIFTABLE Constant: ClrICollectionAccessor<Customer, ICollection<Booking>, Booking> | Resolver: namelessParameter{10} => namelessParameter{10}.Dependencies.Model.FindEntityType(\"VSM.Models.Customer\").FindNavigation(\"Bookings\").GetCollectionAccessor()].Add(
                    entity: namelessParameter{9}, 
                    value: namelessParameter{8}, 
                    forMaterialization: True);
            }, 
            trackingQuery: True);
        return entity;
    }, 
    contextType: VSM.Contexts.VSMContext, 
    standAloneStateManager: False, 
    detailedErrorsEnabled: False, 
    threadSafetyChecksEnabled: True)"'
2025-07-11 11:31:56 [Debug] Creating DbConnection.
2025-07-11 11:31:56 [Debug] Created DbConnection. (0ms).
2025-07-11 11:31:56 [Debug] Opening connection to database '"VehicleServiceManagement"' on server '"tcp://localhost:5432"'.
2025-07-11 11:31:56 [Debug] Opened connection to database '"VehicleServiceManagement"' on server '"tcp://localhost:5432"'.
2025-07-11 11:31:56 [Debug] Creating DbCommand for '"ExecuteReader"'.
2025-07-11 11:31:56 [Debug] Created DbCommand for '"ExecuteReader"' (0ms).
2025-07-11 11:31:56 [Debug] Initialized DbCommand for '"ExecuteReader"' (0ms).
2025-07-11 11:31:56 [Debug] Executing DbCommand [Parameters=[""], CommandType='Text', CommandTimeout='30']"
""SELECT b.\"BookingID\", b.\"BookedAt\", b.\"CustomerID\", b.\"DeliveryTime\", b.\"Imageurl\", b.\"IsDeleted\", b.\"Slot\", b.\"Status\", c.\"CustomerID\", c.\"Email\", c.\"Name\", c.\"Phone\", c.\"Status\"
FROM \"Bookings\" AS b
INNER JOIN \"Customers\" AS c ON b.\"CustomerID\" = c.\"CustomerID\"
ORDER BY CASE
    WHEN b.\"Status\" = 'Booked' THEN 0
    WHEN b.\"Status\" = 'Reviewed' THEN 1
    WHEN b.\"Status\" = 'Cancelled' THEN 2
    ELSE 3
END"
2025-07-11 11:31:56 [Information] Executed DbCommand ("8"ms) [Parameters=[""], CommandType='Text', CommandTimeout='30']"
""SELECT b.\"BookingID\", b.\"BookedAt\", b.\"CustomerID\", b.\"DeliveryTime\", b.\"Imageurl\", b.\"IsDeleted\", b.\"Slot\", b.\"Status\", c.\"CustomerID\", c.\"Email\", c.\"Name\", c.\"Phone\", c.\"Status\"
FROM \"Bookings\" AS b
INNER JOIN \"Customers\" AS c ON b.\"CustomerID\" = c.\"CustomerID\"
ORDER BY CASE
    WHEN b.\"Status\" = 'Booked' THEN 0
    WHEN b.\"Status\" = 'Reviewed' THEN 1
    WHEN b.\"Status\" = 'Cancelled' THEN 2
    ELSE 3
END"
2025-07-11 11:31:56 [Debug] Context '"VSMContext"' started tracking '"Booking"' entity. Consider using 'DbContextOptionsBuilder.EnableSensitiveDataLogging' to see key values.
2025-07-11 11:31:56 [Debug] The navigation '"Booking"."Customer"' was detected as changed. Consider using 'DbContextOptionsBuilder.EnableSensitiveDataLogging' to see key values.
2025-07-11 11:31:56 [Debug] Context '"VSMContext"' started tracking '"Customer"' entity. Consider using 'DbContextOptionsBuilder.EnableSensitiveDataLogging' to see key values.
2025-07-11 11:31:56 [Debug] Context '"VSMContext"' started tracking '"Booking"' entity. Consider using 'DbContextOptionsBuilder.EnableSensitiveDataLogging' to see key values.
2025-07-11 11:31:56 [Debug] The navigation '"Booking"."Customer"' was detected as changed. Consider using 'DbContextOptionsBuilder.EnableSensitiveDataLogging' to see key values.
2025-07-11 11:31:56 [Debug] Context '"VSMContext"' started tracking '"Customer"' entity. Consider using 'DbContextOptionsBuilder.EnableSensitiveDataLogging' to see key values.
2025-07-11 11:31:56 [Debug] Context '"VSMContext"' started tracking '"Booking"' entity. Consider using 'DbContextOptionsBuilder.EnableSensitiveDataLogging' to see key values.
2025-07-11 11:31:56 [Debug] The navigation '"Booking"."Customer"' was detected as changed. Consider using 'DbContextOptionsBuilder.EnableSensitiveDataLogging' to see key values.
2025-07-11 11:31:56 [Debug] Context '"VSMContext"' started tracking '"Customer"' entity. Consider using 'DbContextOptionsBuilder.EnableSensitiveDataLogging' to see key values.
2025-07-11 11:31:56 [Debug] Context '"VSMContext"' started tracking '"Booking"' entity. Consider using 'DbContextOptionsBuilder.EnableSensitiveDataLogging' to see key values.
2025-07-11 11:31:56 [Debug] Context '"VSMContext"' started tracking '"Booking"' entity. Consider using 'DbContextOptionsBuilder.EnableSensitiveDataLogging' to see key values.
2025-07-11 11:31:56 [Debug] Context '"VSMContext"' started tracking '"Booking"' entity. Consider using 'DbContextOptionsBuilder.EnableSensitiveDataLogging' to see key values.
2025-07-11 11:31:56 [Debug] Context '"VSMContext"' started tracking '"Booking"' entity. Consider using 'DbContextOptionsBuilder.EnableSensitiveDataLogging' to see key values.
2025-07-11 11:31:56 [Debug] Context '"VSMContext"' started tracking '"Booking"' entity. Consider using 'DbContextOptionsBuilder.EnableSensitiveDataLogging' to see key values.
2025-07-11 11:31:56 [Debug] Context '"VSMContext"' started tracking '"Booking"' entity. Consider using 'DbContextOptionsBuilder.EnableSensitiveDataLogging' to see key values.
2025-07-11 11:31:56 [Debug] Context '"VSMContext"' started tracking '"Booking"' entity. Consider using 'DbContextOptionsBuilder.EnableSensitiveDataLogging' to see key values.
2025-07-11 11:31:56 [Debug] Context '"VSMContext"' started tracking '"Booking"' entity. Consider using 'DbContextOptionsBuilder.EnableSensitiveDataLogging' to see key values.
2025-07-11 11:31:56 [Debug] Context '"VSMContext"' started tracking '"Booking"' entity. Consider using 'DbContextOptionsBuilder.EnableSensitiveDataLogging' to see key values.
2025-07-11 11:31:56 [Debug] The navigation '"Booking"."Customer"' was detected as changed. Consider using 'DbContextOptionsBuilder.EnableSensitiveDataLogging' to see key values.
2025-07-11 11:31:56 [Debug] Context '"VSMContext"' started tracking '"Customer"' entity. Consider using 'DbContextOptionsBuilder.EnableSensitiveDataLogging' to see key values.
2025-07-11 11:31:56 [Debug] Context '"VSMContext"' started tracking '"Booking"' entity. Consider using 'DbContextOptionsBuilder.EnableSensitiveDataLogging' to see key values.
2025-07-11 11:31:56 [Debug] Context '"VSMContext"' started tracking '"Booking"' entity. Consider using 'DbContextOptionsBuilder.EnableSensitiveDataLogging' to see key values.
2025-07-11 11:31:56 [Debug] Context '"VSMContext"' started tracking '"Booking"' entity. Consider using 'DbContextOptionsBuilder.EnableSensitiveDataLogging' to see key values.
2025-07-11 11:31:56 [Debug] Context '"VSMContext"' started tracking '"Booking"' entity. Consider using 'DbContextOptionsBuilder.EnableSensitiveDataLogging' to see key values.
2025-07-11 11:31:56 [Debug] Context '"VSMContext"' started tracking '"Booking"' entity. Consider using 'DbContextOptionsBuilder.EnableSensitiveDataLogging' to see key values.
2025-07-11 11:31:56 [Debug] Context '"VSMContext"' started tracking '"Booking"' entity. Consider using 'DbContextOptionsBuilder.EnableSensitiveDataLogging' to see key values.
2025-07-11 11:31:56 [Debug] Context '"VSMContext"' started tracking '"Booking"' entity. Consider using 'DbContextOptionsBuilder.EnableSensitiveDataLogging' to see key values.
2025-07-11 11:31:56 [Debug] Context '"VSMContext"' started tracking '"Booking"' entity. Consider using 'DbContextOptionsBuilder.EnableSensitiveDataLogging' to see key values.
2025-07-11 11:31:56 [Debug] Context '"VSMContext"' started tracking '"Booking"' entity. Consider using 'DbContextOptionsBuilder.EnableSensitiveDataLogging' to see key values.
2025-07-11 11:31:56 [Debug] Context '"VSMContext"' started tracking '"Booking"' entity. Consider using 'DbContextOptionsBuilder.EnableSensitiveDataLogging' to see key values.
2025-07-11 11:31:56 [Debug] Context '"VSMContext"' started tracking '"Booking"' entity. Consider using 'DbContextOptionsBuilder.EnableSensitiveDataLogging' to see key values.
2025-07-11 11:31:56 [Debug] Context '"VSMContext"' started tracking '"Booking"' entity. Consider using 'DbContextOptionsBuilder.EnableSensitiveDataLogging' to see key values.
2025-07-11 11:31:56 [Debug] Context '"VSMContext"' started tracking '"Booking"' entity. Consider using 'DbContextOptionsBuilder.EnableSensitiveDataLogging' to see key values.
2025-07-11 11:31:56 [Debug] Context '"VSMContext"' started tracking '"Booking"' entity. Consider using 'DbContextOptionsBuilder.EnableSensitiveDataLogging' to see key values.
2025-07-11 11:31:56 [Debug] Context '"VSMContext"' started tracking '"Booking"' entity. Consider using 'DbContextOptionsBuilder.EnableSensitiveDataLogging' to see key values.
2025-07-11 11:31:56 [Debug] Context '"VSMContext"' started tracking '"Booking"' entity. Consider using 'DbContextOptionsBuilder.EnableSensitiveDataLogging' to see key values.
2025-07-11 11:31:56 [Debug] Context '"VSMContext"' started tracking '"Booking"' entity. Consider using 'DbContextOptionsBuilder.EnableSensitiveDataLogging' to see key values.
2025-07-11 11:31:56 [Debug] Context '"VSMContext"' started tracking '"Booking"' entity. Consider using 'DbContextOptionsBuilder.EnableSensitiveDataLogging' to see key values.
2025-07-11 11:31:56 [Debug] Context '"VSMContext"' started tracking '"Booking"' entity. Consider using 'DbContextOptionsBuilder.EnableSensitiveDataLogging' to see key values.
2025-07-11 11:31:56 [Debug] Context '"VSMContext"' started tracking '"Booking"' entity. Consider using 'DbContextOptionsBuilder.EnableSensitiveDataLogging' to see key values.
2025-07-11 11:31:56 [Debug] Closing data reader to '"VehicleServiceManagement"' on server '"tcp://localhost:5432"'.
2025-07-11 11:31:56 [Debug] A data reader for '"VehicleServiceManagement"' on server '"tcp://localhost:5432"' is being disposed after spending 33ms reading results.
2025-07-11 11:31:56 [Debug] Closing connection to database '"VehicleServiceManagement"' on server '"tcp://localhost:5432"'.
2025-07-11 11:31:56 [Debug] Closed connection to database '"VehicleServiceManagement"' on server '"tcp://localhost:5432"' (0ms).
2025-07-11 11:31:56 [Debug] List of registered output formatters, in the following order: ["Microsoft.AspNetCore.Mvc.Formatters.HttpNoContentOutputFormatter", "Microsoft.AspNetCore.Mvc.Formatters.StringOutputFormatter", "Microsoft.AspNetCore.Mvc.Formatters.StreamOutputFormatter", "Microsoft.AspNetCore.Mvc.Formatters.SystemTextJsonOutputFormatter"]
2025-07-11 11:31:56 [Debug] Attempting to select an output formatter based on Accept header '["text/plain"]'.
2025-07-11 11:31:56 [Debug] Could not find an output formatter based on content negotiation. Accepted types were (["text/plain"])
2025-07-11 11:31:56 [Debug] Attempting to select an output formatter without using a content type as no explicit content types were specified for the response.
2025-07-11 11:31:56 [Debug] Attempting to select the first formatter in the output formatters list which can write the result.
2025-07-11 11:31:56 [Debug] Selected output formatter '"Microsoft.AspNetCore.Mvc.Formatters.SystemTextJsonOutputFormatter"' and content type '"application/json"' to write the response.
2025-07-11 11:31:56 [Information] Executing "OkObjectResult", writing value of type '"System.Collections.Generic.List`1[[System.String, System.Private.CoreLib, Version=9.0.0.0, Culture=neutral, PublicKeyToken=7cec85d7bea7798e]]"'.
2025-07-11 11:31:56 [Information] Executed action "VSM.Controllers.BookingController.GetAvailableSlots (VehicleServiceManagement)" in 222.1704ms
2025-07-11 11:31:56 [Information] Executed endpoint '"VSM.Controllers.BookingController.GetAvailableSlots (VehicleServiceManagement)"'
2025-07-11 11:31:56 [Debug] '"VSMContext"' disposed.
2025-07-11 11:31:56 [Debug] Disposing connection to database '"VehicleServiceManagement"' on server '"tcp://localhost:5432"'.
2025-07-11 11:31:56 [Debug] Disposed connection to database '"VehicleServiceManagement"' on server '"tcp://localhost:5432"' (0ms).
2025-07-11 11:31:56 [Information] Request finished "HTTP/2" "GET" "https"://"localhost:7176""""/api/v1/Booking/slots""" - 200 null "application/json; charset=utf-8" 239.7362ms
2025-07-11 11:31:58 [Debug] Connection id ""0HNE0809ES56D"" received FIN.
2025-07-11 11:31:58 [Debug] Connection id ""0HNE0809ES56D"" is closed. The last processed stream ID was 27.
2025-07-11 11:31:58 [Debug] Connection id ""0HNE0809ES56D"" sending FIN because: ""The Socket transport's send loop completed gracefully.""
2025-07-11 11:31:58 [Debug] The connection queue processing loop for "0HNE0809ES56D" completed.
2025-07-11 11:31:58 [Debug] Connection id ""0HNE0809ES56D"" stopped.
2025-07-11 11:32:19 [Debug] Connection id ""0HNE0809ES56F"" accepted.
2025-07-11 11:32:19 [Debug] Connection id ""0HNE0809ES56F"" started.
2025-07-11 11:32:19 [Debug] Connection "0HNE0809ES56F" established using the following protocol: Tls12
2025-07-11 11:32:19 [Information] Request starting "HTTP/2" "POST" "https"://"localhost:7176""""/api/v1/Booking""" - "multipart/form-data; boundary=----WebKitFormBoundaryDkAna4iluAnb6mwL" 840026
2025-07-11 11:32:19 [Debug] 1 candidate(s) found for the request path '"/api/v1/Booking"'
2025-07-11 11:32:19 [Debug] Endpoint '"VSM.Controllers.BookingController.CreateBooking (VehicleServiceManagement)"' with route pattern '"api/v{version:apiVersion}/Booking"' is valid for the request path '"/api/v1/Booking"'
2025-07-11 11:32:19 [Debug] Request matched endpoint '"VSM.Controllers.BookingController.CreateBooking (VehicleServiceManagement)"'
2025-07-11 11:32:19 [Debug] Successfully validated the token.
2025-07-11 11:32:19 [Debug] AuthenticationScheme: "Bearer" was successfully authenticated.
2025-07-11 11:32:19 [Debug] Authorization was successful.
2025-07-11 11:32:19 [Debug] Static files was skipped as the request already matched an endpoint.
2025-07-11 11:32:19 [Debug] Static files was skipped as the request already matched an endpoint.
2025-07-11 11:32:19 [Debug] The request has an origin header: '"https://localhost:7176"'.
2025-07-11 11:32:19 [Information] CORS policy execution failed.
2025-07-11 11:32:19 [Information] Request origin "https://localhost:7176" does not have permission to access the resource.
2025-07-11 11:32:19 [Information] Executing endpoint '"VSM.Controllers.BookingController.CreateBooking (VehicleServiceManagement)"'
2025-07-11 11:32:19 [Information] Route matched with "{action = \"CreateBooking\", controller = \"Booking\"}". Executing controller action with signature "System.Threading.Tasks.Task`1[Microsoft.AspNetCore.Mvc.ActionResult`1[VSM.DTO.BookingDisplayDto]] CreateBooking(VSM.DTO.BookingAddDto)" on controller "VSM.Controllers.BookingController" ("VehicleServiceManagement").
2025-07-11 11:32:19 [Debug] Execution plan of "authorization" filters (in the following order): ["None"]
2025-07-11 11:32:19 [Debug] Execution plan of "resource" filters (in the following order): ["None"]
2025-07-11 11:32:19 [Debug] Execution plan of "action" filters (in the following order): ["Microsoft.AspNetCore.Mvc.ModelBinding.UnsupportedContentTypeFilter (Order: -3000)", "Microsoft.AspNetCore.Mvc.Infrastructure.ModelStateInvalidFilter (Order: -2000)", "Microsoft.AspNetCore.Mvc.ReportApiVersionsAttribute (Order: 0)"]
2025-07-11 11:32:19 [Debug] Execution plan of "exception" filters (in the following order): ["None"]
2025-07-11 11:32:19 [Debug] Execution plan of "result" filters (in the following order): ["Microsoft.AspNetCore.Mvc.Infrastructure.ClientErrorResultFilter (Order: -2000)", "Microsoft.AspNetCore.Mvc.ReportApiVersionsAttribute (Order: 0)"]
2025-07-11 11:32:19 [Debug] Executing controller factory for controller "VSM.Controllers.BookingController" ("VehicleServiceManagement")
2025-07-11 11:32:19 [Debug] Executed controller factory for controller "VSM.Controllers.BookingController" ("VehicleServiceManagement")
2025-07-11 11:32:19 [Debug] Connection id ""0HNE0809ES56F"", Request id ""0HNE0809ES56F:00000001"": started reading request body.
2025-07-11 11:32:19 [Debug] Connection id ""0HNE0809ES56F"", Request id ""0HNE0809ES56F:00000001"": done reading request body.
2025-07-11 11:32:19 [Debug] Attempting to bind parameter '"dto"' of type '"VSM.DTO.BookingAddDto"' ...
2025-07-11 11:32:19 [Debug] Attempting to bind parameter '"dto"' of type '"VSM.DTO.BookingAddDto"' using the name '""' in request data ...
2025-07-11 11:32:19 [Debug] Attempting to bind property '"VSM.DTO.BookingAddDto"."CustomerID"' of type '"System.Guid"' using the name '"CustomerID"' in request data ...
2025-07-11 11:32:19 [Debug] Done attempting to bind property '"VSM.DTO.BookingAddDto"."CustomerID"' of type '"System.Guid"'.
2025-07-11 11:32:19 [Debug] Attempting to bind property '"VSM.DTO.BookingAddDto"."Slot"' of type '"System.String"' using the name '"Slot"' in request data ...
2025-07-11 11:32:19 [Debug] Done attempting to bind property '"VSM.DTO.BookingAddDto"."Slot"' of type '"System.String"'.
2025-07-11 11:32:19 [Debug] Attempting to bind property '"VSM.DTO.BookingAddDto"."Image"' of type '"Microsoft.AspNetCore.Http.IFormFile"' using the name '"Image"' in request data ...
2025-07-11 11:32:19 [Debug] Done attempting to bind property '"VSM.DTO.BookingAddDto"."Image"' of type '"Microsoft.AspNetCore.Http.IFormFile"'.
2025-07-11 11:32:19 [Debug] Done attempting to bind parameter '"dto"' of type '"VSM.DTO.BookingAddDto"'.
2025-07-11 11:32:19 [Debug] Done attempting to bind parameter '"dto"' of type '"VSM.DTO.BookingAddDto"'.
2025-07-11 11:32:19 [Debug] Attempting to validate the bound parameter '"dto"' of type '"VSM.DTO.BookingAddDto"' ...
2025-07-11 11:32:19 [Debug] Done attempting to validate the bound parameter '"dto"' of type '"VSM.DTO.BookingAddDto"'.
2025-07-11 11:32:19 [Debug] Entity Framework Core "9.0.5" initialized '"VSMContext"' using provider '"Npgsql.EntityFrameworkCore.PostgreSQL":"9.0.4+fd2380957bee5cd86f336466af36b08c0163f1a5"' with options: "None"
2025-07-11 11:32:19 [Debug] Creating DbConnection.
2025-07-11 11:32:19 [Debug] Created DbConnection. (0ms).
2025-07-11 11:32:19 [Debug] Opening connection to database '"VehicleServiceManagement"' on server '"tcp://localhost:5432"'.
2025-07-11 11:32:19 [Debug] Opened connection to database '"VehicleServiceManagement"' on server '"tcp://localhost:5432"'.
2025-07-11 11:32:19 [Debug] Creating DbCommand for '"ExecuteReader"'.
2025-07-11 11:32:19 [Debug] Created DbCommand for '"ExecuteReader"' (0ms).
2025-07-11 11:32:19 [Debug] Initialized DbCommand for '"ExecuteReader"' (0ms).
2025-07-11 11:32:19 [Debug] Executing DbCommand [Parameters=[""], CommandType='Text', CommandTimeout='30']"
""SELECT b.\"BookingID\", b.\"BookedAt\", b.\"CustomerID\", b.\"DeliveryTime\", b.\"Imageurl\", b.\"IsDeleted\", b.\"Slot\", b.\"Status\", c.\"CustomerID\", c.\"Email\", c.\"Name\", c.\"Phone\", c.\"Status\"
FROM \"Bookings\" AS b
INNER JOIN \"Customers\" AS c ON b.\"CustomerID\" = c.\"CustomerID\"
ORDER BY CASE
    WHEN b.\"Status\" = 'Booked' THEN 0
    WHEN b.\"Status\" = 'Reviewed' THEN 1
    WHEN b.\"Status\" = 'Cancelled' THEN 2
    ELSE 3
END"
2025-07-11 11:32:19 [Information] Executed DbCommand ("1"ms) [Parameters=[""], CommandType='Text', CommandTimeout='30']"
""SELECT b.\"BookingID\", b.\"BookedAt\", b.\"CustomerID\", b.\"DeliveryTime\", b.\"Imageurl\", b.\"IsDeleted\", b.\"Slot\", b.\"Status\", c.\"CustomerID\", c.\"Email\", c.\"Name\", c.\"Phone\", c.\"Status\"
FROM \"Bookings\" AS b
INNER JOIN \"Customers\" AS c ON b.\"CustomerID\" = c.\"CustomerID\"
ORDER BY CASE
    WHEN b.\"Status\" = 'Booked' THEN 0
    WHEN b.\"Status\" = 'Reviewed' THEN 1
    WHEN b.\"Status\" = 'Cancelled' THEN 2
    ELSE 3
END"
2025-07-11 11:32:19 [Debug] Context '"VSMContext"' started tracking '"Booking"' entity. Consider using 'DbContextOptionsBuilder.EnableSensitiveDataLogging' to see key values.
2025-07-11 11:32:19 [Debug] The navigation '"Booking"."Customer"' was detected as changed. Consider using 'DbContextOptionsBuilder.EnableSensitiveDataLogging' to see key values.
2025-07-11 11:32:19 [Debug] Context '"VSMContext"' started tracking '"Customer"' entity. Consider using 'DbContextOptionsBuilder.EnableSensitiveDataLogging' to see key values.
2025-07-11 11:32:19 [Debug] Context '"VSMContext"' started tracking '"Booking"' entity. Consider using 'DbContextOptionsBuilder.EnableSensitiveDataLogging' to see key values.
2025-07-11 11:32:19 [Debug] The navigation '"Booking"."Customer"' was detected as changed. Consider using 'DbContextOptionsBuilder.EnableSensitiveDataLogging' to see key values.
2025-07-11 11:32:19 [Debug] Context '"VSMContext"' started tracking '"Customer"' entity. Consider using 'DbContextOptionsBuilder.EnableSensitiveDataLogging' to see key values.
2025-07-11 11:32:19 [Debug] Context '"VSMContext"' started tracking '"Booking"' entity. Consider using 'DbContextOptionsBuilder.EnableSensitiveDataLogging' to see key values.
2025-07-11 11:32:19 [Debug] The navigation '"Booking"."Customer"' was detected as changed. Consider using 'DbContextOptionsBuilder.EnableSensitiveDataLogging' to see key values.
2025-07-11 11:32:19 [Debug] Context '"VSMContext"' started tracking '"Customer"' entity. Consider using 'DbContextOptionsBuilder.EnableSensitiveDataLogging' to see key values.
2025-07-11 11:32:19 [Debug] Context '"VSMContext"' started tracking '"Booking"' entity. Consider using 'DbContextOptionsBuilder.EnableSensitiveDataLogging' to see key values.
2025-07-11 11:32:19 [Debug] Context '"VSMContext"' started tracking '"Booking"' entity. Consider using 'DbContextOptionsBuilder.EnableSensitiveDataLogging' to see key values.
2025-07-11 11:32:19 [Debug] Context '"VSMContext"' started tracking '"Booking"' entity. Consider using 'DbContextOptionsBuilder.EnableSensitiveDataLogging' to see key values.
2025-07-11 11:32:19 [Debug] Context '"VSMContext"' started tracking '"Booking"' entity. Consider using 'DbContextOptionsBuilder.EnableSensitiveDataLogging' to see key values.
2025-07-11 11:32:19 [Debug] Context '"VSMContext"' started tracking '"Booking"' entity. Consider using 'DbContextOptionsBuilder.EnableSensitiveDataLogging' to see key values.
2025-07-11 11:32:19 [Debug] Context '"VSMContext"' started tracking '"Booking"' entity. Consider using 'DbContextOptionsBuilder.EnableSensitiveDataLogging' to see key values.
2025-07-11 11:32:19 [Debug] Context '"VSMContext"' started tracking '"Booking"' entity. Consider using 'DbContextOptionsBuilder.EnableSensitiveDataLogging' to see key values.
2025-07-11 11:32:19 [Debug] Context '"VSMContext"' started tracking '"Booking"' entity. Consider using 'DbContextOptionsBuilder.EnableSensitiveDataLogging' to see key values.
2025-07-11 11:32:19 [Debug] Context '"VSMContext"' started tracking '"Booking"' entity. Consider using 'DbContextOptionsBuilder.EnableSensitiveDataLogging' to see key values.
2025-07-11 11:32:19 [Debug] The navigation '"Booking"."Customer"' was detected as changed. Consider using 'DbContextOptionsBuilder.EnableSensitiveDataLogging' to see key values.
2025-07-11 11:32:19 [Debug] Context '"VSMContext"' started tracking '"Customer"' entity. Consider using 'DbContextOptionsBuilder.EnableSensitiveDataLogging' to see key values.
2025-07-11 11:32:19 [Debug] Context '"VSMContext"' started tracking '"Booking"' entity. Consider using 'DbContextOptionsBuilder.EnableSensitiveDataLogging' to see key values.
2025-07-11 11:32:19 [Debug] Context '"VSMContext"' started tracking '"Booking"' entity. Consider using 'DbContextOptionsBuilder.EnableSensitiveDataLogging' to see key values.
2025-07-11 11:32:19 [Debug] Context '"VSMContext"' started tracking '"Booking"' entity. Consider using 'DbContextOptionsBuilder.EnableSensitiveDataLogging' to see key values.
2025-07-11 11:32:19 [Debug] Context '"VSMContext"' started tracking '"Booking"' entity. Consider using 'DbContextOptionsBuilder.EnableSensitiveDataLogging' to see key values.
2025-07-11 11:32:19 [Debug] Context '"VSMContext"' started tracking '"Booking"' entity. Consider using 'DbContextOptionsBuilder.EnableSensitiveDataLogging' to see key values.
2025-07-11 11:32:19 [Debug] Context '"VSMContext"' started tracking '"Booking"' entity. Consider using 'DbContextOptionsBuilder.EnableSensitiveDataLogging' to see key values.
2025-07-11 11:32:19 [Debug] Context '"VSMContext"' started tracking '"Booking"' entity. Consider using 'DbContextOptionsBuilder.EnableSensitiveDataLogging' to see key values.
2025-07-11 11:32:19 [Debug] Context '"VSMContext"' started tracking '"Booking"' entity. Consider using 'DbContextOptionsBuilder.EnableSensitiveDataLogging' to see key values.
2025-07-11 11:32:19 [Debug] Context '"VSMContext"' started tracking '"Booking"' entity. Consider using 'DbContextOptionsBuilder.EnableSensitiveDataLogging' to see key values.
2025-07-11 11:32:19 [Debug] Context '"VSMContext"' started tracking '"Booking"' entity. Consider using 'DbContextOptionsBuilder.EnableSensitiveDataLogging' to see key values.
2025-07-11 11:32:19 [Debug] Context '"VSMContext"' started tracking '"Booking"' entity. Consider using 'DbContextOptionsBuilder.EnableSensitiveDataLogging' to see key values.
2025-07-11 11:32:19 [Debug] Context '"VSMContext"' started tracking '"Booking"' entity. Consider using 'DbContextOptionsBuilder.EnableSensitiveDataLogging' to see key values.
2025-07-11 11:32:19 [Debug] Context '"VSMContext"' started tracking '"Booking"' entity. Consider using 'DbContextOptionsBuilder.EnableSensitiveDataLogging' to see key values.
2025-07-11 11:32:19 [Debug] Context '"VSMContext"' started tracking '"Booking"' entity. Consider using 'DbContextOptionsBuilder.EnableSensitiveDataLogging' to see key values.
2025-07-11 11:32:19 [Debug] Context '"VSMContext"' started tracking '"Booking"' entity. Consider using 'DbContextOptionsBuilder.EnableSensitiveDataLogging' to see key values.
2025-07-11 11:32:19 [Debug] Context '"VSMContext"' started tracking '"Booking"' entity. Consider using 'DbContextOptionsBuilder.EnableSensitiveDataLogging' to see key values.
2025-07-11 11:32:19 [Debug] Context '"VSMContext"' started tracking '"Booking"' entity. Consider using 'DbContextOptionsBuilder.EnableSensitiveDataLogging' to see key values.
2025-07-11 11:32:19 [Debug] Context '"VSMContext"' started tracking '"Booking"' entity. Consider using 'DbContextOptionsBuilder.EnableSensitiveDataLogging' to see key values.
2025-07-11 11:32:19 [Debug] Context '"VSMContext"' started tracking '"Booking"' entity. Consider using 'DbContextOptionsBuilder.EnableSensitiveDataLogging' to see key values.
2025-07-11 11:32:19 [Debug] Context '"VSMContext"' started tracking '"Booking"' entity. Consider using 'DbContextOptionsBuilder.EnableSensitiveDataLogging' to see key values.
2025-07-11 11:32:19 [Debug] Closing data reader to '"VehicleServiceManagement"' on server '"tcp://localhost:5432"'.
2025-07-11 11:32:19 [Debug] A data reader for '"VehicleServiceManagement"' on server '"tcp://localhost:5432"' is being disposed after spending 3ms reading results.
2025-07-11 11:32:19 [Debug] Closing connection to database '"VehicleServiceManagement"' on server '"tcp://localhost:5432"'.
2025-07-11 11:32:19 [Debug] Closed connection to database '"VehicleServiceManagement"' on server '"tcp://localhost:5432"' (0ms).
2025-07-11 11:32:19 [Debug] Compiling query expression: "
"'"DbSet<Customer>()
    .SingleOrDefault(u => u.CustomerID == __key_0)"'
2025-07-11 11:32:19 [Debug] Generated query execution expression: "
"'"queryContext => ShapedQueryCompilingExpressionVisitor.SingleOrDefaultAsync<Customer>(
    asyncEnumerable: SingleQueryingEnumerable.Create<Customer>(
        relationalQueryContext: (RelationalQueryContext)queryContext, 
        relationalCommandResolver: parameters => [LIFTABLE Constant: RelationalCommandCache.QueryExpression(
            Projection Mapping:
                EmptyProjectionMember -> Dictionary<IProperty, int> { [Property: Customer.CustomerID (Guid) Required PK AfterSave:Throw ValueGenerated.OnAdd, 0], [Property: Customer.Email (string) Required FK Index, 1], [Property: Customer.Name (string) Required, 2], [Property: Customer.Phone (string) Required, 3], [Property: Customer.Status (string) Required, 4] }
            SELECT TOP(2) c.CustomerID, c.Email, c.Name, c.Phone, c.Status
            FROM Customers AS c
            WHERE c.CustomerID == @__key_0) | Resolver: c => new RelationalCommandCache(
            c.Dependencies.MemoryCache, 
            c.RelationalDependencies.QuerySqlGeneratorFactory, 
            c.RelationalDependencies.RelationalParameterBasedSqlProcessorFactory, 
            Projection Mapping:
                EmptyProjectionMember -> Dictionary<IProperty, int> { [Property: Customer.CustomerID (Guid) Required PK AfterSave:Throw ValueGenerated.OnAdd, 0], [Property: Customer.Email (string) Required FK Index, 1], [Property: Customer.Name (string) Required, 2], [Property: Customer.Phone (string) Required, 3], [Property: Customer.Status (string) Required, 4] }
            SELECT TOP(2) c.CustomerID, c.Email, c.Name, c.Phone, c.Status
            FROM Customers AS c
            WHERE c.CustomerID == @__key_0, 
            False, 
            new HashSet<string>(
                new string[]{ }, 
                StringComparer.Ordinal
            )
        )].GetRelationalCommandTemplate(parameters), 
        readerColumns: null, 
        shaper: (queryContext, dataReader, resultContext, resultCoordinator) => 
        {
            Customer entity;
            entity = 
            {
                MaterializationContext materializationContext1;
                IEntityType entityType1;
                Customer instance1;
                InternalEntityEntry entry1;
                bool hasNullKey1;
                materializationContext1 = new MaterializationContext(
                    [LIFTABLE Constant: ValueBuffer | Resolver: _ => (object)ValueBuffer.Empty], 
                    queryContext.Context
                );
                instance1 = default(Customer);
                entry1 = queryContext.TryGetEntry(
                    key: [LIFTABLE Constant: Key: Customer.CustomerID PK | Resolver: c => c.Dependencies.Model.FindEntityType(\"VSM.Models.Customer\").FindPrimaryKey()], 
                    keyValues: new object[]{ (object)dataReader.GetGuid(0) }, 
                    throwOnNullKey: True, 
                    hasNullKey: hasNullKey1);
                !(hasNullKey1) ? entry1 != default(InternalEntityEntry) ? 
                {
                    entityType1 = entry1.EntityType;
                    return instance1 = (Customer)entry1.Entity;
                } : 
                {
                    ISnapshot shadowSnapshot1;
                    shadowSnapshot1 = [LIFTABLE Constant: Snapshot | Resolver: _ => Snapshot.Empty];
                    entityType1 = [LIFTABLE Constant: EntityType: Customer | Resolver: namelessParameter{0} => namelessParameter{0}.Dependencies.Model.FindEntityType(\"VSM.Models.Customer\")];
                    instance1 = switch (entityType1)
                    {
                        case [LIFTABLE Constant: EntityType: Customer | Resolver: namelessParameter{1} => namelessParameter{1}.Dependencies.Model.FindEntityType(\"VSM.Models.Customer\")]: 
                            {
                                return 
                                {
                                    Customer instance;
                                    instance = new Customer();
                                    instance.<CustomerID>k__BackingField = dataReader.GetGuid(0);
                                    instance.<Email>k__BackingField = dataReader.GetString(1);
                                    instance.<Name>k__BackingField = dataReader.GetString(2);
                                    instance.<Phone>k__BackingField = dataReader.GetString(3);
                                    instance.<Status>k__BackingField = dataReader.GetString(4);
                                    (instance is IInjectableService) ? ((IInjectableService)instance).Injected(
                                        context: materializationContext1.Context, 
                                        entity: instance, 
                                        queryTrackingBehavior: TrackAll, 
                                        structuralType: [LIFTABLE Constant: EntityType: Customer | Resolver: namelessParameter{2} => namelessParameter{2}.Dependencies.Model.FindEntityType(\"VSM.Models.Customer\")]) : default(void);
                                    return instance;
                                }}
                        default: 
                            default(Customer)
                    }
                    ;
                    entry1 = entityType1 == default(IEntityType) ? default(InternalEntityEntry) : queryContext.StartTracking(
                        entityType: entityType1, 
                        entity: instance1, 
                        snapshot: shadowSnapshot1);
                    return instance1;
                } : default(void);
                return instance1;
            };
            return entity;
        }, 
        contextType: VSM.Contexts.VSMContext, 
        standAloneStateManager: False, 
        detailedErrorsEnabled: False, 
        threadSafetyChecksEnabled: True), 
    cancellationToken: queryContext.CancellationToken)"'
2025-07-11 11:32:19 [Debug] Opening connection to database '"VehicleServiceManagement"' on server '"tcp://localhost:5432"'.
2025-07-11 11:32:19 [Debug] Opened connection to database '"VehicleServiceManagement"' on server '"tcp://localhost:5432"'.
2025-07-11 11:32:19 [Debug] Creating DbCommand for '"ExecuteReader"'.
2025-07-11 11:32:19 [Debug] Created DbCommand for '"ExecuteReader"' (0ms).
2025-07-11 11:32:19 [Debug] Initialized DbCommand for '"ExecuteReader"' (0ms).
2025-07-11 11:32:19 [Debug] Executing DbCommand [Parameters=["@__key_0='?' (DbType = Guid)"], CommandType='Text', CommandTimeout='30']"
""SELECT c.\"CustomerID\", c.\"Email\", c.\"Name\", c.\"Phone\", c.\"Status\"
FROM \"Customers\" AS c
WHERE c.\"CustomerID\" = @__key_0
LIMIT 2"
2025-07-11 11:32:19 [Information] Executed DbCommand ("1"ms) [Parameters=["@__key_0='?' (DbType = Guid)"], CommandType='Text', CommandTimeout='30']"
""SELECT c.\"CustomerID\", c.\"Email\", c.\"Name\", c.\"Phone\", c.\"Status\"
FROM \"Customers\" AS c
WHERE c.\"CustomerID\" = @__key_0
LIMIT 2"
2025-07-11 11:32:19 [Debug] Closing data reader to '"VehicleServiceManagement"' on server '"tcp://localhost:5432"'.
2025-07-11 11:32:19 [Debug] A data reader for '"VehicleServiceManagement"' on server '"tcp://localhost:5432"' is being disposed after spending 0ms reading results.
2025-07-11 11:32:19 [Debug] Closing connection to database '"VehicleServiceManagement"' on server '"tcp://localhost:5432"'.
2025-07-11 11:32:19 [Debug] Closed connection to database '"VehicleServiceManagement"' on server '"tcp://localhost:5432"' (0ms).
2025-07-11 11:32:21 [Debug] List of registered output formatters, in the following order: ["Microsoft.AspNetCore.Mvc.Formatters.HttpNoContentOutputFormatter", "Microsoft.AspNetCore.Mvc.Formatters.StringOutputFormatter", "Microsoft.AspNetCore.Mvc.Formatters.StreamOutputFormatter", "Microsoft.AspNetCore.Mvc.Formatters.SystemTextJsonOutputFormatter"]
2025-07-11 11:32:21 [Debug] Attempting to select an output formatter based on Accept header '["text/plain"]'.
2025-07-11 11:32:21 [Debug] Could not find an output formatter based on content negotiation. Accepted types were (["text/plain"])
2025-07-11 11:32:21 [Debug] Attempting to select an output formatter without using a content type as no explicit content types were specified for the response.
2025-07-11 11:32:21 [Debug] Attempting to select the first formatter in the output formatters list which can write the result.
2025-07-11 11:32:21 [Debug] Selected output formatter '"Microsoft.AspNetCore.Mvc.Formatters.SystemTextJsonOutputFormatter"' and content type '"application/json"' to write the response.
2025-07-11 11:32:21 [Information] Executing "BadRequestObjectResult", writing value of type '"<>f__AnonymousType3`1[[System.String, System.Private.CoreLib, Version=9.0.0.0, Culture=neutral, PublicKeyToken=7cec85d7bea7798e]]"'.
2025-07-11 11:32:21 [Information] Executed action "VSM.Controllers.BookingController.CreateBooking (VehicleServiceManagement)" in 1686.3249ms
2025-07-11 11:32:21 [Information] Executed endpoint '"VSM.Controllers.BookingController.CreateBooking (VehicleServiceManagement)"'
2025-07-11 11:32:21 [Debug] '"VSMContext"' disposed.
2025-07-11 11:32:21 [Debug] Disposing connection to database '"VehicleServiceManagement"' on server '"tcp://localhost:5432"'.
2025-07-11 11:32:21 [Debug] Disposed connection to database '"VehicleServiceManagement"' on server '"tcp://localhost:5432"' (0ms).
2025-07-11 11:32:21 [Information] Request finished "HTTP/2" "POST" "https"://"localhost:7176""""/api/v1/Booking""" - 400 null "application/json; charset=utf-8" 1697.8477ms
2025-07-11 11:34:25 [Information] Application is shutting down...
2025-07-11 11:34:25 [Debug] Hosting stopping
2025-07-11 11:34:25 [Debug] Connection id ""0HNE0809ES56F"" is closing.
2025-07-11 11:34:25 [Debug] Connection id ""0HNE0809ES56F"" is closed. The last processed stream ID was 1.
2025-07-11 11:34:25 [Debug] Connection id ""0HNE0809ES56F"" received FIN.
2025-07-11 11:34:25 [Debug] Connection id ""0HNE0809ES56F"" sending FIN because: ""The Socket transport's send loop completed gracefully.""
2025-07-11 11:34:25 [Debug] The connection queue processing loop for "0HNE0809ES56F" completed.
2025-07-11 11:34:25 [Debug] Connection id ""0HNE0809ES56F"" stopped.
2025-07-11 11:34:25 [Debug] Hosting stopped
2025-07-11 11:34:32 [Debug] Registered SignalR Protocol: "json", implemented by "Microsoft.AspNetCore.SignalR.Protocol.JsonHubProtocol".
2025-07-11 11:34:32 [Debug] Registered model binder providers, in the following order: ["Microsoft.AspNetCore.Mvc.Versioning.ApiVersionModelBinderProvider", "Microsoft.AspNetCore.Mvc.ModelBinding.Binders.BinderTypeModelBinderProvider", "Microsoft.AspNetCore.Mvc.ModelBinding.Binders.ServicesModelBinderProvider", "Microsoft.AspNetCore.Mvc.ModelBinding.Binders.BodyModelBinderProvider", "Microsoft.AspNetCore.Mvc.ModelBinding.Binders.HeaderModelBinderProvider", "Microsoft.AspNetCore.Mvc.ModelBinding.Binders.FloatingPointTypeModelBinderProvider", "Microsoft.AspNetCore.Mvc.ModelBinding.Binders.EnumTypeModelBinderProvider", "Microsoft.AspNetCore.Mvc.ModelBinding.Binders.DateTimeModelBinderProvider", "Microsoft.AspNetCore.Mvc.ModelBinding.Binders.SimpleTypeModelBinderProvider", "Microsoft.AspNetCore.Mvc.ModelBinding.Binders.TryParseModelBinderProvider", "Microsoft.AspNetCore.Mvc.ModelBinding.Binders.CancellationTokenModelBinderProvider", "Microsoft.AspNetCore.Mvc.ModelBinding.Binders.ByteArrayModelBinderProvider", "Microsoft.AspNetCore.Mvc.ModelBinding.Binders.FormFileModelBinderProvider", "Microsoft.AspNetCore.Mvc.ModelBinding.Binders.FormCollectionModelBinderProvider", "Microsoft.AspNetCore.Mvc.ModelBinding.Binders.KeyValuePairModelBinderProvider", "Microsoft.AspNetCore.Mvc.ModelBinding.Binders.DictionaryModelBinderProvider", "Microsoft.AspNetCore.Mvc.ModelBinding.Binders.ArrayModelBinderProvider", "Microsoft.AspNetCore.Mvc.ModelBinding.Binders.CollectionModelBinderProvider", "Microsoft.AspNetCore.Mvc.ModelBinding.Binders.ComplexObjectModelBinderProvider"]
2025-07-11 11:34:32 [Debug] Hosting starting
2025-07-11 11:34:32 [Information] User profile is available. Using '"/Users/presidio/.aspnet/DataProtection-Keys"' as key repository; keys will not be encrypted at rest.
2025-07-11 11:34:32 [Debug] Reading data from file '"/Users/presidio/.aspnet/DataProtection-Keys/key-cf15f4e9-0e1e-4dd8-9046-30896a9bd09a.xml"'.
2025-07-11 11:34:32 [Debug] Found key {cf15f4e9-0e1e-4dd8-9046-30896a9bd09a}.
2025-07-11 11:34:32 [Debug] Considering key {cf15f4e9-0e1e-4dd8-9046-30896a9bd09a} with expiration date 2025-09-19 13:23:33Z as default key.
2025-07-11 11:34:32 [Debug] Forwarded activator type request from "Microsoft.AspNetCore.DataProtection.AuthenticatedEncryption.ConfigurationModel.AuthenticatedEncryptorDescriptorDeserializer, Microsoft.AspNetCore.DataProtection, Version=9.0.0.0, Culture=neutral, PublicKeyToken=adb9793829ddae60" to "Microsoft.AspNetCore.DataProtection.AuthenticatedEncryption.ConfigurationModel.AuthenticatedEncryptorDescriptorDeserializer, Microsoft.AspNetCore.DataProtection, Culture=neutral, PublicKeyToken=adb9793829ddae60"
2025-07-11 11:34:32 [Debug] Using managed symmetric algorithm '"System.Security.Cryptography.Aes"'.
2025-07-11 11:34:32 [Debug] Using managed keyed hash algorithm '"System.Security.Cryptography.HMACSHA256"'.
2025-07-11 11:34:32 [Debug] Using key {cf15f4e9-0e1e-4dd8-9046-30896a9bd09a} as the default key.
2025-07-11 11:34:32 [Debug] Key ring with default key {cf15f4e9-0e1e-4dd8-9046-30896a9bd09a} was loaded during application startup.
2025-07-11 11:34:32 [Debug] Middleware configuration started with options: "{AllowedHosts = *, AllowEmptyHosts = True, IncludeFailureMessage = True}"
2025-07-11 11:34:32 [Debug] Wildcard detected, all requests with hosts will be allowed.
2025-07-11 11:34:33 [Information] Now listening on: "https://localhost:7176"
2025-07-11 11:34:33 [Information] Now listening on: "http://localhost:5154"
2025-07-11 11:34:33 [Debug] Loaded hosting startup assembly "VehicleServiceManagement"
2025-07-11 11:34:33 [Information] Application started. Press Ctrl+C to shut down.
2025-07-11 11:34:33 [Information] Hosting environment: "Development"
2025-07-11 11:34:33 [Information] Content root path: "/Users/presidio/Desktop/Genspark/MiniProject/VehicleServiceManagement"
2025-07-11 11:34:33 [Debug] Hosting started
2025-07-11 11:34:36 [Debug] Connection id ""0HNE083892PEF"" accepted.
2025-07-11 11:34:36 [Debug] Connection id ""0HNE083892PEF"" started.
2025-07-11 11:34:36 [Debug] Connection "0HNE083892PEF" established using the following protocol: Tls12
2025-07-11 11:34:36 [Information] Request starting "HTTP/2" "POST" "https"://"localhost:7176""""/api/v1/Booking""" - "multipart/form-data; boundary=----WebKitFormBoundaryfAU3KInTSpkAcj1W" 840026
2025-07-11 11:34:36 [Debug] 1 candidate(s) found for the request path '"/api/v1/Booking"'
2025-07-11 11:34:36 [Debug] Endpoint '"VSM.Controllers.BookingController.CreateBooking (VehicleServiceManagement)"' with route pattern '"api/v{version:apiVersion}/Booking"' is valid for the request path '"/api/v1/Booking"'
2025-07-11 11:34:36 [Debug] Request matched endpoint '"VSM.Controllers.BookingController.CreateBooking (VehicleServiceManagement)"'
2025-07-11 11:34:36 [Debug] Successfully validated the token.
2025-07-11 11:34:36 [Debug] AuthenticationScheme: "Bearer" was successfully authenticated.
2025-07-11 11:34:36 [Debug] Authorization was successful.
2025-07-11 11:34:36 [Debug] Static files was skipped as the request already matched an endpoint.
2025-07-11 11:34:36 [Debug] Static files was skipped as the request already matched an endpoint.
2025-07-11 11:34:36 [Debug] The request has an origin header: '"https://localhost:7176"'.
2025-07-11 11:34:36 [Information] CORS policy execution failed.
2025-07-11 11:34:36 [Information] Request origin "https://localhost:7176" does not have permission to access the resource.
2025-07-11 11:34:36 [Information] Executing endpoint '"VSM.Controllers.BookingController.CreateBooking (VehicleServiceManagement)"'
2025-07-11 11:34:36 [Information] Route matched with "{action = \"CreateBooking\", controller = \"Booking\"}". Executing controller action with signature "System.Threading.Tasks.Task`1[Microsoft.AspNetCore.Mvc.ActionResult`1[VSM.DTO.BookingDisplayDto]] CreateBooking(VSM.DTO.BookingAddDto)" on controller "VSM.Controllers.BookingController" ("VehicleServiceManagement").
2025-07-11 11:34:36 [Debug] Execution plan of "authorization" filters (in the following order): ["None"]
2025-07-11 11:34:36 [Debug] Execution plan of "resource" filters (in the following order): ["None"]
2025-07-11 11:34:36 [Debug] Execution plan of "action" filters (in the following order): ["Microsoft.AspNetCore.Mvc.ModelBinding.UnsupportedContentTypeFilter (Order: -3000)", "Microsoft.AspNetCore.Mvc.Infrastructure.ModelStateInvalidFilter (Order: -2000)", "Microsoft.AspNetCore.Mvc.ReportApiVersionsAttribute (Order: 0)"]
2025-07-11 11:34:36 [Debug] Execution plan of "exception" filters (in the following order): ["None"]
2025-07-11 11:34:36 [Debug] Execution plan of "result" filters (in the following order): ["Microsoft.AspNetCore.Mvc.Infrastructure.ClientErrorResultFilter (Order: -2000)", "Microsoft.AspNetCore.Mvc.ReportApiVersionsAttribute (Order: 0)"]
2025-07-11 11:34:36 [Debug] Executing controller factory for controller "VSM.Controllers.BookingController" ("VehicleServiceManagement")
2025-07-11 11:34:36 [Debug] An 'IServiceProvider' was created for internal use by Entity Framework.
2025-07-11 11:34:36 [Debug] Executed controller factory for controller "VSM.Controllers.BookingController" ("VehicleServiceManagement")
2025-07-11 11:34:36 [Debug] Connection id ""0HNE083892PEF"", Request id ""0HNE083892PEF:00000001"": started reading request body.
2025-07-11 11:34:36 [Debug] Connection id ""0HNE083892PEF"", Request id ""0HNE083892PEF:00000001"": done reading request body.
2025-07-11 11:34:36 [Debug] Attempting to bind parameter '"dto"' of type '"VSM.DTO.BookingAddDto"' ...
2025-07-11 11:34:36 [Debug] Attempting to bind parameter '"dto"' of type '"VSM.DTO.BookingAddDto"' using the name '""' in request data ...
2025-07-11 11:34:36 [Debug] Attempting to bind property '"VSM.DTO.BookingAddDto"."CustomerID"' of type '"System.Guid"' using the name '"CustomerID"' in request data ...
2025-07-11 11:34:36 [Debug] Done attempting to bind property '"VSM.DTO.BookingAddDto"."CustomerID"' of type '"System.Guid"'.
2025-07-11 11:34:36 [Debug] Attempting to bind property '"VSM.DTO.BookingAddDto"."Slot"' of type '"System.String"' using the name '"Slot"' in request data ...
2025-07-11 11:34:36 [Debug] Done attempting to bind property '"VSM.DTO.BookingAddDto"."Slot"' of type '"System.String"'.
2025-07-11 11:34:36 [Debug] Attempting to bind property '"VSM.DTO.BookingAddDto"."Image"' of type '"Microsoft.AspNetCore.Http.IFormFile"' using the name '"Image"' in request data ...
2025-07-11 11:34:36 [Debug] Done attempting to bind property '"VSM.DTO.BookingAddDto"."Image"' of type '"Microsoft.AspNetCore.Http.IFormFile"'.
2025-07-11 11:34:36 [Debug] Done attempting to bind parameter '"dto"' of type '"VSM.DTO.BookingAddDto"'.
2025-07-11 11:34:36 [Debug] Done attempting to bind parameter '"dto"' of type '"VSM.DTO.BookingAddDto"'.
2025-07-11 11:34:36 [Debug] Attempting to validate the bound parameter '"dto"' of type '"VSM.DTO.BookingAddDto"' ...
2025-07-11 11:34:37 [Debug] Done attempting to validate the bound parameter '"dto"' of type '"VSM.DTO.BookingAddDto"'.
2025-07-11 11:34:37 [Debug] The index "{'ServiceCategoriesCategoryID'}" was not created on entity type '"ServiceServiceCategory (Dictionary<string, object>)"' as the properties are already covered by the index "{'ServiceCategoriesCategoryID', 'ServicesServiceID'}".
2025-07-11 11:34:37 [Debug] Entity Framework Core "9.0.5" initialized '"VSMContext"' using provider '"Npgsql.EntityFrameworkCore.PostgreSQL":"9.0.4+fd2380957bee5cd86f336466af36b08c0163f1a5"' with options: "None"
2025-07-11 11:34:37 [Debug] Compiling query expression: "
"'"DbSet<Booking>()
    .Include(b => b.Customer)
    .OrderBy(b => b.Status == \"Booked\" ? 0 : b.Status == \"Reviewed\" ? 1 : b.Status == \"Cancelled\" ? 2 : 3)"'
2025-07-11 11:34:37 [Debug] Including navigation: '"Booking.Customer"'.
2025-07-11 11:34:38 [Debug] Generated query execution expression: "
"'"queryContext => SingleQueryingEnumerable.Create<Booking>(
    relationalQueryContext: (RelationalQueryContext)queryContext, 
    relationalCommandResolver: parameters => [LIFTABLE Constant: RelationalCommandCache.QueryExpression(
        Client Projections:
            0 -> Dictionary<IProperty, int> { [Property: Booking.BookingID (Guid) Required PK AfterSave:Throw ValueGenerated.OnAdd, 0], [Property: Booking.BookedAt (DateTime) Required, 1], [Property: Booking.CustomerID (Guid) Required FK Index, 2], [Property: Booking.DeliveryTime (DateTime) Required, 3], [Property: Booking.Imageurl (string) Required, 4], [Property: Booking.IsDeleted (bool) Required, 5], [Property: Booking.Slot (DateTime) Required, 6], [Property: Booking.Status (string) Required, 7] }
            1 -> Dictionary<IProperty, int> { [Property: Customer.CustomerID (Guid) Required PK AfterSave:Throw ValueGenerated.OnAdd, 8], [Property: Customer.Email (string) Required FK Index, 9], [Property: Customer.Name (string) Required, 10], [Property: Customer.Phone (string) Required, 11], [Property: Customer.Status (string) Required, 12] }
        SELECT b.BookingID, b.BookedAt, b.CustomerID, b.DeliveryTime, b.Imageurl, b.IsDeleted, b.Slot, b.Status, c.CustomerID, c.Email, c.Name, c.Phone, c.Status
        FROM Bookings AS b
        INNER JOIN Customers AS c ON b.CustomerID == c.CustomerID
        ORDER BY CASE
            WHEN b.Status == 'Booked' THEN 0
            WHEN b.Status == 'Reviewed' THEN 1
            WHEN b.Status == 'Cancelled' THEN 2
            ELSE 3
        END ASC) | Resolver: c => new RelationalCommandCache(
        c.Dependencies.MemoryCache, 
        c.RelationalDependencies.QuerySqlGeneratorFactory, 
        c.RelationalDependencies.RelationalParameterBasedSqlProcessorFactory, 
        Client Projections:
            0 -> Dictionary<IProperty, int> { [Property: Booking.BookingID (Guid) Required PK AfterSave:Throw ValueGenerated.OnAdd, 0], [Property: Booking.BookedAt (DateTime) Required, 1], [Property: Booking.CustomerID (Guid) Required FK Index, 2], [Property: Booking.DeliveryTime (DateTime) Required, 3], [Property: Booking.Imageurl (string) Required, 4], [Property: Booking.IsDeleted (bool) Required, 5], [Property: Booking.Slot (DateTime) Required, 6], [Property: Booking.Status (string) Required, 7] }
            1 -> Dictionary<IProperty, int> { [Property: Customer.CustomerID (Guid) Required PK AfterSave:Throw ValueGenerated.OnAdd, 8], [Property: Customer.Email (string) Required FK Index, 9], [Property: Customer.Name (string) Required, 10], [Property: Customer.Phone (string) Required, 11], [Property: Customer.Status (string) Required, 12] }
        SELECT b.BookingID, b.BookedAt, b.CustomerID, b.DeliveryTime, b.Imageurl, b.IsDeleted, b.Slot, b.Status, c.CustomerID, c.Email, c.Name, c.Phone, c.Status
        FROM Bookings AS b
        INNER JOIN Customers AS c ON b.CustomerID == c.CustomerID
        ORDER BY CASE
            WHEN b.Status == 'Booked' THEN 0
            WHEN b.Status == 'Reviewed' THEN 1
            WHEN b.Status == 'Cancelled' THEN 2
            ELSE 3
        END ASC, 
        False, 
        new HashSet<string>(
            new string[]{ }, 
            StringComparer.Ordinal
        )
    )].GetRelationalCommandTemplate(parameters), 
    readerColumns: null, 
    shaper: (queryContext, dataReader, resultContext, resultCoordinator) => 
    {
        Booking entity;
        Customer entity;
        entity = 
        {
            MaterializationContext materializationContext1;
            IEntityType entityType1;
            Booking instance1;
            InternalEntityEntry entry1;
            bool hasNullKey1;
            materializationContext1 = new MaterializationContext(
                [LIFTABLE Constant: ValueBuffer | Resolver: _ => (object)ValueBuffer.Empty], 
                queryContext.Context
            );
            instance1 = default(Booking);
            entry1 = queryContext.TryGetEntry(
                key: [LIFTABLE Constant: Key: Booking.BookingID PK | Resolver: c => c.Dependencies.Model.FindEntityType(\"VSM.Models.Booking\").FindPrimaryKey()], 
                keyValues: new object[]{ (object)dataReader.GetGuid(0) }, 
                throwOnNullKey: True, 
                hasNullKey: hasNullKey1);
            !(hasNullKey1) ? entry1 != default(InternalEntityEntry) ? 
            {
                entityType1 = entry1.EntityType;
                return instance1 = (Booking)entry1.Entity;
            } : 
            {
                ISnapshot shadowSnapshot1;
                shadowSnapshot1 = [LIFTABLE Constant: Snapshot | Resolver: _ => Snapshot.Empty];
                entityType1 = [LIFTABLE Constant: EntityType: Booking | Resolver: namelessParameter{0} => namelessParameter{0}.Dependencies.Model.FindEntityType(\"VSM.Models.Booking\")];
                instance1 = switch (entityType1)
                {
                    case [LIFTABLE Constant: EntityType: Booking | Resolver: namelessParameter{1} => namelessParameter{1}.Dependencies.Model.FindEntityType(\"VSM.Models.Booking\")]: 
                        {
                            return 
                            {
                                Booking instance;
                                instance = new Booking();
                                instance.<BookingID>k__BackingField = dataReader.GetGuid(0);
                                instance.<BookedAt>k__BackingField = dataReader.GetDateTime(1);
                                instance.<CustomerID>k__BackingField = dataReader.GetGuid(2);
                                instance.<DeliveryTime>k__BackingField = dataReader.GetDateTime(3);
                                instance.<Imageurl>k__BackingField = dataReader.GetString(4);
                                instance.<IsDeleted>k__BackingField = dataReader.GetBoolean(5);
                                instance.<Slot>k__BackingField = dataReader.GetDateTime(6);
                                instance.<Status>k__BackingField = dataReader.GetString(7);
                                (instance is IInjectableService) ? ((IInjectableService)instance).Injected(
                                    context: materializationContext1.Context, 
                                    entity: instance, 
                                    queryTrackingBehavior: TrackAll, 
                                    structuralType: [LIFTABLE Constant: EntityType: Booking | Resolver: namelessParameter{2} => namelessParameter{2}.Dependencies.Model.FindEntityType(\"VSM.Models.Booking\")]) : default(void);
                                return instance;
                            }}
                    default: 
                        default(Booking)
                }
                ;
                entry1 = entityType1 == default(IEntityType) ? default(InternalEntityEntry) : queryContext.StartTracking(
                    entityType: entityType1, 
                    entity: instance1, 
                    snapshot: shadowSnapshot1);
                return instance1;
            } : default(void);
            return instance1;
        };
        entity = 
        {
            MaterializationContext materializationContext2;
            IEntityType entityType2;
            Customer instance2;
            InternalEntityEntry entry2;
            bool hasNullKey2;
            materializationContext2 = new MaterializationContext(
                [LIFTABLE Constant: ValueBuffer | Resolver: _ => (object)ValueBuffer.Empty], 
                queryContext.Context
            );
            instance2 = default(Customer);
            entry2 = queryContext.TryGetEntry(
                key: [LIFTABLE Constant: Key: Customer.CustomerID PK | Resolver: c => c.Dependencies.Model.FindEntityType(\"VSM.Models.Customer\").FindPrimaryKey()], 
                keyValues: new object[]{ (object)dataReader.GetGuid(8) }, 
                throwOnNullKey: True, 
                hasNullKey: hasNullKey2);
            !(hasNullKey2) ? entry2 != default(InternalEntityEntry) ? 
            {
                entityType2 = entry2.EntityType;
                return instance2 = (Customer)entry2.Entity;
            } : 
            {
                ISnapshot shadowSnapshot2;
                shadowSnapshot2 = [LIFTABLE Constant: Snapshot | Resolver: _ => Snapshot.Empty];
                entityType2 = [LIFTABLE Constant: EntityType: Customer | Resolver: namelessParameter{3} => namelessParameter{3}.Dependencies.Model.FindEntityType(\"VSM.Models.Customer\")];
                instance2 = switch (entityType2)
                {
                    case [LIFTABLE Constant: EntityType: Customer | Resolver: namelessParameter{4} => namelessParameter{4}.Dependencies.Model.FindEntityType(\"VSM.Models.Customer\")]: 
                        {
                            return 
                            {
                                Customer instance;
                                instance = new Customer();
                                instance.<CustomerID>k__BackingField = dataReader.GetGuid(8);
                                instance.<Email>k__BackingField = dataReader.GetString(9);
                                instance.<Name>k__BackingField = dataReader.GetString(10);
                                instance.<Phone>k__BackingField = dataReader.GetString(11);
                                instance.<Status>k__BackingField = dataReader.GetString(12);
                                (instance is IInjectableService) ? ((IInjectableService)instance).Injected(
                                    context: materializationContext2.Context, 
                                    entity: instance, 
                                    queryTrackingBehavior: TrackAll, 
                                    structuralType: [LIFTABLE Constant: EntityType: Customer | Resolver: namelessParameter{5} => namelessParameter{5}.Dependencies.Model.FindEntityType(\"VSM.Models.Customer\")]) : default(void);
                                return instance;
                            }}
                    default: 
                        default(Customer)
                }
                ;
                entry2 = entityType2 == default(IEntityType) ? default(InternalEntityEntry) : queryContext.StartTracking(
                    entityType: entityType2, 
                    entity: instance2, 
                    snapshot: shadowSnapshot2);
                return instance2;
            } : default(void);
            return instance2;
        };
        ShaperProcessingExpressionVisitor.IncludeReference<Booking, Booking, Customer>(
            queryContext: queryContext, 
            entity: entity, 
            relatedEntity: entity, 
            navigation: [LIFTABLE Constant: Navigation: Booking.Customer (Customer) ToPrincipal Customer Inverse: Bookings | Resolver: namelessParameter{6} => namelessParameter{6}.Dependencies.Model.FindEntityType(\"VSM.Models.Booking\").FindNavigation(\"Customer\")], 
            inverseNavigation: [LIFTABLE Constant: Navigation: Customer.Bookings (ICollection<Booking>) Collection ToDependent Booking Inverse: Customer | Resolver: namelessParameter{7} => namelessParameter{7}.Dependencies.Model.FindEntityType(\"VSM.Models.Customer\").FindNavigation(\"Bookings\")], 
            fixup: (namelessParameter{8}, namelessParameter{9}) => 
            {
                namelessParameter{8}.<Customer>k__BackingField = namelessParameter{9};
                return [LIFTABLE Constant: ClrICollectionAccessor<Customer, ICollection<Booking>, Booking> | Resolver: namelessParameter{10} => namelessParameter{10}.Dependencies.Model.FindEntityType(\"VSM.Models.Customer\").FindNavigation(\"Bookings\").GetCollectionAccessor()].Add(
                    entity: namelessParameter{9}, 
                    value: namelessParameter{8}, 
                    forMaterialization: True);
            }, 
            trackingQuery: True);
        return entity;
    }, 
    contextType: VSM.Contexts.VSMContext, 
    standAloneStateManager: False, 
    detailedErrorsEnabled: False, 
    threadSafetyChecksEnabled: True)"'
2025-07-11 11:34:38 [Debug] Creating DbConnection.
2025-07-11 11:34:38 [Debug] Created DbConnection. (24ms).
2025-07-11 11:34:38 [Debug] Opening connection to database '"VehicleServiceManagement"' on server '"tcp://localhost:5432"'.
2025-07-11 11:34:38 [Debug] Opened connection to database '"VehicleServiceManagement"' on server '"tcp://localhost:5432"'.
2025-07-11 11:34:38 [Debug] Creating DbCommand for '"ExecuteReader"'.
2025-07-11 11:34:38 [Debug] Created DbCommand for '"ExecuteReader"' (2ms).
2025-07-11 11:34:38 [Debug] Initialized DbCommand for '"ExecuteReader"' (6ms).
2025-07-11 11:34:38 [Debug] Executing DbCommand [Parameters=[""], CommandType='Text', CommandTimeout='30']"
""SELECT b.\"BookingID\", b.\"BookedAt\", b.\"CustomerID\", b.\"DeliveryTime\", b.\"Imageurl\", b.\"IsDeleted\", b.\"Slot\", b.\"Status\", c.\"CustomerID\", c.\"Email\", c.\"Name\", c.\"Phone\", c.\"Status\"
FROM \"Bookings\" AS b
INNER JOIN \"Customers\" AS c ON b.\"CustomerID\" = c.\"CustomerID\"
ORDER BY CASE
    WHEN b.\"Status\" = 'Booked' THEN 0
    WHEN b.\"Status\" = 'Reviewed' THEN 1
    WHEN b.\"Status\" = 'Cancelled' THEN 2
    ELSE 3
END"
2025-07-11 11:34:38 [Information] Executed DbCommand ("27"ms) [Parameters=[""], CommandType='Text', CommandTimeout='30']"
""SELECT b.\"BookingID\", b.\"BookedAt\", b.\"CustomerID\", b.\"DeliveryTime\", b.\"Imageurl\", b.\"IsDeleted\", b.\"Slot\", b.\"Status\", c.\"CustomerID\", c.\"Email\", c.\"Name\", c.\"Phone\", c.\"Status\"
FROM \"Bookings\" AS b
INNER JOIN \"Customers\" AS c ON b.\"CustomerID\" = c.\"CustomerID\"
ORDER BY CASE
    WHEN b.\"Status\" = 'Booked' THEN 0
    WHEN b.\"Status\" = 'Reviewed' THEN 1
    WHEN b.\"Status\" = 'Cancelled' THEN 2
    ELSE 3
END"
2025-07-11 11:34:38 [Debug] Context '"VSMContext"' started tracking '"Booking"' entity. Consider using 'DbContextOptionsBuilder.EnableSensitiveDataLogging' to see key values.
2025-07-11 11:34:38 [Debug] The navigation '"Booking"."Customer"' was detected as changed. Consider using 'DbContextOptionsBuilder.EnableSensitiveDataLogging' to see key values.
2025-07-11 11:34:38 [Debug] Context '"VSMContext"' started tracking '"Customer"' entity. Consider using 'DbContextOptionsBuilder.EnableSensitiveDataLogging' to see key values.
2025-07-11 11:34:38 [Debug] Context '"VSMContext"' started tracking '"Booking"' entity. Consider using 'DbContextOptionsBuilder.EnableSensitiveDataLogging' to see key values.
2025-07-11 11:34:38 [Debug] The navigation '"Booking"."Customer"' was detected as changed. Consider using 'DbContextOptionsBuilder.EnableSensitiveDataLogging' to see key values.
2025-07-11 11:34:38 [Debug] Context '"VSMContext"' started tracking '"Customer"' entity. Consider using 'DbContextOptionsBuilder.EnableSensitiveDataLogging' to see key values.
2025-07-11 11:34:38 [Debug] Context '"VSMContext"' started tracking '"Booking"' entity. Consider using 'DbContextOptionsBuilder.EnableSensitiveDataLogging' to see key values.
2025-07-11 11:34:38 [Debug] The navigation '"Booking"."Customer"' was detected as changed. Consider using 'DbContextOptionsBuilder.EnableSensitiveDataLogging' to see key values.
2025-07-11 11:34:38 [Debug] Context '"VSMContext"' started tracking '"Customer"' entity. Consider using 'DbContextOptionsBuilder.EnableSensitiveDataLogging' to see key values.
2025-07-11 11:34:38 [Debug] Context '"VSMContext"' started tracking '"Booking"' entity. Consider using 'DbContextOptionsBuilder.EnableSensitiveDataLogging' to see key values.
2025-07-11 11:34:38 [Debug] Context '"VSMContext"' started tracking '"Booking"' entity. Consider using 'DbContextOptionsBuilder.EnableSensitiveDataLogging' to see key values.
2025-07-11 11:34:38 [Debug] Context '"VSMContext"' started tracking '"Booking"' entity. Consider using 'DbContextOptionsBuilder.EnableSensitiveDataLogging' to see key values.
2025-07-11 11:34:38 [Debug] Context '"VSMContext"' started tracking '"Booking"' entity. Consider using 'DbContextOptionsBuilder.EnableSensitiveDataLogging' to see key values.
2025-07-11 11:34:38 [Debug] Context '"VSMContext"' started tracking '"Booking"' entity. Consider using 'DbContextOptionsBuilder.EnableSensitiveDataLogging' to see key values.
2025-07-11 11:34:38 [Debug] Context '"VSMContext"' started tracking '"Booking"' entity. Consider using 'DbContextOptionsBuilder.EnableSensitiveDataLogging' to see key values.
2025-07-11 11:34:38 [Debug] Context '"VSMContext"' started tracking '"Booking"' entity. Consider using 'DbContextOptionsBuilder.EnableSensitiveDataLogging' to see key values.
2025-07-11 11:34:38 [Debug] Context '"VSMContext"' started tracking '"Booking"' entity. Consider using 'DbContextOptionsBuilder.EnableSensitiveDataLogging' to see key values.
2025-07-11 11:34:38 [Debug] Context '"VSMContext"' started tracking '"Booking"' entity. Consider using 'DbContextOptionsBuilder.EnableSensitiveDataLogging' to see key values.
2025-07-11 11:34:38 [Debug] The navigation '"Booking"."Customer"' was detected as changed. Consider using 'DbContextOptionsBuilder.EnableSensitiveDataLogging' to see key values.
2025-07-11 11:34:38 [Debug] Context '"VSMContext"' started tracking '"Customer"' entity. Consider using 'DbContextOptionsBuilder.EnableSensitiveDataLogging' to see key values.
2025-07-11 11:34:38 [Debug] Context '"VSMContext"' started tracking '"Booking"' entity. Consider using 'DbContextOptionsBuilder.EnableSensitiveDataLogging' to see key values.
2025-07-11 11:34:38 [Debug] Context '"VSMContext"' started tracking '"Booking"' entity. Consider using 'DbContextOptionsBuilder.EnableSensitiveDataLogging' to see key values.
2025-07-11 11:34:38 [Debug] Context '"VSMContext"' started tracking '"Booking"' entity. Consider using 'DbContextOptionsBuilder.EnableSensitiveDataLogging' to see key values.
2025-07-11 11:34:38 [Debug] Context '"VSMContext"' started tracking '"Booking"' entity. Consider using 'DbContextOptionsBuilder.EnableSensitiveDataLogging' to see key values.
2025-07-11 11:34:38 [Debug] Context '"VSMContext"' started tracking '"Booking"' entity. Consider using 'DbContextOptionsBuilder.EnableSensitiveDataLogging' to see key values.
2025-07-11 11:34:38 [Debug] Context '"VSMContext"' started tracking '"Booking"' entity. Consider using 'DbContextOptionsBuilder.EnableSensitiveDataLogging' to see key values.
2025-07-11 11:34:38 [Debug] Context '"VSMContext"' started tracking '"Booking"' entity. Consider using 'DbContextOptionsBuilder.EnableSensitiveDataLogging' to see key values.
2025-07-11 11:34:38 [Debug] Context '"VSMContext"' started tracking '"Booking"' entity. Consider using 'DbContextOptionsBuilder.EnableSensitiveDataLogging' to see key values.
2025-07-11 11:34:38 [Debug] Context '"VSMContext"' started tracking '"Booking"' entity. Consider using 'DbContextOptionsBuilder.EnableSensitiveDataLogging' to see key values.
2025-07-11 11:34:38 [Debug] Context '"VSMContext"' started tracking '"Booking"' entity. Consider using 'DbContextOptionsBuilder.EnableSensitiveDataLogging' to see key values.
2025-07-11 11:34:38 [Debug] Context '"VSMContext"' started tracking '"Booking"' entity. Consider using 'DbContextOptionsBuilder.EnableSensitiveDataLogging' to see key values.
2025-07-11 11:34:38 [Debug] Context '"VSMContext"' started tracking '"Booking"' entity. Consider using 'DbContextOptionsBuilder.EnableSensitiveDataLogging' to see key values.
2025-07-11 11:34:38 [Debug] Context '"VSMContext"' started tracking '"Booking"' entity. Consider using 'DbContextOptionsBuilder.EnableSensitiveDataLogging' to see key values.
2025-07-11 11:34:38 [Debug] Context '"VSMContext"' started tracking '"Booking"' entity. Consider using 'DbContextOptionsBuilder.EnableSensitiveDataLogging' to see key values.
2025-07-11 11:34:38 [Debug] Context '"VSMContext"' started tracking '"Booking"' entity. Consider using 'DbContextOptionsBuilder.EnableSensitiveDataLogging' to see key values.
2025-07-11 11:34:38 [Debug] Context '"VSMContext"' started tracking '"Booking"' entity. Consider using 'DbContextOptionsBuilder.EnableSensitiveDataLogging' to see key values.
2025-07-11 11:34:38 [Debug] Context '"VSMContext"' started tracking '"Booking"' entity. Consider using 'DbContextOptionsBuilder.EnableSensitiveDataLogging' to see key values.
2025-07-11 11:34:38 [Debug] Context '"VSMContext"' started tracking '"Booking"' entity. Consider using 'DbContextOptionsBuilder.EnableSensitiveDataLogging' to see key values.
2025-07-11 11:34:38 [Debug] Context '"VSMContext"' started tracking '"Booking"' entity. Consider using 'DbContextOptionsBuilder.EnableSensitiveDataLogging' to see key values.
2025-07-11 11:34:38 [Debug] Context '"VSMContext"' started tracking '"Booking"' entity. Consider using 'DbContextOptionsBuilder.EnableSensitiveDataLogging' to see key values.
2025-07-11 11:34:38 [Debug] Closing data reader to '"VehicleServiceManagement"' on server '"tcp://localhost:5432"'.
2025-07-11 11:34:38 [Debug] A data reader for '"VehicleServiceManagement"' on server '"tcp://localhost:5432"' is being disposed after spending 126ms reading results.
2025-07-11 11:34:38 [Debug] Closing connection to database '"VehicleServiceManagement"' on server '"tcp://localhost:5432"'.
2025-07-11 11:34:38 [Debug] Closed connection to database '"VehicleServiceManagement"' on server '"tcp://localhost:5432"' (3ms).
2025-07-11 11:34:38 [Debug] Compiling query expression: "
"'"DbSet<Customer>()
    .SingleOrDefault(u => u.CustomerID == __key_0)"'
2025-07-11 11:34:38 [Debug] Generated query execution expression: "
"'"queryContext => ShapedQueryCompilingExpressionVisitor.SingleOrDefaultAsync<Customer>(
    asyncEnumerable: SingleQueryingEnumerable.Create<Customer>(
        relationalQueryContext: (RelationalQueryContext)queryContext, 
        relationalCommandResolver: parameters => [LIFTABLE Constant: RelationalCommandCache.QueryExpression(
            Projection Mapping:
                EmptyProjectionMember -> Dictionary<IProperty, int> { [Property: Customer.CustomerID (Guid) Required PK AfterSave:Throw ValueGenerated.OnAdd, 0], [Property: Customer.Email (string) Required FK Index, 1], [Property: Customer.Name (string) Required, 2], [Property: Customer.Phone (string) Required, 3], [Property: Customer.Status (string) Required, 4] }
            SELECT TOP(2) c.CustomerID, c.Email, c.Name, c.Phone, c.Status
            FROM Customers AS c
            WHERE c.CustomerID == @__key_0) | Resolver: c => new RelationalCommandCache(
            c.Dependencies.MemoryCache, 
            c.RelationalDependencies.QuerySqlGeneratorFactory, 
            c.RelationalDependencies.RelationalParameterBasedSqlProcessorFactory, 
            Projection Mapping:
                EmptyProjectionMember -> Dictionary<IProperty, int> { [Property: Customer.CustomerID (Guid) Required PK AfterSave:Throw ValueGenerated.OnAdd, 0], [Property: Customer.Email (string) Required FK Index, 1], [Property: Customer.Name (string) Required, 2], [Property: Customer.Phone (string) Required, 3], [Property: Customer.Status (string) Required, 4] }
            SELECT TOP(2) c.CustomerID, c.Email, c.Name, c.Phone, c.Status
            FROM Customers AS c
            WHERE c.CustomerID == @__key_0, 
            False, 
            new HashSet<string>(
                new string[]{ }, 
                StringComparer.Ordinal
            )
        )].GetRelationalCommandTemplate(parameters), 
        readerColumns: null, 
        shaper: (queryContext, dataReader, resultContext, resultCoordinator) => 
        {
            Customer entity;
            entity = 
            {
                MaterializationContext materializationContext1;
                IEntityType entityType1;
                Customer instance1;
                InternalEntityEntry entry1;
                bool hasNullKey1;
                materializationContext1 = new MaterializationContext(
                    [LIFTABLE Constant: ValueBuffer | Resolver: _ => (object)ValueBuffer.Empty], 
                    queryContext.Context
                );
                instance1 = default(Customer);
                entry1 = queryContext.TryGetEntry(
                    key: [LIFTABLE Constant: Key: Customer.CustomerID PK | Resolver: c => c.Dependencies.Model.FindEntityType(\"VSM.Models.Customer\").FindPrimaryKey()], 
                    keyValues: new object[]{ (object)dataReader.GetGuid(0) }, 
                    throwOnNullKey: True, 
                    hasNullKey: hasNullKey1);
                !(hasNullKey1) ? entry1 != default(InternalEntityEntry) ? 
                {
                    entityType1 = entry1.EntityType;
                    return instance1 = (Customer)entry1.Entity;
                } : 
                {
                    ISnapshot shadowSnapshot1;
                    shadowSnapshot1 = [LIFTABLE Constant: Snapshot | Resolver: _ => Snapshot.Empty];
                    entityType1 = [LIFTABLE Constant: EntityType: Customer | Resolver: namelessParameter{0} => namelessParameter{0}.Dependencies.Model.FindEntityType(\"VSM.Models.Customer\")];
                    instance1 = switch (entityType1)
                    {
                        case [LIFTABLE Constant: EntityType: Customer | Resolver: namelessParameter{1} => namelessParameter{1}.Dependencies.Model.FindEntityType(\"VSM.Models.Customer\")]: 
                            {
                                return 
                                {
                                    Customer instance;
                                    instance = new Customer();
                                    instance.<CustomerID>k__BackingField = dataReader.GetGuid(0);
                                    instance.<Email>k__BackingField = dataReader.GetString(1);
                                    instance.<Name>k__BackingField = dataReader.GetString(2);
                                    instance.<Phone>k__BackingField = dataReader.GetString(3);
                                    instance.<Status>k__BackingField = dataReader.GetString(4);
                                    (instance is IInjectableService) ? ((IInjectableService)instance).Injected(
                                        context: materializationContext1.Context, 
                                        entity: instance, 
                                        queryTrackingBehavior: TrackAll, 
                                        structuralType: [LIFTABLE Constant: EntityType: Customer | Resolver: namelessParameter{2} => namelessParameter{2}.Dependencies.Model.FindEntityType(\"VSM.Models.Customer\")]) : default(void);
                                    return instance;
                                }}
                        default: 
                            default(Customer)
                    }
                    ;
                    entry1 = entityType1 == default(IEntityType) ? default(InternalEntityEntry) : queryContext.StartTracking(
                        entityType: entityType1, 
                        entity: instance1, 
                        snapshot: shadowSnapshot1);
                    return instance1;
                } : default(void);
                return instance1;
            };
            return entity;
        }, 
        contextType: VSM.Contexts.VSMContext, 
        standAloneStateManager: False, 
        detailedErrorsEnabled: False, 
        threadSafetyChecksEnabled: True), 
    cancellationToken: queryContext.CancellationToken)"'
2025-07-11 11:34:38 [Debug] Opening connection to database '"VehicleServiceManagement"' on server '"tcp://localhost:5432"'.
2025-07-11 11:34:38 [Debug] Opened connection to database '"VehicleServiceManagement"' on server '"tcp://localhost:5432"'.
2025-07-11 11:34:38 [Debug] Creating DbCommand for '"ExecuteReader"'.
2025-07-11 11:34:38 [Debug] Created DbCommand for '"ExecuteReader"' (0ms).
2025-07-11 11:34:38 [Debug] Initialized DbCommand for '"ExecuteReader"' (3ms).
2025-07-11 11:34:38 [Debug] Executing DbCommand [Parameters=["@__key_0='?' (DbType = Guid)"], CommandType='Text', CommandTimeout='30']"
""SELECT c.\"CustomerID\", c.\"Email\", c.\"Name\", c.\"Phone\", c.\"Status\"
FROM \"Customers\" AS c
WHERE c.\"CustomerID\" = @__key_0
LIMIT 2"
2025-07-11 11:34:38 [Information] Executed DbCommand ("13"ms) [Parameters=["@__key_0='?' (DbType = Guid)"], CommandType='Text', CommandTimeout='30']"
""SELECT c.\"CustomerID\", c.\"Email\", c.\"Name\", c.\"Phone\", c.\"Status\"
FROM \"Customers\" AS c
WHERE c.\"CustomerID\" = @__key_0
LIMIT 2"
2025-07-11 11:34:38 [Debug] Closing data reader to '"VehicleServiceManagement"' on server '"tcp://localhost:5432"'.
2025-07-11 11:34:38 [Debug] A data reader for '"VehicleServiceManagement"' on server '"tcp://localhost:5432"' is being disposed after spending 0ms reading results.
2025-07-11 11:34:38 [Debug] Closing connection to database '"VehicleServiceManagement"' on server '"tcp://localhost:5432"'.
2025-07-11 11:34:38 [Debug] Closed connection to database '"VehicleServiceManagement"' on server '"tcp://localhost:5432"' (0ms).
2025-07-11 11:34:41 [Debug] Opening connection to database '"VehicleServiceManagement"' on server '"tcp://localhost:5432"'.
2025-07-11 11:34:41 [Debug] Opened connection to database '"VehicleServiceManagement"' on server '"tcp://localhost:5432"'.
2025-07-11 11:34:41 [Debug] Creating DbCommand for '"ExecuteReader"'.
2025-07-11 11:34:41 [Debug] Created DbCommand for '"ExecuteReader"' (0ms).
2025-07-11 11:34:41 [Debug] Initialized DbCommand for '"ExecuteReader"' (0ms).
2025-07-11 11:34:41 [Debug] Executing DbCommand [Parameters=[""], CommandType='Text', CommandTimeout='30']"
""SELECT b.\"BookingID\", b.\"BookedAt\", b.\"CustomerID\", b.\"DeliveryTime\", b.\"Imageurl\", b.\"IsDeleted\", b.\"Slot\", b.\"Status\", c.\"CustomerID\", c.\"Email\", c.\"Name\", c.\"Phone\", c.\"Status\"
FROM \"Bookings\" AS b
INNER JOIN \"Customers\" AS c ON b.\"CustomerID\" = c.\"CustomerID\"
ORDER BY CASE
    WHEN b.\"Status\" = 'Booked' THEN 0
    WHEN b.\"Status\" = 'Reviewed' THEN 1
    WHEN b.\"Status\" = 'Cancelled' THEN 2
    ELSE 3
END"
2025-07-11 11:34:41 [Information] Executed DbCommand ("2"ms) [Parameters=[""], CommandType='Text', CommandTimeout='30']"
""SELECT b.\"BookingID\", b.\"BookedAt\", b.\"CustomerID\", b.\"DeliveryTime\", b.\"Imageurl\", b.\"IsDeleted\", b.\"Slot\", b.\"Status\", c.\"CustomerID\", c.\"Email\", c.\"Name\", c.\"Phone\", c.\"Status\"
FROM \"Bookings\" AS b
INNER JOIN \"Customers\" AS c ON b.\"CustomerID\" = c.\"CustomerID\"
ORDER BY CASE
    WHEN b.\"Status\" = 'Booked' THEN 0
    WHEN b.\"Status\" = 'Reviewed' THEN 1
    WHEN b.\"Status\" = 'Cancelled' THEN 2
    ELSE 3
END"
2025-07-11 11:34:41 [Debug] Closing data reader to '"VehicleServiceManagement"' on server '"tcp://localhost:5432"'.
2025-07-11 11:34:41 [Debug] A data reader for '"VehicleServiceManagement"' on server '"tcp://localhost:5432"' is being disposed after spending 0ms reading results.
2025-07-11 11:34:41 [Debug] Closing connection to database '"VehicleServiceManagement"' on server '"tcp://localhost:5432"'.
2025-07-11 11:34:41 [Debug] Closed connection to database '"VehicleServiceManagement"' on server '"tcp://localhost:5432"' (0ms).
2025-07-11 11:34:41 [Debug] The navigation '"Booking"."Customer"' was detected as changed. Consider using 'DbContextOptionsBuilder.EnableSensitiveDataLogging' to see key values.
2025-07-11 11:34:41 [Debug] Context '"VSMContext"' started tracking '"Booking"' entity. Consider using 'DbContextOptionsBuilder.EnableSensitiveDataLogging' to see key values.
2025-07-11 11:34:41 [Debug] SaveChanges starting for '"VSMContext"'.
2025-07-11 11:34:41 [Debug] DetectChanges starting for '"VSMContext"'.
2025-07-11 11:34:41 [Debug] DetectChanges completed for '"VSMContext"'.
2025-07-11 11:34:41 [Debug] Opening connection to database '"VehicleServiceManagement"' on server '"tcp://localhost:5432"'.
2025-07-11 11:34:41 [Debug] Opened connection to database '"VehicleServiceManagement"' on server '"tcp://localhost:5432"'.
2025-07-11 11:34:41 [Debug] Creating DbCommand for '"ExecuteReader"'.
2025-07-11 11:34:41 [Debug] Created DbCommand for '"ExecuteReader"' (0ms).
2025-07-11 11:34:41 [Debug] Initialized DbCommand for '"ExecuteReader"' (0ms).
2025-07-11 11:34:41 [Debug] Executing DbCommand [Parameters=["@p0='?' (DbType = Guid), @p1='?' (DbType = DateTime), @p2='?' (DbType = Guid), @p3='?' (DbType = DateTime), @p4='?', @p5='?' (DbType = Boolean), @p6='?' (DbType = DateTime), @p7='?'"], CommandType='Text', CommandTimeout='30']"
""INSERT INTO \"Bookings\" (\"BookingID\", \"BookedAt\", \"CustomerID\", \"DeliveryTime\", \"Imageurl\", \"IsDeleted\", \"Slot\", \"Status\")
VALUES (@p0, @p1, @p2, @p3, @p4, @p5, @p6, @p7);"
2025-07-11 11:34:41 [Information] Executed DbCommand ("12"ms) [Parameters=["@p0='?' (DbType = Guid), @p1='?' (DbType = DateTime), @p2='?' (DbType = Guid), @p3='?' (DbType = DateTime), @p4='?', @p5='?' (DbType = Boolean), @p6='?' (DbType = DateTime), @p7='?'"], CommandType='Text', CommandTimeout='30']"
""INSERT INTO \"Bookings\" (\"BookingID\", \"BookedAt\", \"CustomerID\", \"DeliveryTime\", \"Imageurl\", \"IsDeleted\", \"Slot\", \"Status\")
VALUES (@p0, @p1, @p2, @p3, @p4, @p5, @p6, @p7);"
2025-07-11 11:34:41 [Debug] Closing data reader to '"VehicleServiceManagement"' on server '"tcp://localhost:5432"'.
2025-07-11 11:34:41 [Debug] A data reader for '"VehicleServiceManagement"' on server '"tcp://localhost:5432"' is being disposed after spending 3ms reading results.
2025-07-11 11:34:41 [Debug] Closing connection to database '"VehicleServiceManagement"' on server '"tcp://localhost:5432"'.
2025-07-11 11:34:41 [Debug] Closed connection to database '"VehicleServiceManagement"' on server '"tcp://localhost:5432"' (0ms).
2025-07-11 11:34:41 [Debug] An entity of type '"Booking"' tracked by '"VSMContext"' changed state from 'Added' to 'Unchanged'. Consider using 'DbContextOptionsBuilder.EnableSensitiveDataLogging' to see key values.
2025-07-11 11:34:41 [Debug] SaveChanges completed for '"VSMContext"' with 1 entities written to the database.
2025-07-11 11:34:41 [Debug] List of registered output formatters, in the following order: ["Microsoft.AspNetCore.Mvc.Formatters.HttpNoContentOutputFormatter", "Microsoft.AspNetCore.Mvc.Formatters.StringOutputFormatter", "Microsoft.AspNetCore.Mvc.Formatters.StreamOutputFormatter", "Microsoft.AspNetCore.Mvc.Formatters.SystemTextJsonOutputFormatter"]
2025-07-11 11:34:41 [Debug] Attempting to select an output formatter based on Accept header '["text/plain"]'.
2025-07-11 11:34:41 [Debug] Could not find an output formatter based on content negotiation. Accepted types were (["text/plain"])
2025-07-11 11:34:41 [Debug] Attempting to select an output formatter without using a content type as no explicit content types were specified for the response.
2025-07-11 11:34:41 [Debug] Attempting to select the first formatter in the output formatters list which can write the result.
2025-07-11 11:34:41 [Debug] Selected output formatter '"Microsoft.AspNetCore.Mvc.Formatters.SystemTextJsonOutputFormatter"' and content type '"application/json"' to write the response.
2025-07-11 11:34:41 [Information] Executing "OkObjectResult", writing value of type '"VSM.DTO.BookingDisplayDto"'.
2025-07-11 11:34:41 [Information] Executed action "VSM.Controllers.BookingController.CreateBooking (VehicleServiceManagement)" in 4385.2377ms
2025-07-11 11:34:41 [Information] Executed endpoint '"VSM.Controllers.BookingController.CreateBooking (VehicleServiceManagement)"'
2025-07-11 11:34:41 [Debug] '"VSMContext"' disposed.
2025-07-11 11:34:41 [Debug] Disposing connection to database '"VehicleServiceManagement"' on server '"tcp://localhost:5432"'.
2025-07-11 11:34:41 [Debug] Disposed connection to database '"VehicleServiceManagement"' on server '"tcp://localhost:5432"' (1ms).
2025-07-11 11:34:41 [Information] Request finished "HTTP/2" "POST" "https"://"localhost:7176""""/api/v1/Booking""" - 200 null "application/json; charset=utf-8" 4560.2296ms
2025-07-11 11:36:52 [Debug] Connection id ""0HNE083892PEF"" is closing.
2025-07-11 11:36:52 [Debug] Connection id ""0HNE083892PEF"" is closed. The last processed stream ID was 1.
2025-07-11 11:36:52 [Debug] Connection id ""0HNE083892PEF"" received FIN.
2025-07-11 11:36:52 [Debug] Connection id ""0HNE083892PEF"" sending FIN because: ""The Socket transport's send loop completed gracefully.""
2025-07-11 11:36:52 [Debug] The connection queue processing loop for "0HNE083892PEF" completed.
2025-07-11 11:36:52 [Debug] Connection id ""0HNE083892PEF"" stopped.
2025-07-11 11:47:44 [Information] Application is shutting down...
2025-07-11 11:47:44 [Debug] Hosting stopping
2025-07-11 11:47:44 [Debug] Hosting stopped
2025-07-11 11:47:56 [Debug] Registered SignalR Protocol: "json", implemented by "Microsoft.AspNetCore.SignalR.Protocol.JsonHubProtocol".
2025-07-11 11:47:56 [Debug] Registered model binder providers, in the following order: ["Microsoft.AspNetCore.Mvc.Versioning.ApiVersionModelBinderProvider", "Microsoft.AspNetCore.Mvc.ModelBinding.Binders.BinderTypeModelBinderProvider", "Microsoft.AspNetCore.Mvc.ModelBinding.Binders.ServicesModelBinderProvider", "Microsoft.AspNetCore.Mvc.ModelBinding.Binders.BodyModelBinderProvider", "Microsoft.AspNetCore.Mvc.ModelBinding.Binders.HeaderModelBinderProvider", "Microsoft.AspNetCore.Mvc.ModelBinding.Binders.FloatingPointTypeModelBinderProvider", "Microsoft.AspNetCore.Mvc.ModelBinding.Binders.EnumTypeModelBinderProvider", "Microsoft.AspNetCore.Mvc.ModelBinding.Binders.DateTimeModelBinderProvider", "Microsoft.AspNetCore.Mvc.ModelBinding.Binders.SimpleTypeModelBinderProvider", "Microsoft.AspNetCore.Mvc.ModelBinding.Binders.TryParseModelBinderProvider", "Microsoft.AspNetCore.Mvc.ModelBinding.Binders.CancellationTokenModelBinderProvider", "Microsoft.AspNetCore.Mvc.ModelBinding.Binders.ByteArrayModelBinderProvider", "Microsoft.AspNetCore.Mvc.ModelBinding.Binders.FormFileModelBinderProvider", "Microsoft.AspNetCore.Mvc.ModelBinding.Binders.FormCollectionModelBinderProvider", "Microsoft.AspNetCore.Mvc.ModelBinding.Binders.KeyValuePairModelBinderProvider", "Microsoft.AspNetCore.Mvc.ModelBinding.Binders.DictionaryModelBinderProvider", "Microsoft.AspNetCore.Mvc.ModelBinding.Binders.ArrayModelBinderProvider", "Microsoft.AspNetCore.Mvc.ModelBinding.Binders.CollectionModelBinderProvider", "Microsoft.AspNetCore.Mvc.ModelBinding.Binders.ComplexObjectModelBinderProvider"]
2025-07-11 11:47:56 [Debug] Hosting starting
2025-07-11 11:47:56 [Information] User profile is available. Using '"/Users/presidio/.aspnet/DataProtection-Keys"' as key repository; keys will not be encrypted at rest.
2025-07-11 11:47:56 [Debug] Reading data from file '"/Users/presidio/.aspnet/DataProtection-Keys/key-cf15f4e9-0e1e-4dd8-9046-30896a9bd09a.xml"'.
2025-07-11 11:47:56 [Debug] Found key {cf15f4e9-0e1e-4dd8-9046-30896a9bd09a}.
2025-07-11 11:47:56 [Debug] Considering key {cf15f4e9-0e1e-4dd8-9046-30896a9bd09a} with expiration date 2025-09-19 13:23:33Z as default key.
2025-07-11 11:47:56 [Debug] Forwarded activator type request from "Microsoft.AspNetCore.DataProtection.AuthenticatedEncryption.ConfigurationModel.AuthenticatedEncryptorDescriptorDeserializer, Microsoft.AspNetCore.DataProtection, Version=9.0.0.0, Culture=neutral, PublicKeyToken=adb9793829ddae60" to "Microsoft.AspNetCore.DataProtection.AuthenticatedEncryption.ConfigurationModel.AuthenticatedEncryptorDescriptorDeserializer, Microsoft.AspNetCore.DataProtection, Culture=neutral, PublicKeyToken=adb9793829ddae60"
2025-07-11 11:47:56 [Debug] Using managed symmetric algorithm '"System.Security.Cryptography.Aes"'.
2025-07-11 11:47:56 [Debug] Using managed keyed hash algorithm '"System.Security.Cryptography.HMACSHA256"'.
2025-07-11 11:47:56 [Debug] Using key {cf15f4e9-0e1e-4dd8-9046-30896a9bd09a} as the default key.
2025-07-11 11:47:56 [Debug] Key ring with default key {cf15f4e9-0e1e-4dd8-9046-30896a9bd09a} was loaded during application startup.
2025-07-11 11:47:56 [Debug] Middleware configuration started with options: "{AllowedHosts = *, AllowEmptyHosts = True, IncludeFailureMessage = True}"
2025-07-11 11:47:56 [Debug] Wildcard detected, all requests with hosts will be allowed.
2025-07-11 11:47:56 [Information] Now listening on: "https://localhost:7176"
2025-07-11 11:47:56 [Information] Now listening on: "http://localhost:5154"
2025-07-11 11:47:56 [Debug] Loaded hosting startup assembly "VehicleServiceManagement"
2025-07-11 11:47:56 [Information] Application started. Press Ctrl+C to shut down.
2025-07-11 11:47:56 [Information] Hosting environment: "Development"
2025-07-11 11:47:56 [Information] Content root path: "/Users/presidio/Desktop/Genspark/MiniProject/VehicleServiceManagement"
2025-07-11 11:47:56 [Debug] Hosting started
2025-07-11 11:48:15 [Debug] Connection id ""0HNE08ASAG9ON"" accepted.
2025-07-11 11:48:15 [Debug] Connection id ""0HNE08ASAG9ON"" started.
2025-07-11 11:48:15 [Debug] Connection "0HNE08ASAG9ON" established using the following protocol: Tls12
2025-07-11 11:48:15 [Information] Request starting "HTTP/2" "POST" "https"://"localhost:7176""""/api/v1/Booking""" - "multipart/form-data; boundary=----WebKitFormBoundaryvm81Wd896cPGMw0B" 840026
2025-07-11 11:48:15 [Debug] 1 candidate(s) found for the request path '"/api/v1/Booking"'
2025-07-11 11:48:15 [Debug] Endpoint '"VSM.Controllers.BookingController.CreateBooking (VehicleServiceManagement)"' with route pattern '"api/v{version:apiVersion}/Booking"' is valid for the request path '"/api/v1/Booking"'
2025-07-11 11:48:15 [Debug] Request matched endpoint '"VSM.Controllers.BookingController.CreateBooking (VehicleServiceManagement)"'
2025-07-11 11:48:15 [Debug] Successfully validated the token.
2025-07-11 11:48:15 [Debug] AuthenticationScheme: "Bearer" was successfully authenticated.
2025-07-11 11:48:15 [Debug] Authorization was successful.
2025-07-11 11:48:15 [Debug] Static files was skipped as the request already matched an endpoint.
2025-07-11 11:48:15 [Debug] Static files was skipped as the request already matched an endpoint.
2025-07-11 11:48:15 [Debug] The request has an origin header: '"https://localhost:7176"'.
2025-07-11 11:48:15 [Information] CORS policy execution failed.
2025-07-11 11:48:15 [Information] Request origin "https://localhost:7176" does not have permission to access the resource.
2025-07-11 11:48:15 [Information] Executing endpoint '"VSM.Controllers.BookingController.CreateBooking (VehicleServiceManagement)"'
2025-07-11 11:48:15 [Information] Route matched with "{action = \"CreateBooking\", controller = \"Booking\"}". Executing controller action with signature "System.Threading.Tasks.Task`1[Microsoft.AspNetCore.Mvc.ActionResult`1[VSM.DTO.BookingDisplayDto]] CreateBooking(VSM.DTO.BookingAddDto)" on controller "VSM.Controllers.BookingController" ("VehicleServiceManagement").
2025-07-11 11:48:15 [Debug] Execution plan of "authorization" filters (in the following order): ["None"]
2025-07-11 11:48:15 [Debug] Execution plan of "resource" filters (in the following order): ["None"]
2025-07-11 11:48:15 [Debug] Execution plan of "action" filters (in the following order): ["Microsoft.AspNetCore.Mvc.ModelBinding.UnsupportedContentTypeFilter (Order: -3000)", "Microsoft.AspNetCore.Mvc.Infrastructure.ModelStateInvalidFilter (Order: -2000)", "Microsoft.AspNetCore.Mvc.ReportApiVersionsAttribute (Order: 0)"]
2025-07-11 11:48:15 [Debug] Execution plan of "exception" filters (in the following order): ["None"]
2025-07-11 11:48:15 [Debug] Execution plan of "result" filters (in the following order): ["Microsoft.AspNetCore.Mvc.Infrastructure.ClientErrorResultFilter (Order: -2000)", "Microsoft.AspNetCore.Mvc.ReportApiVersionsAttribute (Order: 0)"]
2025-07-11 11:48:15 [Debug] Executing controller factory for controller "VSM.Controllers.BookingController" ("VehicleServiceManagement")
2025-07-11 11:48:15 [Debug] An 'IServiceProvider' was created for internal use by Entity Framework.
2025-07-11 11:48:15 [Debug] Executed controller factory for controller "VSM.Controllers.BookingController" ("VehicleServiceManagement")
2025-07-11 11:48:15 [Debug] Connection id ""0HNE08ASAG9ON"", Request id ""0HNE08ASAG9ON:00000001"": started reading request body.
2025-07-11 11:48:16 [Debug] Connection id ""0HNE08ASAG9ON"", Request id ""0HNE08ASAG9ON:00000001"": done reading request body.
2025-07-11 11:48:16 [Debug] Attempting to bind parameter '"dto"' of type '"VSM.DTO.BookingAddDto"' ...
2025-07-11 11:48:16 [Debug] Attempting to bind parameter '"dto"' of type '"VSM.DTO.BookingAddDto"' using the name '""' in request data ...
2025-07-11 11:48:16 [Debug] Attempting to bind property '"VSM.DTO.BookingAddDto"."CustomerID"' of type '"System.Guid"' using the name '"CustomerID"' in request data ...
2025-07-11 11:48:16 [Debug] Done attempting to bind property '"VSM.DTO.BookingAddDto"."CustomerID"' of type '"System.Guid"'.
2025-07-11 11:48:16 [Debug] Attempting to bind property '"VSM.DTO.BookingAddDto"."Slot"' of type '"System.String"' using the name '"Slot"' in request data ...
2025-07-11 11:48:16 [Debug] Done attempting to bind property '"VSM.DTO.BookingAddDto"."Slot"' of type '"System.String"'.
2025-07-11 11:48:16 [Debug] Attempting to bind property '"VSM.DTO.BookingAddDto"."Image"' of type '"Microsoft.AspNetCore.Http.IFormFile"' using the name '"Image"' in request data ...
2025-07-11 11:48:16 [Debug] Done attempting to bind property '"VSM.DTO.BookingAddDto"."Image"' of type '"Microsoft.AspNetCore.Http.IFormFile"'.
2025-07-11 11:48:16 [Debug] Done attempting to bind parameter '"dto"' of type '"VSM.DTO.BookingAddDto"'.
2025-07-11 11:48:16 [Debug] Done attempting to bind parameter '"dto"' of type '"VSM.DTO.BookingAddDto"'.
2025-07-11 11:48:16 [Debug] Attempting to validate the bound parameter '"dto"' of type '"VSM.DTO.BookingAddDto"' ...
2025-07-11 11:48:16 [Debug] Done attempting to validate the bound parameter '"dto"' of type '"VSM.DTO.BookingAddDto"'.
2025-07-11 11:48:16 [Debug] The index "{'ServiceCategoriesCategoryID'}" was not created on entity type '"ServiceServiceCategory (Dictionary<string, object>)"' as the properties are already covered by the index "{'ServiceCategoriesCategoryID', 'ServicesServiceID'}".
2025-07-11 11:48:16 [Debug] Entity Framework Core "9.0.5" initialized '"VSMContext"' using provider '"Npgsql.EntityFrameworkCore.PostgreSQL":"9.0.4+fd2380957bee5cd86f336466af36b08c0163f1a5"' with options: "None"
2025-07-11 11:48:16 [Debug] Compiling query expression: "
"'"DbSet<Booking>()
    .Include(b => b.Customer)
    .OrderBy(b => b.Status == \"Booked\" ? 0 : b.Status == \"Reviewed\" ? 1 : b.Status == \"Cancelled\" ? 2 : 3)"'
2025-07-11 11:48:16 [Debug] Including navigation: '"Booking.Customer"'.
2025-07-11 11:48:17 [Debug] Generated query execution expression: "
"'"queryContext => SingleQueryingEnumerable.Create<Booking>(
    relationalQueryContext: (RelationalQueryContext)queryContext, 
    relationalCommandResolver: parameters => [LIFTABLE Constant: RelationalCommandCache.QueryExpression(
        Client Projections:
            0 -> Dictionary<IProperty, int> { [Property: Booking.BookingID (Guid) Required PK AfterSave:Throw ValueGenerated.OnAdd, 0], [Property: Booking.BookedAt (DateTime) Required, 1], [Property: Booking.CustomerID (Guid) Required FK Index, 2], [Property: Booking.DeliveryTime (DateTime) Required, 3], [Property: Booking.Imageurl (string) Required, 4], [Property: Booking.IsDeleted (bool) Required, 5], [Property: Booking.Slot (DateTime) Required, 6], [Property: Booking.Status (string) Required, 7] }
            1 -> Dictionary<IProperty, int> { [Property: Customer.CustomerID (Guid) Required PK AfterSave:Throw ValueGenerated.OnAdd, 8], [Property: Customer.Email (string) Required FK Index, 9], [Property: Customer.Name (string) Required, 10], [Property: Customer.Phone (string) Required, 11], [Property: Customer.Status (string) Required, 12] }
        SELECT b.BookingID, b.BookedAt, b.CustomerID, b.DeliveryTime, b.Imageurl, b.IsDeleted, b.Slot, b.Status, c.CustomerID, c.Email, c.Name, c.Phone, c.Status
        FROM Bookings AS b
        INNER JOIN Customers AS c ON b.CustomerID == c.CustomerID
        ORDER BY CASE
            WHEN b.Status == 'Booked' THEN 0
            WHEN b.Status == 'Reviewed' THEN 1
            WHEN b.Status == 'Cancelled' THEN 2
            ELSE 3
        END ASC) | Resolver: c => new RelationalCommandCache(
        c.Dependencies.MemoryCache, 
        c.RelationalDependencies.QuerySqlGeneratorFactory, 
        c.RelationalDependencies.RelationalParameterBasedSqlProcessorFactory, 
        Client Projections:
            0 -> Dictionary<IProperty, int> { [Property: Booking.BookingID (Guid) Required PK AfterSave:Throw ValueGenerated.OnAdd, 0], [Property: Booking.BookedAt (DateTime) Required, 1], [Property: Booking.CustomerID (Guid) Required FK Index, 2], [Property: Booking.DeliveryTime (DateTime) Required, 3], [Property: Booking.Imageurl (string) Required, 4], [Property: Booking.IsDeleted (bool) Required, 5], [Property: Booking.Slot (DateTime) Required, 6], [Property: Booking.Status (string) Required, 7] }
            1 -> Dictionary<IProperty, int> { [Property: Customer.CustomerID (Guid) Required PK AfterSave:Throw ValueGenerated.OnAdd, 8], [Property: Customer.Email (string) Required FK Index, 9], [Property: Customer.Name (string) Required, 10], [Property: Customer.Phone (string) Required, 11], [Property: Customer.Status (string) Required, 12] }
        SELECT b.BookingID, b.BookedAt, b.CustomerID, b.DeliveryTime, b.Imageurl, b.IsDeleted, b.Slot, b.Status, c.CustomerID, c.Email, c.Name, c.Phone, c.Status
        FROM Bookings AS b
        INNER JOIN Customers AS c ON b.CustomerID == c.CustomerID
        ORDER BY CASE
            WHEN b.Status == 'Booked' THEN 0
            WHEN b.Status == 'Reviewed' THEN 1
            WHEN b.Status == 'Cancelled' THEN 2
            ELSE 3
        END ASC, 
        False, 
        new HashSet<string>(
            new string[]{ }, 
            StringComparer.Ordinal
        )
    )].GetRelationalCommandTemplate(parameters), 
    readerColumns: null, 
    shaper: (queryContext, dataReader, resultContext, resultCoordinator) => 
    {
        Booking entity;
        Customer entity;
        entity = 
        {
            MaterializationContext materializationContext1;
            IEntityType entityType1;
            Booking instance1;
            InternalEntityEntry entry1;
            bool hasNullKey1;
            materializationContext1 = new MaterializationContext(
                [LIFTABLE Constant: ValueBuffer | Resolver: _ => (object)ValueBuffer.Empty], 
                queryContext.Context
            );
            instance1 = default(Booking);
            entry1 = queryContext.TryGetEntry(
                key: [LIFTABLE Constant: Key: Booking.BookingID PK | Resolver: c => c.Dependencies.Model.FindEntityType(\"VSM.Models.Booking\").FindPrimaryKey()], 
                keyValues: new object[]{ (object)dataReader.GetGuid(0) }, 
                throwOnNullKey: True, 
                hasNullKey: hasNullKey1);
            !(hasNullKey1) ? entry1 != default(InternalEntityEntry) ? 
            {
                entityType1 = entry1.EntityType;
                return instance1 = (Booking)entry1.Entity;
            } : 
            {
                ISnapshot shadowSnapshot1;
                shadowSnapshot1 = [LIFTABLE Constant: Snapshot | Resolver: _ => Snapshot.Empty];
                entityType1 = [LIFTABLE Constant: EntityType: Booking | Resolver: namelessParameter{0} => namelessParameter{0}.Dependencies.Model.FindEntityType(\"VSM.Models.Booking\")];
                instance1 = switch (entityType1)
                {
                    case [LIFTABLE Constant: EntityType: Booking | Resolver: namelessParameter{1} => namelessParameter{1}.Dependencies.Model.FindEntityType(\"VSM.Models.Booking\")]: 
                        {
                            return 
                            {
                                Booking instance;
                                instance = new Booking();
                                instance.<BookingID>k__BackingField = dataReader.GetGuid(0);
                                instance.<BookedAt>k__BackingField = dataReader.GetDateTime(1);
                                instance.<CustomerID>k__BackingField = dataReader.GetGuid(2);
                                instance.<DeliveryTime>k__BackingField = dataReader.GetDateTime(3);
                                instance.<Imageurl>k__BackingField = dataReader.GetString(4);
                                instance.<IsDeleted>k__BackingField = dataReader.GetBoolean(5);
                                instance.<Slot>k__BackingField = dataReader.GetDateTime(6);
                                instance.<Status>k__BackingField = dataReader.GetString(7);
                                (instance is IInjectableService) ? ((IInjectableService)instance).Injected(
                                    context: materializationContext1.Context, 
                                    entity: instance, 
                                    queryTrackingBehavior: TrackAll, 
                                    structuralType: [LIFTABLE Constant: EntityType: Booking | Resolver: namelessParameter{2} => namelessParameter{2}.Dependencies.Model.FindEntityType(\"VSM.Models.Booking\")]) : default(void);
                                return instance;
                            }}
                    default: 
                        default(Booking)
                }
                ;
                entry1 = entityType1 == default(IEntityType) ? default(InternalEntityEntry) : queryContext.StartTracking(
                    entityType: entityType1, 
                    entity: instance1, 
                    snapshot: shadowSnapshot1);
                return instance1;
            } : default(void);
            return instance1;
        };
        entity = 
        {
            MaterializationContext materializationContext2;
            IEntityType entityType2;
            Customer instance2;
            InternalEntityEntry entry2;
            bool hasNullKey2;
            materializationContext2 = new MaterializationContext(
                [LIFTABLE Constant: ValueBuffer | Resolver: _ => (object)ValueBuffer.Empty], 
                queryContext.Context
            );
            instance2 = default(Customer);
            entry2 = queryContext.TryGetEntry(
                key: [LIFTABLE Constant: Key: Customer.CustomerID PK | Resolver: c => c.Dependencies.Model.FindEntityType(\"VSM.Models.Customer\").FindPrimaryKey()], 
                keyValues: new object[]{ (object)dataReader.GetGuid(8) }, 
                throwOnNullKey: True, 
                hasNullKey: hasNullKey2);
            !(hasNullKey2) ? entry2 != default(InternalEntityEntry) ? 
            {
                entityType2 = entry2.EntityType;
                return instance2 = (Customer)entry2.Entity;
            } : 
            {
                ISnapshot shadowSnapshot2;
                shadowSnapshot2 = [LIFTABLE Constant: Snapshot | Resolver: _ => Snapshot.Empty];
                entityType2 = [LIFTABLE Constant: EntityType: Customer | Resolver: namelessParameter{3} => namelessParameter{3}.Dependencies.Model.FindEntityType(\"VSM.Models.Customer\")];
                instance2 = switch (entityType2)
                {
                    case [LIFTABLE Constant: EntityType: Customer | Resolver: namelessParameter{4} => namelessParameter{4}.Dependencies.Model.FindEntityType(\"VSM.Models.Customer\")]: 
                        {
                            return 
                            {
                                Customer instance;
                                instance = new Customer();
                                instance.<CustomerID>k__BackingField = dataReader.GetGuid(8);
                                instance.<Email>k__BackingField = dataReader.GetString(9);
                                instance.<Name>k__BackingField = dataReader.GetString(10);
                                instance.<Phone>k__BackingField = dataReader.GetString(11);
                                instance.<Status>k__BackingField = dataReader.GetString(12);
                                (instance is IInjectableService) ? ((IInjectableService)instance).Injected(
                                    context: materializationContext2.Context, 
                                    entity: instance, 
                                    queryTrackingBehavior: TrackAll, 
                                    structuralType: [LIFTABLE Constant: EntityType: Customer | Resolver: namelessParameter{5} => namelessParameter{5}.Dependencies.Model.FindEntityType(\"VSM.Models.Customer\")]) : default(void);
                                return instance;
                            }}
                    default: 
                        default(Customer)
                }
                ;
                entry2 = entityType2 == default(IEntityType) ? default(InternalEntityEntry) : queryContext.StartTracking(
                    entityType: entityType2, 
                    entity: instance2, 
                    snapshot: shadowSnapshot2);
                return instance2;
            } : default(void);
            return instance2;
        };
        ShaperProcessingExpressionVisitor.IncludeReference<Booking, Booking, Customer>(
            queryContext: queryContext, 
            entity: entity, 
            relatedEntity: entity, 
            navigation: [LIFTABLE Constant: Navigation: Booking.Customer (Customer) ToPrincipal Customer Inverse: Bookings | Resolver: namelessParameter{6} => namelessParameter{6}.Dependencies.Model.FindEntityType(\"VSM.Models.Booking\").FindNavigation(\"Customer\")], 
            inverseNavigation: [LIFTABLE Constant: Navigation: Customer.Bookings (ICollection<Booking>) Collection ToDependent Booking Inverse: Customer | Resolver: namelessParameter{7} => namelessParameter{7}.Dependencies.Model.FindEntityType(\"VSM.Models.Customer\").FindNavigation(\"Bookings\")], 
            fixup: (namelessParameter{8}, namelessParameter{9}) => 
            {
                namelessParameter{8}.<Customer>k__BackingField = namelessParameter{9};
                return [LIFTABLE Constant: ClrICollectionAccessor<Customer, ICollection<Booking>, Booking> | Resolver: namelessParameter{10} => namelessParameter{10}.Dependencies.Model.FindEntityType(\"VSM.Models.Customer\").FindNavigation(\"Bookings\").GetCollectionAccessor()].Add(
                    entity: namelessParameter{9}, 
                    value: namelessParameter{8}, 
                    forMaterialization: True);
            }, 
            trackingQuery: True);
        return entity;
    }, 
    contextType: VSM.Contexts.VSMContext, 
    standAloneStateManager: False, 
    detailedErrorsEnabled: False, 
    threadSafetyChecksEnabled: True)"'
2025-07-11 11:48:17 [Debug] Creating DbConnection.
2025-07-11 11:48:17 [Debug] Created DbConnection. (29ms).
2025-07-11 11:48:17 [Debug] Opening connection to database '"VehicleServiceManagement"' on server '"tcp://localhost:5432"'.
2025-07-11 11:48:17 [Debug] Opened connection to database '"VehicleServiceManagement"' on server '"tcp://localhost:5432"'.
2025-07-11 11:48:17 [Debug] Creating DbCommand for '"ExecuteReader"'.
2025-07-11 11:48:17 [Debug] Created DbCommand for '"ExecuteReader"' (2ms).
2025-07-11 11:48:17 [Debug] Initialized DbCommand for '"ExecuteReader"' (7ms).
2025-07-11 11:48:17 [Debug] Executing DbCommand [Parameters=[""], CommandType='Text', CommandTimeout='30']"
""SELECT b.\"BookingID\", b.\"BookedAt\", b.\"CustomerID\", b.\"DeliveryTime\", b.\"Imageurl\", b.\"IsDeleted\", b.\"Slot\", b.\"Status\", c.\"CustomerID\", c.\"Email\", c.\"Name\", c.\"Phone\", c.\"Status\"
FROM \"Bookings\" AS b
INNER JOIN \"Customers\" AS c ON b.\"CustomerID\" = c.\"CustomerID\"
ORDER BY CASE
    WHEN b.\"Status\" = 'Booked' THEN 0
    WHEN b.\"Status\" = 'Reviewed' THEN 1
    WHEN b.\"Status\" = 'Cancelled' THEN 2
    ELSE 3
END"
2025-07-11 11:48:17 [Information] Executed DbCommand ("33"ms) [Parameters=[""], CommandType='Text', CommandTimeout='30']"
""SELECT b.\"BookingID\", b.\"BookedAt\", b.\"CustomerID\", b.\"DeliveryTime\", b.\"Imageurl\", b.\"IsDeleted\", b.\"Slot\", b.\"Status\", c.\"CustomerID\", c.\"Email\", c.\"Name\", c.\"Phone\", c.\"Status\"
FROM \"Bookings\" AS b
INNER JOIN \"Customers\" AS c ON b.\"CustomerID\" = c.\"CustomerID\"
ORDER BY CASE
    WHEN b.\"Status\" = 'Booked' THEN 0
    WHEN b.\"Status\" = 'Reviewed' THEN 1
    WHEN b.\"Status\" = 'Cancelled' THEN 2
    ELSE 3
END"
2025-07-11 11:48:17 [Debug] Context '"VSMContext"' started tracking '"Booking"' entity. Consider using 'DbContextOptionsBuilder.EnableSensitiveDataLogging' to see key values.
2025-07-11 11:48:17 [Debug] The navigation '"Booking"."Customer"' was detected as changed. Consider using 'DbContextOptionsBuilder.EnableSensitiveDataLogging' to see key values.
2025-07-11 11:48:17 [Debug] Context '"VSMContext"' started tracking '"Customer"' entity. Consider using 'DbContextOptionsBuilder.EnableSensitiveDataLogging' to see key values.
2025-07-11 11:48:17 [Debug] Context '"VSMContext"' started tracking '"Booking"' entity. Consider using 'DbContextOptionsBuilder.EnableSensitiveDataLogging' to see key values.
2025-07-11 11:48:17 [Debug] The navigation '"Booking"."Customer"' was detected as changed. Consider using 'DbContextOptionsBuilder.EnableSensitiveDataLogging' to see key values.
2025-07-11 11:48:17 [Debug] Context '"VSMContext"' started tracking '"Customer"' entity. Consider using 'DbContextOptionsBuilder.EnableSensitiveDataLogging' to see key values.
2025-07-11 11:48:17 [Debug] Context '"VSMContext"' started tracking '"Booking"' entity. Consider using 'DbContextOptionsBuilder.EnableSensitiveDataLogging' to see key values.
2025-07-11 11:48:17 [Debug] The navigation '"Booking"."Customer"' was detected as changed. Consider using 'DbContextOptionsBuilder.EnableSensitiveDataLogging' to see key values.
2025-07-11 11:48:17 [Debug] Context '"VSMContext"' started tracking '"Customer"' entity. Consider using 'DbContextOptionsBuilder.EnableSensitiveDataLogging' to see key values.
2025-07-11 11:48:17 [Debug] Context '"VSMContext"' started tracking '"Booking"' entity. Consider using 'DbContextOptionsBuilder.EnableSensitiveDataLogging' to see key values.
2025-07-11 11:48:17 [Debug] The navigation '"Booking"."Customer"' was detected as changed. Consider using 'DbContextOptionsBuilder.EnableSensitiveDataLogging' to see key values.
2025-07-11 11:48:17 [Debug] Context '"VSMContext"' started tracking '"Customer"' entity. Consider using 'DbContextOptionsBuilder.EnableSensitiveDataLogging' to see key values.
2025-07-11 11:48:17 [Debug] Context '"VSMContext"' started tracking '"Booking"' entity. Consider using 'DbContextOptionsBuilder.EnableSensitiveDataLogging' to see key values.
2025-07-11 11:48:17 [Debug] Context '"VSMContext"' started tracking '"Booking"' entity. Consider using 'DbContextOptionsBuilder.EnableSensitiveDataLogging' to see key values.
2025-07-11 11:48:17 [Debug] Context '"VSMContext"' started tracking '"Booking"' entity. Consider using 'DbContextOptionsBuilder.EnableSensitiveDataLogging' to see key values.
2025-07-11 11:48:17 [Debug] Context '"VSMContext"' started tracking '"Booking"' entity. Consider using 'DbContextOptionsBuilder.EnableSensitiveDataLogging' to see key values.
2025-07-11 11:48:17 [Debug] Context '"VSMContext"' started tracking '"Booking"' entity. Consider using 'DbContextOptionsBuilder.EnableSensitiveDataLogging' to see key values.
2025-07-11 11:48:17 [Debug] Context '"VSMContext"' started tracking '"Booking"' entity. Consider using 'DbContextOptionsBuilder.EnableSensitiveDataLogging' to see key values.
2025-07-11 11:48:17 [Debug] Context '"VSMContext"' started tracking '"Booking"' entity. Consider using 'DbContextOptionsBuilder.EnableSensitiveDataLogging' to see key values.
2025-07-11 11:48:17 [Debug] Context '"VSMContext"' started tracking '"Booking"' entity. Consider using 'DbContextOptionsBuilder.EnableSensitiveDataLogging' to see key values.
2025-07-11 11:48:17 [Debug] Context '"VSMContext"' started tracking '"Booking"' entity. Consider using 'DbContextOptionsBuilder.EnableSensitiveDataLogging' to see key values.
2025-07-11 11:48:17 [Debug] Context '"VSMContext"' started tracking '"Booking"' entity. Consider using 'DbContextOptionsBuilder.EnableSensitiveDataLogging' to see key values.
2025-07-11 11:48:17 [Debug] Context '"VSMContext"' started tracking '"Booking"' entity. Consider using 'DbContextOptionsBuilder.EnableSensitiveDataLogging' to see key values.
2025-07-11 11:48:17 [Debug] Context '"VSMContext"' started tracking '"Booking"' entity. Consider using 'DbContextOptionsBuilder.EnableSensitiveDataLogging' to see key values.
2025-07-11 11:48:17 [Debug] Context '"VSMContext"' started tracking '"Booking"' entity. Consider using 'DbContextOptionsBuilder.EnableSensitiveDataLogging' to see key values.
2025-07-11 11:48:17 [Debug] Context '"VSMContext"' started tracking '"Booking"' entity. Consider using 'DbContextOptionsBuilder.EnableSensitiveDataLogging' to see key values.
2025-07-11 11:48:17 [Debug] Context '"VSMContext"' started tracking '"Booking"' entity. Consider using 'DbContextOptionsBuilder.EnableSensitiveDataLogging' to see key values.
2025-07-11 11:48:17 [Debug] Context '"VSMContext"' started tracking '"Booking"' entity. Consider using 'DbContextOptionsBuilder.EnableSensitiveDataLogging' to see key values.
2025-07-11 11:48:17 [Debug] Context '"VSMContext"' started tracking '"Booking"' entity. Consider using 'DbContextOptionsBuilder.EnableSensitiveDataLogging' to see key values.
2025-07-11 11:48:17 [Debug] Context '"VSMContext"' started tracking '"Booking"' entity. Consider using 'DbContextOptionsBuilder.EnableSensitiveDataLogging' to see key values.
2025-07-11 11:48:17 [Debug] Context '"VSMContext"' started tracking '"Booking"' entity. Consider using 'DbContextOptionsBuilder.EnableSensitiveDataLogging' to see key values.
2025-07-11 11:48:17 [Debug] Context '"VSMContext"' started tracking '"Booking"' entity. Consider using 'DbContextOptionsBuilder.EnableSensitiveDataLogging' to see key values.
2025-07-11 11:48:17 [Debug] Context '"VSMContext"' started tracking '"Booking"' entity. Consider using 'DbContextOptionsBuilder.EnableSensitiveDataLogging' to see key values.
2025-07-11 11:48:17 [Debug] Context '"VSMContext"' started tracking '"Booking"' entity. Consider using 'DbContextOptionsBuilder.EnableSensitiveDataLogging' to see key values.
2025-07-11 11:48:17 [Debug] Context '"VSMContext"' started tracking '"Booking"' entity. Consider using 'DbContextOptionsBuilder.EnableSensitiveDataLogging' to see key values.
2025-07-11 11:48:17 [Debug] Context '"VSMContext"' started tracking '"Booking"' entity. Consider using 'DbContextOptionsBuilder.EnableSensitiveDataLogging' to see key values.
2025-07-11 11:48:17 [Debug] Context '"VSMContext"' started tracking '"Booking"' entity. Consider using 'DbContextOptionsBuilder.EnableSensitiveDataLogging' to see key values.
2025-07-11 11:48:17 [Debug] Context '"VSMContext"' started tracking '"Booking"' entity. Consider using 'DbContextOptionsBuilder.EnableSensitiveDataLogging' to see key values.
2025-07-11 11:48:17 [Debug] Context '"VSMContext"' started tracking '"Booking"' entity. Consider using 'DbContextOptionsBuilder.EnableSensitiveDataLogging' to see key values.
2025-07-11 11:48:17 [Debug] Context '"VSMContext"' started tracking '"Booking"' entity. Consider using 'DbContextOptionsBuilder.EnableSensitiveDataLogging' to see key values.
2025-07-11 11:48:17 [Debug] Context '"VSMContext"' started tracking '"Booking"' entity. Consider using 'DbContextOptionsBuilder.EnableSensitiveDataLogging' to see key values.
2025-07-11 11:48:17 [Debug] Closing data reader to '"VehicleServiceManagement"' on server '"tcp://localhost:5432"'.
2025-07-11 11:48:17 [Debug] A data reader for '"VehicleServiceManagement"' on server '"tcp://localhost:5432"' is being disposed after spending 138ms reading results.
2025-07-11 11:48:17 [Debug] Closing connection to database '"VehicleServiceManagement"' on server '"tcp://localhost:5432"'.
2025-07-11 11:48:17 [Debug] Closed connection to database '"VehicleServiceManagement"' on server '"tcp://localhost:5432"' (4ms).
2025-07-11 11:48:17 [Debug] Compiling query expression: "
"'"DbSet<Customer>()
    .SingleOrDefault(u => u.CustomerID == __key_0)"'
2025-07-11 11:48:17 [Debug] Generated query execution expression: "
"'"queryContext => ShapedQueryCompilingExpressionVisitor.SingleOrDefaultAsync<Customer>(
    asyncEnumerable: SingleQueryingEnumerable.Create<Customer>(
        relationalQueryContext: (RelationalQueryContext)queryContext, 
        relationalCommandResolver: parameters => [LIFTABLE Constant: RelationalCommandCache.QueryExpression(
            Projection Mapping:
                EmptyProjectionMember -> Dictionary<IProperty, int> { [Property: Customer.CustomerID (Guid) Required PK AfterSave:Throw ValueGenerated.OnAdd, 0], [Property: Customer.Email (string) Required FK Index, 1], [Property: Customer.Name (string) Required, 2], [Property: Customer.Phone (string) Required, 3], [Property: Customer.Status (string) Required, 4] }
            SELECT TOP(2) c.CustomerID, c.Email, c.Name, c.Phone, c.Status
            FROM Customers AS c
            WHERE c.CustomerID == @__key_0) | Resolver: c => new RelationalCommandCache(
            c.Dependencies.MemoryCache, 
            c.RelationalDependencies.QuerySqlGeneratorFactory, 
            c.RelationalDependencies.RelationalParameterBasedSqlProcessorFactory, 
            Projection Mapping:
                EmptyProjectionMember -> Dictionary<IProperty, int> { [Property: Customer.CustomerID (Guid) Required PK AfterSave:Throw ValueGenerated.OnAdd, 0], [Property: Customer.Email (string) Required FK Index, 1], [Property: Customer.Name (string) Required, 2], [Property: Customer.Phone (string) Required, 3], [Property: Customer.Status (string) Required, 4] }
            SELECT TOP(2) c.CustomerID, c.Email, c.Name, c.Phone, c.Status
            FROM Customers AS c
            WHERE c.CustomerID == @__key_0, 
            False, 
            new HashSet<string>(
                new string[]{ }, 
                StringComparer.Ordinal
            )
        )].GetRelationalCommandTemplate(parameters), 
        readerColumns: null, 
        shaper: (queryContext, dataReader, resultContext, resultCoordinator) => 
        {
            Customer entity;
            entity = 
            {
                MaterializationContext materializationContext1;
                IEntityType entityType1;
                Customer instance1;
                InternalEntityEntry entry1;
                bool hasNullKey1;
                materializationContext1 = new MaterializationContext(
                    [LIFTABLE Constant: ValueBuffer | Resolver: _ => (object)ValueBuffer.Empty], 
                    queryContext.Context
                );
                instance1 = default(Customer);
                entry1 = queryContext.TryGetEntry(
                    key: [LIFTABLE Constant: Key: Customer.CustomerID PK | Resolver: c => c.Dependencies.Model.FindEntityType(\"VSM.Models.Customer\").FindPrimaryKey()], 
                    keyValues: new object[]{ (object)dataReader.GetGuid(0) }, 
                    throwOnNullKey: True, 
                    hasNullKey: hasNullKey1);
                !(hasNullKey1) ? entry1 != default(InternalEntityEntry) ? 
                {
                    entityType1 = entry1.EntityType;
                    return instance1 = (Customer)entry1.Entity;
                } : 
                {
                    ISnapshot shadowSnapshot1;
                    shadowSnapshot1 = [LIFTABLE Constant: Snapshot | Resolver: _ => Snapshot.Empty];
                    entityType1 = [LIFTABLE Constant: EntityType: Customer | Resolver: namelessParameter{0} => namelessParameter{0}.Dependencies.Model.FindEntityType(\"VSM.Models.Customer\")];
                    instance1 = switch (entityType1)
                    {
                        case [LIFTABLE Constant: EntityType: Customer | Resolver: namelessParameter{1} => namelessParameter{1}.Dependencies.Model.FindEntityType(\"VSM.Models.Customer\")]: 
                            {
                                return 
                                {
                                    Customer instance;
                                    instance = new Customer();
                                    instance.<CustomerID>k__BackingField = dataReader.GetGuid(0);
                                    instance.<Email>k__BackingField = dataReader.GetString(1);
                                    instance.<Name>k__BackingField = dataReader.GetString(2);
                                    instance.<Phone>k__BackingField = dataReader.GetString(3);
                                    instance.<Status>k__BackingField = dataReader.GetString(4);
                                    (instance is IInjectableService) ? ((IInjectableService)instance).Injected(
                                        context: materializationContext1.Context, 
                                        entity: instance, 
                                        queryTrackingBehavior: TrackAll, 
                                        structuralType: [LIFTABLE Constant: EntityType: Customer | Resolver: namelessParameter{2} => namelessParameter{2}.Dependencies.Model.FindEntityType(\"VSM.Models.Customer\")]) : default(void);
                                    return instance;
                                }}
                        default: 
                            default(Customer)
                    }
                    ;
                    entry1 = entityType1 == default(IEntityType) ? default(InternalEntityEntry) : queryContext.StartTracking(
                        entityType: entityType1, 
                        entity: instance1, 
                        snapshot: shadowSnapshot1);
                    return instance1;
                } : default(void);
                return instance1;
            };
            return entity;
        }, 
        contextType: VSM.Contexts.VSMContext, 
        standAloneStateManager: False, 
        detailedErrorsEnabled: False, 
        threadSafetyChecksEnabled: True), 
    cancellationToken: queryContext.CancellationToken)"'
2025-07-11 11:48:17 [Debug] Opening connection to database '"VehicleServiceManagement"' on server '"tcp://localhost:5432"'.
2025-07-11 11:48:17 [Debug] Opened connection to database '"VehicleServiceManagement"' on server '"tcp://localhost:5432"'.
2025-07-11 11:48:17 [Debug] Creating DbCommand for '"ExecuteReader"'.
2025-07-11 11:48:17 [Debug] Created DbCommand for '"ExecuteReader"' (0ms).
2025-07-11 11:48:17 [Debug] Initialized DbCommand for '"ExecuteReader"' (3ms).
2025-07-11 11:48:17 [Debug] Executing DbCommand [Parameters=["@__key_0='?' (DbType = Guid)"], CommandType='Text', CommandTimeout='30']"
""SELECT c.\"CustomerID\", c.\"Email\", c.\"Name\", c.\"Phone\", c.\"Status\"
FROM \"Customers\" AS c
WHERE c.\"CustomerID\" = @__key_0
LIMIT 2"
2025-07-11 11:48:17 [Information] Executed DbCommand ("11"ms) [Parameters=["@__key_0='?' (DbType = Guid)"], CommandType='Text', CommandTimeout='30']"
""SELECT c.\"CustomerID\", c.\"Email\", c.\"Name\", c.\"Phone\", c.\"Status\"
FROM \"Customers\" AS c
WHERE c.\"CustomerID\" = @__key_0
LIMIT 2"
2025-07-11 11:48:17 [Debug] Closing data reader to '"VehicleServiceManagement"' on server '"tcp://localhost:5432"'.
2025-07-11 11:48:17 [Debug] A data reader for '"VehicleServiceManagement"' on server '"tcp://localhost:5432"' is being disposed after spending 1ms reading results.
2025-07-11 11:48:17 [Debug] Closing connection to database '"VehicleServiceManagement"' on server '"tcp://localhost:5432"'.
2025-07-11 11:48:17 [Debug] Closed connection to database '"VehicleServiceManagement"' on server '"tcp://localhost:5432"' (0ms).
2025-07-11 11:48:20 [Debug] Opening connection to database '"VehicleServiceManagement"' on server '"tcp://localhost:5432"'.
2025-07-11 11:48:20 [Debug] Opened connection to database '"VehicleServiceManagement"' on server '"tcp://localhost:5432"'.
2025-07-11 11:48:20 [Debug] Creating DbCommand for '"ExecuteReader"'.
2025-07-11 11:48:20 [Debug] Created DbCommand for '"ExecuteReader"' (0ms).
2025-07-11 11:48:20 [Debug] Initialized DbCommand for '"ExecuteReader"' (0ms).
2025-07-11 11:48:20 [Debug] Executing DbCommand [Parameters=[""], CommandType='Text', CommandTimeout='30']"
""SELECT b.\"BookingID\", b.\"BookedAt\", b.\"CustomerID\", b.\"DeliveryTime\", b.\"Imageurl\", b.\"IsDeleted\", b.\"Slot\", b.\"Status\", c.\"CustomerID\", c.\"Email\", c.\"Name\", c.\"Phone\", c.\"Status\"
FROM \"Bookings\" AS b
INNER JOIN \"Customers\" AS c ON b.\"CustomerID\" = c.\"CustomerID\"
ORDER BY CASE
    WHEN b.\"Status\" = 'Booked' THEN 0
    WHEN b.\"Status\" = 'Reviewed' THEN 1
    WHEN b.\"Status\" = 'Cancelled' THEN 2
    ELSE 3
END"
2025-07-11 11:48:20 [Information] Executed DbCommand ("1"ms) [Parameters=[""], CommandType='Text', CommandTimeout='30']"
""SELECT b.\"BookingID\", b.\"BookedAt\", b.\"CustomerID\", b.\"DeliveryTime\", b.\"Imageurl\", b.\"IsDeleted\", b.\"Slot\", b.\"Status\", c.\"CustomerID\", c.\"Email\", c.\"Name\", c.\"Phone\", c.\"Status\"
FROM \"Bookings\" AS b
INNER JOIN \"Customers\" AS c ON b.\"CustomerID\" = c.\"CustomerID\"
ORDER BY CASE
    WHEN b.\"Status\" = 'Booked' THEN 0
    WHEN b.\"Status\" = 'Reviewed' THEN 1
    WHEN b.\"Status\" = 'Cancelled' THEN 2
    ELSE 3
END"
2025-07-11 11:48:20 [Debug] Closing data reader to '"VehicleServiceManagement"' on server '"tcp://localhost:5432"'.
2025-07-11 11:48:20 [Debug] A data reader for '"VehicleServiceManagement"' on server '"tcp://localhost:5432"' is being disposed after spending 0ms reading results.
2025-07-11 11:48:20 [Debug] Closing connection to database '"VehicleServiceManagement"' on server '"tcp://localhost:5432"'.
2025-07-11 11:48:20 [Debug] Closed connection to database '"VehicleServiceManagement"' on server '"tcp://localhost:5432"' (0ms).
2025-07-11 11:48:20 [Debug] List of registered output formatters, in the following order: ["Microsoft.AspNetCore.Mvc.Formatters.HttpNoContentOutputFormatter", "Microsoft.AspNetCore.Mvc.Formatters.StringOutputFormatter", "Microsoft.AspNetCore.Mvc.Formatters.StreamOutputFormatter", "Microsoft.AspNetCore.Mvc.Formatters.SystemTextJsonOutputFormatter"]
2025-07-11 11:48:20 [Debug] Attempting to select an output formatter based on Accept header '["text/plain"]'.
2025-07-11 11:48:20 [Debug] Could not find an output formatter based on content negotiation. Accepted types were (["text/plain"])
2025-07-11 11:48:20 [Debug] Attempting to select an output formatter without using a content type as no explicit content types were specified for the response.
2025-07-11 11:48:20 [Debug] Attempting to select the first formatter in the output formatters list which can write the result.
2025-07-11 11:48:20 [Debug] Selected output formatter '"Microsoft.AspNetCore.Mvc.Formatters.SystemTextJsonOutputFormatter"' and content type '"application/json"' to write the response.
2025-07-11 11:48:20 [Information] Executing "BadRequestObjectResult", writing value of type '"<>f__AnonymousType3`1[[System.String, System.Private.CoreLib, Version=9.0.0.0, Culture=neutral, PublicKeyToken=7cec85d7bea7798e]]"'.
2025-07-11 11:48:20 [Information] Executed action "VSM.Controllers.BookingController.CreateBooking (VehicleServiceManagement)" in 4743.6242ms
2025-07-11 11:48:20 [Information] Executed endpoint '"VSM.Controllers.BookingController.CreateBooking (VehicleServiceManagement)"'
2025-07-11 11:48:20 [Debug] '"VSMContext"' disposed.
2025-07-11 11:48:20 [Debug] Disposing connection to database '"VehicleServiceManagement"' on server '"tcp://localhost:5432"'.
2025-07-11 11:48:20 [Debug] Disposed connection to database '"VehicleServiceManagement"' on server '"tcp://localhost:5432"' (1ms).
2025-07-11 11:48:20 [Information] Request finished "HTTP/2" "POST" "https"://"localhost:7176""""/api/v1/Booking""" - 400 null "application/json; charset=utf-8" 4977.1418ms
2025-07-11 11:48:29 [Information] Request starting "HTTP/2" "POST" "https"://"localhost:7176""""/api/v1/Booking""" - "multipart/form-data; boundary=----WebKitFormBoundaryQRfPtnhi6zhcMOPF" 840026
2025-07-11 11:48:29 [Debug] 1 candidate(s) found for the request path '"/api/v1/Booking"'
2025-07-11 11:48:29 [Debug] Endpoint '"VSM.Controllers.BookingController.CreateBooking (VehicleServiceManagement)"' with route pattern '"api/v{version:apiVersion}/Booking"' is valid for the request path '"/api/v1/Booking"'
2025-07-11 11:48:29 [Debug] Request matched endpoint '"VSM.Controllers.BookingController.CreateBooking (VehicleServiceManagement)"'
2025-07-11 11:48:29 [Debug] Successfully validated the token.
2025-07-11 11:48:29 [Debug] AuthenticationScheme: "Bearer" was successfully authenticated.
2025-07-11 11:48:29 [Debug] Authorization was successful.
2025-07-11 11:48:29 [Debug] Static files was skipped as the request already matched an endpoint.
2025-07-11 11:48:29 [Debug] Static files was skipped as the request already matched an endpoint.
2025-07-11 11:48:29 [Debug] The request has an origin header: '"https://localhost:7176"'.
2025-07-11 11:48:29 [Information] CORS policy execution failed.
2025-07-11 11:48:29 [Information] Request origin "https://localhost:7176" does not have permission to access the resource.
2025-07-11 11:48:29 [Information] Executing endpoint '"VSM.Controllers.BookingController.CreateBooking (VehicleServiceManagement)"'
2025-07-11 11:48:29 [Information] Route matched with "{action = \"CreateBooking\", controller = \"Booking\"}". Executing controller action with signature "System.Threading.Tasks.Task`1[Microsoft.AspNetCore.Mvc.ActionResult`1[VSM.DTO.BookingDisplayDto]] CreateBooking(VSM.DTO.BookingAddDto)" on controller "VSM.Controllers.BookingController" ("VehicleServiceManagement").
2025-07-11 11:48:29 [Debug] Execution plan of "authorization" filters (in the following order): ["None"]
2025-07-11 11:48:29 [Debug] Execution plan of "resource" filters (in the following order): ["None"]
2025-07-11 11:48:29 [Debug] Execution plan of "action" filters (in the following order): ["Microsoft.AspNetCore.Mvc.ModelBinding.UnsupportedContentTypeFilter (Order: -3000)", "Microsoft.AspNetCore.Mvc.Infrastructure.ModelStateInvalidFilter (Order: -2000)", "Microsoft.AspNetCore.Mvc.ReportApiVersionsAttribute (Order: 0)"]
2025-07-11 11:48:29 [Debug] Execution plan of "exception" filters (in the following order): ["None"]
2025-07-11 11:48:29 [Debug] Execution plan of "result" filters (in the following order): ["Microsoft.AspNetCore.Mvc.Infrastructure.ClientErrorResultFilter (Order: -2000)", "Microsoft.AspNetCore.Mvc.ReportApiVersionsAttribute (Order: 0)"]
2025-07-11 11:48:29 [Debug] Executing controller factory for controller "VSM.Controllers.BookingController" ("VehicleServiceManagement")
2025-07-11 11:48:29 [Debug] Executed controller factory for controller "VSM.Controllers.BookingController" ("VehicleServiceManagement")
2025-07-11 11:48:29 [Debug] Connection id ""0HNE08ASAG9ON"", Request id ""0HNE08ASAG9ON:00000003"": started reading request body.
2025-07-11 11:48:29 [Debug] Connection id ""0HNE08ASAG9ON"", Request id ""0HNE08ASAG9ON:00000003"": done reading request body.
2025-07-11 11:48:29 [Debug] Attempting to bind parameter '"dto"' of type '"VSM.DTO.BookingAddDto"' ...
2025-07-11 11:48:29 [Debug] Attempting to bind parameter '"dto"' of type '"VSM.DTO.BookingAddDto"' using the name '""' in request data ...
2025-07-11 11:48:29 [Debug] Attempting to bind property '"VSM.DTO.BookingAddDto"."CustomerID"' of type '"System.Guid"' using the name '"CustomerID"' in request data ...
2025-07-11 11:48:29 [Debug] Done attempting to bind property '"VSM.DTO.BookingAddDto"."CustomerID"' of type '"System.Guid"'.
2025-07-11 11:48:29 [Debug] Attempting to bind property '"VSM.DTO.BookingAddDto"."Slot"' of type '"System.String"' using the name '"Slot"' in request data ...
2025-07-11 11:48:29 [Debug] Done attempting to bind property '"VSM.DTO.BookingAddDto"."Slot"' of type '"System.String"'.
2025-07-11 11:48:29 [Debug] Attempting to bind property '"VSM.DTO.BookingAddDto"."Image"' of type '"Microsoft.AspNetCore.Http.IFormFile"' using the name '"Image"' in request data ...
2025-07-11 11:48:29 [Debug] Done attempting to bind property '"VSM.DTO.BookingAddDto"."Image"' of type '"Microsoft.AspNetCore.Http.IFormFile"'.
2025-07-11 11:48:29 [Debug] Done attempting to bind parameter '"dto"' of type '"VSM.DTO.BookingAddDto"'.
2025-07-11 11:48:29 [Debug] Done attempting to bind parameter '"dto"' of type '"VSM.DTO.BookingAddDto"'.
2025-07-11 11:48:29 [Debug] Attempting to validate the bound parameter '"dto"' of type '"VSM.DTO.BookingAddDto"' ...
2025-07-11 11:48:29 [Debug] Done attempting to validate the bound parameter '"dto"' of type '"VSM.DTO.BookingAddDto"'.
2025-07-11 11:48:29 [Debug] Entity Framework Core "9.0.5" initialized '"VSMContext"' using provider '"Npgsql.EntityFrameworkCore.PostgreSQL":"9.0.4+fd2380957bee5cd86f336466af36b08c0163f1a5"' with options: "None"
2025-07-11 11:48:29 [Debug] Creating DbConnection.
2025-07-11 11:48:29 [Debug] Created DbConnection. (0ms).
2025-07-11 11:48:29 [Debug] Opening connection to database '"VehicleServiceManagement"' on server '"tcp://localhost:5432"'.
2025-07-11 11:48:29 [Debug] Opened connection to database '"VehicleServiceManagement"' on server '"tcp://localhost:5432"'.
2025-07-11 11:48:29 [Debug] Creating DbCommand for '"ExecuteReader"'.
2025-07-11 11:48:29 [Debug] Created DbCommand for '"ExecuteReader"' (0ms).
2025-07-11 11:48:29 [Debug] Initialized DbCommand for '"ExecuteReader"' (0ms).
2025-07-11 11:48:29 [Debug] Executing DbCommand [Parameters=[""], CommandType='Text', CommandTimeout='30']"
""SELECT b.\"BookingID\", b.\"BookedAt\", b.\"CustomerID\", b.\"DeliveryTime\", b.\"Imageurl\", b.\"IsDeleted\", b.\"Slot\", b.\"Status\", c.\"CustomerID\", c.\"Email\", c.\"Name\", c.\"Phone\", c.\"Status\"
FROM \"Bookings\" AS b
INNER JOIN \"Customers\" AS c ON b.\"CustomerID\" = c.\"CustomerID\"
ORDER BY CASE
    WHEN b.\"Status\" = 'Booked' THEN 0
    WHEN b.\"Status\" = 'Reviewed' THEN 1
    WHEN b.\"Status\" = 'Cancelled' THEN 2
    ELSE 3
END"
2025-07-11 11:48:29 [Information] Executed DbCommand ("1"ms) [Parameters=[""], CommandType='Text', CommandTimeout='30']"
""SELECT b.\"BookingID\", b.\"BookedAt\", b.\"CustomerID\", b.\"DeliveryTime\", b.\"Imageurl\", b.\"IsDeleted\", b.\"Slot\", b.\"Status\", c.\"CustomerID\", c.\"Email\", c.\"Name\", c.\"Phone\", c.\"Status\"
FROM \"Bookings\" AS b
INNER JOIN \"Customers\" AS c ON b.\"CustomerID\" = c.\"CustomerID\"
ORDER BY CASE
    WHEN b.\"Status\" = 'Booked' THEN 0
    WHEN b.\"Status\" = 'Reviewed' THEN 1
    WHEN b.\"Status\" = 'Cancelled' THEN 2
    ELSE 3
END"
2025-07-11 11:48:29 [Debug] Context '"VSMContext"' started tracking '"Booking"' entity. Consider using 'DbContextOptionsBuilder.EnableSensitiveDataLogging' to see key values.
2025-07-11 11:48:29 [Debug] The navigation '"Booking"."Customer"' was detected as changed. Consider using 'DbContextOptionsBuilder.EnableSensitiveDataLogging' to see key values.
2025-07-11 11:48:29 [Debug] Context '"VSMContext"' started tracking '"Customer"' entity. Consider using 'DbContextOptionsBuilder.EnableSensitiveDataLogging' to see key values.
2025-07-11 11:48:29 [Debug] Context '"VSMContext"' started tracking '"Booking"' entity. Consider using 'DbContextOptionsBuilder.EnableSensitiveDataLogging' to see key values.
2025-07-11 11:48:29 [Debug] The navigation '"Booking"."Customer"' was detected as changed. Consider using 'DbContextOptionsBuilder.EnableSensitiveDataLogging' to see key values.
2025-07-11 11:48:29 [Debug] Context '"VSMContext"' started tracking '"Customer"' entity. Consider using 'DbContextOptionsBuilder.EnableSensitiveDataLogging' to see key values.
2025-07-11 11:48:29 [Debug] Context '"VSMContext"' started tracking '"Booking"' entity. Consider using 'DbContextOptionsBuilder.EnableSensitiveDataLogging' to see key values.
2025-07-11 11:48:29 [Debug] The navigation '"Booking"."Customer"' was detected as changed. Consider using 'DbContextOptionsBuilder.EnableSensitiveDataLogging' to see key values.
2025-07-11 11:48:29 [Debug] Context '"VSMContext"' started tracking '"Customer"' entity. Consider using 'DbContextOptionsBuilder.EnableSensitiveDataLogging' to see key values.
2025-07-11 11:48:29 [Debug] Context '"VSMContext"' started tracking '"Booking"' entity. Consider using 'DbContextOptionsBuilder.EnableSensitiveDataLogging' to see key values.
2025-07-11 11:48:29 [Debug] The navigation '"Booking"."Customer"' was detected as changed. Consider using 'DbContextOptionsBuilder.EnableSensitiveDataLogging' to see key values.
2025-07-11 11:48:29 [Debug] Context '"VSMContext"' started tracking '"Customer"' entity. Consider using 'DbContextOptionsBuilder.EnableSensitiveDataLogging' to see key values.
2025-07-11 11:48:29 [Debug] Context '"VSMContext"' started tracking '"Booking"' entity. Consider using 'DbContextOptionsBuilder.EnableSensitiveDataLogging' to see key values.
2025-07-11 11:48:29 [Debug] Context '"VSMContext"' started tracking '"Booking"' entity. Consider using 'DbContextOptionsBuilder.EnableSensitiveDataLogging' to see key values.
2025-07-11 11:48:29 [Debug] Context '"VSMContext"' started tracking '"Booking"' entity. Consider using 'DbContextOptionsBuilder.EnableSensitiveDataLogging' to see key values.
2025-07-11 11:48:29 [Debug] Context '"VSMContext"' started tracking '"Booking"' entity. Consider using 'DbContextOptionsBuilder.EnableSensitiveDataLogging' to see key values.
2025-07-11 11:48:29 [Debug] Context '"VSMContext"' started tracking '"Booking"' entity. Consider using 'DbContextOptionsBuilder.EnableSensitiveDataLogging' to see key values.
2025-07-11 11:48:29 [Debug] Context '"VSMContext"' started tracking '"Booking"' entity. Consider using 'DbContextOptionsBuilder.EnableSensitiveDataLogging' to see key values.
2025-07-11 11:48:29 [Debug] Context '"VSMContext"' started tracking '"Booking"' entity. Consider using 'DbContextOptionsBuilder.EnableSensitiveDataLogging' to see key values.
2025-07-11 11:48:29 [Debug] Context '"VSMContext"' started tracking '"Booking"' entity. Consider using 'DbContextOptionsBuilder.EnableSensitiveDataLogging' to see key values.
2025-07-11 11:48:29 [Debug] Context '"VSMContext"' started tracking '"Booking"' entity. Consider using 'DbContextOptionsBuilder.EnableSensitiveDataLogging' to see key values.
2025-07-11 11:48:29 [Debug] Context '"VSMContext"' started tracking '"Booking"' entity. Consider using 'DbContextOptionsBuilder.EnableSensitiveDataLogging' to see key values.
2025-07-11 11:48:29 [Debug] Context '"VSMContext"' started tracking '"Booking"' entity. Consider using 'DbContextOptionsBuilder.EnableSensitiveDataLogging' to see key values.
2025-07-11 11:48:29 [Debug] Context '"VSMContext"' started tracking '"Booking"' entity. Consider using 'DbContextOptionsBuilder.EnableSensitiveDataLogging' to see key values.
2025-07-11 11:48:29 [Debug] Context '"VSMContext"' started tracking '"Booking"' entity. Consider using 'DbContextOptionsBuilder.EnableSensitiveDataLogging' to see key values.
2025-07-11 11:48:29 [Debug] Context '"VSMContext"' started tracking '"Booking"' entity. Consider using 'DbContextOptionsBuilder.EnableSensitiveDataLogging' to see key values.
2025-07-11 11:48:29 [Debug] Context '"VSMContext"' started tracking '"Booking"' entity. Consider using 'DbContextOptionsBuilder.EnableSensitiveDataLogging' to see key values.
2025-07-11 11:48:29 [Debug] Context '"VSMContext"' started tracking '"Booking"' entity. Consider using 'DbContextOptionsBuilder.EnableSensitiveDataLogging' to see key values.
2025-07-11 11:48:29 [Debug] Context '"VSMContext"' started tracking '"Booking"' entity. Consider using 'DbContextOptionsBuilder.EnableSensitiveDataLogging' to see key values.
2025-07-11 11:48:29 [Debug] Context '"VSMContext"' started tracking '"Booking"' entity. Consider using 'DbContextOptionsBuilder.EnableSensitiveDataLogging' to see key values.
2025-07-11 11:48:29 [Debug] Context '"VSMContext"' started tracking '"Booking"' entity. Consider using 'DbContextOptionsBuilder.EnableSensitiveDataLogging' to see key values.
2025-07-11 11:48:29 [Debug] Context '"VSMContext"' started tracking '"Booking"' entity. Consider using 'DbContextOptionsBuilder.EnableSensitiveDataLogging' to see key values.
2025-07-11 11:48:29 [Debug] Context '"VSMContext"' started tracking '"Booking"' entity. Consider using 'DbContextOptionsBuilder.EnableSensitiveDataLogging' to see key values.
2025-07-11 11:48:29 [Debug] Context '"VSMContext"' started tracking '"Booking"' entity. Consider using 'DbContextOptionsBuilder.EnableSensitiveDataLogging' to see key values.
2025-07-11 11:48:29 [Debug] Context '"VSMContext"' started tracking '"Booking"' entity. Consider using 'DbContextOptionsBuilder.EnableSensitiveDataLogging' to see key values.
2025-07-11 11:48:29 [Debug] Context '"VSMContext"' started tracking '"Booking"' entity. Consider using 'DbContextOptionsBuilder.EnableSensitiveDataLogging' to see key values.
2025-07-11 11:48:29 [Debug] Context '"VSMContext"' started tracking '"Booking"' entity. Consider using 'DbContextOptionsBuilder.EnableSensitiveDataLogging' to see key values.
2025-07-11 11:48:29 [Debug] Context '"VSMContext"' started tracking '"Booking"' entity. Consider using 'DbContextOptionsBuilder.EnableSensitiveDataLogging' to see key values.
2025-07-11 11:48:29 [Debug] Context '"VSMContext"' started tracking '"Booking"' entity. Consider using 'DbContextOptionsBuilder.EnableSensitiveDataLogging' to see key values.
2025-07-11 11:48:29 [Debug] Context '"VSMContext"' started tracking '"Booking"' entity. Consider using 'DbContextOptionsBuilder.EnableSensitiveDataLogging' to see key values.
2025-07-11 11:48:29 [Debug] Context '"VSMContext"' started tracking '"Booking"' entity. Consider using 'DbContextOptionsBuilder.EnableSensitiveDataLogging' to see key values.
2025-07-11 11:48:29 [Debug] Closing data reader to '"VehicleServiceManagement"' on server '"tcp://localhost:5432"'.
2025-07-11 11:48:29 [Debug] A data reader for '"VehicleServiceManagement"' on server '"tcp://localhost:5432"' is being disposed after spending 5ms reading results.
2025-07-11 11:48:29 [Debug] Closing connection to database '"VehicleServiceManagement"' on server '"tcp://localhost:5432"'.
2025-07-11 11:48:29 [Debug] Closed connection to database '"VehicleServiceManagement"' on server '"tcp://localhost:5432"' (0ms).
2025-07-11 11:48:29 [Debug] Opening connection to database '"VehicleServiceManagement"' on server '"tcp://localhost:5432"'.
2025-07-11 11:48:29 [Debug] Opened connection to database '"VehicleServiceManagement"' on server '"tcp://localhost:5432"'.
2025-07-11 11:48:29 [Debug] Creating DbCommand for '"ExecuteReader"'.
2025-07-11 11:48:29 [Debug] Created DbCommand for '"ExecuteReader"' (0ms).
2025-07-11 11:48:29 [Debug] Initialized DbCommand for '"ExecuteReader"' (0ms).
2025-07-11 11:48:29 [Debug] Executing DbCommand [Parameters=["@__key_0='?' (DbType = Guid)"], CommandType='Text', CommandTimeout='30']"
""SELECT c.\"CustomerID\", c.\"Email\", c.\"Name\", c.\"Phone\", c.\"Status\"
FROM \"Customers\" AS c
WHERE c.\"CustomerID\" = @__key_0
LIMIT 2"
2025-07-11 11:48:29 [Information] Executed DbCommand ("1"ms) [Parameters=["@__key_0='?' (DbType = Guid)"], CommandType='Text', CommandTimeout='30']"
""SELECT c.\"CustomerID\", c.\"Email\", c.\"Name\", c.\"Phone\", c.\"Status\"
FROM \"Customers\" AS c
WHERE c.\"CustomerID\" = @__key_0
LIMIT 2"
2025-07-11 11:48:29 [Debug] Closing data reader to '"VehicleServiceManagement"' on server '"tcp://localhost:5432"'.
2025-07-11 11:48:29 [Debug] A data reader for '"VehicleServiceManagement"' on server '"tcp://localhost:5432"' is being disposed after spending 0ms reading results.
2025-07-11 11:48:29 [Debug] Closing connection to database '"VehicleServiceManagement"' on server '"tcp://localhost:5432"'.
2025-07-11 11:48:29 [Debug] Closed connection to database '"VehicleServiceManagement"' on server '"tcp://localhost:5432"' (0ms).
2025-07-11 11:48:30 [Debug] Opening connection to database '"VehicleServiceManagement"' on server '"tcp://localhost:5432"'.
2025-07-11 11:48:30 [Debug] Opened connection to database '"VehicleServiceManagement"' on server '"tcp://localhost:5432"'.
2025-07-11 11:48:30 [Debug] Creating DbCommand for '"ExecuteReader"'.
2025-07-11 11:48:30 [Debug] Created DbCommand for '"ExecuteReader"' (0ms).
2025-07-11 11:48:30 [Debug] Initialized DbCommand for '"ExecuteReader"' (0ms).
2025-07-11 11:48:30 [Debug] Executing DbCommand [Parameters=[""], CommandType='Text', CommandTimeout='30']"
""SELECT b.\"BookingID\", b.\"BookedAt\", b.\"CustomerID\", b.\"DeliveryTime\", b.\"Imageurl\", b.\"IsDeleted\", b.\"Slot\", b.\"Status\", c.\"CustomerID\", c.\"Email\", c.\"Name\", c.\"Phone\", c.\"Status\"
FROM \"Bookings\" AS b
INNER JOIN \"Customers\" AS c ON b.\"CustomerID\" = c.\"CustomerID\"
ORDER BY CASE
    WHEN b.\"Status\" = 'Booked' THEN 0
    WHEN b.\"Status\" = 'Reviewed' THEN 1
    WHEN b.\"Status\" = 'Cancelled' THEN 2
    ELSE 3
END"
2025-07-11 11:48:30 [Information] Executed DbCommand ("1"ms) [Parameters=[""], CommandType='Text', CommandTimeout='30']"
""SELECT b.\"BookingID\", b.\"BookedAt\", b.\"CustomerID\", b.\"DeliveryTime\", b.\"Imageurl\", b.\"IsDeleted\", b.\"Slot\", b.\"Status\", c.\"CustomerID\", c.\"Email\", c.\"Name\", c.\"Phone\", c.\"Status\"
FROM \"Bookings\" AS b
INNER JOIN \"Customers\" AS c ON b.\"CustomerID\" = c.\"CustomerID\"
ORDER BY CASE
    WHEN b.\"Status\" = 'Booked' THEN 0
    WHEN b.\"Status\" = 'Reviewed' THEN 1
    WHEN b.\"Status\" = 'Cancelled' THEN 2
    ELSE 3
END"
2025-07-11 11:48:30 [Debug] Closing data reader to '"VehicleServiceManagement"' on server '"tcp://localhost:5432"'.
2025-07-11 11:48:30 [Debug] A data reader for '"VehicleServiceManagement"' on server '"tcp://localhost:5432"' is being disposed after spending 0ms reading results.
2025-07-11 11:48:30 [Debug] Closing connection to database '"VehicleServiceManagement"' on server '"tcp://localhost:5432"'.
2025-07-11 11:48:30 [Debug] Closed connection to database '"VehicleServiceManagement"' on server '"tcp://localhost:5432"' (0ms).
2025-07-11 11:48:30 [Debug] The navigation '"Booking"."Customer"' was detected as changed. Consider using 'DbContextOptionsBuilder.EnableSensitiveDataLogging' to see key values.
2025-07-11 11:48:30 [Debug] Context '"VSMContext"' started tracking '"Booking"' entity. Consider using 'DbContextOptionsBuilder.EnableSensitiveDataLogging' to see key values.
2025-07-11 11:48:30 [Debug] SaveChanges starting for '"VSMContext"'.
2025-07-11 11:48:30 [Debug] DetectChanges starting for '"VSMContext"'.
2025-07-11 11:48:30 [Debug] DetectChanges completed for '"VSMContext"'.
2025-07-11 11:48:30 [Debug] Opening connection to database '"VehicleServiceManagement"' on server '"tcp://localhost:5432"'.
2025-07-11 11:48:30 [Debug] Opened connection to database '"VehicleServiceManagement"' on server '"tcp://localhost:5432"'.
2025-07-11 11:48:30 [Debug] Creating DbCommand for '"ExecuteReader"'.
2025-07-11 11:48:30 [Debug] Created DbCommand for '"ExecuteReader"' (0ms).
2025-07-11 11:48:30 [Debug] Initialized DbCommand for '"ExecuteReader"' (0ms).
2025-07-11 11:48:30 [Debug] Executing DbCommand [Parameters=["@p0='?' (DbType = Guid), @p1='?' (DbType = DateTime), @p2='?' (DbType = Guid), @p3='?' (DbType = DateTime), @p4='?', @p5='?' (DbType = Boolean), @p6='?' (DbType = DateTime), @p7='?'"], CommandType='Text', CommandTimeout='30']"
""INSERT INTO \"Bookings\" (\"BookingID\", \"BookedAt\", \"CustomerID\", \"DeliveryTime\", \"Imageurl\", \"IsDeleted\", \"Slot\", \"Status\")
VALUES (@p0, @p1, @p2, @p3, @p4, @p5, @p6, @p7);"
2025-07-11 11:48:30 [Information] Executed DbCommand ("9"ms) [Parameters=["@p0='?' (DbType = Guid), @p1='?' (DbType = DateTime), @p2='?' (DbType = Guid), @p3='?' (DbType = DateTime), @p4='?', @p5='?' (DbType = Boolean), @p6='?' (DbType = DateTime), @p7='?'"], CommandType='Text', CommandTimeout='30']"
""INSERT INTO \"Bookings\" (\"BookingID\", \"BookedAt\", \"CustomerID\", \"DeliveryTime\", \"Imageurl\", \"IsDeleted\", \"Slot\", \"Status\")
VALUES (@p0, @p1, @p2, @p3, @p4, @p5, @p6, @p7);"
2025-07-11 11:48:30 [Debug] Closing data reader to '"VehicleServiceManagement"' on server '"tcp://localhost:5432"'.
2025-07-11 11:48:30 [Debug] A data reader for '"VehicleServiceManagement"' on server '"tcp://localhost:5432"' is being disposed after spending 3ms reading results.
2025-07-11 11:48:30 [Debug] Closing connection to database '"VehicleServiceManagement"' on server '"tcp://localhost:5432"'.
2025-07-11 11:48:30 [Debug] Closed connection to database '"VehicleServiceManagement"' on server '"tcp://localhost:5432"' (0ms).
2025-07-11 11:48:30 [Debug] An entity of type '"Booking"' tracked by '"VSMContext"' changed state from 'Added' to 'Unchanged'. Consider using 'DbContextOptionsBuilder.EnableSensitiveDataLogging' to see key values.
2025-07-11 11:48:30 [Debug] SaveChanges completed for '"VSMContext"' with 1 entities written to the database.
2025-07-11 11:48:30 [Debug] List of registered output formatters, in the following order: ["Microsoft.AspNetCore.Mvc.Formatters.HttpNoContentOutputFormatter", "Microsoft.AspNetCore.Mvc.Formatters.StringOutputFormatter", "Microsoft.AspNetCore.Mvc.Formatters.StreamOutputFormatter", "Microsoft.AspNetCore.Mvc.Formatters.SystemTextJsonOutputFormatter"]
2025-07-11 11:48:30 [Debug] Attempting to select an output formatter based on Accept header '["text/plain"]'.
2025-07-11 11:48:30 [Debug] Could not find an output formatter based on content negotiation. Accepted types were (["text/plain"])
2025-07-11 11:48:30 [Debug] Attempting to select an output formatter without using a content type as no explicit content types were specified for the response.
2025-07-11 11:48:30 [Debug] Attempting to select the first formatter in the output formatters list which can write the result.
2025-07-11 11:48:30 [Debug] Selected output formatter '"Microsoft.AspNetCore.Mvc.Formatters.SystemTextJsonOutputFormatter"' and content type '"application/json"' to write the response.
2025-07-11 11:48:30 [Information] Executing "OkObjectResult", writing value of type '"VSM.DTO.BookingDisplayDto"'.
2025-07-11 11:48:30 [Information] Executed action "VSM.Controllers.BookingController.CreateBooking (VehicleServiceManagement)" in 942.7246ms
2025-07-11 11:48:30 [Information] Executed endpoint '"VSM.Controllers.BookingController.CreateBooking (VehicleServiceManagement)"'
2025-07-11 11:48:30 [Debug] '"VSMContext"' disposed.
2025-07-11 11:48:30 [Debug] Disposing connection to database '"VehicleServiceManagement"' on server '"tcp://localhost:5432"'.
2025-07-11 11:48:30 [Debug] Disposed connection to database '"VehicleServiceManagement"' on server '"tcp://localhost:5432"' (0ms).
2025-07-11 11:48:30 [Information] Request finished "HTTP/2" "POST" "https"://"localhost:7176""""/api/v1/Booking""" - 200 null "application/json; charset=utf-8" 973.476ms
2025-07-11 11:50:41 [Debug] Connection id ""0HNE08ASAG9ON"" is closing.
2025-07-11 11:50:41 [Debug] Connection id ""0HNE08ASAG9ON"" is closed. The last processed stream ID was 3.
2025-07-11 11:50:41 [Debug] Connection id ""0HNE08ASAG9ON"" received FIN.
2025-07-11 11:50:41 [Debug] Connection id ""0HNE08ASAG9ON"" sending FIN because: ""The Socket transport's send loop completed gracefully.""
2025-07-11 11:50:41 [Debug] The connection queue processing loop for "0HNE08ASAG9ON" completed.
2025-07-11 11:50:41 [Debug] Connection id ""0HNE08ASAG9ON"" stopped.
2025-07-11 12:51:22 [Information] Application is shutting down...
2025-07-11 12:51:22 [Debug] Hosting stopping
2025-07-11 12:51:22 [Debug] Hosting stopped
2025-07-11 12:51:38 [Debug] Registered SignalR Protocol: "json", implemented by "Microsoft.AspNetCore.SignalR.Protocol.JsonHubProtocol".
2025-07-11 12:51:38 [Debug] Registered model binder providers, in the following order: ["Microsoft.AspNetCore.Mvc.Versioning.ApiVersionModelBinderProvider", "Microsoft.AspNetCore.Mvc.ModelBinding.Binders.BinderTypeModelBinderProvider", "Microsoft.AspNetCore.Mvc.ModelBinding.Binders.ServicesModelBinderProvider", "Microsoft.AspNetCore.Mvc.ModelBinding.Binders.BodyModelBinderProvider", "Microsoft.AspNetCore.Mvc.ModelBinding.Binders.HeaderModelBinderProvider", "Microsoft.AspNetCore.Mvc.ModelBinding.Binders.FloatingPointTypeModelBinderProvider", "Microsoft.AspNetCore.Mvc.ModelBinding.Binders.EnumTypeModelBinderProvider", "Microsoft.AspNetCore.Mvc.ModelBinding.Binders.DateTimeModelBinderProvider", "Microsoft.AspNetCore.Mvc.ModelBinding.Binders.SimpleTypeModelBinderProvider", "Microsoft.AspNetCore.Mvc.ModelBinding.Binders.TryParseModelBinderProvider", "Microsoft.AspNetCore.Mvc.ModelBinding.Binders.CancellationTokenModelBinderProvider", "Microsoft.AspNetCore.Mvc.ModelBinding.Binders.ByteArrayModelBinderProvider", "Microsoft.AspNetCore.Mvc.ModelBinding.Binders.FormFileModelBinderProvider", "Microsoft.AspNetCore.Mvc.ModelBinding.Binders.FormCollectionModelBinderProvider", "Microsoft.AspNetCore.Mvc.ModelBinding.Binders.KeyValuePairModelBinderProvider", "Microsoft.AspNetCore.Mvc.ModelBinding.Binders.DictionaryModelBinderProvider", "Microsoft.AspNetCore.Mvc.ModelBinding.Binders.ArrayModelBinderProvider", "Microsoft.AspNetCore.Mvc.ModelBinding.Binders.CollectionModelBinderProvider", "Microsoft.AspNetCore.Mvc.ModelBinding.Binders.ComplexObjectModelBinderProvider"]
2025-07-11 12:51:38 [Debug] Hosting starting
2025-07-11 12:51:38 [Information] User profile is available. Using '"/Users/presidio/.aspnet/DataProtection-Keys"' as key repository; keys will not be encrypted at rest.
2025-07-11 12:51:38 [Debug] Reading data from file '"/Users/presidio/.aspnet/DataProtection-Keys/key-cf15f4e9-0e1e-4dd8-9046-30896a9bd09a.xml"'.
2025-07-11 12:51:38 [Debug] Found key {cf15f4e9-0e1e-4dd8-9046-30896a9bd09a}.
2025-07-11 12:51:38 [Debug] Considering key {cf15f4e9-0e1e-4dd8-9046-30896a9bd09a} with expiration date 2025-09-19 13:23:33Z as default key.
2025-07-11 12:51:38 [Debug] Forwarded activator type request from "Microsoft.AspNetCore.DataProtection.AuthenticatedEncryption.ConfigurationModel.AuthenticatedEncryptorDescriptorDeserializer, Microsoft.AspNetCore.DataProtection, Version=9.0.0.0, Culture=neutral, PublicKeyToken=adb9793829ddae60" to "Microsoft.AspNetCore.DataProtection.AuthenticatedEncryption.ConfigurationModel.AuthenticatedEncryptorDescriptorDeserializer, Microsoft.AspNetCore.DataProtection, Culture=neutral, PublicKeyToken=adb9793829ddae60"
2025-07-11 12:51:38 [Debug] Using managed symmetric algorithm '"System.Security.Cryptography.Aes"'.
2025-07-11 12:51:38 [Debug] Using managed keyed hash algorithm '"System.Security.Cryptography.HMACSHA256"'.
2025-07-11 12:51:38 [Debug] Using key {cf15f4e9-0e1e-4dd8-9046-30896a9bd09a} as the default key.
2025-07-11 12:51:38 [Debug] Key ring with default key {cf15f4e9-0e1e-4dd8-9046-30896a9bd09a} was loaded during application startup.
2025-07-11 12:51:38 [Debug] Middleware configuration started with options: "{AllowedHosts = *, AllowEmptyHosts = True, IncludeFailureMessage = True}"
2025-07-11 12:51:38 [Debug] Wildcard detected, all requests with hosts will be allowed.
2025-07-11 12:51:38 [Information] Now listening on: "https://localhost:7176"
2025-07-11 12:51:38 [Information] Now listening on: "http://localhost:5154"
2025-07-11 12:51:38 [Debug] Loaded hosting startup assembly "VehicleServiceManagement"
2025-07-11 12:51:38 [Information] Application started. Press Ctrl+C to shut down.
2025-07-11 12:51:38 [Information] Hosting environment: "Development"
2025-07-11 12:51:38 [Information] Content root path: "/Users/presidio/Desktop/Genspark/MiniProject/VehicleServiceManagement"
2025-07-11 12:51:38 [Debug] Hosting started
2025-07-11 12:52:11 [Debug] Connection id ""0HNE09EJJ1HSD"" accepted.
2025-07-11 12:52:11 [Debug] Connection id ""0HNE09EJJ1HSD"" started.
2025-07-11 12:52:11 [Debug] Connection "0HNE09EJJ1HSD" established using the following protocol: Tls12
2025-07-11 12:52:11 [Information] Request starting "HTTP/2" "POST" "https"://"localhost:7176""""/api/v1/Booking""" - "multipart/form-data; boundary=----WebKitFormBoundaryJyxg1bqRyqc5SBTS" 840026
2025-07-11 12:52:11 [Debug] 1 candidate(s) found for the request path '"/api/v1/Booking"'
2025-07-11 12:52:11 [Debug] Endpoint '"VSM.Controllers.BookingController.CreateBooking (VehicleServiceManagement)"' with route pattern '"api/v{version:apiVersion}/Booking"' is valid for the request path '"/api/v1/Booking"'
2025-07-11 12:52:11 [Debug] Request matched endpoint '"VSM.Controllers.BookingController.CreateBooking (VehicleServiceManagement)"'
2025-07-11 12:52:11 [Debug] Successfully validated the token.
2025-07-11 12:52:11 [Debug] AuthenticationScheme: "Bearer" was successfully authenticated.
2025-07-11 12:52:11 [Debug] Authorization was successful.
2025-07-11 12:52:11 [Debug] Static files was skipped as the request already matched an endpoint.
2025-07-11 12:52:11 [Debug] Static files was skipped as the request already matched an endpoint.
2025-07-11 12:52:11 [Debug] The request has an origin header: '"https://localhost:7176"'.
2025-07-11 12:52:11 [Information] CORS policy execution failed.
2025-07-11 12:52:11 [Information] Request origin "https://localhost:7176" does not have permission to access the resource.
2025-07-11 12:52:11 [Information] Executing endpoint '"VSM.Controllers.BookingController.CreateBooking (VehicleServiceManagement)"'
2025-07-11 12:52:11 [Information] Route matched with "{action = \"CreateBooking\", controller = \"Booking\"}". Executing controller action with signature "System.Threading.Tasks.Task`1[Microsoft.AspNetCore.Mvc.ActionResult`1[VSM.DTO.BookingDisplayDto]] CreateBooking(VSM.DTO.BookingAddDto)" on controller "VSM.Controllers.BookingController" ("VehicleServiceManagement").
2025-07-11 12:52:11 [Debug] Execution plan of "authorization" filters (in the following order): ["None"]
2025-07-11 12:52:11 [Debug] Execution plan of "resource" filters (in the following order): ["None"]
2025-07-11 12:52:11 [Debug] Execution plan of "action" filters (in the following order): ["Microsoft.AspNetCore.Mvc.ModelBinding.UnsupportedContentTypeFilter (Order: -3000)", "Microsoft.AspNetCore.Mvc.Infrastructure.ModelStateInvalidFilter (Order: -2000)", "Microsoft.AspNetCore.Mvc.ReportApiVersionsAttribute (Order: 0)"]
2025-07-11 12:52:11 [Debug] Execution plan of "exception" filters (in the following order): ["None"]
2025-07-11 12:52:11 [Debug] Execution plan of "result" filters (in the following order): ["Microsoft.AspNetCore.Mvc.Infrastructure.ClientErrorResultFilter (Order: -2000)", "Microsoft.AspNetCore.Mvc.ReportApiVersionsAttribute (Order: 0)"]
2025-07-11 12:52:11 [Debug] Executing controller factory for controller "VSM.Controllers.BookingController" ("VehicleServiceManagement")
2025-07-11 12:52:12 [Debug] An 'IServiceProvider' was created for internal use by Entity Framework.
2025-07-11 12:52:12 [Information] Executed action "VSM.Controllers.BookingController.CreateBooking (VehicleServiceManagement)" in 177.7024ms
2025-07-11 12:52:12 [Information] Executed endpoint '"VSM.Controllers.BookingController.CreateBooking (VehicleServiceManagement)"'
2025-07-11 12:52:12 [Error] An unhandled exception has occurred while executing the request.
System.ArgumentNullException: Value cannot be null. (Parameter 'connectionString')
   at Azure.Storage.StorageConnectionString.Parse(String connectionString)
   at Azure.Storage.Blobs.BlobServiceClient..ctor(String connectionString, BlobClientOptions options)
   at Azure.Storage.Blobs.BlobServiceClient..ctor(String connectionString)
   at VSM.Misc.BlobLogger..ctor(String connectionString, String containerName) in /Users/presidio/Desktop/Genspark/MiniProject/VehicleServiceManagement/Misc/FileLogger.cs:line 63
   at Program.<>c.<<Main>$>b__0_5(IServiceProvider provider) in /Users/presidio/Desktop/Genspark/MiniProject/VehicleServiceManagement/Program.cs:line 113
   at Microsoft.Extensions.DependencyInjection.ServiceLookup.CallSiteVisitor`2.VisitCallSiteMain(ServiceCallSite callSite, TArgument argument)
   at Microsoft.Extensions.DependencyInjection.ServiceLookup.CallSiteRuntimeResolver.VisitRootCache(ServiceCallSite callSite, RuntimeResolverContext context)
   at Microsoft.Extensions.DependencyInjection.ServiceLookup.CallSiteVisitor`2.VisitCallSite(ServiceCallSite callSite, TArgument argument)
   at Microsoft.Extensions.DependencyInjection.ServiceLookup.CallSiteRuntimeResolver.Resolve(ServiceCallSite callSite, ServiceProviderEngineScope scope)
   at Microsoft.Extensions.DependencyInjection.ServiceProvider.CreateServiceAccessor(ServiceIdentifier serviceIdentifier)
   at System.Collections.Concurrent.ConcurrentDictionary`2.GetOrAdd(TKey key, Func`2 valueFactory)
   at Microsoft.Extensions.DependencyInjection.ServiceProvider.GetService(ServiceIdentifier serviceIdentifier, ServiceProviderEngineScope serviceProviderEngineScope)
   at Microsoft.Extensions.DependencyInjection.ServiceLookup.ServiceProviderEngineScope.GetService(Type serviceType)
   at lambda_method10(Closure, IServiceProvider, Object[])
   at Microsoft.AspNetCore.Mvc.Controllers.ControllerFactoryProvider.<>c__DisplayClass6_0.<CreateControllerFactory>g__CreateController|0(ControllerContext controllerContext)
   at Microsoft.AspNetCore.Mvc.Infrastructure.ControllerActionInvoker.Next(State& next, Scope& scope, Object& state, Boolean& isCompleted)
   at Microsoft.AspNetCore.Mvc.Infrastructure.ControllerActionInvoker.InvokeInnerFilterAsync()
--- End of stack trace from previous location ---
   at Microsoft.AspNetCore.Mvc.Infrastructure.ResourceInvoker.<InvokeFilterPipelineAsync>g__Awaited|20_0(ResourceInvoker invoker, Task lastTask, State next, Scope scope, Object state, Boolean isCompleted)
   at Microsoft.AspNetCore.Mvc.Infrastructure.ResourceInvoker.<InvokeAsync>g__Logged|17_1(ResourceInvoker invoker)
   at Microsoft.AspNetCore.Mvc.Infrastructure.ResourceInvoker.<InvokeAsync>g__Logged|17_1(ResourceInvoker invoker)
   at Microsoft.AspNetCore.Routing.EndpointMiddleware.<Invoke>g__AwaitRequestTask|7_0(Endpoint endpoint, Task requestTask, ILogger logger)
   at Microsoft.AspNetCore.RateLimiting.RateLimitingMiddleware.InvokeInternal(HttpContext context, EnableRateLimitingAttribute enableRateLimitingAttribute)
   at Swashbuckle.AspNetCore.SwaggerUI.SwaggerUIMiddleware.Invoke(HttpContext httpContext)
   at Swashbuckle.AspNetCore.Swagger.SwaggerMiddleware.Invoke(HttpContext httpContext, ISwaggerProvider swaggerProvider)
   at Microsoft.AspNetCore.Authorization.AuthorizationMiddleware.Invoke(HttpContext context)
   at Microsoft.AspNetCore.Authentication.AuthenticationMiddleware.Invoke(HttpContext context)
   at Microsoft.AspNetCore.Diagnostics.DeveloperExceptionPageMiddlewareImpl.Invoke(HttpContext context)
2025-07-11 12:52:12 [Information] Request finished "HTTP/2" "POST" "https"://"localhost:7176""""/api/v1/Booking""" - 500 null "text/plain; charset=utf-8" 453.7858ms
2025-07-11 12:52:12 [Debug] Connection id ""0HNE09EJJ1HSD"", Request id ""0HNE09EJJ1HSD:00000001"": started reading request body.
2025-07-11 12:52:12 [Debug] Connection id ""0HNE09EJJ1HSD"", Request id ""0HNE09EJJ1HSD:00000001"": done reading request body.
2025-07-11 12:52:12 [Information] Connection id ""0HNE09EJJ1HSD"", Request id ""0HNE09EJJ1HSD:00000001"": the application completed without reading the entire request body.
2025-07-11 12:53:17 [Information] Application is shutting down...
2025-07-11 12:53:18 [Debug] Hosting stopping
2025-07-11 12:53:18 [Debug] Connection id ""0HNE09EJJ1HSD"" is closing.
2025-07-11 12:53:18 [Debug] Connection id ""0HNE09EJJ1HSD"" is closed. The last processed stream ID was 1.
2025-07-11 12:53:18 [Debug] Connection id ""0HNE09EJJ1HSD"" received FIN.
2025-07-11 12:53:18 [Debug] Connection id ""0HNE09EJJ1HSD"" sending FIN because: ""The Socket transport's send loop completed gracefully.""
2025-07-11 12:53:18 [Debug] The connection queue processing loop for "0HNE09EJJ1HSD" completed.
2025-07-11 12:53:18 [Debug] Connection id ""0HNE09EJJ1HSD"" stopped.
2025-07-11 12:53:18 [Debug] Hosting stopped
2025-07-11 12:53:27 [Debug] Registered SignalR Protocol: "json", implemented by "Microsoft.AspNetCore.SignalR.Protocol.JsonHubProtocol".
2025-07-11 12:53:27 [Debug] Registered model binder providers, in the following order: ["Microsoft.AspNetCore.Mvc.Versioning.ApiVersionModelBinderProvider", "Microsoft.AspNetCore.Mvc.ModelBinding.Binders.BinderTypeModelBinderProvider", "Microsoft.AspNetCore.Mvc.ModelBinding.Binders.ServicesModelBinderProvider", "Microsoft.AspNetCore.Mvc.ModelBinding.Binders.BodyModelBinderProvider", "Microsoft.AspNetCore.Mvc.ModelBinding.Binders.HeaderModelBinderProvider", "Microsoft.AspNetCore.Mvc.ModelBinding.Binders.FloatingPointTypeModelBinderProvider", "Microsoft.AspNetCore.Mvc.ModelBinding.Binders.EnumTypeModelBinderProvider", "Microsoft.AspNetCore.Mvc.ModelBinding.Binders.DateTimeModelBinderProvider", "Microsoft.AspNetCore.Mvc.ModelBinding.Binders.SimpleTypeModelBinderProvider", "Microsoft.AspNetCore.Mvc.ModelBinding.Binders.TryParseModelBinderProvider", "Microsoft.AspNetCore.Mvc.ModelBinding.Binders.CancellationTokenModelBinderProvider", "Microsoft.AspNetCore.Mvc.ModelBinding.Binders.ByteArrayModelBinderProvider", "Microsoft.AspNetCore.Mvc.ModelBinding.Binders.FormFileModelBinderProvider", "Microsoft.AspNetCore.Mvc.ModelBinding.Binders.FormCollectionModelBinderProvider", "Microsoft.AspNetCore.Mvc.ModelBinding.Binders.KeyValuePairModelBinderProvider", "Microsoft.AspNetCore.Mvc.ModelBinding.Binders.DictionaryModelBinderProvider", "Microsoft.AspNetCore.Mvc.ModelBinding.Binders.ArrayModelBinderProvider", "Microsoft.AspNetCore.Mvc.ModelBinding.Binders.CollectionModelBinderProvider", "Microsoft.AspNetCore.Mvc.ModelBinding.Binders.ComplexObjectModelBinderProvider"]
2025-07-11 12:53:27 [Debug] Hosting starting
2025-07-11 12:53:27 [Information] User profile is available. Using '"/Users/presidio/.aspnet/DataProtection-Keys"' as key repository; keys will not be encrypted at rest.
2025-07-11 12:53:27 [Debug] Reading data from file '"/Users/presidio/.aspnet/DataProtection-Keys/key-cf15f4e9-0e1e-4dd8-9046-30896a9bd09a.xml"'.
2025-07-11 12:53:27 [Debug] Found key {cf15f4e9-0e1e-4dd8-9046-30896a9bd09a}.
2025-07-11 12:53:27 [Debug] Considering key {cf15f4e9-0e1e-4dd8-9046-30896a9bd09a} with expiration date 2025-09-19 13:23:33Z as default key.
2025-07-11 12:53:27 [Debug] Forwarded activator type request from "Microsoft.AspNetCore.DataProtection.AuthenticatedEncryption.ConfigurationModel.AuthenticatedEncryptorDescriptorDeserializer, Microsoft.AspNetCore.DataProtection, Version=9.0.0.0, Culture=neutral, PublicKeyToken=adb9793829ddae60" to "Microsoft.AspNetCore.DataProtection.AuthenticatedEncryption.ConfigurationModel.AuthenticatedEncryptorDescriptorDeserializer, Microsoft.AspNetCore.DataProtection, Culture=neutral, PublicKeyToken=adb9793829ddae60"
2025-07-11 12:53:27 [Debug] Using managed symmetric algorithm '"System.Security.Cryptography.Aes"'.
2025-07-11 12:53:27 [Debug] Using managed keyed hash algorithm '"System.Security.Cryptography.HMACSHA256"'.
2025-07-11 12:53:27 [Debug] Using key {cf15f4e9-0e1e-4dd8-9046-30896a9bd09a} as the default key.
2025-07-11 12:53:27 [Debug] Key ring with default key {cf15f4e9-0e1e-4dd8-9046-30896a9bd09a} was loaded during application startup.
2025-07-11 12:53:27 [Debug] Middleware configuration started with options: "{AllowedHosts = *, AllowEmptyHosts = True, IncludeFailureMessage = True}"
2025-07-11 12:53:27 [Debug] Wildcard detected, all requests with hosts will be allowed.
2025-07-11 12:53:28 [Information] Now listening on: "https://localhost:7176"
2025-07-11 12:53:28 [Information] Now listening on: "http://localhost:5154"
2025-07-11 12:53:28 [Debug] Loaded hosting startup assembly "VehicleServiceManagement"
2025-07-11 12:53:28 [Information] Application started. Press Ctrl+C to shut down.
2025-07-11 12:53:28 [Information] Hosting environment: "Development"
2025-07-11 12:53:28 [Information] Content root path: "/Users/presidio/Desktop/Genspark/MiniProject/VehicleServiceManagement"
2025-07-11 12:53:28 [Debug] Hosting started
2025-07-11 12:53:36 [Debug] Connection id ""0HNE09FCPT1BV"" accepted.
2025-07-11 12:53:36 [Debug] Connection id ""0HNE09FCPT1BV"" started.
2025-07-11 12:53:36 [Debug] Connection "0HNE09FCPT1BV" established using the following protocol: Tls12
2025-07-11 12:53:36 [Information] Request starting "HTTP/2" "POST" "https"://"localhost:7176""""/api/v1/Booking""" - "multipart/form-data; boundary=----WebKitFormBoundaryxlQfnj4kntRJNLDf" 840026
2025-07-11 12:53:36 [Debug] 1 candidate(s) found for the request path '"/api/v1/Booking"'
2025-07-11 12:53:36 [Debug] Endpoint '"VSM.Controllers.BookingController.CreateBooking (VehicleServiceManagement)"' with route pattern '"api/v{version:apiVersion}/Booking"' is valid for the request path '"/api/v1/Booking"'
2025-07-11 12:53:36 [Debug] Request matched endpoint '"VSM.Controllers.BookingController.CreateBooking (VehicleServiceManagement)"'
2025-07-11 12:53:36 [Debug] Successfully validated the token.
2025-07-11 12:53:36 [Debug] AuthenticationScheme: "Bearer" was successfully authenticated.
2025-07-11 12:53:36 [Debug] Authorization was successful.
2025-07-11 12:53:36 [Debug] Static files was skipped as the request already matched an endpoint.
2025-07-11 12:53:36 [Debug] Static files was skipped as the request already matched an endpoint.
2025-07-11 12:53:36 [Debug] The request has an origin header: '"https://localhost:7176"'.
2025-07-11 12:53:36 [Information] CORS policy execution failed.
2025-07-11 12:53:36 [Information] Request origin "https://localhost:7176" does not have permission to access the resource.
2025-07-11 12:53:36 [Information] Executing endpoint '"VSM.Controllers.BookingController.CreateBooking (VehicleServiceManagement)"'
2025-07-11 12:53:36 [Information] Route matched with "{action = \"CreateBooking\", controller = \"Booking\"}". Executing controller action with signature "System.Threading.Tasks.Task`1[Microsoft.AspNetCore.Mvc.ActionResult`1[VSM.DTO.BookingDisplayDto]] CreateBooking(VSM.DTO.BookingAddDto)" on controller "VSM.Controllers.BookingController" ("VehicleServiceManagement").
2025-07-11 12:53:36 [Debug] Execution plan of "authorization" filters (in the following order): ["None"]
2025-07-11 12:53:36 [Debug] Execution plan of "resource" filters (in the following order): ["None"]
2025-07-11 12:53:36 [Debug] Execution plan of "action" filters (in the following order): ["Microsoft.AspNetCore.Mvc.ModelBinding.UnsupportedContentTypeFilter (Order: -3000)", "Microsoft.AspNetCore.Mvc.Infrastructure.ModelStateInvalidFilter (Order: -2000)", "Microsoft.AspNetCore.Mvc.ReportApiVersionsAttribute (Order: 0)"]
2025-07-11 12:53:36 [Debug] Execution plan of "exception" filters (in the following order): ["None"]
2025-07-11 12:53:36 [Debug] Execution plan of "result" filters (in the following order): ["Microsoft.AspNetCore.Mvc.Infrastructure.ClientErrorResultFilter (Order: -2000)", "Microsoft.AspNetCore.Mvc.ReportApiVersionsAttribute (Order: 0)"]
2025-07-11 12:53:36 [Debug] Executing controller factory for controller "VSM.Controllers.BookingController" ("VehicleServiceManagement")
2025-07-11 12:53:36 [Debug] An 'IServiceProvider' was created for internal use by Entity Framework.
2025-07-11 12:53:38 [Debug] Executed controller factory for controller "VSM.Controllers.BookingController" ("VehicleServiceManagement")
2025-07-11 12:53:38 [Debug] Connection id ""0HNE09FCPT1BV"", Request id ""0HNE09FCPT1BV:00000001"": started reading request body.
2025-07-11 12:53:38 [Debug] Connection id ""0HNE09FCPT1BV"", Request id ""0HNE09FCPT1BV:00000001"": done reading request body.
2025-07-11 12:53:38 [Debug] Attempting to bind parameter '"dto"' of type '"VSM.DTO.BookingAddDto"' ...
2025-07-11 12:53:38 [Debug] Attempting to bind parameter '"dto"' of type '"VSM.DTO.BookingAddDto"' using the name '""' in request data ...
2025-07-11 12:53:38 [Debug] Attempting to bind property '"VSM.DTO.BookingAddDto"."CustomerID"' of type '"System.Guid"' using the name '"CustomerID"' in request data ...
2025-07-11 12:53:38 [Debug] Done attempting to bind property '"VSM.DTO.BookingAddDto"."CustomerID"' of type '"System.Guid"'.
2025-07-11 12:53:38 [Debug] Attempting to bind property '"VSM.DTO.BookingAddDto"."Slot"' of type '"System.String"' using the name '"Slot"' in request data ...
2025-07-11 12:53:38 [Debug] Done attempting to bind property '"VSM.DTO.BookingAddDto"."Slot"' of type '"System.String"'.
2025-07-11 12:53:38 [Debug] Attempting to bind property '"VSM.DTO.BookingAddDto"."Image"' of type '"Microsoft.AspNetCore.Http.IFormFile"' using the name '"Image"' in request data ...
2025-07-11 12:53:38 [Debug] Done attempting to bind property '"VSM.DTO.BookingAddDto"."Image"' of type '"Microsoft.AspNetCore.Http.IFormFile"'.
2025-07-11 12:53:38 [Debug] Done attempting to bind parameter '"dto"' of type '"VSM.DTO.BookingAddDto"'.
2025-07-11 12:53:38 [Debug] Done attempting to bind parameter '"dto"' of type '"VSM.DTO.BookingAddDto"'.
2025-07-11 12:53:38 [Debug] Attempting to validate the bound parameter '"dto"' of type '"VSM.DTO.BookingAddDto"' ...
2025-07-11 12:53:39 [Debug] Done attempting to validate the bound parameter '"dto"' of type '"VSM.DTO.BookingAddDto"'.
2025-07-11 12:53:39 [Debug] The index "{'ServiceCategoriesCategoryID'}" was not created on entity type '"ServiceServiceCategory (Dictionary<string, object>)"' as the properties are already covered by the index "{'ServiceCategoriesCategoryID', 'ServicesServiceID'}".
2025-07-11 12:53:39 [Debug] Entity Framework Core "9.0.5" initialized '"VSMContext"' using provider '"Npgsql.EntityFrameworkCore.PostgreSQL":"9.0.4+fd2380957bee5cd86f336466af36b08c0163f1a5"' with options: "None"
2025-07-11 12:53:39 [Debug] Compiling query expression: "
"'"DbSet<Booking>()
    .Include(b => b.Customer)
    .OrderBy(b => b.Status == \"Booked\" ? 0 : b.Status == \"Reviewed\" ? 1 : b.Status == \"Cancelled\" ? 2 : 3)"'
2025-07-11 12:53:39 [Debug] Including navigation: '"Booking.Customer"'.
2025-07-11 12:53:40 [Debug] Generated query execution expression: "
"'"queryContext => SingleQueryingEnumerable.Create<Booking>(
    relationalQueryContext: (RelationalQueryContext)queryContext, 
    relationalCommandResolver: parameters => [LIFTABLE Constant: RelationalCommandCache.QueryExpression(
        Client Projections:
            0 -> Dictionary<IProperty, int> { [Property: Booking.BookingID (Guid) Required PK AfterSave:Throw ValueGenerated.OnAdd, 0], [Property: Booking.BookedAt (DateTime) Required, 1], [Property: Booking.CustomerID (Guid) Required FK Index, 2], [Property: Booking.DeliveryTime (DateTime) Required, 3], [Property: Booking.Imageurl (string) Required, 4], [Property: Booking.IsDeleted (bool) Required, 5], [Property: Booking.Slot (DateTime) Required, 6], [Property: Booking.Status (string) Required, 7] }
            1 -> Dictionary<IProperty, int> { [Property: Customer.CustomerID (Guid) Required PK AfterSave:Throw ValueGenerated.OnAdd, 8], [Property: Customer.Email (string) Required FK Index, 9], [Property: Customer.Name (string) Required, 10], [Property: Customer.Phone (string) Required, 11], [Property: Customer.Status (string) Required, 12] }
        SELECT b.BookingID, b.BookedAt, b.CustomerID, b.DeliveryTime, b.Imageurl, b.IsDeleted, b.Slot, b.Status, c.CustomerID, c.Email, c.Name, c.Phone, c.Status
        FROM Bookings AS b
        INNER JOIN Customers AS c ON b.CustomerID == c.CustomerID
        ORDER BY CASE
            WHEN b.Status == 'Booked' THEN 0
            WHEN b.Status == 'Reviewed' THEN 1
            WHEN b.Status == 'Cancelled' THEN 2
            ELSE 3
        END ASC) | Resolver: c => new RelationalCommandCache(
        c.Dependencies.MemoryCache, 
        c.RelationalDependencies.QuerySqlGeneratorFactory, 
        c.RelationalDependencies.RelationalParameterBasedSqlProcessorFactory, 
        Client Projections:
            0 -> Dictionary<IProperty, int> { [Property: Booking.BookingID (Guid) Required PK AfterSave:Throw ValueGenerated.OnAdd, 0], [Property: Booking.BookedAt (DateTime) Required, 1], [Property: Booking.CustomerID (Guid) Required FK Index, 2], [Property: Booking.DeliveryTime (DateTime) Required, 3], [Property: Booking.Imageurl (string) Required, 4], [Property: Booking.IsDeleted (bool) Required, 5], [Property: Booking.Slot (DateTime) Required, 6], [Property: Booking.Status (string) Required, 7] }
            1 -> Dictionary<IProperty, int> { [Property: Customer.CustomerID (Guid) Required PK AfterSave:Throw ValueGenerated.OnAdd, 8], [Property: Customer.Email (string) Required FK Index, 9], [Property: Customer.Name (string) Required, 10], [Property: Customer.Phone (string) Required, 11], [Property: Customer.Status (string) Required, 12] }
        SELECT b.BookingID, b.BookedAt, b.CustomerID, b.DeliveryTime, b.Imageurl, b.IsDeleted, b.Slot, b.Status, c.CustomerID, c.Email, c.Name, c.Phone, c.Status
        FROM Bookings AS b
        INNER JOIN Customers AS c ON b.CustomerID == c.CustomerID
        ORDER BY CASE
            WHEN b.Status == 'Booked' THEN 0
            WHEN b.Status == 'Reviewed' THEN 1
            WHEN b.Status == 'Cancelled' THEN 2
            ELSE 3
        END ASC, 
        False, 
        new HashSet<string>(
            new string[]{ }, 
            StringComparer.Ordinal
        )
    )].GetRelationalCommandTemplate(parameters), 
    readerColumns: null, 
    shaper: (queryContext, dataReader, resultContext, resultCoordinator) => 
    {
        Booking entity;
        Customer entity;
        entity = 
        {
            MaterializationContext materializationContext1;
            IEntityType entityType1;
            Booking instance1;
            InternalEntityEntry entry1;
            bool hasNullKey1;
            materializationContext1 = new MaterializationContext(
                [LIFTABLE Constant: ValueBuffer | Resolver: _ => (object)ValueBuffer.Empty], 
                queryContext.Context
            );
            instance1 = default(Booking);
            entry1 = queryContext.TryGetEntry(
                key: [LIFTABLE Constant: Key: Booking.BookingID PK | Resolver: c => c.Dependencies.Model.FindEntityType(\"VSM.Models.Booking\").FindPrimaryKey()], 
                keyValues: new object[]{ (object)dataReader.GetGuid(0) }, 
                throwOnNullKey: True, 
                hasNullKey: hasNullKey1);
            !(hasNullKey1) ? entry1 != default(InternalEntityEntry) ? 
            {
                entityType1 = entry1.EntityType;
                return instance1 = (Booking)entry1.Entity;
            } : 
            {
                ISnapshot shadowSnapshot1;
                shadowSnapshot1 = [LIFTABLE Constant: Snapshot | Resolver: _ => Snapshot.Empty];
                entityType1 = [LIFTABLE Constant: EntityType: Booking | Resolver: namelessParameter{0} => namelessParameter{0}.Dependencies.Model.FindEntityType(\"VSM.Models.Booking\")];
                instance1 = switch (entityType1)
                {
                    case [LIFTABLE Constant: EntityType: Booking | Resolver: namelessParameter{1} => namelessParameter{1}.Dependencies.Model.FindEntityType(\"VSM.Models.Booking\")]: 
                        {
                            return 
                            {
                                Booking instance;
                                instance = new Booking();
                                instance.<BookingID>k__BackingField = dataReader.GetGuid(0);
                                instance.<BookedAt>k__BackingField = dataReader.GetDateTime(1);
                                instance.<CustomerID>k__BackingField = dataReader.GetGuid(2);
                                instance.<DeliveryTime>k__BackingField = dataReader.GetDateTime(3);
                                instance.<Imageurl>k__BackingField = dataReader.GetString(4);
                                instance.<IsDeleted>k__BackingField = dataReader.GetBoolean(5);
                                instance.<Slot>k__BackingField = dataReader.GetDateTime(6);
                                instance.<Status>k__BackingField = dataReader.GetString(7);
                                (instance is IInjectableService) ? ((IInjectableService)instance).Injected(
                                    context: materializationContext1.Context, 
                                    entity: instance, 
                                    queryTrackingBehavior: TrackAll, 
                                    structuralType: [LIFTABLE Constant: EntityType: Booking | Resolver: namelessParameter{2} => namelessParameter{2}.Dependencies.Model.FindEntityType(\"VSM.Models.Booking\")]) : default(void);
                                return instance;
                            }}
                    default: 
                        default(Booking)
                }
                ;
                entry1 = entityType1 == default(IEntityType) ? default(InternalEntityEntry) : queryContext.StartTracking(
                    entityType: entityType1, 
                    entity: instance1, 
                    snapshot: shadowSnapshot1);
                return instance1;
            } : default(void);
            return instance1;
        };
        entity = 
        {
            MaterializationContext materializationContext2;
            IEntityType entityType2;
            Customer instance2;
            InternalEntityEntry entry2;
            bool hasNullKey2;
            materializationContext2 = new MaterializationContext(
                [LIFTABLE Constant: ValueBuffer | Resolver: _ => (object)ValueBuffer.Empty], 
                queryContext.Context
            );
            instance2 = default(Customer);
            entry2 = queryContext.TryGetEntry(
                key: [LIFTABLE Constant: Key: Customer.CustomerID PK | Resolver: c => c.Dependencies.Model.FindEntityType(\"VSM.Models.Customer\").FindPrimaryKey()], 
                keyValues: new object[]{ (object)dataReader.GetGuid(8) }, 
                throwOnNullKey: True, 
                hasNullKey: hasNullKey2);
            !(hasNullKey2) ? entry2 != default(InternalEntityEntry) ? 
            {
                entityType2 = entry2.EntityType;
                return instance2 = (Customer)entry2.Entity;
            } : 
            {
                ISnapshot shadowSnapshot2;
                shadowSnapshot2 = [LIFTABLE Constant: Snapshot | Resolver: _ => Snapshot.Empty];
                entityType2 = [LIFTABLE Constant: EntityType: Customer | Resolver: namelessParameter{3} => namelessParameter{3}.Dependencies.Model.FindEntityType(\"VSM.Models.Customer\")];
                instance2 = switch (entityType2)
                {
                    case [LIFTABLE Constant: EntityType: Customer | Resolver: namelessParameter{4} => namelessParameter{4}.Dependencies.Model.FindEntityType(\"VSM.Models.Customer\")]: 
                        {
                            return 
                            {
                                Customer instance;
                                instance = new Customer();
                                instance.<CustomerID>k__BackingField = dataReader.GetGuid(8);
                                instance.<Email>k__BackingField = dataReader.GetString(9);
                                instance.<Name>k__BackingField = dataReader.GetString(10);
                                instance.<Phone>k__BackingField = dataReader.GetString(11);
                                instance.<Status>k__BackingField = dataReader.GetString(12);
                                (instance is IInjectableService) ? ((IInjectableService)instance).Injected(
                                    context: materializationContext2.Context, 
                                    entity: instance, 
                                    queryTrackingBehavior: TrackAll, 
                                    structuralType: [LIFTABLE Constant: EntityType: Customer | Resolver: namelessParameter{5} => namelessParameter{5}.Dependencies.Model.FindEntityType(\"VSM.Models.Customer\")]) : default(void);
                                return instance;
                            }}
                    default: 
                        default(Customer)
                }
                ;
                entry2 = entityType2 == default(IEntityType) ? default(InternalEntityEntry) : queryContext.StartTracking(
                    entityType: entityType2, 
                    entity: instance2, 
                    snapshot: shadowSnapshot2);
                return instance2;
            } : default(void);
            return instance2;
        };
        ShaperProcessingExpressionVisitor.IncludeReference<Booking, Booking, Customer>(
            queryContext: queryContext, 
            entity: entity, 
            relatedEntity: entity, 
            navigation: [LIFTABLE Constant: Navigation: Booking.Customer (Customer) ToPrincipal Customer Inverse: Bookings | Resolver: namelessParameter{6} => namelessParameter{6}.Dependencies.Model.FindEntityType(\"VSM.Models.Booking\").FindNavigation(\"Customer\")], 
            inverseNavigation: [LIFTABLE Constant: Navigation: Customer.Bookings (ICollection<Booking>) Collection ToDependent Booking Inverse: Customer | Resolver: namelessParameter{7} => namelessParameter{7}.Dependencies.Model.FindEntityType(\"VSM.Models.Customer\").FindNavigation(\"Bookings\")], 
            fixup: (namelessParameter{8}, namelessParameter{9}) => 
            {
                namelessParameter{8}.<Customer>k__BackingField = namelessParameter{9};
                return [LIFTABLE Constant: ClrICollectionAccessor<Customer, ICollection<Booking>, Booking> | Resolver: namelessParameter{10} => namelessParameter{10}.Dependencies.Model.FindEntityType(\"VSM.Models.Customer\").FindNavigation(\"Bookings\").GetCollectionAccessor()].Add(
                    entity: namelessParameter{9}, 
                    value: namelessParameter{8}, 
                    forMaterialization: True);
            }, 
            trackingQuery: True);
        return entity;
    }, 
    contextType: VSM.Contexts.VSMContext, 
    standAloneStateManager: False, 
    detailedErrorsEnabled: False, 
    threadSafetyChecksEnabled: True)"'
2025-07-11 12:53:40 [Debug] Creating DbConnection.
2025-07-11 12:53:40 [Debug] Created DbConnection. (32ms).
2025-07-11 12:53:40 [Debug] Opening connection to database '"VehicleServiceManagement"' on server '"tcp://localhost:5432"'.
2025-07-11 12:53:40 [Debug] Opened connection to database '"VehicleServiceManagement"' on server '"tcp://localhost:5432"'.
2025-07-11 12:53:40 [Debug] Creating DbCommand for '"ExecuteReader"'.
2025-07-11 12:53:40 [Debug] Created DbCommand for '"ExecuteReader"' (2ms).
2025-07-11 12:53:40 [Debug] Initialized DbCommand for '"ExecuteReader"' (7ms).
2025-07-11 12:53:40 [Debug] Executing DbCommand [Parameters=[""], CommandType='Text', CommandTimeout='30']"
""SELECT b.\"BookingID\", b.\"BookedAt\", b.\"CustomerID\", b.\"DeliveryTime\", b.\"Imageurl\", b.\"IsDeleted\", b.\"Slot\", b.\"Status\", c.\"CustomerID\", c.\"Email\", c.\"Name\", c.\"Phone\", c.\"Status\"
FROM \"Bookings\" AS b
INNER JOIN \"Customers\" AS c ON b.\"CustomerID\" = c.\"CustomerID\"
ORDER BY CASE
    WHEN b.\"Status\" = 'Booked' THEN 0
    WHEN b.\"Status\" = 'Reviewed' THEN 1
    WHEN b.\"Status\" = 'Cancelled' THEN 2
    ELSE 3
END"
2025-07-11 12:53:40 [Information] Executed DbCommand ("27"ms) [Parameters=[""], CommandType='Text', CommandTimeout='30']"
""SELECT b.\"BookingID\", b.\"BookedAt\", b.\"CustomerID\", b.\"DeliveryTime\", b.\"Imageurl\", b.\"IsDeleted\", b.\"Slot\", b.\"Status\", c.\"CustomerID\", c.\"Email\", c.\"Name\", c.\"Phone\", c.\"Status\"
FROM \"Bookings\" AS b
INNER JOIN \"Customers\" AS c ON b.\"CustomerID\" = c.\"CustomerID\"
ORDER BY CASE
    WHEN b.\"Status\" = 'Booked' THEN 0
    WHEN b.\"Status\" = 'Reviewed' THEN 1
    WHEN b.\"Status\" = 'Cancelled' THEN 2
    ELSE 3
END"
2025-07-11 12:53:40 [Debug] Context '"VSMContext"' started tracking '"Booking"' entity. Consider using 'DbContextOptionsBuilder.EnableSensitiveDataLogging' to see key values.
2025-07-11 12:53:40 [Debug] The navigation '"Booking"."Customer"' was detected as changed. Consider using 'DbContextOptionsBuilder.EnableSensitiveDataLogging' to see key values.
2025-07-11 12:53:40 [Debug] Context '"VSMContext"' started tracking '"Customer"' entity. Consider using 'DbContextOptionsBuilder.EnableSensitiveDataLogging' to see key values.
2025-07-11 12:53:40 [Debug] Context '"VSMContext"' started tracking '"Booking"' entity. Consider using 'DbContextOptionsBuilder.EnableSensitiveDataLogging' to see key values.
2025-07-11 12:53:40 [Debug] The navigation '"Booking"."Customer"' was detected as changed. Consider using 'DbContextOptionsBuilder.EnableSensitiveDataLogging' to see key values.
2025-07-11 12:53:40 [Debug] Context '"VSMContext"' started tracking '"Customer"' entity. Consider using 'DbContextOptionsBuilder.EnableSensitiveDataLogging' to see key values.
2025-07-11 12:53:40 [Debug] Context '"VSMContext"' started tracking '"Booking"' entity. Consider using 'DbContextOptionsBuilder.EnableSensitiveDataLogging' to see key values.
2025-07-11 12:53:40 [Debug] Context '"VSMContext"' started tracking '"Booking"' entity. Consider using 'DbContextOptionsBuilder.EnableSensitiveDataLogging' to see key values.
2025-07-11 12:53:40 [Debug] The navigation '"Booking"."Customer"' was detected as changed. Consider using 'DbContextOptionsBuilder.EnableSensitiveDataLogging' to see key values.
2025-07-11 12:53:40 [Debug] Context '"VSMContext"' started tracking '"Customer"' entity. Consider using 'DbContextOptionsBuilder.EnableSensitiveDataLogging' to see key values.
2025-07-11 12:53:40 [Debug] Context '"VSMContext"' started tracking '"Booking"' entity. Consider using 'DbContextOptionsBuilder.EnableSensitiveDataLogging' to see key values.
2025-07-11 12:53:40 [Debug] The navigation '"Booking"."Customer"' was detected as changed. Consider using 'DbContextOptionsBuilder.EnableSensitiveDataLogging' to see key values.
2025-07-11 12:53:40 [Debug] Context '"VSMContext"' started tracking '"Customer"' entity. Consider using 'DbContextOptionsBuilder.EnableSensitiveDataLogging' to see key values.
2025-07-11 12:53:40 [Debug] Context '"VSMContext"' started tracking '"Booking"' entity. Consider using 'DbContextOptionsBuilder.EnableSensitiveDataLogging' to see key values.
2025-07-11 12:53:40 [Debug] Context '"VSMContext"' started tracking '"Booking"' entity. Consider using 'DbContextOptionsBuilder.EnableSensitiveDataLogging' to see key values.
2025-07-11 12:53:40 [Debug] Context '"VSMContext"' started tracking '"Booking"' entity. Consider using 'DbContextOptionsBuilder.EnableSensitiveDataLogging' to see key values.
2025-07-11 12:53:40 [Debug] Context '"VSMContext"' started tracking '"Booking"' entity. Consider using 'DbContextOptionsBuilder.EnableSensitiveDataLogging' to see key values.
2025-07-11 12:53:40 [Debug] Context '"VSMContext"' started tracking '"Booking"' entity. Consider using 'DbContextOptionsBuilder.EnableSensitiveDataLogging' to see key values.
2025-07-11 12:53:40 [Debug] Context '"VSMContext"' started tracking '"Booking"' entity. Consider using 'DbContextOptionsBuilder.EnableSensitiveDataLogging' to see key values.
2025-07-11 12:53:40 [Debug] Context '"VSMContext"' started tracking '"Booking"' entity. Consider using 'DbContextOptionsBuilder.EnableSensitiveDataLogging' to see key values.
2025-07-11 12:53:40 [Debug] Context '"VSMContext"' started tracking '"Booking"' entity. Consider using 'DbContextOptionsBuilder.EnableSensitiveDataLogging' to see key values.
2025-07-11 12:53:40 [Debug] Context '"VSMContext"' started tracking '"Booking"' entity. Consider using 'DbContextOptionsBuilder.EnableSensitiveDataLogging' to see key values.
2025-07-11 12:53:40 [Debug] Context '"VSMContext"' started tracking '"Booking"' entity. Consider using 'DbContextOptionsBuilder.EnableSensitiveDataLogging' to see key values.
2025-07-11 12:53:40 [Debug] Context '"VSMContext"' started tracking '"Booking"' entity. Consider using 'DbContextOptionsBuilder.EnableSensitiveDataLogging' to see key values.
2025-07-11 12:53:40 [Debug] Context '"VSMContext"' started tracking '"Booking"' entity. Consider using 'DbContextOptionsBuilder.EnableSensitiveDataLogging' to see key values.
2025-07-11 12:53:40 [Debug] Context '"VSMContext"' started tracking '"Booking"' entity. Consider using 'DbContextOptionsBuilder.EnableSensitiveDataLogging' to see key values.
2025-07-11 12:53:40 [Debug] Context '"VSMContext"' started tracking '"Booking"' entity. Consider using 'DbContextOptionsBuilder.EnableSensitiveDataLogging' to see key values.
2025-07-11 12:53:40 [Debug] Context '"VSMContext"' started tracking '"Booking"' entity. Consider using 'DbContextOptionsBuilder.EnableSensitiveDataLogging' to see key values.
2025-07-11 12:53:40 [Debug] Context '"VSMContext"' started tracking '"Booking"' entity. Consider using 'DbContextOptionsBuilder.EnableSensitiveDataLogging' to see key values.
2025-07-11 12:53:40 [Debug] Context '"VSMContext"' started tracking '"Booking"' entity. Consider using 'DbContextOptionsBuilder.EnableSensitiveDataLogging' to see key values.
2025-07-11 12:53:40 [Debug] Context '"VSMContext"' started tracking '"Booking"' entity. Consider using 'DbContextOptionsBuilder.EnableSensitiveDataLogging' to see key values.
2025-07-11 12:53:40 [Debug] Context '"VSMContext"' started tracking '"Booking"' entity. Consider using 'DbContextOptionsBuilder.EnableSensitiveDataLogging' to see key values.
2025-07-11 12:53:40 [Debug] Context '"VSMContext"' started tracking '"Booking"' entity. Consider using 'DbContextOptionsBuilder.EnableSensitiveDataLogging' to see key values.
2025-07-11 12:53:40 [Debug] Context '"VSMContext"' started tracking '"Booking"' entity. Consider using 'DbContextOptionsBuilder.EnableSensitiveDataLogging' to see key values.
2025-07-11 12:53:40 [Debug] Context '"VSMContext"' started tracking '"Booking"' entity. Consider using 'DbContextOptionsBuilder.EnableSensitiveDataLogging' to see key values.
2025-07-11 12:53:40 [Debug] Context '"VSMContext"' started tracking '"Booking"' entity. Consider using 'DbContextOptionsBuilder.EnableSensitiveDataLogging' to see key values.
2025-07-11 12:53:40 [Debug] Context '"VSMContext"' started tracking '"Booking"' entity. Consider using 'DbContextOptionsBuilder.EnableSensitiveDataLogging' to see key values.
2025-07-11 12:53:40 [Debug] Context '"VSMContext"' started tracking '"Booking"' entity. Consider using 'DbContextOptionsBuilder.EnableSensitiveDataLogging' to see key values.
2025-07-11 12:53:40 [Debug] Context '"VSMContext"' started tracking '"Booking"' entity. Consider using 'DbContextOptionsBuilder.EnableSensitiveDataLogging' to see key values.
2025-07-11 12:53:40 [Debug] Context '"VSMContext"' started tracking '"Booking"' entity. Consider using 'DbContextOptionsBuilder.EnableSensitiveDataLogging' to see key values.
2025-07-11 12:53:40 [Debug] Context '"VSMContext"' started tracking '"Booking"' entity. Consider using 'DbContextOptionsBuilder.EnableSensitiveDataLogging' to see key values.
2025-07-11 12:53:40 [Debug] Context '"VSMContext"' started tracking '"Booking"' entity. Consider using 'DbContextOptionsBuilder.EnableSensitiveDataLogging' to see key values.
2025-07-11 12:53:40 [Debug] Closing data reader to '"VehicleServiceManagement"' on server '"tcp://localhost:5432"'.
2025-07-11 12:53:40 [Debug] A data reader for '"VehicleServiceManagement"' on server '"tcp://localhost:5432"' is being disposed after spending 138ms reading results.
2025-07-11 12:53:40 [Debug] Closing connection to database '"VehicleServiceManagement"' on server '"tcp://localhost:5432"'.
2025-07-11 12:53:40 [Debug] Closed connection to database '"VehicleServiceManagement"' on server '"tcp://localhost:5432"' (3ms).
2025-07-11 12:53:40 [Debug] Compiling query expression: "
"'"DbSet<Customer>()
    .SingleOrDefault(u => u.CustomerID == __key_0)"'
2025-07-11 12:53:40 [Debug] Generated query execution expression: "
"'"queryContext => ShapedQueryCompilingExpressionVisitor.SingleOrDefaultAsync<Customer>(
    asyncEnumerable: SingleQueryingEnumerable.Create<Customer>(
        relationalQueryContext: (RelationalQueryContext)queryContext, 
        relationalCommandResolver: parameters => [LIFTABLE Constant: RelationalCommandCache.QueryExpression(
            Projection Mapping:
                EmptyProjectionMember -> Dictionary<IProperty, int> { [Property: Customer.CustomerID (Guid) Required PK AfterSave:Throw ValueGenerated.OnAdd, 0], [Property: Customer.Email (string) Required FK Index, 1], [Property: Customer.Name (string) Required, 2], [Property: Customer.Phone (string) Required, 3], [Property: Customer.Status (string) Required, 4] }
            SELECT TOP(2) c.CustomerID, c.Email, c.Name, c.Phone, c.Status
            FROM Customers AS c
            WHERE c.CustomerID == @__key_0) | Resolver: c => new RelationalCommandCache(
            c.Dependencies.MemoryCache, 
            c.RelationalDependencies.QuerySqlGeneratorFactory, 
            c.RelationalDependencies.RelationalParameterBasedSqlProcessorFactory, 
            Projection Mapping:
                EmptyProjectionMember -> Dictionary<IProperty, int> { [Property: Customer.CustomerID (Guid) Required PK AfterSave:Throw ValueGenerated.OnAdd, 0], [Property: Customer.Email (string) Required FK Index, 1], [Property: Customer.Name (string) Required, 2], [Property: Customer.Phone (string) Required, 3], [Property: Customer.Status (string) Required, 4] }
            SELECT TOP(2) c.CustomerID, c.Email, c.Name, c.Phone, c.Status
            FROM Customers AS c
            WHERE c.CustomerID == @__key_0, 
            False, 
            new HashSet<string>(
                new string[]{ }, 
                StringComparer.Ordinal
            )
        )].GetRelationalCommandTemplate(parameters), 
        readerColumns: null, 
        shaper: (queryContext, dataReader, resultContext, resultCoordinator) => 
        {
            Customer entity;
            entity = 
            {
                MaterializationContext materializationContext1;
                IEntityType entityType1;
                Customer instance1;
                InternalEntityEntry entry1;
                bool hasNullKey1;
                materializationContext1 = new MaterializationContext(
                    [LIFTABLE Constant: ValueBuffer | Resolver: _ => (object)ValueBuffer.Empty], 
                    queryContext.Context
                );
                instance1 = default(Customer);
                entry1 = queryContext.TryGetEntry(
                    key: [LIFTABLE Constant: Key: Customer.CustomerID PK | Resolver: c => c.Dependencies.Model.FindEntityType(\"VSM.Models.Customer\").FindPrimaryKey()], 
                    keyValues: new object[]{ (object)dataReader.GetGuid(0) }, 
                    throwOnNullKey: True, 
                    hasNullKey: hasNullKey1);
                !(hasNullKey1) ? entry1 != default(InternalEntityEntry) ? 
                {
                    entityType1 = entry1.EntityType;
                    return instance1 = (Customer)entry1.Entity;
                } : 
                {
                    ISnapshot shadowSnapshot1;
                    shadowSnapshot1 = [LIFTABLE Constant: Snapshot | Resolver: _ => Snapshot.Empty];
                    entityType1 = [LIFTABLE Constant: EntityType: Customer | Resolver: namelessParameter{0} => namelessParameter{0}.Dependencies.Model.FindEntityType(\"VSM.Models.Customer\")];
                    instance1 = switch (entityType1)
                    {
                        case [LIFTABLE Constant: EntityType: Customer | Resolver: namelessParameter{1} => namelessParameter{1}.Dependencies.Model.FindEntityType(\"VSM.Models.Customer\")]: 
                            {
                                return 
                                {
                                    Customer instance;
                                    instance = new Customer();
                                    instance.<CustomerID>k__BackingField = dataReader.GetGuid(0);
                                    instance.<Email>k__BackingField = dataReader.GetString(1);
                                    instance.<Name>k__BackingField = dataReader.GetString(2);
                                    instance.<Phone>k__BackingField = dataReader.GetString(3);
                                    instance.<Status>k__BackingField = dataReader.GetString(4);
                                    (instance is IInjectableService) ? ((IInjectableService)instance).Injected(
                                        context: materializationContext1.Context, 
                                        entity: instance, 
                                        queryTrackingBehavior: TrackAll, 
                                        structuralType: [LIFTABLE Constant: EntityType: Customer | Resolver: namelessParameter{2} => namelessParameter{2}.Dependencies.Model.FindEntityType(\"VSM.Models.Customer\")]) : default(void);
                                    return instance;
                                }}
                        default: 
                            default(Customer)
                    }
                    ;
                    entry1 = entityType1 == default(IEntityType) ? default(InternalEntityEntry) : queryContext.StartTracking(
                        entityType: entityType1, 
                        entity: instance1, 
                        snapshot: shadowSnapshot1);
                    return instance1;
                } : default(void);
                return instance1;
            };
            return entity;
        }, 
        contextType: VSM.Contexts.VSMContext, 
        standAloneStateManager: False, 
        detailedErrorsEnabled: False, 
        threadSafetyChecksEnabled: True), 
    cancellationToken: queryContext.CancellationToken)"'
2025-07-11 12:53:40 [Debug] Opening connection to database '"VehicleServiceManagement"' on server '"tcp://localhost:5432"'.
2025-07-11 12:53:40 [Debug] Opened connection to database '"VehicleServiceManagement"' on server '"tcp://localhost:5432"'.
2025-07-11 12:53:40 [Debug] Creating DbCommand for '"ExecuteReader"'.
2025-07-11 12:53:40 [Debug] Created DbCommand for '"ExecuteReader"' (0ms).
2025-07-11 12:53:40 [Debug] Initialized DbCommand for '"ExecuteReader"' (3ms).
2025-07-11 12:53:40 [Debug] Executing DbCommand [Parameters=["@__key_0='?' (DbType = Guid)"], CommandType='Text', CommandTimeout='30']"
""SELECT c.\"CustomerID\", c.\"Email\", c.\"Name\", c.\"Phone\", c.\"Status\"
FROM \"Customers\" AS c
WHERE c.\"CustomerID\" = @__key_0
LIMIT 2"
2025-07-11 12:53:40 [Information] Executed DbCommand ("13"ms) [Parameters=["@__key_0='?' (DbType = Guid)"], CommandType='Text', CommandTimeout='30']"
""SELECT c.\"CustomerID\", c.\"Email\", c.\"Name\", c.\"Phone\", c.\"Status\"
FROM \"Customers\" AS c
WHERE c.\"CustomerID\" = @__key_0
LIMIT 2"
2025-07-11 12:53:40 [Debug] Closing data reader to '"VehicleServiceManagement"' on server '"tcp://localhost:5432"'.
2025-07-11 12:53:40 [Debug] A data reader for '"VehicleServiceManagement"' on server '"tcp://localhost:5432"' is being disposed after spending 1ms reading results.
2025-07-11 12:53:40 [Debug] Closing connection to database '"VehicleServiceManagement"' on server '"tcp://localhost:5432"'.
2025-07-11 12:53:40 [Debug] Closed connection to database '"VehicleServiceManagement"' on server '"tcp://localhost:5432"' (0ms).
2025-07-11 12:53:42 [Debug] Opening connection to database '"VehicleServiceManagement"' on server '"tcp://localhost:5432"'.
2025-07-11 12:53:42 [Debug] Opened connection to database '"VehicleServiceManagement"' on server '"tcp://localhost:5432"'.
2025-07-11 12:53:42 [Debug] Creating DbCommand for '"ExecuteReader"'.
2025-07-11 12:53:42 [Debug] Created DbCommand for '"ExecuteReader"' (0ms).
2025-07-11 12:53:42 [Debug] Initialized DbCommand for '"ExecuteReader"' (0ms).
2025-07-11 12:53:42 [Debug] Executing DbCommand [Parameters=[""], CommandType='Text', CommandTimeout='30']"
""SELECT b.\"BookingID\", b.\"BookedAt\", b.\"CustomerID\", b.\"DeliveryTime\", b.\"Imageurl\", b.\"IsDeleted\", b.\"Slot\", b.\"Status\", c.\"CustomerID\", c.\"Email\", c.\"Name\", c.\"Phone\", c.\"Status\"
FROM \"Bookings\" AS b
INNER JOIN \"Customers\" AS c ON b.\"CustomerID\" = c.\"CustomerID\"
ORDER BY CASE
    WHEN b.\"Status\" = 'Booked' THEN 0
    WHEN b.\"Status\" = 'Reviewed' THEN 1
    WHEN b.\"Status\" = 'Cancelled' THEN 2
    ELSE 3
END"
2025-07-11 12:53:42 [Information] Executed DbCommand ("1"ms) [Parameters=[""], CommandType='Text', CommandTimeout='30']"
""SELECT b.\"BookingID\", b.\"BookedAt\", b.\"CustomerID\", b.\"DeliveryTime\", b.\"Imageurl\", b.\"IsDeleted\", b.\"Slot\", b.\"Status\", c.\"CustomerID\", c.\"Email\", c.\"Name\", c.\"Phone\", c.\"Status\"
FROM \"Bookings\" AS b
INNER JOIN \"Customers\" AS c ON b.\"CustomerID\" = c.\"CustomerID\"
ORDER BY CASE
    WHEN b.\"Status\" = 'Booked' THEN 0
    WHEN b.\"Status\" = 'Reviewed' THEN 1
    WHEN b.\"Status\" = 'Cancelled' THEN 2
    ELSE 3
END"
2025-07-11 12:53:42 [Debug] Closing data reader to '"VehicleServiceManagement"' on server '"tcp://localhost:5432"'.
2025-07-11 12:53:42 [Debug] A data reader for '"VehicleServiceManagement"' on server '"tcp://localhost:5432"' is being disposed after spending 0ms reading results.
2025-07-11 12:53:42 [Debug] Closing connection to database '"VehicleServiceManagement"' on server '"tcp://localhost:5432"'.
2025-07-11 12:53:42 [Debug] Closed connection to database '"VehicleServiceManagement"' on server '"tcp://localhost:5432"' (0ms).
2025-07-11 12:53:42 [Debug] List of registered output formatters, in the following order: ["Microsoft.AspNetCore.Mvc.Formatters.HttpNoContentOutputFormatter", "Microsoft.AspNetCore.Mvc.Formatters.StringOutputFormatter", "Microsoft.AspNetCore.Mvc.Formatters.StreamOutputFormatter", "Microsoft.AspNetCore.Mvc.Formatters.SystemTextJsonOutputFormatter"]
2025-07-11 12:53:42 [Debug] Attempting to select an output formatter based on Accept header '["text/plain"]'.
2025-07-11 12:53:42 [Debug] Could not find an output formatter based on content negotiation. Accepted types were (["text/plain"])
2025-07-11 12:53:42 [Debug] Attempting to select an output formatter without using a content type as no explicit content types were specified for the response.
2025-07-11 12:53:42 [Debug] Attempting to select the first formatter in the output formatters list which can write the result.
2025-07-11 12:53:42 [Debug] Selected output formatter '"Microsoft.AspNetCore.Mvc.Formatters.SystemTextJsonOutputFormatter"' and content type '"application/json"' to write the response.
2025-07-11 12:53:42 [Information] Executing "BadRequestObjectResult", writing value of type '"<>f__AnonymousType3`1[[System.String, System.Private.CoreLib, Version=9.0.0.0, Culture=neutral, PublicKeyToken=7cec85d7bea7798e]]"'.
2025-07-11 12:53:42 [Information] Executed action "VSM.Controllers.BookingController.CreateBooking (VehicleServiceManagement)" in 5826.5514ms
2025-07-11 12:53:42 [Information] Executed endpoint '"VSM.Controllers.BookingController.CreateBooking (VehicleServiceManagement)"'
2025-07-11 12:53:42 [Debug] '"VSMContext"' disposed.
2025-07-11 12:53:42 [Debug] Disposing connection to database '"VehicleServiceManagement"' on server '"tcp://localhost:5432"'.
2025-07-11 12:53:42 [Debug] Disposed connection to database '"VehicleServiceManagement"' on server '"tcp://localhost:5432"' (1ms).
2025-07-11 12:53:42 [Information] Request finished "HTTP/2" "POST" "https"://"localhost:7176""""/api/v1/Booking""" - 400 null "application/json; charset=utf-8" 6028.8561ms
2025-07-11 12:55:54 [Debug] Connection id ""0HNE09FCPT1BV"" is closing.
2025-07-11 12:55:54 [Debug] Connection id ""0HNE09FCPT1BV"" is closed. The last processed stream ID was 1.
2025-07-11 12:55:54 [Debug] Connection id ""0HNE09FCPT1BV"" received FIN.
2025-07-11 12:55:54 [Debug] Connection id ""0HNE09FCPT1BV"" sending FIN because: ""The Socket transport's send loop completed gracefully.""
2025-07-11 12:55:54 [Debug] The connection queue processing loop for "0HNE09FCPT1BV" completed.
2025-07-11 12:55:54 [Debug] Connection id ""0HNE09FCPT1BV"" stopped.
